"unit_name","province","block","arm","campaign","median_pre_participants","median_post_participants","area_km2","cells_centroid","cells_interior","interior_frac","core_subset","nearest_targetable_km","google_criteria_id","google_name","google_canonical_name"
"Sevilla, Sevilla","Sevilla",1,"framed","framed_01",17,11,141.27,22,10,0.4545,TRUE,0,"9220037","Municipality of Seville","Municipality of Seville,Andalusia,Spain"
"Zaragoza, Zaragoza","Zaragoza",1,"framed","framed_01",15,6,1061.13,181,121,0.6685,TRUE,0,"9218777","Municipality of Zaragoza","Municipality of Zaragoza,Aragon,Spain"
"Alicante, Alicante","Alicante",1,"framed","framed_01",13,9,201.999,35,9,0.2571,TRUE,0,"9221630","Municipality of Alicante","Municipality of Alicante,Valencian Community,Spain"
"Bilbao, Vizcaya","Vizcaya",1,"framed","framed_01",11,5,41.347,7,1,0.1429,FALSE,0,"9221687","Bilbao","Bilbao,Basque Country,Spain"
"Vitoria-Gasteiz, Álava","Álava",2,"framed","framed_01",9,4,276.096,47,27,0.5745,TRUE,0,"9215403","Vitoria-Gasteiz","Vitoria-Gasteiz,Basque Country,Spain"
"Benidorm, Alicante","Alicante",3,"framed","framed_01",8,2,38.539,9,0,0,FALSE,2.4501,"1005403","Benidorm","Benidorm,Valencian Community,Spain"
"Córdoba, Córdoba","Córdoba",2,"framed","framed_01",8,7,1253.81,205,157,0.7659,TRUE,0,"9211959","Cordoba","Cordoba,Andalusia,Spain"
"Elche, Alicante","Alicante",2,"framed","framed_01",8,4,325.215,53,35,0.6604,TRUE,0,"1005413","Elx","Elx,Valencian Community,Spain"
"Sabadell, Barcelona","Barcelona",2,"framed","framed_01",8,5,37.54,6,2,0.3333,TRUE,0,"9210045","Sabadell","Sabadell,Catalonia,Spain"
"Almería, Almería","Almería",3,"framed","framed_01",7,2,297.338,48,23,0.4792,TRUE,0,"9214022","Municipality of Almeria","Municipality of Almeria,Andalusia,Spain"
"Gijón, Asturias","Asturias",3,"framed","framed_01",7,7,181.984,34,16,0.4706,TRUE,0,"9208717","Gijon","Gijon,Asturias,Spain"
"Torrevieja, Alicante","Alicante",3,"framed","framed_01",7,4,71.671,12,5,0.4167,TRUE,0,"9241443","Torrevieja","Torrevieja,Valencian Community,Spain"
"Barakaldo, Vizcaya","Vizcaya",4,"framed","framed_01",6,3,28.975,6,1,0.1667,FALSE,0,"9211235","Barakaldo","Barakaldo,Basque Country,Spain"
"Blanes, Girona","Girona",4,"framed","framed_01",6,7,18.049,2,0,0,FALSE,0,"9197355","Blanes","Blanes,Catalonia,Spain"
"Girona, Girona","Girona",4,"framed","framed_01",6,4,39.069,7,1,0.1429,FALSE,0,"1005467","Girona","Girona,Girona,Catalonia,Spain"
"Moguer, Huelva","Huelva",4,"framed","framed_01",6,1,367.848,59,31,0.5254,TRUE,0,"9235721","Moguer","Moguer,Andalusia,Spain"
"Algemesí, Valencia","Valencia",5,"framed","framed_01",5,1,41.138,8,1,0.125,FALSE,0,"9249465","Algemesi","Algemesi,Valencian Community,Spain"
"Getafe, Madrid","Madrid",5,"framed","framed_01",5,3,78.576,13,3,0.2308,FALSE,0,"1005491","Getafe","Getafe,Community of Madrid,Spain"
"L'Hospitalet de Llobregat, Barcelona","Barcelona",5,"framed","framed_01",5,2,13.707,1,0,0,FALSE,0,"9260878","L'Hospitalet de Llobregat","L'Hospitalet de Llobregat,Catalonia,Spain"
"Santiago de Compostela, A Coruña","A Coruña",6,"framed","framed_01",5,1,220.19,38,21,0.5526,TRUE,0,"1005483","Santiago de Compostela","Santiago de Compostela,Galicia,Spain"
"Vilanova i la Geltrú, Barcelona","Barcelona",5,"framed","framed_01",5,3,33.791,8,1,0.125,FALSE,0,"1005437","Vilanova i la Geltru","Vilanova i la Geltru,Catalonia,Spain"
"Alcalá de Henares, Madrid","Madrid",6,"framed","framed_01",4,4,87.527,15,5,0.3333,TRUE,0,"1005487","Alcala de Henares","Alcala de Henares,Community of Madrid,Spain"
"Badajoz, Badajoz","Badajoz",6,"framed","framed_01",4,3,1469.583,249,159,0.6386,TRUE,0,"9215308","Badajoz","Badajoz,Extremadura,Spain"
"Burgos, Burgos","Burgos",7,"framed","framed_01",4,1,108.604,18,7,0.3889,TRUE,31.0785,"9218585","Municipality of Burgos","Municipality of Burgos,Castile and Leon,Spain"
"Lleida, Lleida","Lleida",6,"framed","framed_01",4,3,211.816,38,9,0.2368,FALSE,0,"9217269","Lleida","Lleida,Catalonia,Spain"
"Orihuela, Alicante","Alicante",7,"framed","framed_01",4,3,367.11,58,23,0.3966,TRUE,0,"9232921","Orihuela","Orihuela,Valencian Community,Spain"
"Parla, Madrid","Madrid",7,"framed","framed_01",4,3,25.291,4,1,0.25,TRUE,0,"9049163","Parla","Parla,Community of Madrid,Spain"
"Pontevedra, Pontevedra","Pontevedra",7,"framed","framed_01",4,3,117.958,19,6,0.3158,TRUE,0,"9208202","Pontevedra","Pontevedra,Galicia,Spain"
"Aspe, Alicante","Alicante",9,"framed","framed_01",3,1,70.843,9,5,0.5556,TRUE,0,"9236628","Aspe","Aspe,Valencian Community,Spain"
"Cáceres, Cáceres","Cáceres",8,"framed","framed_01",3,2,1748.555,293,207,0.7065,TRUE,0,"9211934","Caceres","Caceres,Extremadura,Spain"
"El Vendrell, Tarragona","Tarragona",9,"framed","framed_01",3,2,36.565,8,2,0.25,TRUE,0,"9215170","El Vendrell","El Vendrell,Catalonia,Spain"
"Las Palmas de Gran Canaria, Las Palmas","Las Palmas",8,"framed","framed_01",3,4,104.186,16,6,0.375,TRUE,0,"9248572","Las Palmas de Gran Canaria","Las Palmas de Gran Canaria,Canary Islands,Spain"
"Leganés, Madrid","Madrid",9,"framed","framed_01",3,2,42.9,5,2,0.4,TRUE,0,"1005492","Leganes","Leganes,Community of Madrid,Spain"
"Llanes, Asturias","Asturias",11,"framed","framed_01",3,0,265.545,47,24,0.5106,TRUE,0,"9212643","Llanes","Llanes,Asturias,Spain"
"Molina de Segura, Murcia","Murcia",10,"framed","framed_01",3,1,170.28,28,12,0.4286,TRUE,0,"9049135","Molina de Segura","Molina de Segura,Region of Murcia,Spain"
"Montcada i Reixac, Barcelona","Barcelona",8,"framed","framed_01",3,3,23.437,6,1,0.1667,FALSE,0,"9222941","Municipality of Montcada i Reixac","Municipality of Montcada i Reixac,Catalonia,Spain"
"Puerto Real, Cádiz","Cádiz",10,"framed","framed_01",3,1,195.514,29,15,0.5172,TRUE,0,"9049179","Puerto Real","Puerto Real,Andalusia,Spain"
"Sagunto, Valencia","Valencia",10,"framed","framed_01",3,1,132.182,23,4,0.1739,FALSE,0,"9049189","Sagunt","Sagunt,Valencian Community,Spain"
"Sant Quirze del Vallès, Barcelona","Barcelona",11,"framed","framed_01",3,0,14.494,3,0,0,FALSE,0,"9209053","Sant Quirze del Valles","Sant Quirze del Valles,Catalonia,Spain"
"Santa Coloma de Gramenet, Barcelona","Barcelona",9,"framed","framed_01",3,2,7.159,2,0,0,FALSE,0,"9229530","Santa Coloma de Gramenet","Santa Coloma de Gramenet,Catalonia,Spain"
"Torrejón de Ardoz, Madrid","Madrid",10,"framed","framed_01",3,1,32.635,6,1,0.1667,FALSE,0,"1005496","Torrejon de Ardoz","Torrejon de Ardoz,Community of Madrid,Spain"
"Vélez-Málaga, Málaga","Málaga",8,"framed","framed_01",3,3,157.618,23,10,0.4348,TRUE,0,"9221698","Velez-Malaga","Velez-Malaga,Andalusia,Spain"
"Algeciras, Cádiz","Cádiz",11,"framed","framed_02",2,2,87.001,15,6,0.4,TRUE,0,"1005443","Algeciras","Algeciras,Andalusia,Spain"
"Aranjuez, Madrid","Madrid",16,"framed","framed_02",2,0,188.507,29,7,0.2414,FALSE,0,"9048987","Aranjuez","Aranjuez,Community of Madrid,Spain"
"Arganda del Rey, Madrid","Madrid",13,"framed","framed_02",2,1,79.675,15,4,0.2667,TRUE,0,"9048991","Arganda del Rey","Arganda del Rey,Community of Madrid,Spain"
"Banyoles, Girona","Girona",16,"framed","framed_02",2,0,10.818,2,0,0,FALSE,7.2602,"9218947","Banyoles","Banyoles,Catalonia,Spain"
"Bétera, Valencia","Valencia",17,"framed","framed_02",2,0,74.65,12,5,0.4167,TRUE,0,"9221126","Municipality of Betera","Municipality of Betera,Valencian Community,Spain"
"Cambrils, Tarragona","Tarragona",12,"framed","framed_02",2,2,35.272,5,1,0.2,FALSE,0,"9197598","Cambrils","Cambrils,Catalonia,Spain"
"Cardedeu, Barcelona","Barcelona",17,"framed","framed_02",2,0,12.104,3,0,0,FALSE,0,"9256314","Cardedeu","Cardedeu,Catalonia,Spain"
"Castell-Platja d'Aro, Girona","Girona",17,"framed","framed_02",2,0,21.704,4,0,0,FALSE,0,"9246276","Castell-Platja d'Aro","Castell-Platja d'Aro,Catalonia,Spain"
"Ciutadella de Menorca, Baleares","Baleares",11,"framed","framed_02",2,3,188.109,29,18,0.6207,TRUE,0,"9207479","Ciutadella de Menorca","Ciutadella de Menorca,Balearic Islands,Spain"
"Cuenca, Cuenca","Cuenca",17,"framed","framed_02",2,0,953.025,158,59,0.3734,TRUE,35.6823,"1005457","Cuenca","Cuenca,Castile-La Mancha,Spain"
"Dénia, Alicante","Alicante",13,"framed","framed_02",2,1,66.975,9,3,0.3333,TRUE,0,"9049053","Denia","Denia,Valencian Community,Spain"
"El Masnou, Barcelona","Barcelona",14,"framed","framed_02",2,1,3.375,1,0,0,FALSE,0,"9239019","El Masnou","El Masnou,Catalonia,Spain"
"El Prat de Llobregat, Barcelona","Barcelona",12,"framed","framed_02",2,2,30.608,5,1,0.2,FALSE,0,"9221222","El Prat de Llobregat","El Prat de Llobregat,Catalonia,Spain"
"Es Mercadal, Baleares","Baleares",14,"framed","framed_02",2,1,139.894,24,9,0.375,TRUE,0,"9214803","Es Mercadal","Es Mercadal,Balearic Islands,Spain"
"Estepona, Málaga","Málaga",14,"framed","framed_02",2,1,137.766,23,9,0.3913,TRUE,0,"9049069","Estepona","Estepona,Andalusia,Spain"
"Ferrol, A Coruña","A Coruña",14,"framed","framed_02",2,1,84.666,15,5,0.3333,TRUE,0,"9221900","Ferrol","Ferrol,Galicia,Spain"
"Langreo, Asturias","Asturias",15,"framed","framed_02",2,1,82.35,16,4,0.25,TRUE,0,"9207664","Langreo","Langreo,Asturias,Spain"
"Linares, Jaén","Jaén",18,"framed","framed_02",2,0,196.844,30,18,0.6,TRUE,0,"9210404","Linares","Linares,Andalusia,Spain"
"Llagostera, Girona","Girona",18,"framed","framed_02",2,0,76.692,15,5,0.3333,TRUE,0,"9251534","Llagostera","Llagostera,Catalonia,Spain"
"Llíria, Valencia","Valencia",18,"framed","framed_02",2,0,227.813,44,13,0.2955,TRUE,0,"9208999","Lliria","Lliria,Valencian Community,Spain"
"Mairena del Aljarafe, Sevilla","Sevilla",12,"framed","framed_02",2,2,17.659,3,0,0,FALSE,0,"9049123","Mairena del Aljarafe","Mairena del Aljarafe,Andalusia,Spain"
"Manacor, Baleares","Baleares",12,"framed","framed_02",2,2,260.235,42,22,0.5238,TRUE,0,"9217439","Manacor","Manacor,Balearic Islands,Spain"
"Motril, Granada","Granada",18,"framed","framed_02",2,0,109.405,16,12,0.75,TRUE,0,"9049144","Motril","Motril,Andalusia,Spain"
"Olot, Girona","Girona",15,"framed","framed_02",2,1,29.548,6,0,0,FALSE,10.8844,"9197648","Olot","Olot,Catalonia,Spain"
"Ourense, Ourense","Ourense",19,"framed","framed_02",2,0,84.527,12,2,0.1667,FALSE,0,"9208654","Ourense","Ourense,Galicia,Spain"
"Paterna, Valencia","Valencia",15,"framed","framed_02",2,1,35.92,6,0,0,FALSE,0,"1005544","Paterna","Paterna,Valencian Community,Spain"
"Pinto, Madrid","Madrid",19,"framed","framed_02",2,0,62.437,11,3,0.2727,TRUE,0,"9049170","Pinto","Pinto,Community of Madrid,Spain"
"Ponferrada, León","León",19,"framed","framed_02",2,0,282.508,49,27,0.551,TRUE,16.5129,"1005453","Ponferrada","Ponferrada,Castile and Leon,Spain"
"Rubí, Barcelona","Barcelona",13,"framed","framed_02",2,2,32.073,5,2,0.4,TRUE,0,"1005433","Rubi","Rubi,Catalonia,Spain"
"San Fernando, Cádiz","Cádiz",15,"framed","framed_02",2,1,28.083,4,0,0,FALSE,0,"9252385","Municipality of San Fernando","Municipality of San Fernando,Andalusia,Spain"
"San Juan de Aznalfarache, Sevilla","Sevilla",13,"framed","framed_02",2,2,4.173,1,0,0,FALSE,0,"9240255","San Juan de Aznalfarache","San Juan de Aznalfarache,Andalusia,Spain"
"San Roque, Cádiz","Cádiz",16,"framed","framed_02",2,1,146.222,23,9,0.3913,TRUE,0,"9207329","San Roque","San Roque,Andalusia,Spain"
"Segovia, Segovia","Segovia",19,"framed","framed_02",2,0,163.256,28,11,0.3929,TRUE,0,"1005528","Segovia","Segovia,Castile and Leon,Spain"
"Telde, Las Palmas","Las Palmas",20,"framed","framed_02",2,0,103.35,16,6,0.375,TRUE,0,"9215056","Municipality of Telde","Municipality of Telde,Canary Islands,Spain"
"Teruel, Teruel","Teruel",20,"framed","framed_02",2,0,440.159,70,50,0.7143,TRUE,30.2549,"9049218","Teruel","Teruel,Aragon,Spain"
"Xàtiva, Valencia","Valencia",16,"framed","framed_02",2,1,84.833,15,0,0,FALSE,0,"9049248","Xativa","Xativa,Valencian Community,Spain"
"Arona, Santa Cruz de Tenerife","Santa Cruz de Tenerife",21,"framed","framed_02",1,2,84.295,12,5,0.4167,TRUE,0,"1005461","Arona","Arona,Canary Islands,Spain"
"Lugo, Lugo","Lugo",21,"framed","framed_02",1,2,329.413,58,36,0.6207,TRUE,0,"9220439","Lugo","Lugo,Galicia,Spain"
"Mahón, Baleares","Baleares",20,"framed","framed_02",1,3,119.461,17,6,0.3529,TRUE,0,"9211996","Mahon","Mahon,Balearic Islands,Spain"
"Redondela, Pontevedra","Pontevedra",20,"framed","framed_02",1,4,52.28,9,2,0.2222,FALSE,0,"9250548","Redondela","Redondela,Galicia,Spain"
"Roquetas de Mar, Almería","Almería",21,"framed","framed_02",1,3,59.908,8,2,0.25,TRUE,0,"9261662","Roquetas de Mar","Roquetas de Mar,Andalusia,Spain"
"Villaviciosa, Asturias","Asturias",21,"framed","framed_02",1,3,272.436,45,30,0.6667,TRUE,0,"9210403","Villaviciosa","Villaviciosa,Asturias,Spain"
"Almonte, Huelva","Huelva",22,"framed","framed_03",1,1,856.597,141,99,0.7021,TRUE,0,"9048978","Almonte","Almonte,Andalusia,Spain"
"Alpedrete, Madrid","Madrid",29,"framed","framed_03",1,0,12.563,2,0,0,FALSE,0,"9253181","Alpedrete","Alpedrete,Community of Madrid,Spain"
"Alzira, Valencia","Valencia",29,"framed","framed_03",1,0,110.771,17,2,0.1176,FALSE,0,"9048981","Alzira","Alzira,Valencian Community,Spain"
"Andoain, Guipúzcoa","Guipúzcoa",30,"framed","framed_03",1,0,27.199,5,1,0.2,FALSE,0,"9258100","Andoain","Andoain,Basque Country,Spain"
"Arenys de Mar, Barcelona","Barcelona",30,"framed","framed_03",1,0,6.506,2,0,0,FALSE,0,"9197283","Arenys de Mar","Arenys de Mar,Catalonia,Spain"
"Arroyomolinos, Madrid","Madrid",30,"framed","framed_03",1,0,20.711,5,0,0,FALSE,0,"9214217","Arroyomolinos","Arroyomolinos,Community of Madrid,Spain"
"Benavente, Zamora","Zamora",30,"framed","framed_03",1,0,44.969,7,0,0,FALSE,28.576,"9049009","Benavente","Benavente,Castile and Leon,Spain"
"Cabra, Córdoba","Córdoba",31,"framed","framed_03",1,0,229.22,37,24,0.6486,TRUE,0,"9238240","Cabra","Cabra,Andalusia,Spain"
"Calahorra, La Rioja","La Rioja",31,"framed","framed_03",1,0,93.573,14,6,0.4286,TRUE,0.8674,"9049018","Calahorra","Calahorra,La Rioja,Spain"
"Camas, Sevilla","Sevilla",23,"framed","framed_03",1,1,11.725,2,0,0,FALSE,0,"9231373","Municipality of Camas","Municipality of Camas,Andalusia,Spain"
"Cambados, Pontevedra","Pontevedra",31,"framed","framed_03",1,0,23.49,4,0,0,FALSE,0,"9234627","Cambados","Cambados,Galicia,Spain"
"Cangas del Narcea, Asturias","Asturias",31,"framed","framed_03",1,0,822.149,144,114,0.7917,TRUE,0,"9217931","Cangas del Narcea","Cangas del Narcea,Asturias,Spain"
"Caravaca de la Cruz, Murcia","Murcia",23,"framed","framed_03",1,1,857.546,141,108,0.766,TRUE,0,"9210965","Caravaca de la Cruz","Caravaca de la Cruz,Region of Murcia,Spain"
"Carcaixent, Valencia","Valencia",23,"framed","framed_03",1,1,58.959,10,2,0.2,FALSE,0,"9049024","Carcaixent","Carcaixent,Valencian Community,Spain"
"Cassà de la Selva, Girona","Girona",23,"framed","framed_03",1,1,45.373,6,2,0.3333,TRUE,0,"9233141","Cassa de la Selva","Cassa de la Selva,Catalonia,Spain"
"Castalla, Alicante","Alicante",32,"framed","framed_03",1,0,114.233,17,7,0.4118,TRUE,0,"9049030","Castalla","Castalla,Valencian Community,Spain"
"Castellbisbal, Barcelona","Barcelona",32,"framed","framed_03",1,0,31.08,6,1,0.1667,FALSE,0,"9255067","Castellbisbal","Castellbisbal,Catalonia,Spain"
"Colmenar Viejo, Madrid","Madrid",24,"framed","framed_03",1,1,181.898,30,16,0.5333,TRUE,0,"9049044","Colmenar Viejo","Colmenar Viejo,Community of Madrid,Spain"
"Culleredo, A Coruña","A Coruña",24,"framed","framed_03",1,1,61.701,12,1,0.0833,FALSE,0,"9256524","Culleredo","Culleredo,Galicia,Spain"
"Durango, Vizcaya","Vizcaya",24,"framed","framed_03",1,1,14.902,3,0,0,FALSE,0,"9264153","Durango","Durango,Basque Country,Spain"
"Errenteria, Guipúzcoa","Guipúzcoa",24,"framed","framed_03",1,1,32.271,6,0,0,FALSE,0,"9215293","Errenteria","Errenteria,Basque Country,Spain"
"Esplugues de Llobregat, Barcelona","Barcelona",25,"framed","framed_03",1,1,4.565,1,0,0,FALSE,0,"9213562","Municipality of Esplugues de Llobregat","Municipality of Esplugues de Llobregat,Catalonia,Spain"
"Jaén, Jaén","Jaén",25,"framed","framed_03",1,1,423.743,69,43,0.6232,TRUE,0,"9212437","Jaen","Jaen,Andalusia,Spain"
"La Zubia, Granada","Granada",25,"framed","framed_03",1,1,20.034,4,0,0,FALSE,0,"9223905","La Zubia","La Zubia,Andalusia,Spain"
"Llinars del Vallès, Barcelona","Barcelona",25,"framed","framed_03",1,1,27.405,5,0,0,FALSE,0,"9218174","Llinars del Valles","Llinars del Valles,Catalonia,Spain"
"Martorell, Barcelona","Barcelona",26,"framed","framed_03",1,1,12.784,2,0,0,FALSE,0,"9195803","Martorell","Martorell,Catalonia,Spain"
"Mollerussa, Lleida","Lleida",26,"framed","framed_03",1,1,6.887,2,0,0,FALSE,9.5721,"9212804","Mollerussa","Mollerussa,Catalonia,Spain"
"Muro, Baleares","Baleares",26,"framed","framed_03",1,1,59.128,10,2,0.2,FALSE,0,"9220391","Muro","Muro,Balearic Islands,Spain"
"Palafrugell, Girona","Girona",26,"framed","framed_03",1,1,27.304,3,0,0,FALSE,0,"9245251","Palafrugell","Palafrugell,Catalonia,Spain"
"Ponteareas, Pontevedra","Pontevedra",27,"framed","framed_03",1,1,125.454,21,10,0.4762,TRUE,0,"9210925","Ponteareas","Ponteareas,Galicia,Spain"
"San Bartolomé de Tirajana, Las Palmas","Las Palmas",27,"framed","framed_03",1,1,333.14,48,30,0.625,TRUE,0,"9221395","Municipality of San Bartolome de Tirajana","Municipality of San Bartolome de Tirajana,Canary Islands,Spain"
"Sanlúcar de Barrameda, Cádiz","Cádiz",22,"framed","framed_03",1,2,170.734,28,13,0.4643,TRUE,0,"9196881","Sanlucar de Barrameda","Sanlucar de Barrameda,Andalusia,Spain"
"Sant Just Desvern, Barcelona","Barcelona",27,"framed","framed_03",1,1,7.67,1,0,0,FALSE,0,"9210376","Sant Just Desvern","Sant Just Desvern,Catalonia,Spain"
"Sant Pere de Ribes, Barcelona","Barcelona",27,"framed","framed_03",1,1,40.925,7,2,0.2857,TRUE,0,"9215564","Sant Pere de Ribes","Sant Pere de Ribes,Catalonia,Spain"
"Santa Cruz de Bezana, Cantabria","Cantabria",28,"framed","framed_03",1,1,17.558,3,0,0,FALSE,0,"9232586","Santa Cruz de Bezana","Santa Cruz de Bezana,Cantabria,Spain"
"Sanxenxo, Pontevedra","Pontevedra",28,"framed","framed_03",1,1,44.771,8,2,0.25,TRUE,0,"9216056","Sanxenxo","Sanxenxo,Galicia,Spain"
"Tàrrega, Lleida","Lleida",22,"framed","framed_03",1,2,87.758,17,5,0.2941,TRUE,7.8646,"9049217","Tarrega","Tarrega,Catalonia,Spain"
"Torrelavega, Cantabria","Cantabria",28,"framed","framed_03",1,1,35.49,8,1,0.125,FALSE,0,"9049222","Torrelavega","Torrelavega,Cantabria,Spain"
"Tortosa, Tarragona","Tarragona",22,"framed","framed_03",1,2,218.268,38,16,0.4211,TRUE,0,"9049225","Tortosa","Tortosa,Catalonia,Spain"
"Totana, Murcia","Murcia",28,"framed","framed_03",1,1,289.101,50,25,0.5,TRUE,0,"9049226","Totana","Totana,Region of Murcia,Spain"
"Vilafranca del Penedès, Barcelona","Barcelona",29,"framed","framed_03",1,1,20.051,4,0,0,FALSE,2.6198,"1005474","Vilafranca del Penedes","Vilafranca del Penedes,Catalonia,Spain"
"Zamora, Zamora","Zamora",29,"framed","framed_03",1,1,148.743,27,7,0.2593,TRUE,6.5228,"9049250","Zamora","Zamora,Castile and Leon,Spain"
"Ceutí, Murcia","Murcia",32,"framed","framed_04",1,0,10.157,2,0,0,FALSE,0,"9049035","Ceuti","Ceuti,Region of Murcia,Spain"
"Ciempozuelos, Madrid","Madrid",32,"framed","framed_04",1,0,49.288,10,2,0.2,FALSE,0,"9221247","Ciempozuelos","Ciempozuelos,Community of Madrid,Spain"
"Collado Villalba, Madrid","Madrid",33,"framed","framed_04",1,0,26.486,4,0,0,FALSE,0,"9195829","Collado Villalba","Collado Villalba,Community of Madrid,Spain"
"Cunit, Tarragona","Tarragona",33,"framed","framed_04",1,0,9.592,1,0,0,FALSE,0,"9218990","Cunit","Cunit,Catalonia,Spain"
"Écija, Sevilla","Sevilla",33,"framed","framed_04",1,0,978.227,162,109,0.6728,TRUE,0,"9213918","Ecija","Ecija,Andalusia,Spain"
"Eibar, Guipúzcoa","Guipúzcoa",33,"framed","framed_04",1,0,24.786,4,1,0.25,TRUE,0,"9214386","Eibar","Eibar,Basque Country,Spain"
"El Rosario, Santa Cruz de Tenerife","Santa Cruz de Tenerife",34,"framed","framed_04",1,0,40.074,7,1,0.1429,FALSE,0,"9220569","Municipality of El Rosario","Municipality of El Rosario,Canary Islands,Spain"
"Elgoibar, Guipúzcoa","Guipúzcoa",34,"framed","framed_04",1,0,39.173,8,2,0.25,TRUE,0,"9049060","Elgoibar","Elgoibar,Basque Country,Spain"
"Es Migjorn Gran, Baleares","Baleares",34,"framed","framed_04",1,0,32.428,5,1,0.2,FALSE,0,"9216554","Es Migjorn Gran","Es Migjorn Gran,Balearic Islands,Spain"
"L'Alcora, Castellón","Castellón",34,"framed","framed_04",1,0,94.78,15,7,0.4667,TRUE,0,"9215991","L'Alcora","L'Alcora,Valencian Community,Spain"
"La Pobla de Vallbona, Valencia","Valencia",35,"framed","framed_04",1,0,33.276,6,1,0.1667,FALSE,0,"9049101","La Pobla de Vallbona","La Pobla de Vallbona,Valencian Community,Spain"
"La Roda, Albacete","Albacete",35,"framed","framed_04",1,0,397.896,68,36,0.5294,TRUE,0,"9235979","La Roda","La Roda,Castile-La Mancha,Spain"
"La Vall d'Uixó, Castellón","Castellón",35,"framed","framed_04",1,0,67.128,11,3,0.2727,TRUE,0,"9049106","La Vall d'Uixo","La Vall d'Uixo,Valencian Community,Spain"
"Laredo, Cantabria","Cantabria",35,"framed","framed_04",1,0,13.663,3,0,0,FALSE,0,"9236191","Laredo","Laredo,Cantabria,Spain"
"Los Llanos de Aridane, Santa Cruz de Tenerife","Santa Cruz de Tenerife",36,"framed","framed_04",1,0,34.188,7,0,0,FALSE,6.2615,"9214155","Los Llanos de Aridane","Los Llanos de Aridane,Canary Islands,Spain"
"Madridejos, Toledo","Toledo",36,"framed","framed_04",1,0,261.651,45,26,0.5778,TRUE,0,"9227800","Madridejos","Madridejos,Castile-La Mancha,Spain"
"Manlleu, Barcelona","Barcelona",36,"framed","framed_04",1,0,17.309,2,1,0.5,TRUE,0,"9245450","Manlleu","Manlleu,Catalonia,Spain"
"Melide, A Coruña","A Coruña",36,"framed","framed_04",1,0,101.147,17,6,0.3529,TRUE,0,"9212054","Melide","Melide,Galicia,Spain"
"Montmeló, Barcelona","Barcelona",37,"framed","framed_04",1,0,3.931,1,0,0,FALSE,0,"9224217","Montmelo","Montmelo,Catalonia,Spain"
"Montornès del Vallès, Barcelona","Barcelona",37,"framed","framed_04",1,0,11.135,1,0,0,FALSE,0,"9242531","Montornes del Valles","Montornes del Valles,Catalonia,Spain"
"Morón de la Frontera, Sevilla","Sevilla",37,"framed","framed_04",1,0,431.598,72,45,0.625,TRUE,0,"9049143","Moron de la Frontera","Moron de la Frontera,Andalusia,Spain"
"Navalmoral de la Mata, Cáceres","Cáceres",37,"framed","framed_04",1,0,155.848,27,11,0.4074,TRUE,28.0946,"9049149","Navalmoral de la Mata","Navalmoral de la Mata,Extremadura,Spain"
"Onda, Castellón","Castellón",38,"framed","framed_04",1,0,108.174,20,8,0.4,TRUE,0,"1005543","Onda","Onda,Valencian Community,Spain"
"Peligros, Granada","Granada",38,"framed","framed_04",1,0,10.096,1,0,0,FALSE,0,"9226811","Peligros","Peligros,Andalusia,Spain"
"Peñíscola, Castellón","Castellón",38,"framed","framed_04",1,0,79.42,12,4,0.3333,TRUE,0,"9049165","Peniscola","Peniscola,Valencian Community,Spain"
"Perafort, Tarragona","Tarragona",38,"framed","framed_04",1,0,9.67,2,0,0,FALSE,0,"9210917","Perafort","Perafort,Catalonia,Spain"
"Priego de Córdoba, Córdoba","Córdoba",39,"framed","framed_04",1,0,287.996,49,24,0.4898,TRUE,0,"9049175","Priego de Cordoba","Priego de Cordoba,Andalusia,Spain"
"Ribeira, A Coruña","A Coruña",39,"framed","framed_04",1,0,72.34,10,2,0.2,FALSE,0,"9218610","Ribeira","Ribeira,Galicia,Spain"
"Riells i Viabrea, Girona","Girona",39,"framed","framed_04",1,0,26.76,4,0,0,FALSE,6.0642,"9245996","Riells i Viabrea","Riells i Viabrea,Catalonia,Spain"
"Rincón de la Victoria, Málaga","Málaga",39,"framed","framed_04",1,0,28.063,4,0,0,FALSE,0,"9216855","Rincon de la Victoria","Rincon de la Victoria,Andalusia,Spain"
"Ronda, Málaga","Málaga",40,"framed","framed_04",1,0,480.651,77,46,0.5974,TRUE,0,"9242198","Ronda","Ronda,Andalusia,Spain"
"Salamanca, Salamanca","Salamanca",40,"framed","framed_04",1,0,38.855,5,1,0.2,FALSE,0,"9211553","Municipality of Salamanca","Municipality of Salamanca,Castile and Leon,Spain"
"Sanlúcar la Mayor, Sevilla","Sevilla",40,"framed","framed_04",1,0,135.234,22,8,0.3636,TRUE,0,"9049199","Sanlucar la Mayor","Sanlucar la Mayor,Andalusia,Spain"
"Sant Boi de Llobregat, Barcelona","Barcelona",40,"framed","framed_04",1,0,22.212,3,0,0,FALSE,0,"9197321","Sant Boi de Llobregat","Sant Boi de Llobregat,Catalonia,Spain"
"Sant Vicenç dels Horts, Barcelona","Barcelona",41,"framed","framed_04",1,0,8.928,2,0,0,FALSE,0,"9196110","Sant Vicenc dels Horts","Sant Vicenc dels Horts,Catalonia,Spain"
"Santa Cruz de la Palma, Santa Cruz de Tenerife","Santa Cruz de Tenerife",41,"framed","framed_04",1,0,45.002,9,1,0.1111,FALSE,6.2615,"9225985","Santa Cruz de La Palma","Santa Cruz de La Palma,Canary Islands,Spain"
"Santa Margalida, Baleares","Baleares",41,"framed","framed_04",1,0,85.208,16,7,0.4375,TRUE,0,"9211214","Santa Margalida","Santa Margalida,Balearic Islands,Spain"
"Sarria, Lugo","Lugo",41,"framed","framed_04",1,0,184.29,35,18,0.5143,TRUE,0,"9213363","Sarria","Sarria,Galicia,Spain"
"Vic, Barcelona","Barcelona",42,"framed","framed_04",1,0,30.816,4,0,0,FALSE,0,"9196741","Vic","Vic,Catalonia,Spain"
"Vilagarcía de Arousa, Pontevedra","Pontevedra",42,"framed","framed_04",1,0,44.55,8,2,0.25,TRUE,0,"9252302","Vilagarcia de Arousa","Vilagarcia de Arousa,Galicia,Spain"
"Villa del Río, Córdoba","Córdoba",42,"framed","framed_04",1,0,21.907,4,0,0,FALSE,10.826,"9236960","Villa del Rio","Villa del Rio,Andalusia,Spain"
"Villalbilla, Madrid","Madrid",42,"framed","framed_04",1,0,34.55,5,1,0.2,FALSE,0,"9212378","Villalbilla","Villalbilla,Community of Madrid,Spain"
"A Estrada, Pontevedra","Pontevedra",48,"framed","framed_05",0,0,280.182,49,31,0.6327,TRUE,0,"9215077","A Estrada","A Estrada,Galicia,Spain"
"A Pobra do Caramiñal, A Coruña","A Coruña",48,"framed","framed_05",0,0,32.524,6,0,0,FALSE,0,"9211551","A Pobra do Caraminal","A Pobra do Caraminal,Galicia,Spain"
"A Veiga, Ourense","Ourense",49,"framed","framed_05",0,0,290.204,49,31,0.6327,TRUE,2.0943,"9216667","A Veiga","A Veiga,Galicia,Spain"
"Adra, Almería","Almería",49,"framed","framed_05",0,0,89.965,15,6,0.4,TRUE,2.3439,"9048957","Adra","Adra,Andalusia,Spain"
"Aguadulce, Sevilla","Sevilla",49,"framed","framed_05",0,0,13.833,3,0,0,FALSE,0,"9048958","Aguadulce","Aguadulce,Andalusia,Spain"
"Águilas, Murcia","Murcia",43,"framed","framed_05",0,1,251.963,43,23,0.5349,TRUE,0,"9048959","Aguilas","Aguilas,Region of Murcia,Spain"
"Agullent, Valencia","Valencia",49,"framed","framed_05",0,0,16.098,3,0,0,FALSE,0,"1005535","Agullent","Agullent,Valencian Community,Spain"
"Albinyana, Tarragona","Tarragona",50,"framed","framed_05",0,0,19.53,1,0,0,FALSE,0,"9209915","Albinyana","Albinyana,Catalonia,Spain"
"Alburquerque, Badajoz","Badajoz",50,"framed","framed_05",0,0,723.246,120,88,0.7333,TRUE,0,"9048963","Alburquerque","Alburquerque,Extremadura,Spain"
"Alcalá del Río, Sevilla","Sevilla",50,"framed","framed_05",0,0,81.762,14,4,0.2857,TRUE,0,"9218648","Alcala del Rio","Alcala del Rio,Andalusia,Spain"
"Alcañiz, Teruel","Teruel",50,"framed","framed_05",0,0,471.85,85,54,0.6353,TRUE,24.4724,"9048965","Alcaniz","Alcaniz,Aragon,Spain"
"Alcàsser, Valencia","Valencia",51,"framed","framed_05",0,0,9.045,1,0,0,FALSE,0,"9243147","Alcasser","Alcasser,Valencian Community,Spain"
"Alcover, Tarragona","Tarragona",51,"framed","framed_05",0,0,46.147,9,1,0.1111,FALSE,0,"9211565","Alcover","Alcover,Catalonia,Spain"
"Alcúdia, Baleares","Baleares",43,"framed","framed_05",0,2,60.255,10,1,0.1,FALSE,0,"9207155","Alcudia","Alcudia,Balearic Islands,Spain"
"Alfaro, La Rioja","La Rioja",51,"framed","framed_05",0,0,194.083,34,14,0.4118,TRUE,6.0457,"9048969","Alfaro","Alfaro,La Rioja,Spain"
"Alginet, Valencia","Valencia",51,"framed","framed_05",0,0,24.108,4,0,0,FALSE,0,"9048972","Alginet","Alginet,Valencian Community,Spain"
"Alhama de Murcia, Murcia","Murcia",52,"framed","framed_05",0,0,311.084,51,29,0.5686,TRUE,0,"9214530","Alhama de Murcia","Alhama de Murcia,Region of Murcia,Spain"
"Alhendín, Granada","Granada",52,"framed","framed_05",0,0,50.696,10,1,0.1,FALSE,0,"9242051","Alhendin","Alhendin,Andalusia,Spain"
"Aliaga, Teruel","Teruel",52,"framed","framed_05",0,0,196.748,31,17,0.5484,TRUE,31.522,"9215953","Aliaga","Aliaga,Aragon,Spain"
"Aller, Asturias","Asturias",52,"framed","framed_05",0,0,374.985,70,41,0.5857,TRUE,0,"9212023","Aller","Aller,Asturias,Spain"
"Alpicat, Lleida","Lleida",53,"framed","framed_05",0,0,15.114,3,0,0,FALSE,0,"9234088","Alpicat","Alpicat,Catalonia,Spain"
"Altea, Alicante","Alicante",43,"framed","framed_05",0,1,35.108,6,2,0.3333,TRUE,0,"9048980","Altea","Altea,Valencian Community,Spain"
"Ames, A Coruña","A Coruña",43,"framed","framed_05",0,1,80.052,13,2,0.1538,FALSE,0,"9211638","Ames","Ames,Galicia,Spain"
"Amposta, Tarragona","Tarragona",53,"framed","framed_05",0,0,138.859,23,11,0.4783,TRUE,0,"9220842","Amposta","Amposta,Catalonia,Spain"
"Aranda de Duero, Burgos","Burgos",44,"framed","framed_05",0,1,126.596,21,6,0.2857,TRUE,44.8921,"1005448","Aranda de Duero","Aranda de Duero,Castile and Leon,Spain"
"Atarfe, Granada","Granada",44,"framed","framed_05",0,1,47.272,7,1,0.1429,FALSE,0,"9048996","Atarfe","Atarfe,Andalusia,Spain"
"Binissalem, Baleares","Baleares",44,"framed","framed_05",0,1,29.456,6,0,0,FALSE,0,"9208990","Binissalem","Binissalem,Balearic Islands,Spain"
"Chipiona, Cádiz","Cádiz",44,"framed","framed_05",0,1,32.575,5,1,0.2,FALSE,0,"9049037","Chipiona","Chipiona,Andalusia,Spain"
"Churriana de la Vega, Granada","Granada",45,"framed","framed_05",0,1,6.641,1,0,0,FALSE,0,"9241899","Churriana de la Vega","Churriana de la Vega,Andalusia,Spain"
"Erandio, Vizcaya","Vizcaya",45,"framed","framed_05",0,1,17.671,4,0,0,FALSE,0,"9240483","Erandio","Erandio,Basque Country,Spain"
"Hernani, Guipúzcoa","Guipúzcoa",45,"framed","framed_05",0,1,39.746,6,0,0,FALSE,0,"9207449","Hernani","Hernani,Basque Country,Spain"
"La Garriga, Barcelona","Barcelona",45,"framed","framed_05",0,1,19.012,4,0,0,FALSE,0,"9217822","La Garriga","La Garriga,Catalonia,Spain"
"Mojácar, Almería","Almería",46,"framed","framed_05",0,1,70.818,10,3,0.3,TRUE,0,"9223555","Mojacar","Mojacar,Andalusia,Spain"
"Monzón, Huesca","Huesca",46,"framed","framed_05",0,1,154.631,25,10,0.4,TRUE,0,"9049142","Monzon","Monzon,Aragon,Spain"
"Olivella, Barcelona","Barcelona",46,"framed","framed_05",0,1,38.856,6,1,0.1667,FALSE,0,"9212472","Olivella","Olivella,Catalonia,Spain"
"Padul, Granada","Granada",46,"framed","framed_05",0,1,89.495,14,4,0.2857,TRUE,0,"9225505","Padul","Padul,Andalusia,Spain"
"Sant Joan d'Alacant, Alicante","Alicante",47,"framed","framed_05",0,1,9.55,1,0,0,FALSE,0,"9226648","Sant Joan d'Alacant","Sant Joan d'Alacant,Valencian Community,Spain"
"Son Servera, Baleares","Baleares",47,"framed","framed_05",0,1,42.253,9,1,0.1111,FALSE,0,"9213931","Son Servera","Son Servera,Balearic Islands,Spain"
"Soto del Barco, Asturias","Asturias",47,"framed","framed_05",0,1,34.726,7,1,0.1429,FALSE,0,"9211237","Soto del Barco","Soto del Barco,Asturias,Spain"
"Tarifa, Cádiz","Cádiz",47,"framed","framed_05",0,1,418.647,68,41,0.6029,TRUE,0,"9211615","Tarifa","Tarifa,Andalusia,Spain"
"Tías, Las Palmas","Las Palmas",48,"framed","framed_05",0,1,67.454,10,3,0.3,TRUE,0,"9258835","Tias","Tias,Canary Islands,Spain"
"Valls, Tarragona","Tarragona",48,"framed","framed_05",0,1,55.041,9,3,0.3333,TRUE,0,"9208376","Valls","Valls,Catalonia,Spain"
"Andújar, Jaén","Jaén",53,"framed","framed_06",0,0,964.029,159,121,0.761,TRUE,5.6083,"9048985","Andujar","Andujar,Andalusia,Spain"
"Arahal, Sevilla","Sevilla",53,"framed","framed_06",0,0,201.058,33,15,0.4545,TRUE,0,"9261372","Arahal","Arahal,Andalusia,Spain"
"Arenas de Iguña, Cantabria","Cantabria",54,"framed","framed_06",0,0,86.8,15,4,0.2667,TRUE,0,"9216474","Arenas de Iguna","Arenas de Iguna,Cantabria,Spain"
"Arévalo, Ávila","Ávila",54,"framed","framed_06",0,0,45.469,8,0,0,FALSE,6.7966,"9248740","Arevalo","Arevalo,Castile and Leon,Spain"
"Arnedo, La Rioja","La Rioja",54,"framed","framed_06",0,0,85.178,16,6,0.375,TRUE,0.8674,"1005484","Arnedo","Arnedo,La Rioja,Spain"
"Arrecife, Las Palmas","Las Palmas",54,"framed","framed_06",0,0,23.174,3,0,0,FALSE,0,"9048993","Arrecife","Arrecife,Canary Islands,Spain"
"Artés, Barcelona","Barcelona",55,"framed","framed_06",0,0,17.852,3,0,0,FALSE,3.3468,"9230828","Artes","Artes,Catalonia,Spain"
"As Neves, Pontevedra","Pontevedra",55,"framed","framed_06",0,0,65.647,13,3,0.2308,FALSE,0,"9217656","As Neves","As Neves,Galicia,Spain"
"Avià, Barcelona","Barcelona",55,"framed","framed_06",0,0,27.186,6,1,0.1667,FALSE,0,"9220096","Avia","Avia,Catalonia,Spain"
"Azkoitia, Guipúzcoa","Guipúzcoa",55,"framed","framed_06",0,0,56.604,9,4,0.4444,TRUE,0,"9211250","Azkoitia","Azkoitia,Basque Country,Spain"
"Baeza, Jaén","Jaén",56,"framed","framed_06",0,0,192.206,27,15,0.5556,TRUE,0,"9049000","Baeza","Baeza,Andalusia,Spain"
"Balsa de Ves, Albacete","Albacete",56,"framed","framed_06",0,0,76.372,13,4,0.3077,TRUE,0,"9212675","Balsa de Ves","Balsa de Ves,Castile-La Mancha,Spain"
"Banyalbufar, Baleares","Baleares",56,"framed","framed_06",0,0,18.831,4,0,0,FALSE,0,"9218330","Banyalbufar","Banyalbufar,Balearic Islands,Spain"
"Barbastro, Huesca","Huesca",56,"framed","framed_06",0,0,107.569,20,8,0.4,TRUE,2.0509,"9049002","Barbastro","Barbastro,Aragon,Spain"
"Barbate, Cádiz","Cádiz",57,"framed","framed_06",0,0,143.136,24,6,0.25,TRUE,0,"9049003","Barbate","Barbate,Andalusia,Spain"
"Begues, Barcelona","Barcelona",57,"framed","framed_06",0,0,50.415,9,3,0.3333,TRUE,0,"9226302","Begues","Begues,Catalonia,Spain"
"Béjar, Salamanca","Salamanca",57,"framed","framed_06",0,0,45.639,8,2,0.25,TRUE,34.3288,"9049007","Bejar","Bejar,Castile and Leon,Spain"
"Benaguasil, Valencia","Valencia",57,"framed","framed_06",0,0,25.454,3,0,0,FALSE,0,"9049008","Benaguasil","Benaguasil,Valencian Community,Spain"
"Benamaurel, Granada","Granada",58,"framed","framed_06",0,0,127.96,22,9,0.4091,TRUE,0,"9213976","Benamaurel","Benamaurel,Andalusia,Spain"
"Beniparrell, Valencia","Valencia",58,"framed","framed_06",0,0,3.772,1,0,0,FALSE,0,"1005536","Beniparrell","Beniparrell,Valencian Community,Spain"
"Besalú, Girona","Girona",58,"framed","framed_06",0,0,4.734,0,0,0,FALSE,7.2602,"9252414","Besalu","Besalu,Catalonia,Spain"
"Bimenes, Asturias","Asturias",58,"framed","framed_06",0,0,32.76,5,2,0.4,TRUE,0,"9208018","Bimenes","Bimenes,Asturias,Spain"
"Binéfar, Huesca","Huesca",59,"framed","framed_06",0,0,24.994,4,0,0,FALSE,0,"9226170","Binefar","Binefar,Aragon,Spain"
"Boiro, A Coruña","A Coruña",59,"framed","framed_06",0,0,86.27,16,6,0.375,TRUE,0,"9219534","Boiro","Boiro,Galicia,Spain"
"Búger, Baleares","Baleares",59,"framed","framed_06",0,0,7.482,1,0,0,FALSE,0,"9217930","Buger","Buger,Balearic Islands,Spain"
"Buitrago del Lozoya, Madrid","Madrid",59,"framed","framed_06",0,0,26.443,5,0,0,FALSE,12.6534,"9237298","Buitrago del Lozoya","Buitrago del Lozoya,Community of Madrid,Spain"
"Bullas, Murcia","Murcia",60,"framed","framed_06",0,0,81.778,14,6,0.4286,TRUE,0,"9049015","Bullas","Bullas,Region of Murcia,Spain"
"Burela, Lugo","Lugo",60,"framed","framed_06",0,0,7.445,1,0,0,FALSE,7.0827,"9261521","Burela","Burela,Galicia,Spain"
"Cádiz, Cádiz","Cádiz",60,"framed","framed_06",0,0,12.3,2,0,0,FALSE,0,"9209506","Cadiz","Cadiz,Andalusia,Spain"
"Calasparra, Murcia","Murcia",60,"framed","framed_06",0,0,185.717,31,18,0.5806,TRUE,0,"9049019","Calasparra","Calasparra,Region of Murcia,Spain"
"Camarma de Esteruelas, Madrid","Madrid",61,"framed","framed_06",0,0,35.41,6,1,0.1667,FALSE,0,"9238129","Camarma de Esteruelas","Camarma de Esteruelas,Community of Madrid,Spain"
"Campanet, Baleares","Baleares",61,"framed","framed_06",0,0,35.265,7,1,0.1429,FALSE,0,"9216530","Campanet","Campanet,Balearic Islands,Spain"
"Campos, Baleares","Baleares",61,"framed","framed_06",0,0,149.102,23,13,0.5652,TRUE,0,"9220218","Campos","Campos,Balearic Islands,Spain"
"Canals, Valencia","Valencia",61,"framed","framed_06",0,0,22.485,3,1,0.3333,TRUE,0,"9049023","Canals","Canals,Valencian Community,Spain"
"Caniles, Granada","Granada",62,"framed","framed_06",0,0,217.051,37,21,0.5676,TRUE,0,"9210671","Caniles","Caniles,Andalusia,Spain"
"Cantillana, Sevilla","Sevilla",62,"framed","framed_06",0,0,107.829,18,8,0.4444,TRUE,0,"9213605","Cantillana","Cantillana,Andalusia,Spain"
"Casariche, Sevilla","Sevilla",62,"framed","framed_06",0,0,53.213,8,3,0.375,TRUE,0,"9049028","Casariche","Casariche,Andalusia,Spain"
"Casasimarro, Cuenca","Cuenca",62,"framed","framed_06",0,0,49.572,8,3,0.375,TRUE,9.8476,"9049029","Casasimarro","Casasimarro,Castile-La Mancha,Spain"
"Catral, Alicante","Alicante",63,"framed","framed_06",0,0,19.934,5,0,0,FALSE,0,"9261382","Catral","Catral,Valencian Community,Spain"
"Cehegín, Murcia","Murcia",63,"framed","framed_06",0,0,299.546,48,33,0.6875,TRUE,0,"9049034","Cehegin","Cehegin,Region of Murcia,Spain"
"Cercedilla, Madrid","Madrid",63,"framed","framed_06",0,0,35.805,6,1,0.1667,FALSE,0,"9231888","Cercedilla","Cercedilla,Community of Madrid,Spain"
"Chandrexa de Queixa, Ourense","Ourense",63,"framed","framed_06",0,0,171.692,30,16,0.5333,TRUE,8.4644,"9221142","Chandrexa de Queixa","Chandrexa de Queixa,Galicia,Spain"
"Chauchina, Granada","Granada",64,"framed","framed_07",0,0,21.278,2,1,0.5,TRUE,0,"9261809","Chauchina","Chauchina,Andalusia,Spain"
"Cieza, Murcia","Murcia",64,"framed","framed_07",0,0,366.3,58,43,0.7414,TRUE,0,"9049038","Cieza","Cieza,Region of Murcia,Spain"
"Ciudad Rodrigo, Salamanca","Salamanca",64,"framed","framed_07",0,0,239.504,39,24,0.6154,TRUE,15.8164,"9049041","Ciudad Rodrigo","Ciudad Rodrigo,Castile and Leon,Spain"
"Comillas, Cantabria","Cantabria",64,"framed","framed_07",0,0,18.833,4,0,0,FALSE,0,"9207313","Comillas","Comillas,Cantabria,Spain"
"Cortes y Graena, Granada","Granada",65,"framed","framed_07",0,0,22.44,3,0,0,FALSE,16.0318,"9221473","Cortes y Graena","Cortes y Graena,Andalusia,Spain"
"Coslada, Madrid","Madrid",65,"framed","framed_07",0,0,12.011,1,0,0,FALSE,0,"9262043","Municipality of Coslada","Municipality of Coslada,Community of Madrid,Spain"
"Costitx, Baleares","Baleares",65,"framed","framed_07",0,0,15.73,2,0,0,FALSE,0,"9211182","Costitx","Costitx,Balearic Islands,Spain"
"Cúllar, Granada","Granada",65,"framed","framed_07",0,0,427.384,70,50,0.7143,TRUE,0,"9220579","Cullar","Cullar,Andalusia,Spain"
"Cuntis, Pontevedra","Pontevedra",66,"framed","framed_07",0,0,79.878,15,5,0.3333,TRUE,0,"9214634","Cuntis","Cuntis,Galicia,Spain"
"Curtis, A Coruña","A Coruña",66,"framed","framed_07",0,0,116.433,20,9,0.45,TRUE,4.5824,"9215232","Curtis","Curtis,Galicia,Spain"
"Derio, Vizcaya","Vizcaya",66,"framed","framed_07",0,0,7.21,1,0,0,FALSE,0,"9260474","Derio","Derio,Basque Country,Spain"
"Dúrcal, Granada","Granada",66,"framed","framed_07",0,0,76.634,13,0,0,FALSE,0,"9049056","Durcal","Durcal,Andalusia,Spain"
"El Astillero, Cantabria","Cantabria",67,"framed","framed_07",0,0,6.615,0,0,0,FALSE,0,"9261506","El Astillero","El Astillero,Cantabria,Spain"
"El Cuervo de Sevilla, Sevilla","Sevilla",67,"framed","framed_07",0,0,31.046,5,1,0.2,FALSE,0,"9049057","El Cuervo de Sevilla","El Cuervo de Sevilla,Andalusia,Spain"
"El Viso del Alcor, Sevilla","Sevilla",67,"framed","framed_07",0,0,19.808,2,0,0,FALSE,0,"9049059","El Viso del Alcor","El Viso del Alcor,Andalusia,Spain"
"El Viso, Córdoba","Córdoba",67,"framed","framed_07",0,0,254.238,44,13,0.2955,TRUE,8.6361,"9216619","El Viso","El Viso,Andalusia,Spain"
"Escorca, Baleares","Baleares",68,"framed","framed_07",0,0,141.01,22,10,0.4545,TRUE,0,"9214107","Escorca","Escorca,Balearic Islands,Spain"
"Esporles, Baleares","Baleares",68,"framed","framed_07",0,0,35.914,6,0,0,FALSE,0,"9207264","Esporles","Esporles,Balearic Islands,Spain"
"Estepa, Sevilla","Sevilla",68,"framed","framed_07",0,0,189.571,29,10,0.3448,TRUE,0,"9049068","Estepa","Estepa,Andalusia,Spain"
"Fene, A Coruña","A Coruña",68,"framed","framed_07",0,0,27.194,5,0,0,FALSE,0.4118,"9212492","Fene","Fene,Galicia,Spain"
"Flix, Tarragona","Tarragona",69,"framed","framed_07",0,0,115.869,22,7,0.3182,TRUE,0,"9049070","Flix","Flix,Catalonia,Spain"
"Foios, Valencia","Valencia",69,"framed","framed_07",0,0,6.575,1,0,0,FALSE,0,"9243009","Foios","Foios,Valencian Community,Spain"
"Folgoso do Courel, Lugo","Lugo",69,"framed","framed_07",0,0,192.725,38,14,0.3684,TRUE,0,"9211499","Folgoso do Courel","Folgoso do Courel,Galicia,Spain"
"Fornalutx, Baleares","Baleares",69,"framed","framed_07",0,0,19.578,3,0,0,FALSE,0,"9220753","Fornalutx","Fornalutx,Balearic Islands,Spain"
"Gelves, Sevilla","Sevilla",70,"framed","framed_07",0,0,8.339,1,0,0,FALSE,0,"9211974","Gelves","Gelves,Andalusia,Spain"
"Gerena, Sevilla","Sevilla",70,"framed","framed_07",0,0,129.914,20,10,0.5,TRUE,0,"9215163","Gerena","Gerena,Andalusia,Spain"
"Gójar, Granada","Granada",70,"framed","framed_07",0,0,12.163,2,0,0,FALSE,0,"9241139","Gojar","Gojar,Andalusia,Spain"
"Gozón, Asturias","Asturias",70,"framed","framed_07",0,0,82.621,16,5,0.3125,TRUE,0,"9259551","Gozon","Gozon,Asturias,Spain"
"Griñón, Madrid","Madrid",71,"framed","framed_07",0,0,17.493,3,0,0,FALSE,0,"9230020","Grinon","Grinon,Community of Madrid,Spain"
"Guadarrama, Madrid","Madrid",71,"framed","framed_07",0,0,56.936,11,1,0.0909,FALSE,0,"9216156","Guadarrama","Guadarrama,Community of Madrid,Spain"
"Gurb, Barcelona","Barcelona",71,"framed","framed_07",0,0,51.151,9,2,0.2222,FALSE,0,"9256617","Gurb","Gurb,Catalonia,Spain"
"Hellín, Albacete","Albacete",71,"framed","framed_07",0,0,778.387,129,95,0.7364,TRUE,0,"9215298","Hellin","Hellin,Castile-La Mancha,Spain"
"Horcajo de Santiago, Cuenca","Cuenca",72,"framed","framed_07",0,0,96.031,18,6,0.3333,TRUE,4.8681,"9213431","Horcajo de Santiago","Horcajo de Santiago,Castile-La Mancha,Spain"
"Huércal-Overa, Almería","Almería",72,"framed","framed_07",0,0,316.889,49,34,0.6939,TRUE,0,"9208961","Huercal-Overa","Huercal-Overa,Andalusia,Spain"
"Huéscar, Granada","Granada",72,"framed","framed_07",0,0,473.639,75,46,0.6133,TRUE,5.2807,"9217709","Huescar","Huescar,Andalusia,Spain"
"Ibi, Alicante","Alicante",72,"framed","framed_07",0,0,62.581,10,5,0.5,TRUE,0,"9049082","Ibi","Ibi,Valencian Community,Spain"
"Inca, Baleares","Baleares",73,"framed","framed_07",0,0,58.015,11,3,0.2727,TRUE,0,"9213047","Inca","Inca,Balearic Islands,Spain"
"Íscar, Valladolid","Valladolid",73,"framed","framed_07",0,0,60.419,10,2,0.2,FALSE,5.9574,"9256908","Iscar","Iscar,Castile and Leon,Spain"
"L'Alcúdia, Valencia","Valencia",73,"framed","framed_07",0,0,23.943,4,0,0,FALSE,0,"9049092","L'Alcudia","L'Alcudia,Valencian Community,Spain"
"L'Ametlla del Vallès, Barcelona","Barcelona",73,"framed","framed_07",0,0,14.025,2,0,0,FALSE,0,"9223631","L'Ametlla del Valles","L'Ametlla del Valles,Catalonia,Spain"
"L'Olleria, Valencia","Valencia",74,"framed","framed_07",0,0,32.342,5,1,0.2,FALSE,0,"9228280","L'Olleria","L'Olleria,Valencian Community,Spain"
"La Carolina, Jaén","Jaén",74,"framed","framed_07",0,0,200.941,32,16,0.5,TRUE,3.9963,"9049098","La Carolina","La Carolina,Andalusia,Spain"
"La Línea de la Concepción, Cádiz","Cádiz",74,"framed","framed_08",0,0,18.537,2,0,0,FALSE,0,"9049099","La Linea de la Concepcion","La Linea de la Concepcion,Andalusia,Spain"
"La Nou de Gaià, Tarragona","Tarragona",74,"framed","framed_08",0,0,4.327,1,0,0,FALSE,0,"9207132","La Nou de Gaia","La Nou de Gaia,Catalonia,Spain"
"La Palma d'Ebre, Tarragona","Tarragona",75,"framed","framed_08",0,0,38.282,5,1,0.2,FALSE,0,"1005470","La Palma d'Ebre","La Palma d'Ebre,Catalonia,Spain"
"La Palma del Condado, Huelva","Huelva",75,"framed","framed_08",0,0,60.074,9,3,0.3333,TRUE,0,"9237421","La Palma del Condado","La Palma del Condado,Andalusia,Spain"
"La Pobla de Farnals, Valencia","Valencia",75,"framed","framed_08",0,0,3.468,1,0,0,FALSE,0,"9224096","La Pobla de Farnals","La Pobla de Farnals,Valencian Community,Spain"
"La Pobla de Mafumet, Tarragona","Tarragona",75,"framed","framed_08",0,0,6.115,1,0,0,FALSE,0,"9209426","La Pobla de Mafumet","La Pobla de Mafumet,Catalonia,Spain"
"La Unión, Murcia","Murcia",76,"framed","framed_08",0,0,25.617,5,0,0,FALSE,0,"9260084","La Union","La Union,Region of Murcia,Spain"
"Láncara, Lugo","Lugo",76,"framed","framed_08",0,0,121.474,22,7,0.3182,TRUE,0,"9218974","Lancara","Lancara,Galicia,Spain"
"Las Gabias, Granada","Granada",76,"framed","framed_08",0,0,39.239,5,2,0.4,TRUE,0,"9230048","Las Gabias","Las Gabias,Andalusia,Spain"
"Las Peñas de Riglos, Huesca","Huesca",76,"framed","framed_08",0,0,217.519,37,12,0.3243,TRUE,0,"9212167","Las Penas de Riglos","Las Penas de Riglos,Aragon,Spain"
"Lena, Asturias","Asturias",77,"framed","framed_08",0,0,315.46,53,36,0.6792,TRUE,0,"9207128","Lena","Lena,Asturias,Spain"
"Les Borges del Camp, Tarragona","Tarragona",77,"framed","framed_08",0,0,8.19,1,0,0,FALSE,0,"9216969","Les Borges del Camp","Les Borges del Camp,Catalonia,Spain"
"Lloret de Vistalegre, Baleares","Baleares",77,"framed","framed_08",0,0,16.623,4,0,0,FALSE,0,"9212496","Lloret de Vistalegre","Lloret de Vistalegre,Balearic Islands,Spain"
"Lloseta, Baleares","Baleares",77,"framed","framed_08",0,0,12.167,2,0,0,FALSE,0,"9213242","Lloseta","Lloseta,Balearic Islands,Spain"
"Loja, Granada","Granada",78,"framed","framed_08",0,0,446.744,72,45,0.625,TRUE,0,"9049116","Loja","Loja,Andalusia,Spain"
"Lora del Río, Sevilla","Sevilla",78,"framed","framed_08",0,0,293.361,49,34,0.6939,TRUE,0,"9049117","Lora del Rio","Lora del Rio,Andalusia,Spain"
"Los Altos, Burgos","Burgos",78,"framed","framed_08",0,0,139.554,23,10,0.4348,TRUE,7.0274,"9217283","Los Altos","Los Altos,Castile and Leon,Spain"
"Lucena, Córdoba","Córdoba",78,"framed","framed_08",0,0,350.749,55,37,0.6727,TRUE,0,"9049121","Lucena","Lucena,Andalusia,Spain"
"Mairena del Alcor, Sevilla","Sevilla",79,"framed","framed_08",0,0,69.796,13,4,0.3077,TRUE,0,"9049122","Mairena del Alcor","Mairena del Alcor,Andalusia,Spain"
"Mancha Real, Jaén","Jaén",79,"framed","framed_08",0,0,97.192,18,3,0.1667,FALSE,0,"9049124","Mancha Real","Mancha Real,Andalusia,Spain"
"Marchamalo, Guadalajara","Guadalajara",79,"framed","framed_08",0,0,101.2,19,7,0.3684,TRUE,0,"9244457","Marchamalo","Marchamalo,Castile-La Mancha,Spain"
"Marchena, Sevilla","Sevilla",79,"framed","framed_08",0,0,377.862,60,40,0.6667,TRUE,0,"9049127","Marchena","Marchena,Andalusia,Spain"
"Maruri-Jatabe, Vizcaya","Vizcaya",80,"framed","framed_08",0,0,15.881,3,0,0,FALSE,3.8145,"9210616","Maruri-Jatabe","Maruri-Jatabe,Basque Country,Spain"
"Masquefa, Barcelona","Barcelona",80,"framed","framed_08",0,0,17.378,3,0,0,FALSE,0,"9049129","Masquefa","Masquefa,Catalonia,Spain"
"Matadepera, Barcelona","Barcelona",80,"framed","framed_08",0,0,25.428,4,1,0.25,TRUE,0,"9233353","Matadepera","Matadepera,Catalonia,Spain"
"Mazaricos, A Coruña","A Coruña",80,"framed","framed_08",0,0,187.019,31,17,0.5484,TRUE,0,"9215425","Mazaricos","Mazaricos,Galicia,Spain"
"Medina de Pomar, Burgos","Burgos",81,"framed","framed_08",0,0,214.579,38,16,0.4211,TRUE,0,"9216871","Medina de Pomar","Medina de Pomar,Castile and Leon,Spain"
"Mengíbar, Jaén","Jaén",81,"framed","framed_08",0,0,62.402,10,1,0.1,FALSE,0,"9234101","Mengibar","Mengibar,Andalusia,Spain"
"Miño, A Coruña","A Coruña",81,"framed","framed_08",0,0,32.629,6,0,0,FALSE,1.9794,"9211087","Mino","Mino,Galicia,Spain"
"Miraflores de la Sierra, Madrid","Madrid",81,"framed","framed_08",0,0,56.723,10,3,0.3,TRUE,0,"9262649","Miraflores de la Sierra","Miraflores de la Sierra,Community of Madrid,Spain"
"Mocejón, Toledo","Toledo",82,"framed","framed_08",0,0,30.202,5,0,0,FALSE,0,"9241076","Mocejon","Mocejon,Castile-La Mancha,Spain"
"Mont-ral, Tarragona","Tarragona",82,"framed","framed_08",0,0,34.64,5,1,0.2,FALSE,0,"9209080","Mont-ral","Mont-ral,Catalonia,Spain"
"Mont-ras, Girona","Girona",82,"framed","framed_08",0,0,12.218,2,0,0,FALSE,0,"9231022","Mont-ras","Mont-ras,Catalonia,Spain"
"Montbrió del Camp, Tarragona","Tarragona",82,"framed","framed_08",0,0,10.515,2,0,0,FALSE,0,"9213267","Montbrio del Camp","Montbrio del Camp,Catalonia,Spain"
"Montferri, Tarragona","Tarragona",83,"framed","framed_08",0,0,19.178,3,0,0,FALSE,0,"9211397","Montferri","Montferri,Catalonia,Spain"
"Montilla, Córdoba","Córdoba",83,"framed","framed_08",0,0,168.605,26,16,0.6154,TRUE,0,"9049141","Montilla","Montilla,Andalusia,Spain"
"Morcín, Asturias","Asturias",83,"framed","framed_08",0,0,49.944,8,0,0,FALSE,0,"9216147","Morcin","Morcin,Asturias,Spain"
"Muras, Lugo","Lugo",83,"framed","framed_08",0,0,163.716,28,14,0.5,TRUE,0,"9209821","Muras","Muras,Galicia,Spain"
"Nerja, Málaga","Málaga",84,"framed","framed_08",0,0,85.474,13,4,0.3077,TRUE,0,"9197279","Nerja","Nerja,Andalusia,Spain"
"Níjar, Almería","Almería",84,"framed","framed_08",0,0,601.569,100,67,0.67,TRUE,0,"9209797","Nijar","Nijar,Andalusia,Spain"
"Noia, A Coruña","A Coruña",84,"framed","framed_08",0,0,36.926,7,0,0,FALSE,2.1756,"9214296","Noia","Noia,Galicia,Spain"
"Noja, Cantabria","Cantabria",84,"framed","framed_08",0,0,8.501,1,0,0,FALSE,0,"9256118","Noja","Noja,Cantabria,Spain"
"Olivares, Sevilla","Sevilla",85,"framed","framed_09",0,0,45.262,9,0,0,FALSE,0,"9234707","Olivares","Olivares,Andalusia,Spain"
"Olocau, Valencia","Valencia",85,"framed","framed_09",0,0,37.243,5,1,0.2,FALSE,0,"9257598","Olocau","Olocau,Valencian Community,Spain"
"Ondara, Alicante","Alicante",85,"framed","framed_09",0,0,10.389,3,0,0,FALSE,0,"9253745","Ondara","Ondara,Valencian Community,Spain"
"Ontinyent, Valencia","Valencia",85,"framed","framed_09",0,0,125.539,21,10,0.4762,TRUE,0,"9197405","Ontinyent","Ontinyent,Valencian Community,Spain"
"Ordes, A Coruña","A Coruña",86,"framed","framed_09",0,0,157.06,29,13,0.4483,TRUE,0,"9218071","Ordes","Ordes,Galicia,Spain"
"Outeiro de Rei, Lugo","Lugo",86,"framed","framed_09",0,0,134.014,24,10,0.4167,TRUE,0,"9212817","Outeiro de Rei","Outeiro de Rei,Galicia,Spain"
"Paderne de Allariz, Ourense","Ourense",86,"framed","framed_09",0,0,38.671,6,0,0,FALSE,0,"9217447","Paderne de Allariz","Paderne de Allariz,Galicia,Spain"
"Palma del Río, Córdoba","Córdoba",86,"framed","framed_09",0,0,200.259,30,15,0.5,TRUE,0,"9049161","Palma del Rio","Palma del Rio,Andalusia,Spain"
"Peñarroya-Pueblonuevo, Córdoba","Córdoba",87,"framed","framed_09",0,0,64.643,10,2,0.2,FALSE,20.362,"9230565","Penarroya-Pueblonuevo","Penarroya-Pueblonuevo,Andalusia,Spain"
"Pilas, Sevilla","Sevilla",87,"framed","framed_09",0,0,45.902,8,1,0.125,FALSE,3.9786,"9252845","Pilas","Pilas,Andalusia,Spain"
"Pinofranqueado, Cáceres","Cáceres",87,"framed","framed_09",0,0,146.554,25,14,0.56,TRUE,15.8164,"9207381","Pinofranqueado","Pinofranqueado,Extremadura,Spain"
"Pioz, Guadalajara","Guadalajara",87,"framed","framed_09",0,0,19.251,2,0,0,FALSE,0,"9261572","Pioz","Pioz,Castile-La Mancha,Spain"
"Plasencia, Cáceres","Cáceres",88,"framed","framed_09",0,0,217.802,37,16,0.4324,TRUE,24.7007,"9049171","Plasencia","Plasencia,Extremadura,Spain"
"Pollença, Baleares","Baleares",88,"framed","framed_09",0,0,153.086,24,10,0.4167,TRUE,0,"9216355","Pollenca","Pollenca,Balearic Islands,Spain"
"Posadas, Córdoba","Córdoba",88,"framed","framed_09",0,0,160.314,23,15,0.6522,TRUE,2.7622,"9254628","Posadas","Posadas,Andalusia,Spain"
"Pozoblanco, Córdoba","Córdoba",88,"framed","framed_09",0,0,329.651,53,28,0.5283,TRUE,8.6361,"9242880","Pozoblanco","Pozoblanco,Andalusia,Spain"
"Puertollano, Ciudad Real","Ciudad Real",89,"framed","framed_09",0,0,226.758,40,19,0.475,TRUE,8.3041,"9049180","Puertollano","Puertollano,Castile-La Mancha,Spain"
"Puigpunyent, Baleares","Baleares",89,"framed","framed_09",0,0,40.674,8,0,0,FALSE,0,"9216567","Puigpunyent","Puigpunyent,Balearic Islands,Spain"
"Quijorna, Madrid","Madrid",89,"framed","framed_09",0,0,25.72,5,0,0,FALSE,0,"9216258","Quijorna","Quijorna,Community of Madrid,Spain"
"Quiroga, Lugo","Lugo",89,"framed","framed_09",0,0,316.803,56,34,0.6071,TRUE,0,"9214744","Quiroga","Quiroga,Galicia,Spain"
"Quirós, Asturias","Asturias",90,"framed","framed_09",0,0,208.816,38,22,0.5789,TRUE,0,"9215084","Quiros","Quiros,Asturias,Spain"
"Ramirás, Ourense","Ourense",90,"framed","framed_09",0,0,40.695,7,0,0,FALSE,0,"9220081","Ramiras","Ramiras,Galicia,Spain"
"Retortillo de Soria, Soria","Soria",90,"framed","framed_09",0,0,172.657,27,16,0.5926,TRUE,44.7477,"9221009","Retortillo de Soria","Retortillo de Soria,Castile and Leon,Spain"
"Ribera d'Urgellet, Lleida","Lleida",90,"framed","framed_09",0,0,106.592,18,7,0.3889,TRUE,12.2892,"9217199","Ribera d'Urgellet","Ribera d'Urgellet,Catalonia,Spain"
"Riós, Ourense","Ourense",91,"framed","framed_09",0,0,113.938,21,8,0.381,TRUE,0.9075,"9212441","Rios","Rios,Galicia,Spain"
"Ripollet, Barcelona","Barcelona",91,"framed","framed_09",0,0,4.465,0,0,0,FALSE,0,"1005472","Ripollet","Ripollet,Catalonia,Spain"
"Riudellots de la Selva, Girona","Girona",91,"framed","framed_09",0,0,13.359,2,0,0,FALSE,1.5642,"9254006","Riudellots de la Selva","Riudellots de la Selva,Catalonia,Spain"
"Salvaterra de Miño, Pontevedra","Pontevedra",91,"framed","framed_09",0,0,62.891,12,2,0.1667,FALSE,0,"9212118","Salvaterra de Mino","Salvaterra de Mino,Galicia,Spain"
"San Cibrao das Viñas, Ourense","Ourense",92,"framed","framed_09",0,0,39.376,7,0,0,FALSE,0,"9212766","San Cibrao das Vinas","San Cibrao das Vinas,Galicia,Spain"
"San Fulgencio, Alicante","Alicante",92,"framed","framed_09",0,0,19.608,3,0,0,FALSE,0,"9249228","San Fulgencio","San Fulgencio,Valencian Community,Spain"
"San Pascual, Ávila","Ávila",92,"framed","framed_09",0,0,18.524,1,0,0,FALSE,6.7966,"9211175","San Pascual","San Pascual,Castile and Leon,Spain"
"San Sadurniño, A Coruña","A Coruña",92,"framed","framed_09",0,0,99.165,19,4,0.2105,FALSE,0,"9222307","San Sadurnino","San Sadurnino,Galicia,Spain"
"Sant Andreu de la Barca, Barcelona","Barcelona",93,"framed","framed_09",0,0,5.589,0,0,0,FALSE,0,"9237447","Sant Andreu de la Barca","Sant Andreu de la Barca,Catalonia,Spain"
"Sant Cebrià de Vallalta, Barcelona","Barcelona",93,"framed","framed_09",0,0,15.666,2,0,0,FALSE,0,"9246083","Sant Cebria de Vallalta","Sant Cebria de Vallalta,Catalonia,Spain"
"Sant Joan Despí, Barcelona","Barcelona",93,"framed","framed_09",0,0,5.751,0,0,0,FALSE,0,"9214901","Municipality of Sant Joan Despi","Municipality of Sant Joan Despi,Catalonia,Spain"
"Sant Martí de Tous, Barcelona","Barcelona",93,"framed","framed_09",0,0,38.788,7,0,0,FALSE,2.3947,"9216618","Sant Marti de Tous","Sant Marti de Tous,Catalonia,Spain"
"Sant Pol de Mar, Barcelona","Barcelona",94,"framed","framed_09",0,0,7.433,1,0,0,FALSE,0,"9248255","Sant Pol de Mar","Sant Pol de Mar,Catalonia,Spain"
"Santa Coloma de Farners, Girona","Girona",94,"framed","framed_09",0,0,70.737,12,5,0.4167,TRUE,1.276,"9258584","Santa Coloma de Farners","Santa Coloma de Farners,Catalonia,Spain"
"Santa Comba, A Coruña","A Coruña",94,"framed","framed_09",0,0,203.299,34,19,0.5588,TRUE,0,"9209584","Santa Comba","Santa Comba,Galicia,Spain"
"Santa Eulàlia de Ronçana, Barcelona","Barcelona",94,"framed","framed_09",0,0,13.913,2,0,0,FALSE,0,"9212032","Santa Eulalia de Roncana","Santa Eulalia de Roncana,Catalonia,Spain"
"Santiponce, Sevilla","Sevilla",95,"framed","framed_09",0,0,8.399,2,0,0,FALSE,0,"9210750","Santiponce","Santiponce,Andalusia,Spain"
"Santoña, Cantabria","Cantabria",95,"framed","framed_09",0,0,10.134,2,0,0,FALSE,0,"9049207","Santona","Santona,Cantabria,Spain"
"Santpedor, Barcelona","Barcelona",95,"framed","framed_10",0,0,17.005,3,0,0,FALSE,0.6313,"9231866","Santpedor","Santpedor,Catalonia,Spain"
"Sayalonga, Málaga","Málaga",95,"framed","framed_10",0,0,18.171,3,0,0,FALSE,0,"9049208","Sayalonga","Sayalonga,Andalusia,Spain"
"Serón, Almería","Almería",96,"framed","framed_10",0,0,166.452,27,13,0.4815,TRUE,0,"9212350","Seron","Seron,Andalusia,Spain"
"Sestao, Vizcaya","Vizcaya",96,"framed","framed_10",0,0,3.483,0,0,0,FALSE,0,"9215516","Sestao","Sestao,Basque Country,Spain"
"Silleda, Pontevedra","Pontevedra",96,"framed","framed_10",0,0,167.811,32,14,0.4375,TRUE,0,"9217850","Silleda","Silleda,Galicia,Spain"
"Simancas, Valladolid","Valladolid",96,"framed","framed_10",0,0,42.479,8,2,0.25,TRUE,0,"9220497","Simancas","Simancas,Castile and Leon,Spain"
"Sineu, Baleares","Baleares",97,"framed","framed_10",0,0,48.116,6,2,0.3333,TRUE,0,"9210254","Sineu","Sineu,Balearic Islands,Spain"
"Sotalbo, Ávila","Ávila",97,"framed","framed_10",0,0,90.438,15,0,0,FALSE,2.9063,"9215208","Sotalbo","Sotalbo,Castile and Leon,Spain"
"Súria, Barcelona","Barcelona",97,"framed","framed_10",0,0,23.655,5,1,0.2,FALSE,2.3132,"9243049","Suria","Suria,Catalonia,Spain"
"Taboada, Lugo","Lugo",97,"framed","framed_10",0,0,146.315,26,11,0.4231,TRUE,0,"9221390","Taboada","Taboada,Galicia,Spain"
"Tarancón, Cuenca","Cuenca",98,"framed","framed_10",0,0,106.942,20,6,0.3,TRUE,4.8681,"9224382","Tarancon","Tarancon,Castile-La Mancha,Spain"
"Teià, Barcelona","Barcelona",98,"framed","framed_10",0,0,6.688,2,0,0,FALSE,0,"9212588","Teia","Teia,Catalonia,Spain"
"Tocina, Sevilla","Sevilla",98,"framed","framed_10",0,0,13.838,1,0,0,FALSE,0,"9221429","Tocina","Tocina,Andalusia,Spain"
"Tolosa, Guipúzcoa","Guipúzcoa",98,"framed","framed_10",0,0,37.41,6,0,0,FALSE,0,"9049085","Tolosa","Tolosa,Basque Country,Spain"
"Tomelloso, Ciudad Real","Ciudad Real",99,"framed","framed_10",0,0,240.721,41,20,0.4878,TRUE,0,"9049219","Tomelloso","Tomelloso,Castile-La Mancha,Spain"
"Tordoia, A Coruña","A Coruña",99,"framed","framed_10",0,0,124.279,24,6,0.25,TRUE,0,"9216655","Tordoia","Tordoia,Galicia,Spain"
"Torre-Pacheco, Murcia","Murcia",99,"framed","framed_10",0,0,188.998,31,18,0.5806,TRUE,0,"9209301","Torre-Pacheco","Torre-Pacheco,Region of Murcia,Spain"
"Torrejón de la Calzada, Madrid","Madrid",99,"framed","framed_10",0,0,8.934,1,0,0,FALSE,0,"9239446","Torrejon de la Calzada","Torrejon de la Calzada,Community of Madrid,Spain"
"Torrelodones, Madrid","Madrid",100,"framed","framed_10",0,0,21.99,3,0,0,FALSE,0,"9190106","Municipality of Torrelodones","Municipality of Torrelodones,Community of Madrid,Spain"
"Torres de la Alameda, Madrid","Madrid",100,"framed","framed_10",0,0,43.903,7,0,0,FALSE,0,"9256471","Torres de la Alameda","Torres de la Alameda,Community of Madrid,Spain"
"Tudela de Duero, Valladolid","Valladolid",100,"framed","framed_10",0,0,60.563,10,3,0.3,TRUE,1.536,"9226731","Tudela de Duero","Tudela de Duero,Castile and Leon,Spain"
"Umbrete, Sevilla","Sevilla",100,"framed","framed_10",0,0,12.387,1,0,0,FALSE,0,"9247641","Umbrete","Umbrete,Andalusia,Spain"
"Val do Dubra, A Coruña","A Coruña",101,"framed","framed_10",0,0,108.349,20,9,0.45,TRUE,0,"9217904","Val do Dubra","Val do Dubra,Galicia,Spain"
"Valdáliga, Cantabria","Cantabria",101,"framed","framed_10",0,0,97.489,16,9,0.5625,TRUE,0,"9214029","Valdaliga","Valdaliga,Cantabria,Spain"
"Valdepeñas, Ciudad Real","Ciudad Real",101,"framed","framed_10",0,0,487.529,80,56,0.7,TRUE,0,"9049234","Valdepenas","Valdepenas,Castile-La Mancha,Spain"
"Valderredible, Cantabria","Cantabria",101,"framed","framed_10",0,0,297.768,51,20,0.3922,TRUE,7.0274,"9212400","Valderredible","Valderredible,Cantabria,Spain"
"Valldemossa, Baleares","Baleares",102,"framed","framed_10",0,0,43.513,6,2,0.3333,TRUE,0,"9210447","Valldemossa","Valldemossa,Balearic Islands,Spain"
"Valle de Mena, Burgos","Burgos",102,"framed","framed_10",0,0,262.922,46,21,0.4565,TRUE,0,"9209474","Valle de Mena","Valle de Mena,Castile and Leon,Spain"
"Vallmoll, Tarragona","Tarragona",102,"framed","framed_10",0,0,16.566,3,0,0,FALSE,0,"9218792","Vallmoll","Vallmoll,Catalonia,Spain"
"Vélez-Blanco, Almería","Almería",102,"framed","framed_10",0,0,440.929,73,46,0.6301,TRUE,0,"9210027","Velez-Blanco","Velez-Blanco,Andalusia,Spain"
"Verín, Ourense","Ourense",103,"framed","framed_10",0,0,93.738,14,3,0.2143,FALSE,0.9075,"9210391","Verin","Verin,Galicia,Spain"
"Vilalba, Lugo","Lugo",103,"framed","framed_10",0,0,378.516,68,43,0.6324,TRUE,0,"9209172","Vilalba","Vilalba,Galicia,Spain"
"Vilallonga de Ter, Girona","Girona",103,"framed","framed_10",0,0,64.505,13,3,0.2308,FALSE,15.082,"9213300","Vilallonga de Ter","Vilallonga de Ter,Catalonia,Spain"
"Vilanova de Arousa, Pontevedra","Pontevedra",103,"framed","framed_10",0,0,32.9,7,0,0,FALSE,0,"9217198","Vilanova de Arousa","Vilanova de Arousa,Galicia,Spain"
"Villamanta, Madrid","Madrid",104,"framed","framed_10",0,0,62.794,11,3,0.2727,TRUE,0,"9214090","Villamanta","Villamanta,Community of Madrid,Spain"
"Villamayor, Salamanca","Salamanca",104,"framed","framed_10",0,0,16.042,4,0,0,FALSE,0,"9250383","Villamayor","Villamayor,Castile and Leon,Spain"
"Villanueva de Gállego, Zaragoza","Zaragoza",104,"framed","framed_10",0,0,75.908,15,3,0.2,FALSE,0,"9234743","Villanueva de Gallego","Villanueva de Gallego,Aragon,Spain"
"Villanueva de la Torre, Guadalajara","Guadalajara",104,"framed","framed_10",0,0,11.196,2,0,0,FALSE,0,"9253274","Villanueva de la Torre","Villanueva de la Torre,Castile-La Mancha,Spain"
"Villarrobledo, Albacete","Albacete",105,"framed","framed_10",0,0,862.305,147,111,0.7551,TRUE,0,"9049243","Villarrobledo","Villarrobledo,Castile-La Mancha,Spain"
"Villarta-Quintana, La Rioja","La Rioja",105,"framed","framed_10",0,0,24.592,4,0,0,FALSE,2.3571,"9216053","Villarta-Quintana","Villarta-Quintana,La Rioja,Spain"
"Villayón, Asturias","Asturias",105,"framed","framed_10",0,0,132.109,24,10,0.4167,TRUE,0,"9217122","Villayon","Villayon,Asturias,Spain"
"Xove, Lugo","Lugo",105,"framed","framed_10",0,0,90.254,14,5,0.3571,TRUE,7.0827,"9216465","Xove","Xove,Galicia,Spain"
"Vigo, Pontevedra","Pontevedra",1,"neutral","neutral_01",16,11,111.164,18,9,0.5,TRUE,0,"1005518","Vigo","Vigo,Galicia,Spain"
"Málaga, Málaga","Málaga",1,"neutral","neutral_01",14,16,394.534,62,40,0.6452,TRUE,0,"9222206","Malaga","Malaga,Andalusia,Spain"
"Murcia, Murcia","Murcia",1,"neutral","neutral_01",14,6,884.618,142,102,0.7183,TRUE,0,"9257209","Murcia","Murcia,Region of Murcia,Spain"
"Terrassa, Barcelona","Barcelona",1,"neutral","neutral_01",12,9,70.003,13,3,0.2308,FALSE,0,"9212999","Municipality of Terrassa","Municipality of Terrassa,Catalonia,Spain"
"Badalona, Barcelona","Barcelona",2,"neutral","neutral_01",9,5,20.823,4,1,0.25,TRUE,0,"9214647","Badalona","Badalona,Catalonia,Spain"
"Cartagena, Murcia","Murcia",2,"neutral","neutral_01",9,5,571.568,94,52,0.5532,TRUE,0,"9215883","Municipality of Cartagena","Municipality of Cartagena,Region of Murcia,Spain"
"Palma de Mallorca, Baleares","Baleares",2,"neutral","neutral_01",9,6,210.865,34,13,0.3824,TRUE,0,"9218661","Municipality of Palma","Municipality of Palma,Balearic Islands,Spain"
"Santander, Cantabria","Cantabria",2,"neutral","neutral_01",8,5,36.374,7,1,0.1429,FALSE,0,"9220271","Santander","Santander,Cantabria,Spain"
"A Coruña, A Coruña","A Coruña",3,"neutral","neutral_01",7,2,39.305,6,1,0.1667,FALSE,0,"9212542","A Coruna","A Coruna,Galicia,Spain"
"Albacete, Albacete","Albacete",3,"neutral","neutral_01",7,4,1140.392,190,137,0.7211,TRUE,0,"9212825","Municipality of Albacete","Municipality of Albacete,Castile-La Mancha,Spain"
"Alcalá de Guadaíra, Sevilla","Sevilla",4,"neutral","neutral_01",7,1,285.108,48,23,0.4792,TRUE,0,"9048964","Alcala de Guadaira","Alcala de Guadaira,Andalusia,Spain"
"Oviedo, Asturias","Asturias",3,"neutral","neutral_01",7,5,186.55,33,15,0.4545,TRUE,0,"9215780","Oviedo","Oviedo,Asturias,Spain"
"Rivas-Vaciamadrid, Madrid","Madrid",3,"neutral","neutral_01",7,6,67.131,11,4,0.3636,TRUE,0,"9221363","Municipality of Rivas-Vaciamadrid","Municipality of Rivas-Vaciamadrid,Community of Madrid,Spain"
"Reus, Tarragona","Tarragona",4,"neutral","neutral_01",6,3,52.867,10,0,0,FALSE,0,"9049184","Reus","Reus,Catalonia,Spain"
"Sant Cugat del Vallès, Barcelona","Barcelona",4,"neutral","neutral_01",6,4,48.178,10,2,0.2,FALSE,0,"9210679","Sant Cugat del Valles","Sant Cugat del Valles,Catalonia,Spain"
"Chiclana de la Frontera, Cádiz","Cádiz",5,"neutral","neutral_01",5,2,203.919,32,19,0.5938,TRUE,0,"9049036","Chiclana de la Frontera","Chiclana de la Frontera,Andalusia,Spain"
"Fuenlabrada, Madrid","Madrid",5,"neutral","neutral_01",5,3,38.121,8,0,0,FALSE,0,"9049072","Fuenlabrada","Fuenlabrada,Community of Madrid,Spain"
"Granada, Granada","Granada",4,"neutral","neutral_01",5,9,88.296,16,4,0.25,TRUE,0,"9215194","Municipality of Granada","Municipality of Granada,Andalusia,Spain"
"Jerez de la Frontera, Cádiz","Cádiz",5,"neutral","neutral_01",5,2,1186.645,194,136,0.701,TRUE,0,"9049089","Jerez de la Frontera","Jerez de la Frontera,Andalusia,Spain"
"Las Rozas de Madrid, Madrid","Madrid",5,"neutral","neutral_01",5,4,58.291,12,3,0.25,TRUE,0,"9220905","Municipality of Las Rozas de Madrid","Municipality of Las Rozas de Madrid,Community of Madrid,Spain"
"Torrent, Valencia","Valencia",6,"neutral","neutral_01",5,0,69.363,13,4,0.3077,TRUE,0,"9243986","Municipality of Torrent","Municipality of Torrent,Valencian Community,Spain"
"Alboraya, Valencia","Valencia",7,"neutral","neutral_01",4,1,8.038,1,0,0,FALSE,0,"9048962","Alboraya","Alboraya,Valencian Community,Spain"
"Cornellà de Llobregat, Barcelona","Barcelona",6,"neutral","neutral_01",4,4,6.819,2,0,0,FALSE,0,"9197251","Cornella de Llobregat","Cornella de Llobregat,Catalonia,Spain"
"El Puerto de Santa María, Cádiz","Cádiz",7,"neutral","neutral_01",4,2,158.629,28,10,0.3571,TRUE,0,"1005445","El Puerto de Santa Maria","El Puerto de Santa Maria,Andalusia,Spain"
"Guadalajara, Guadalajara","Guadalajara",8,"neutral","neutral_01",4,0,165.116,27,7,0.2593,TRUE,0,"1005459","Guadalajara","Guadalajara,Castile-La Mancha,Spain"
"Irun, Guipúzcoa","Guipúzcoa",7,"neutral","neutral_01",4,2,41.448,7,2,0.2857,TRUE,0,"9049086","Irun","Irun,Basque Country,Spain"
"Logroño, La Rioja","La Rioja",6,"neutral","neutral_01",4,7,79.525,15,2,0.1333,FALSE,10.432,"1005485","Logrono","Logrono,La Rioja,Spain"
"Marbella, Málaga","Málaga",6,"neutral","neutral_01",4,3,116.627,21,3,0.1429,FALSE,0,"9224915","Marbella","Marbella,Andalusia,Spain"
"Valladolid, Valladolid","Valladolid",7,"neutral","neutral_01",4,2,197.297,32,9,0.2812,TRUE,0,"1005546","Valladolid","Valladolid,Castile and Leon,Spain"
"Viladecans, Barcelona","Barcelona",8,"neutral","neutral_01",4,1,19.77,5,0,0,FALSE,0,"9235599","Viladecans","Viladecans,Catalonia,Spain"
"Alcobendas, Madrid","Madrid",10,"neutral","neutral_01",3,0,45.001,8,0,0,FALSE,0,"1005488","Alcobendas","Alcobendas,Community of Madrid,Spain"
"Alcorcón, Madrid","Madrid",9,"neutral","neutral_01",3,1,33.611,6,1,0.1667,FALSE,0,"9248073","Alcorcon","Alcorcon,Community of Madrid,Spain"
"Cerdanyola del Vallès, Barcelona","Barcelona",8,"neutral","neutral_01",3,4,30.778,4,1,0.25,TRUE,0,"9195687","Cerdanyola del Valles","Cerdanyola del Valles,Catalonia,Spain"
"Cullera, Valencia","Valencia",9,"neutral","neutral_01",3,1,52.91,10,2,0.2,FALSE,0,"1005541","Cullera","Cullera,Valencian Community,Spain"
"Espartinas, Sevilla","Sevilla",9,"neutral","neutral_01",3,1,22.726,4,0,0,FALSE,0,"9049064","Espartinas","Espartinas,Andalusia,Spain"
"Gandia, Valencia","Valencia",9,"neutral","neutral_01",3,1,60.768,11,1,0.0909,FALSE,0,"1005542","Gandia","Gandia,Valencian Community,Spain"
"Oropesa del Mar, Castellón","Castellón",11,"neutral","neutral_01",3,0,26.82,5,0,0,FALSE,6.2361,"9049156","Oropesa del Mar","Oropesa del Mar,Valencian Community,Spain"
"San Sebastián de los Reyes, Madrid","Madrid",11,"neutral","neutral_01",3,0,58.905,11,2,0.1818,FALSE,0,"9049198","San Sebastian de los Reyes","San Sebastian de los Reyes,Community of Madrid,Spain"
"Santa Pola, Alicante","Alicante",10,"neutral","neutral_01",3,1,58.168,9,2,0.2222,FALSE,0,"9049204","Santa Pola","Santa Pola,Valencian Community,Spain"
"Torremolinos, Málaga","Málaga",8,"neutral","neutral_01",3,4,19.524,5,0,0,FALSE,0,"9222292","Municipality of Torremolinos","Municipality of Torremolinos,Andalusia,Spain"
"Torroella de Montgrí, Girona","Girona",10,"neutral","neutral_01",3,1,66.157,12,3,0.25,TRUE,0,"9253436","Torroella de Montgri","Torroella de Montgri,Catalonia,Spain"
"Utrera, Sevilla","Sevilla",10,"neutral","neutral_01",3,1,684.215,108,69,0.6389,TRUE,0,"9049232","Utrera","Utrera,Andalusia,Spain"
"Adeje, Santa Cruz de Tenerife","Santa Cruz de Tenerife",11,"neutral","neutral_02",2,2,98.898,14,6,0.4286,TRUE,0,"9048956","Adeje","Adeje,Canary Islands,Spain"
"Almansa, Albacete","Albacete",13,"neutral","neutral_02",2,1,531.595,89,65,0.7303,TRUE,0,"9048976","Almansa","Almansa,Castile-La Mancha,Spain"
"Almuñécar, Granada","Granada",12,"neutral","neutral_02",2,2,83.543,14,4,0.2857,TRUE,0,"9250734","Almunecar","Almunecar,Andalusia,Spain"
"Benissa, Alicante","Alicante",17,"neutral","neutral_02",2,0,70.053,12,1,0.0833,FALSE,0,"9224718","Benissa","Benissa,Valencian Community,Spain"
"Caldes de Montbui, Barcelona","Barcelona",12,"neutral","neutral_02",2,2,37.643,8,0,0,FALSE,0,"9223724","Caldes de Montbui","Caldes de Montbui,Catalonia,Spain"
"Cartaya, Huelva","Huelva",17,"neutral","neutral_02",2,0,221.257,33,15,0.4545,TRUE,0,"1005409","Cartaya","Cartaya,Andalusia,Spain"
"Catarroja, Valencia","Valencia",17,"neutral","neutral_02",2,0,13.036,3,0,0,FALSE,0,"9207786","Catarroja","Catarroja,Valencian Community,Spain"
"Ceuta, Ceuta","Ceuta",12,"neutral","neutral_02",2,2,20.757,4,0,0,FALSE,16.6436,"1005447","Ceuta","Ceuta,Ceuta,Spain"
"Crevillent, Alicante","Alicante",17,"neutral","neutral_02",2,0,104.259,18,9,0.5,TRUE,0,"9261954","Crevillent","Crevillent,Valencian Community,Spain"
"Don Benito, Badajoz","Badajoz",13,"neutral","neutral_02",2,1,561.391,91,43,0.4725,TRUE,0,"1005477","Don Benito","Don Benito,Extremadura,Spain"
"Dos Hermanas, Sevilla","Sevilla",14,"neutral","neutral_02",2,1,160.066,25,10,0.4,TRUE,0,"9195738","Dos Hermanas","Dos Hermanas,Andalusia,Spain"
"Figueres, Girona","Girona",14,"neutral","neutral_02",2,1,18.966,2,0,0,FALSE,7.1419,"9196816","Figueres","Figueres,Catalonia,Spain"
"Getxo, Vizcaya","Vizcaya",14,"neutral","neutral_02",2,1,11.748,1,0,0,FALSE,0,"9196150","Getxo","Getxo,Basque Country,Spain"
"Granadilla de Abona, Santa Cruz de Tenerife","Santa Cruz de Tenerife",14,"neutral","neutral_02",2,1,161.739,23,11,0.4783,TRUE,0,"9221789","Granadilla de Abona","Granadilla de Abona,Canary Islands,Spain"
"Huesca, Huesca","Huesca",18,"neutral","neutral_02",2,0,160.991,28,9,0.3214,TRUE,15.6497,"9049080","Huesca","Huesca,Aragon,Spain"
"L'Eliana, Valencia","Valencia",18,"neutral","neutral_02",2,0,8.794,2,0,0,FALSE,0,"9229332","L'Eliana","L'Eliana,Valencian Community,Spain"
"Lorca, Murcia","Murcia",15,"neutral","neutral_02",2,1,1674.963,273,209,0.7656,TRUE,0,"1005500","Lorca","Lorca,Region of Murcia,Spain"
"Malgrat de Mar, Barcelona","Barcelona",18,"neutral","neutral_02",2,0,8.433,1,0,0,FALSE,0,"9207660","Malgrat de Mar","Malgrat de Mar,Catalonia,Spain"
"Manresa, Barcelona","Barcelona",12,"neutral","neutral_02",2,2,41.537,8,2,0.25,TRUE,0.6313,"9196776","Manresa","Manresa,Catalonia,Spain"
"Marratxí, Baleares","Baleares",13,"neutral","neutral_02",2,2,53.977,9,2,0.2222,FALSE,0,"9209694","Marratxi","Marratxi,Balearic Islands,Spain"
"Miranda de Ebro, Burgos","Burgos",18,"neutral","neutral_02",2,0,98.022,16,5,0.3125,TRUE,0,"9207444","Miranda de Ebro","Miranda de Ebro,Castile and Leon,Spain"
"Oliva, Valencia","Valencia",15,"neutral","neutral_02",2,1,59.658,10,2,0.2,FALSE,0,"9049152","Oliva","Oliva,Valencian Community,Spain"
"Puerto del Rosario, Las Palmas","Las Palmas",19,"neutral","neutral_02",2,0,317.154,47,28,0.5957,TRUE,38.1204,"9210214","Puerto del Rosario","Puerto del Rosario,Canary Islands,Spain"
"Rota, Cádiz","Cádiz",19,"neutral","neutral_02",2,0,83.973,13,5,0.3846,TRUE,0,"1005446","Rota","Rota,Andalusia,Spain"
"Sada, A Coruña","A Coruña",19,"neutral","neutral_02",2,0,27.838,5,1,0.2,FALSE,0,"9217223","Sada","Sada,Galicia,Spain"
"Salou, Tarragona","Tarragona",15,"neutral","neutral_02",2,1,15.114,4,0,0,FALSE,0,"9049190","Salou","Salou,Catalonia,Spain"
"San Cristóbal de La Laguna, Santa Cruz de Tenerife","Santa Cruz de Tenerife",11,"neutral","neutral_02",2,4,106.816,14,2,0.1429,FALSE,0,"1005532","San Cristobal de La Laguna","San Cristobal de La Laguna,Canary Islands,Spain"
"San Javier, Murcia","Murcia",15,"neutral","neutral_02",2,1,68.51,11,2,0.1818,FALSE,0,"9229412","San Javier","San Javier,Region of Murcia,Spain"
"Siero, Asturias","Asturias",13,"neutral","neutral_02",2,2,211.416,37,17,0.4595,TRUE,0,"9207650","Municipality of Siero","Municipality of Siero,Asturias,Spain"
"Sueca, Valencia","Valencia",19,"neutral","neutral_02",2,0,92.205,13,6,0.4615,TRUE,0,"9217415","Sueca","Sueca,Valencian Community,Spain"
"Valdemoro, Madrid","Madrid",16,"neutral","neutral_02",2,1,64.501,10,2,0.2,FALSE,0,"9049233","Valdemoro","Valdemoro,Community of Madrid,Spain"
"Velilla de San Antonio, Madrid","Madrid",20,"neutral","neutral_02",2,0,14.412,2,0,0,FALSE,0,"9236656","Velilla de San Antonio","Velilla de San Antonio,Community of Madrid,Spain"
"Vera, Almería","Almería",16,"neutral","neutral_02",2,1,57.601,11,3,0.2727,TRUE,0,"9049237","Vera","Vera,Andalusia,Spain"
"Villaviciosa de Odón, Madrid","Madrid",16,"neutral","neutral_02",2,1,67.993,13,3,0.2308,FALSE,0,"9049245","Villaviciosa de Odon","Villaviciosa de Odon,Community of Madrid,Spain"
"Vinaròs, Castellón","Castellón",16,"neutral","neutral_02",2,1,95.358,16,8,0.5,TRUE,0,"9049247","Vinaros","Vinaros,Valencian Community,Spain"
"Basauri, Vizcaya","Vizcaya",20,"neutral","neutral_02",1,3,6.965,1,0,0,FALSE,0,"9049004","Basauri","Basauri,Basque Country,Spain"
"Boadilla del Monte, Madrid","Madrid",21,"neutral","neutral_02",1,2,47.147,8,0,0,FALSE,0,"9215230","Municipality of Boadilla del Monte","Municipality of Boadilla del Monte,Community of Madrid,Spain"
"Castelldefels, Barcelona","Barcelona",20,"neutral","neutral_02",1,3,12.607,2,0,0,FALSE,0,"9196696","Castelldefels","Castelldefels,Catalonia,Spain"
"Cervelló, Barcelona","Barcelona",21,"neutral","neutral_02",1,2,23.977,2,1,0.5,TRUE,0,"9211969","Cervello","Cervello,Catalonia,Spain"
"Galdakao, Vizcaya","Vizcaya",21,"neutral","neutral_02",1,2,31.722,5,1,0.2,FALSE,0,"9239176","Galdakao","Galdakao,Basque Country,Spain"
"Gavà, Barcelona","Barcelona",20,"neutral","neutral_02",1,3,30.738,4,0,0,FALSE,0,"9196827","Gava","Gava,Catalonia,Spain"
"Mollet del Vallès, Barcelona","Barcelona",21,"neutral","neutral_02",1,3,10.785,1,0,0,FALSE,0,"1005431","Mollet del Valles","Mollet del Valles,Catalonia,Spain"
"Alaior, Baleares","Baleares",22,"neutral","neutral_03",1,1,109.843,19,9,0.4737,TRUE,0,"9209628","Alaior","Alaior,Balearic Islands,Spain"
"Alfafar, Valencia","Valencia",29,"neutral","neutral_03",1,0,9.893,2,0,0,FALSE,0,"9256364","Alfafar","Alfafar,Valencian Community,Spain"
"Almoradí, Alicante","Alicante",22,"neutral","neutral_03",1,1,24.933,5,0,0,FALSE,0,"9228011","Almoradi","Almoradi,Valencian Community,Spain"
"Antequera, Málaga","Málaga",22,"neutral","neutral_03",1,1,816.115,133,93,0.6992,TRUE,0,"9196308","Antequera","Antequera,Andalusia,Spain"
"Ávila, Ávila","Ávila",30,"neutral","neutral_03",1,0,230.233,37,14,0.3784,TRUE,2.9063,"1005449","Avila‎","Avila‎,Castile and Leon,Spain"
"Azuqueca de Henares, Guadalajara","Guadalajara",23,"neutral","neutral_03",1,1,19.679,4,1,0.25,TRUE,0,"9048998","Azuqueca de Henares","Azuqueca de Henares,Castile-La Mancha,Spain"
"Balenyà, Barcelona","Barcelona",23,"neutral","neutral_03",1,1,18.681,5,0,0,FALSE,0,"9250660","Balenya","Balenya,Catalonia,Spain"
"Barberà del Vallès, Barcelona","Barcelona",23,"neutral","neutral_03",1,1,8.182,1,0,0,FALSE,0,"9236476","Municipality of Barbera del Valles","Municipality of Barbera del Valles,Catalonia,Spain"
"Benicarló, Castellón","Castellón",30,"neutral","neutral_03",1,0,48.156,9,2,0.2222,FALSE,0,"9049010","Benicarlo","Benicarlo,Valencian Community,Spain"
"Berga, Barcelona","Barcelona",30,"neutral","neutral_03",1,0,22.383,3,0,0,FALSE,0,"1005425","Berga","Berga,Catalonia,Spain"
"Bunyola, Baleares","Baleares",30,"neutral","neutral_03",1,0,84.854,16,4,0.25,TRUE,0,"9209957","Bunyola","Bunyola,Balearic Islands,Spain"
"Burjassot, Valencia","Valencia",31,"neutral","neutral_03",1,0,3.454,1,0,0,FALSE,0,"9191429","Municipality of Burjassot","Municipality of Burjassot,Valencian Community,Spain"
"Cabrera de Mar, Barcelona","Barcelona",31,"neutral","neutral_03",1,0,9.008,2,0,0,FALSE,0,"9250577","Cabrera de Mar","Cabrera de Mar,Catalonia,Spain"
"Camargo, Cantabria","Cantabria",31,"neutral","neutral_03",1,0,37.065,7,0,0,FALSE,0,"1005524","Camargo","Camargo,Cantabria,Spain"
"Canet d'En Berenguer, Valencia","Valencia",31,"neutral","neutral_03",1,0,3.654,1,0,0,FALSE,0,"9252494","Canet d'en Berenguer","Canet d'en Berenguer,Valencian Community,Spain"
"Capdepera, Baleares","Baleares",32,"neutral","neutral_03",1,0,55.72,9,3,0.3333,TRUE,0,"9217567","Capdepera","Capdepera,Balearic Islands,Spain"
"Carmona, Sevilla","Sevilla",32,"neutral","neutral_03",1,0,923.758,151,112,0.7417,TRUE,0,"9049027","Carmona","Carmona,Andalusia,Spain"
"Castellar del Vallès, Barcelona","Barcelona",23,"neutral","neutral_03",1,1,45.113,8,2,0.25,TRUE,0,"9196033","Castellar del Valles","Castellar del Valles,Catalonia,Spain"
"Castro-Urdiales, Cantabria","Cantabria",24,"neutral","neutral_03",1,1,97.257,17,6,0.3529,TRUE,3.6236,"9049031","Castro Urdiales","Castro Urdiales,Cantabria,Spain"
"Constantí, Tarragona","Tarragona",24,"neutral","neutral_03",1,1,31.417,7,1,0.1429,FALSE,0,"9207472","Constanti","Constanti,Catalonia,Spain"
"Creixell, Tarragona","Tarragona",24,"neutral","neutral_03",1,1,10.34,1,0,0,FALSE,0,"9212737","Creixell","Creixell,Catalonia,Spain"
"El Ejido, Almería","Almería",24,"neutral","neutral_03",1,1,224.702,38,21,0.5526,TRUE,0,"9049058","El Ejido","El Ejido,Andalusia,Spain"
"Esparreguera, Barcelona","Barcelona",25,"neutral","neutral_03",1,1,27.25,5,0,0,FALSE,0,"9207713","Esparreguera","Esparreguera,Catalonia,Spain"
"Fuengirola, Málaga","Málaga",25,"neutral","neutral_03",1,1,10.121,1,0,0,FALSE,0,"9197146","Fuengirola","Fuengirola,Andalusia,Spain"
"Illescas, Toledo","Toledo",25,"neutral","neutral_03",1,1,57.475,9,2,0.2222,FALSE,0,"9219145","Illescas","Illescas,Castile-La Mancha,Spain"
"Los Barrios, Cádiz","Cádiz",25,"neutral","neutral_03",1,1,331.35,54,31,0.5741,TRUE,0,"9049118","Los Barrios","Los Barrios,Andalusia,Spain"
"Majadahonda, Madrid","Madrid",26,"neutral","neutral_03",1,1,38.461,5,1,0.2,FALSE,0,"9211158","Municipality of Majadahonda","Municipality of Majadahonda,Community of Madrid,Spain"
"Manises, Valencia","Valencia",26,"neutral","neutral_03",1,1,19.621,4,0,0,FALSE,0,"9255812","Municipality of Manises","Municipality of Manises,Valencian Community,Spain"
"Novelda, Alicante","Alicante",26,"neutral","neutral_03",1,1,75.797,16,5,0.3125,TRUE,0,"9049151","Novelda","Novelda,Valencian Community,Spain"
"Petrer, Alicante","Alicante",26,"neutral","neutral_03",1,1,104.448,17,9,0.5294,TRUE,0,"9212544","Petrer","Petrer,Valencian Community,Spain"
"Pilar de la Horadada, Alicante","Alicante",27,"neutral","neutral_03",1,1,76.724,14,2,0.1429,FALSE,0,"9049168","Pilar de la Horadada","Pilar de la Horadada,Valencian Community,Spain"
"Portugalete, Vizcaya","Vizcaya",22,"neutral","neutral_03",1,2,3.221,1,0,0,FALSE,0,"9219122","Portugalete","Portugalete,Basque Country,Spain"
"Puçol, Valencia","Valencia",27,"neutral","neutral_03",1,1,18.028,4,0,0,FALSE,0,"9231169","Pucol","Pucol,Valencian Community,Spain"
"Sant Llorenç d'Hortons, Barcelona","Barcelona",27,"neutral","neutral_03",1,1,19.762,3,0,0,FALSE,0,"9263232","Sant Llorenc d'Hortons","Sant Llorenc d'Hortons,Catalonia,Spain"
"Sant Sadurní d'Anoia, Barcelona","Barcelona",27,"neutral","neutral_03",1,1,18.921,4,1,0.25,TRUE,0,"9230435","Sant Sadurni d'Anoia","Sant Sadurni d'Anoia,Catalonia,Spain"
"Santanyí, Baleares","Baleares",28,"neutral","neutral_03",1,1,125.456,23,5,0.2174,FALSE,0,"9208475","Santanyi","Santanyi,Balearic Islands,Spain"
"Soria, Soria","Soria",28,"neutral","neutral_03",1,1,271.743,47,13,0.2766,TRUE,0,"1005454","Soria","Soria,Castile and Leon,Spain"
"Talavera de la Reina, Toledo","Toledo",28,"neutral","neutral_03",1,1,185.186,29,13,0.4483,TRUE,27.6009,"9195643","Talavera de la Reina","Talavera de la Reina,Castile-La Mancha,Spain"
"Vallirana, Barcelona","Barcelona",28,"neutral","neutral_03",1,1,23.898,5,0,0,FALSE,0,"9211948","Vallirana","Vallirana,Catalonia,Spain"
"Vila-seca, Tarragona","Tarragona",29,"neutral","neutral_03",1,1,21.991,2,0,0,FALSE,0,"9210753","Vila-seca","Vila-seca,Catalonia,Spain"
"Villena, Alicante","Alicante",29,"neutral","neutral_03",1,1,345.442,58,36,0.6207,TRUE,0,"9049246","Villena","Villena,Valencian Community,Spain"
"Zarautz, Guipúzcoa","Guipúzcoa",29,"neutral","neutral_03",1,1,14.37,3,0,0,FALSE,4.5124,"9263148","Zarautz","Zarautz,Basque Country,Spain"
"Celrà, Girona","Girona",32,"neutral","neutral_04",1,0,19.992,3,0,0,FALSE,0,"9257672","Celra","Celra,Catalonia,Spain"
"Ciudad Real, Ciudad Real","Ciudad Real",32,"neutral","neutral_04",1,0,284.677,50,21,0.42,TRUE,0,"1005456","Ciudad Real","Ciudad Real,Ciudad Real,Castile-La Mancha,Spain"
"Cocentaina, Alicante","Alicante",33,"neutral","neutral_04",1,0,52.55,9,2,0.2222,FALSE,5.3926,"9217429","Cocentaina","Cocentaina,Valencian Community,Spain"
"Coín, Málaga","Málaga",33,"neutral","neutral_04",1,0,127.432,21,11,0.5238,TRUE,0,"9049042","Coin","Coin,Andalusia,Spain"
"Colmenarejo, Madrid","Madrid",33,"neutral","neutral_04",1,0,31.696,6,0,0,FALSE,0,"9249466","Colmenarejo","Colmenarejo,Community of Madrid,Spain"
"Deltebre, Tarragona","Tarragona",33,"neutral","neutral_04",1,0,107.849,18,6,0.3333,TRUE,0,"9049052","Deltebre","Deltebre,Catalonia,Spain"
"Elda, Alicante","Alicante",34,"neutral","neutral_04",1,0,45.641,8,3,0.375,TRUE,0,"1005404","Elda","Elda,Valencian Community,Spain"
"Felanitx, Baleares","Baleares",34,"neutral","neutral_04",1,0,169.439,29,13,0.4483,TRUE,0,"9208300","Felanitx","Felanitx,Balearic Islands,Spain"
"Guardamar del Segura, Alicante","Alicante",34,"neutral","neutral_04",1,0,34.486,6,1,0.1667,FALSE,0,"9049075","Guardamar del Segura","Guardamar del Segura,Valencian Community,Spain"
"Jaca, Huesca","Huesca",34,"neutral","neutral_04",1,0,411.323,75,44,0.5867,TRUE,0,"9049087","Jaca","Jaca,Aragon,Spain"
"La Rinconada, Sevilla","Sevilla",35,"neutral","neutral_04",1,0,139.518,22,9,0.4091,TRUE,0,"9049104","La Rinconada","La Rinconada,Andalusia,Spain"
"Lebrija, Sevilla","Sevilla",35,"neutral","neutral_04",1,0,374.277,60,38,0.6333,TRUE,0,"9049109","Lebrija","Lebrija,Andalusia,Spain"
"Les Franqueses del Vallès, Barcelona","Barcelona",35,"neutral","neutral_04",1,0,29.729,5,0,0,FALSE,0,"9215709","Les Franqueses del Valles","Les Franqueses del Valles,Catalonia,Spain"
"Llançà, Girona","Girona",35,"neutral","neutral_04",1,0,27.902,5,1,0.2,FALSE,3.9605,"9214162","Llanca","Llanca,Catalonia,Spain"
"Llucmajor, Baleares","Baleares",36,"neutral","neutral_04",1,0,329.475,58,39,0.6724,TRUE,0,"9219582","Llucmajor","Llucmajor,Balearic Islands,Spain"
"Los Palacios y Villafranca, Sevilla","Sevilla",36,"neutral","neutral_04",1,0,109.754,19,7,0.3684,TRUE,0,"9049120","Los Palacios y Villafranca","Los Palacios y Villafranca,Andalusia,Spain"
"Manzanares el Real, Madrid","Madrid",36,"neutral","neutral_04",1,0,127.357,23,10,0.4348,TRUE,0,"9247847","Manzanares el Real","Manzanares el Real,Community of Madrid,Spain"
"Manzanares, Ciudad Real","Ciudad Real",36,"neutral","neutral_04",1,0,474.885,81,47,0.5802,TRUE,0,"9221059","Manzanares","Manzanares,Castile-La Mancha,Spain"
"Molins de Rei, Barcelona","Barcelona",37,"neutral","neutral_04",1,0,15.835,3,0,0,FALSE,0,"9049136","Molins de Rei","Molins de Rei,Catalonia,Spain"
"Moncada, Valencia","Valencia",37,"neutral","neutral_04",1,0,15.843,4,0,0,FALSE,0,"9049138","Moncada","Moncada,Valencian Community,Spain"
"Mutxamel, Alicante","Alicante",37,"neutral","neutral_04",1,0,47.464,7,2,0.2857,TRUE,0,"9214957","Mutxamel","Mutxamel,Valencian Community,Spain"
"Navia, Asturias","Asturias",37,"neutral","neutral_04",1,0,63.839,9,4,0.4444,TRUE,0,"9249861","Navia","Navia,Asturias,Spain"
"O Grove, Pontevedra","Pontevedra",38,"neutral","neutral_04",1,0,22.005,3,0,0,FALSE,0,"9219234","O Grove","O Grove,Galicia,Spain"
"O Porriño, Pontevedra","Pontevedra",38,"neutral","neutral_04",1,0,61.138,12,2,0.1667,FALSE,0,"9217579","O Porrino","O Porrino,Galicia,Spain"
"Oleiros, A Coruña","A Coruña",38,"neutral","neutral_04",1,0,44.324,9,0,0,FALSE,0,"9215265","Oleiros","Oleiros,Galicia,Spain"
"Picassent, Valencia","Valencia",38,"neutral","neutral_04",1,0,85.728,15,5,0.3333,TRUE,0,"9049167","Picassent","Picassent,Valencian Community,Spain"
"Pozuelo de Alarcón, Madrid","Madrid",39,"neutral","neutral_04",1,0,43.16,8,2,0.25,TRUE,0,"9220035","Municipality of Pozuelo de Alarcon","Municipality of Pozuelo de Alarcon,Community of Madrid,Spain"
"Premià de Dalt, Barcelona","Barcelona",39,"neutral","neutral_04",1,0,6.552,1,0,0,FALSE,0,"9232710","Premia de Dalt","Premia de Dalt,Catalonia,Spain"
"Punta Umbría, Huelva","Huelva",39,"neutral","neutral_04",1,0,40.165,6,0,0,FALSE,0,"9220659","Punta Umbria","Punta Umbria,Andalusia,Spain"
"Ribadesella, Asturias","Asturias",39,"neutral","neutral_04",1,0,84.213,14,4,0.2857,TRUE,0,"9250848","Ribadesella","Ribadesella,Asturias,Spain"
"Riudoms, Tarragona","Tarragona",40,"neutral","neutral_04",1,0,32.167,6,0,0,FALSE,0,"9208134","Riudoms","Riudoms,Catalonia,Spain"
"San Lorenzo de El Escorial, Madrid","Madrid",40,"neutral","neutral_04",1,0,56.374,11,2,0.1818,FALSE,0,"9209479","San Lorenzo de El Escorial","San Lorenzo de El Escorial,Community of Madrid,Spain"
"San Martín de la Vega, Madrid","Madrid",40,"neutral","neutral_04",1,0,105.804,19,8,0.4211,TRUE,0,"9049195","San Martin de la Vega","San Martin de la Vega,Community of Madrid,Spain"
"Sant Vicenç de Montalt, Barcelona","Barcelona",40,"neutral","neutral_04",1,0,7.919,2,0,0,FALSE,0,"9230739","Sant Vicenc de Montalt","Sant Vicenc de Montalt,Catalonia,Spain"
"Santa Susanna, Barcelona","Barcelona",41,"neutral","neutral_04",1,0,12.64,3,0,0,FALSE,0,"9243915","Santa Susanna","Santa Susanna,Catalonia,Spain"
"Sóller, Baleares","Baleares",41,"neutral","neutral_04",1,0,43.233,8,0,0,FALSE,0,"9222418","Soller","Soller,Balearic Islands,Spain"
"Toledo, Toledo","Toledo",41,"neutral","neutral_04",1,0,231.464,35,16,0.4571,TRUE,0,"1005460","Toledo","Toledo,Castile-La Mancha,Spain"
"Tossa de Mar, Girona","Girona",41,"neutral","neutral_04",1,0,38.512,6,1,0.1667,FALSE,0,"9260214","Tossa de Mar","Tossa de Mar,Catalonia,Spain"
"Tres Cantos, Madrid","Madrid",42,"neutral","neutral_04",1,0,38.33,7,1,0.1429,FALSE,0,"9049227","Tres Cantos","Tres Cantos,Community of Madrid,Spain"
"Utebo, Zaragoza","Zaragoza",42,"neutral","neutral_04",1,0,17.865,2,0,0,FALSE,0,"9049231","Utebo","Utebo,Aragon,Spain"
"Villanueva del Pardillo, Madrid","Madrid",42,"neutral","neutral_04",1,0,25.323,4,1,0.25,TRUE,0,"9234506","Villanueva del Pardillo","Villanueva del Pardillo,Community of Madrid,Spain"
"Vinyols i els Arcs, Tarragona","Tarragona",42,"neutral","neutral_04",1,0,10.644,2,0,0,FALSE,0,"9216696","Vinyols i els Arcs","Vinyols i els Arcs,Catalonia,Spain"
"A Fonsagrada, Lugo","Lugo",48,"neutral","neutral_05",0,0,437.283,78,50,0.641,TRUE,0.2381,"9215072","A Fonsagrada","A Fonsagrada,Galicia,Spain"
"A Lama, Pontevedra","Pontevedra",48,"neutral","neutral_05",0,0,111.44,16,10,0.625,TRUE,7.1682,"9218074","A Lama","A Lama,Galicia,Spain"
"A Laracha, A Coruña","A Coruña",48,"neutral","neutral_05",0,0,125.801,22,9,0.4091,TRUE,0,"9217126","A Laracha","A Laracha,Galicia,Spain"
"Aguilar de la Frontera, Córdoba","Córdoba",49,"neutral","neutral_05",0,0,167.139,25,10,0.4,TRUE,0,"9257440","Aguilar de la Frontera","Aguilar de la Frontera,Andalusia,Spain"
"Ajalvir, Madrid","Madrid",49,"neutral","neutral_05",0,0,19.638,3,0,0,FALSE,0,"1005486","Ajalvir","Ajalvir,Community of Madrid,Spain"
"Alaquàs, Valencia","Valencia",49,"neutral","neutral_05",0,0,3.814,0,0,0,FALSE,0,"9235468","Alaquas","Alaquas,Valencian Community,Spain"
"Alaró, Baleares","Baleares",49,"neutral","neutral_05",0,0,45.299,8,1,0.125,FALSE,0,"9211756","Alaro","Alaro,Balearic Islands,Spain"
"Albalat dels Sorells, Valencia","Valencia",50,"neutral","neutral_05",0,0,4.502,0,0,0,FALSE,0,"9250807","Albalat dels Sorells","Albalat dels Sorells,Valencian Community,Spain"
"Albatera, Alicante","Alicante",50,"neutral","neutral_05",0,0,66.484,9,2,0.2222,FALSE,0,"9232058","Albatera","Albatera,Valencian Community,Spain"
"Alcalá la Real, Jaén","Jaén",50,"neutral","neutral_05",0,0,261.235,42,24,0.5714,TRUE,0,"1005406","Alcala la Real","Alcala la Real,Andalusia,Spain"
"Alcantarilla, Murcia","Murcia",50,"neutral","neutral_05",0,0,17.628,3,0,0,FALSE,0,"9048966","Alcantarilla","Alcantarilla,Region of Murcia,Spain"
"Alcázar de San Juan, Ciudad Real","Ciudad Real",51,"neutral","neutral_05",0,0,666.616,112,86,0.7679,TRUE,0,"9048967","Alcazar de San Juan","Alcazar de San Juan,Castile-La Mancha,Spain"
"Alcolea del Pinar, Guadalajara","Guadalajara",51,"neutral","neutral_05",0,0,113.614,20,7,0.35,TRUE,44.7477,"9222774","Alcolea del Pinar","Alcolea del Pinar,Castile-La Mancha,Spain"
"Aldaia, Valencia","Valencia",51,"neutral","neutral_05",0,0,15.945,2,0,0,FALSE,0,"9247183","Aldaia","Aldaia,Valencian Community,Spain"
"Algaida, Baleares","Baleares",43,"neutral","neutral_05",0,1,89.528,14,7,0.5,TRUE,0,"9212004","Algaida","Algaida,Balearic Islands,Spain"
"Algete, Madrid","Madrid",51,"neutral","neutral_05",0,0,37.695,9,0,0,FALSE,0,"9048971","Algete","Algete,Community of Madrid,Spain"
"Alhaurín el Grande, Málaga","Málaga",52,"neutral","neutral_05",0,0,72.957,11,4,0.3636,TRUE,0,"9048975","Alhaurin el Grande","Alhaurin el Grande,Andalusia,Spain"
"Alió, Tarragona","Tarragona",52,"neutral","neutral_05",0,0,7.124,0,0,0,FALSE,0,"9213655","Alio","Alio,Catalonia,Spain"
"Almagro, Ciudad Real","Ciudad Real",52,"neutral","neutral_05",0,0,249.83,40,15,0.375,TRUE,0,"9214073","Almagro","Almagro,Castile-La Mancha,Spain"
"Almendralejo, Badajoz","Badajoz",43,"neutral","neutral_05",0,1,163.87,29,16,0.5517,TRUE,0,"9048977","Almendralejo","Almendralejo,Extremadura,Spain"
"Almonaster la Real, Huelva","Huelva",52,"neutral","neutral_05",0,0,321.513,52,35,0.6731,TRUE,25.6261,"9216587","Almonaster la Real","Almonaster la Real,Andalusia,Spain"
"Altafulla, Tarragona","Tarragona",43,"neutral","neutral_05",0,1,6.991,2,0,0,FALSE,0,"9208739","Altafulla","Altafulla,Catalonia,Spain"
"Amorebieta-Etxano, Vizcaya","Vizcaya",44,"neutral","neutral_05",0,1,58.115,9,2,0.2222,FALSE,0,"9214529","Amorebieta-Etxano","Amorebieta-Etxano,Basque Country,Spain"
"Amurrio, Álava","Álava",53,"neutral","neutral_05",0,0,96.051,17,5,0.2941,TRUE,0,"9216537","Amurrio","Amurrio,Basque Country,Spain"
"Andratx, Baleares","Baleares",44,"neutral","neutral_05",0,1,83.371,13,4,0.3077,TRUE,0,"9220433","Andratx","Andratx,Balearic Islands,Spain"
"Anglès, Girona","Girona",53,"neutral","neutral_05",0,0,16.198,3,0,0,FALSE,1.276,"9243882","Angles","Angles,Catalonia,Spain"
"Bormujos, Sevilla","Sevilla",44,"neutral","neutral_05",0,1,12.061,3,0,0,FALSE,0,"9221526","Bormujos","Bormujos,Andalusia,Spain"
"Calella, Barcelona","Barcelona",44,"neutral","neutral_05",0,1,7.819,2,0,0,FALSE,0,"9195730","Calella","Calella,Catalonia,Spain"
"Corbera de Llobregat, Barcelona","Barcelona",45,"neutral","neutral_05",0,1,18.372,4,0,0,FALSE,0,"9239025","Corbera de Llobregat","Corbera de Llobregat,Catalonia,Spain"
"Cuarte de Huerva, Zaragoza","Zaragoza",45,"neutral","neutral_05",0,1,8.949,2,0,0,FALSE,0,"9234654","Cuarte de Huerva","Cuarte de Huerva,Aragon,Spain"
"La Roca del Vallès, Barcelona","Barcelona",45,"neutral","neutral_05",0,1,36.829,6,1,0.1667,FALSE,0,"9251498","Municipality of La Roca del Valles","Municipality of La Roca del Valles,Catalonia,Spain"
"Lliçà de Vall, Barcelona","Barcelona",45,"neutral","neutral_05",0,1,10.765,2,0,0,FALSE,0,"9260875","Llica de Vall","Llica de Vall,Catalonia,Spain"
"Los Alcázares, Murcia","Murcia",46,"neutral","neutral_05",0,1,20.075,3,0,0,FALSE,0,"9214789","Los Alcazares","Los Alcazares,Region of Murcia,Spain"
"Mejorada del Campo, Madrid","Madrid",46,"neutral","neutral_05",0,1,17.088,2,0,0,FALSE,0,"9214424","Mejorada del Campo","Mejorada del Campo,Community of Madrid,Spain"
"Palamós, Girona","Girona",46,"neutral","neutral_05",0,1,14.682,4,0,0,FALSE,0,"9234430","Palamos","Palamos,Catalonia,Spain"
"Pinoso, Alicante","Alicante",46,"neutral","neutral_05",0,1,126.968,20,10,0.5,TRUE,0,"9259078","Pinoso","Pinoso,Valencian Community,Spain"
"Requena, Valencia","Valencia",47,"neutral","neutral_05",0,1,813.692,135,103,0.763,TRUE,0,"9049183","Requena","Requena,Valencian Community,Spain"
"Roses, Girona","Girona",47,"neutral","neutral_05",0,1,46.448,9,1,0.1111,FALSE,3.9605,"9219271","Roses","Roses,Catalonia,Spain"
"Sant Antoni de Portmany, Baleares","Baleares",47,"neutral","neutral_05",0,1,128.049,22,10,0.4545,TRUE,0,"9208259","Sant Antoni de Portmany","Sant Antoni de Portmany,Balearic Islands,Spain"
"Sant Joan de Labritja, Baleares","Baleares",47,"neutral","neutral_05",0,1,123.043,21,7,0.3333,TRUE,0,"9212954","Sant Joan de Labritja","Sant Joan de Labritja,Balearic Islands,Spain"
"Sitges, Barcelona","Barcelona",43,"neutral","neutral_05",0,2,44.452,7,1,0.1429,FALSE,0,"9220582","Sitges","Sitges,Catalonia,Spain"
"Tui, Pontevedra","Pontevedra",48,"neutral","neutral_05",0,1,68.015,14,3,0.2143,FALSE,0,"9241072","Tui","Tui,Galicia,Spain"
"Arboleas, Almería","Almería",53,"neutral","neutral_06",0,0,66.234,11,3,0.2727,TRUE,1.0049,"9048988","Arboleas","Arboleas,Andalusia,Spain"
"Archena, Murcia","Murcia",53,"neutral","neutral_06",0,0,16.477,2,0,0,FALSE,0,"9048989","Archena","Archena,Region of Murcia,Spain"
"Ariany, Baleares","Baleares",54,"neutral","neutral_06",0,0,28.121,6,0,0,FALSE,0,"9221284","Ariany","Ariany,Balearic Islands,Spain"
"Armilla, Granada","Granada",54,"neutral","neutral_06",0,0,4.334,0,0,0,FALSE,0,"9238021","Armilla","Armilla,Andalusia,Spain"
"Arratzu, Vizcaya","Vizcaya",54,"neutral","neutral_06",0,0,10.289,2,0,0,FALSE,0,"9219388","Arratzu","Arratzu,Basque Country,Spain"
"Arroyo de la Encomienda, Valladolid","Valladolid",54,"neutral","neutral_06",0,0,11.765,2,0,0,FALSE,0,"9221301","Arroyo de la Encomienda","Arroyo de la Encomienda,Castile and Leon,Spain"
"Arteixo, A Coruña","A Coruña",55,"neutral","neutral_06",0,0,93.62,17,6,0.3529,TRUE,0,"9212078","Municipality of Arteixo","Municipality of Arteixo,Galicia,Spain"
"As Pontes de García Rodríguez, A Coruña","A Coruña",55,"neutral","neutral_06",0,0,248.763,44,26,0.5909,TRUE,0,"9209175","As Pontes de Garcia Rodriguez","As Pontes de Garcia Rodriguez,Galicia,Spain"
"As Somozas, A Coruña","A Coruña",55,"neutral","neutral_06",0,0,71.013,13,3,0.2308,FALSE,0,"9216268","As Somozas","As Somozas,Galicia,Spain"
"Astorga, León","León",55,"neutral","neutral_06",0,0,46.77,7,1,0.1429,FALSE,15.7374,"9244973","Astorga","Astorga,Castile and Leon,Spain"
"Baena, Córdoba","Córdoba",56,"neutral","neutral_06",0,0,362.126,61,38,0.623,TRUE,0,"9048999","Baena","Baena,Andalusia,Spain"
"Bailén, Jaén","Jaén",56,"neutral","neutral_06",0,0,116.915,19,7,0.3684,TRUE,0,"9049001","Bailen","Bailen,Andalusia,Spain"
"Baiona, Pontevedra","Pontevedra",56,"neutral","neutral_06",0,0,34.478,7,0,0,FALSE,4.9258,"9238255","Baiona","Baiona,Galicia,Spain"
"Balaguer, Lleida","Lleida",56,"neutral","neutral_06",0,0,57.029,11,2,0.1818,FALSE,10.7082,"9232979","Balaguer","Balaguer,Catalonia,Spain"
"Bárcena de Cicero, Cantabria","Cantabria",57,"neutral","neutral_06",0,0,32.134,6,0,0,FALSE,0.202,"9220015","Barcena de Cicero","Barcena de Cicero,Cantabria,Spain"
"Baza, Granada","Granada",57,"neutral","neutral_06",0,0,544.642,84,51,0.6071,TRUE,0,"9049005","Baza","Baza,Andalusia,Spain"
"Beasain, Guipúzcoa","Guipúzcoa",57,"neutral","neutral_06",0,0,30.275,4,1,0.25,TRUE,0,"9049006","Beasain","Beasain,Basque Country,Spain"
"Belmonte de Miranda, Asturias","Asturias",57,"neutral","neutral_06",0,0,207.38,35,21,0.6,TRUE,0,"9208820","Belmonte de Miranda","Belmonte de Miranda,Asturias,Spain"
"Benalup-Casas Viejas, Cádiz","Cádiz",58,"neutral","neutral_06",0,0,58.515,10,1,0.1,FALSE,3.2914,"9248484","Benalup-Casas Viejas","Benalup-Casas Viejas,Andalusia,Spain"
"Bergara, Guipúzcoa","Guipúzcoa",58,"neutral","neutral_06",0,0,75.95,16,3,0.1875,FALSE,0,"9217508","Bergara","Bergara,Basque Country,Spain"
"Bermeo, Vizcaya","Vizcaya",58,"neutral","neutral_06",0,0,33.939,6,1,0.1667,FALSE,3.8145,"1005439","Bermeo","Bermeo,Basque Country,Spain"
"Betanzos, A Coruña","A Coruña",58,"neutral","neutral_06",0,0,24.082,2,0,0,FALSE,0,"9221228","Betanzos","Betanzos,Galicia,Spain"
"Bollullos Par del Condado, Huelva","Huelva",59,"neutral","neutral_06",0,0,49.56,8,2,0.25,TRUE,0,"9049014","Bollullos Par del Condado","Bollullos Par del Condado,Andalusia,Spain"
"Bràfim, Tarragona","Tarragona",59,"neutral","neutral_06",0,0,6.569,1,0,0,FALSE,0,"9219101","Brafim","Brafim,Catalonia,Spain"
"Brenes, Sevilla","Sevilla",59,"neutral","neutral_06",0,0,21.255,2,0,0,FALSE,0,"1005408","Brenes","Brenes,Andalusia,Spain"
"Brunete, Madrid","Madrid",59,"neutral","neutral_06",0,0,48.938,7,3,0.4286,TRUE,0,"9213629","Brunete","Brunete,Community of Madrid,Spain"
"Burguillos del Cerro, Badajoz","Badajoz",60,"neutral","neutral_06",0,0,187.219,31,17,0.5484,TRUE,1.6467,"9219901","Burguillos del Cerro","Burguillos del Cerro,Extremadura,Spain"
"Busot, Alicante","Alicante",60,"neutral","neutral_06",0,0,33.855,7,1,0.1429,FALSE,0,"9227084","Busot","Busot,Valencian Community,Spain"
"Cabana de Bergantiños, A Coruña","A Coruña",60,"neutral","neutral_06",0,0,98.924,19,4,0.2105,FALSE,0,"9212602","Cabana de Bergantinos","Cabana de Bergantinos,Galicia,Spain"
"Cabrils, Barcelona","Barcelona",60,"neutral","neutral_06",0,0,7.038,1,0,0,FALSE,0,"9237029","Cabrils","Cabrils,Catalonia,Spain"
"Camaleño, Cantabria","Cantabria",61,"neutral","neutral_06",0,0,160.862,27,15,0.5556,TRUE,0,"9215701","Camaleno","Camaleno,Cantabria,Spain"
"Cambre, A Coruña","A Coruña",61,"neutral","neutral_06",0,0,40.544,7,2,0.2857,TRUE,0,"9218356","Cambre","Cambre,Galicia,Spain"
"Campoo de Yuso, Cantabria","Cantabria",61,"neutral","neutral_06",0,0,89.324,15,5,0.3333,TRUE,2.645,"9221447","Campoo de Yuso","Campoo de Yuso,Cantabria,Spain"
"Canet de Mar, Barcelona","Barcelona",61,"neutral","neutral_06",0,0,6.277,1,0,0,FALSE,0,"9243445","Canet de Mar","Canet de Mar,Catalonia,Spain"
"Cangas de Onís, Asturias","Asturias",62,"neutral","neutral_06",0,0,212.589,38,20,0.5263,TRUE,0,"9249609","Cangas de Onis","Cangas de Onis,Asturias,Spain"
"Canyelles, Barcelona","Barcelona",62,"neutral","neutral_06",0,0,14.003,2,0,0,FALSE,0,"9211120","Canyelles","Canyelles,Catalonia,Spain"
"Carballedo, Lugo","Lugo",62,"neutral","neutral_06",0,0,138.943,25,9,0.36,TRUE,0,"9221319","Carballedo","Carballedo,Galicia,Spain"
"Cartelle, Ourense","Ourense",62,"neutral","neutral_06",0,0,94.225,17,7,0.4118,TRUE,0,"9208754","Cartelle","Cartelle,Galicia,Spain"
"Castroverde, Lugo","Lugo",63,"neutral","neutral_06",0,0,174.13,27,16,0.5926,TRUE,0,"9211068","Castroverde","Castroverde,Galicia,Spain"
"Caudete, Albacete","Albacete",63,"neutral","neutral_06",0,0,142.221,25,12,0.48,TRUE,0,"9223774","Caudete","Caudete,Castile-La Mancha,Spain"
"Cazorla, Jaén","Jaén",63,"neutral","neutral_06",0,0,305.482,49,25,0.5102,TRUE,0,"9049033","Cazorla","Cazorla,Andalusia,Spain"
"Cebanico, León","León",63,"neutral","neutral_06",0,0,89.489,17,5,0.2941,TRUE,20.7609,"9209134","Cebanico","Cebanico,Castile and Leon,Spain"
"Chantada, Lugo","Lugo",64,"neutral","neutral_07",0,0,176.434,33,15,0.4545,TRUE,0,"9221610","Chantada","Chantada,Galicia,Spain"
"Colindres, Cantabria","Cantabria",64,"neutral","neutral_07",0,0,4.949,1,0,0,FALSE,0,"9234171","Colindres","Colindres,Cantabria,Spain"
"Consell, Baleares","Baleares",64,"neutral","neutral_07",0,0,13.957,2,0,0,FALSE,0,"9221282","Consell","Consell,Balearic Islands,Spain"
"Constantina, Sevilla","Sevilla",64,"neutral","neutral_07",0,0,481.178,77,56,0.7273,TRUE,0,"1005410","Constantina","Constantina,Andalusia,Spain"
"Cortes de Baza, Granada","Granada",65,"neutral","neutral_07",0,0,140.344,22,13,0.5909,TRUE,0,"9215100","Cortes de Baza","Cortes de Baza,Andalusia,Spain"
"Cox, Alicante","Alicante",65,"neutral","neutral_07",0,0,16.647,3,0,0,FALSE,0,"9230552","Cox","Cox,Valencian Community,Spain"
"Cubelles, Barcelona","Barcelona",65,"neutral","neutral_07",0,0,13.602,2,0,0,FALSE,0,"9263046","Cubelles","Cubelles,Catalonia,Spain"
"Cuéllar, Segovia","Segovia",65,"neutral","neutral_07",0,0,216.826,38,16,0.4211,TRUE,5.9574,"9258166","Cuellar","Cuellar,Castile and Leon,Spain"
"Daimús, Valencia","Valencia",66,"neutral","neutral_07",0,0,3.11,0,0,0,FALSE,0,"9256168","Daimus","Daimus,Valencian Community,Spain"
"Dolores, Alicante","Alicante",66,"neutral","neutral_07",0,0,18.885,2,0,0,FALSE,0,"9049054","Dolores","Dolores,Valencian Community,Spain"
"Eivissa, Baleares","Baleares",66,"neutral","neutral_07",0,0,11.616,1,0,0,FALSE,0,"1005514","Eivissa","Eivissa,Balearic Islands,Spain"
"El Álamo, Madrid","Madrid",66,"neutral","neutral_07",0,0,22.195,4,1,0.25,TRUE,0,"9228890","El Alamo","El Alamo,Community of Madrid,Spain"
"El Catllar, Tarragona","Tarragona",67,"neutral","neutral_07",0,0,26.318,5,1,0.2,FALSE,0,"9208091","El Catllar","El Catllar,Catalonia,Spain"
"El Franco, Asturias","Asturias",67,"neutral","neutral_07",0,0,78.54,12,5,0.4167,TRUE,0,"9211780","El Franco","El Franco,Asturias,Spain"
"El Milà, Tarragona","Tarragona",67,"neutral","neutral_07",0,0,3.932,0,0,0,FALSE,0,"9209266","El Mila","El Mila,Catalonia,Spain"
"El Toro, Castellón","Castellón",67,"neutral","neutral_07",0,0,109.916,19,8,0.4211,TRUE,12.4013,"9218081","El Toro","El Toro,Valencian Community,Spain"
"Es Castell, Baleares","Baleares",68,"neutral","neutral_07",0,0,11.68,2,0,0,FALSE,0,"9213962","Es Castell","Es Castell,Balearic Islands,Spain"
"Eskoriatza, Guipúzcoa","Guipúzcoa",68,"neutral","neutral_07",0,0,40.574,6,1,0.1667,FALSE,0.388,"1005529","Eskoriatza","Eskoriatza,Basque Country,Spain"
"Estellencs, Baleares","Baleares",68,"neutral","neutral_07",0,0,13.924,2,0,0,FALSE,0,"9211936","Estellencs","Estellencs,Balearic Islands,Spain"
"Ferreries, Baleares","Baleares",68,"neutral","neutral_07",0,0,66.664,13,3,0.2308,FALSE,0,"9207849","Ferreries","Ferreries,Balearic Islands,Spain"
"Fiscal, Huesca","Huesca",69,"neutral","neutral_07",0,0,169.91,31,15,0.4839,TRUE,17.8183,"9216445","Fiscal","Fiscal,Aragon,Spain"
"Fisterra, A Coruña","A Coruña",69,"neutral","neutral_07",0,0,29.693,5,0,0,FALSE,2.8084,"9212406","Fisterra","Fisterra,Galicia,Spain"
"Friol, Lugo","Lugo",69,"neutral","neutral_07",0,0,291.786,52,31,0.5962,TRUE,0,"9215972","Friol","Friol,Galicia,Spain"
"Fuente Vaqueros, Granada","Granada",69,"neutral","neutral_07",0,0,15.936,4,0,0,FALSE,0,"9213523","Fuente Vaqueros","Fuente Vaqueros,Andalusia,Spain"
"Galapagar, Madrid","Madrid",70,"neutral","neutral_07",0,0,64.996,12,3,0.25,TRUE,0,"9196899","Galapagar","Galapagar,Community of Madrid,Spain"
"Gibraleón, Huelva","Huelva",70,"neutral","neutral_07",0,0,328.18,56,31,0.5536,TRUE,0,"9221549","Gibraleon","Gibraleon,Andalusia,Spain"
"Gironella, Barcelona","Barcelona",70,"neutral","neutral_07",0,0,6.863,2,0,0,FALSE,0.8528,"9243217","Gironella","Gironella,Catalonia,Spain"
"Gor, Granada","Granada",70,"neutral","neutral_07",0,0,180.851,31,14,0.4516,TRUE,0,"9221316","Gor","Gor,Andalusia,Spain"
"Grado, Asturias","Asturias",71,"neutral","neutral_07",0,0,221.121,38,19,0.5,TRUE,0,"9210641","Grado","Grado,Asturias,Spain"
"Gualchos, Granada","Granada",71,"neutral","neutral_07",0,0,31.228,7,1,0.1429,FALSE,0,"9248719","Gualchos","Gualchos,Andalusia,Spain"
"Guissona, Lleida","Lleida",71,"neutral","neutral_07",0,0,17.958,3,0,0,FALSE,7.8646,"9049076","Guissona","Guissona,Catalonia,Spain"
"Herrera, Sevilla","Sevilla",71,"neutral","neutral_07",0,0,53.334,9,3,0.3333,TRUE,0,"9212060","Herrera","Herrera,Andalusia,Spain"
"Huelva, Huelva","Huelva",72,"neutral","neutral_07",0,0,3.554,1,0,0,FALSE,0,"1005415","Huelva","Huelva,Andalusia,Spain"
"Huétor Tájar, Granada","Granada",72,"neutral","neutral_07",0,0,39.861,5,2,0.4,TRUE,0,"9254321","Huetor Tajar","Huetor Tajar,Andalusia,Spain"
"Icod de los Vinos, Santa Cruz de Tenerife","Santa Cruz de Tenerife",72,"neutral","neutral_07",0,0,96.91,14,7,0.5,TRUE,0,"9207722","Icod de los Vinos","Icod de los Vinos,Canary Islands,Spain"
"Igualada, Barcelona","Barcelona",72,"neutral","neutral_07",0,0,8.284,2,0,0,FALSE,0,"1005429","Igualada","Igualada,Catalonia,Spain"
"Jódar, Jaén","Jaén",73,"neutral","neutral_07",0,0,148.78,25,14,0.56,TRUE,0,"9049090","Jodar","Jodar,Andalusia,Spain"
"Jumilla, Murcia","Murcia",73,"neutral","neutral_07",0,0,971.279,162,128,0.7901,TRUE,0,"9049091","Jumilla","Jumilla,Region of Murcia,Spain"
"L'Aleixar, Tarragona","Tarragona",73,"neutral","neutral_07",0,0,25.984,3,0,0,FALSE,0,"9218971","L'Aleixar","L'Aleixar,Catalonia,Spain"
"L'Escala, Girona","Girona",73,"neutral","neutral_07",0,0,16.63,4,0,0,FALSE,0,"9049093","L'Escala","L'Escala,Catalonia,Spain"
"La Algaba, Sevilla","Sevilla",74,"neutral","neutral_07",0,0,17.794,3,0,0,FALSE,0,"9049095","La Algaba","La Algaba,Andalusia,Spain"
"La Bañeza, León","León",74,"neutral","neutral_07",0,0,19.591,3,0,0,FALSE,15.7374,"9240753","La Baneza","La Baneza,Castile and Leon,Spain"
"La Matanza de Acentejo, Santa Cruz de Tenerife","Santa Cruz de Tenerife",74,"neutral","neutral_08",0,0,15.03,3,0,0,FALSE,0,"9257291","La Matanza de Acentejo","La Matanza de Acentejo,Canary Islands,Spain"
"La Orotava, Santa Cruz de Tenerife","Santa Cruz de Tenerife",74,"neutral","neutral_08",0,0,206.913,29,14,0.4828,TRUE,0,"9219987","La Orotava","La Orotava,Canary Islands,Spain"
"La Pobla Llarga, Valencia","Valencia",75,"neutral","neutral_08",0,0,10.097,1,0,0,FALSE,0,"9234186","La Pobla Llarga","La Pobla Llarga,Valencian Community,Spain"
"La Puebla de Cazalla, Sevilla","Sevilla",75,"neutral","neutral_08",0,0,189.864,30,19,0.6333,TRUE,0,"9049102","La Puebla de Cazalla","La Puebla de Cazalla,Andalusia,Spain"
"La Rambla, Córdoba","Córdoba",75,"neutral","neutral_08",0,0,8.548,1,0,0,FALSE,0,"9049103","La Rambla","La Rambla,Andalusia,Spain"
"La Riba, Tarragona","Tarragona",75,"neutral","neutral_08",0,0,7.929,2,0,0,FALSE,0,"9208431","La Riba","La Riba,Catalonia,Spain"
"La Selva del Camp, Tarragona","Tarragona",76,"neutral","neutral_08",0,0,35.063,6,1,0.1667,FALSE,0,"9221801","La Selva del Camp","La Selva del Camp,Catalonia,Spain"
"La Solana, Ciudad Real","Ciudad Real",76,"neutral","neutral_08",0,0,133.971,24,11,0.4583,TRUE,0,"9049105","La Solana","La Solana,Castile-La Mancha,Spain"
"Las Torres de Cotillas, Murcia","Murcia",76,"neutral","neutral_08",0,0,38.869,7,1,0.1429,FALSE,0,"9211230","Las Torres de Cotillas","Las Torres de Cotillas,Region of Murcia,Spain"
"Laspaúles, Huesca","Huesca",76,"neutral","neutral_08",0,0,81.505,12,6,0.5,TRUE,40.296,"9215346","Laspaules","Laspaules,Aragon,Spain"
"Leioa, Vizcaya","Vizcaya",77,"neutral","neutral_08",0,0,8.621,1,0,0,FALSE,0,"9049110","Leioa","Leioa,Basque Country,Spain"
"Lepe, Huelva","Huelva",77,"neutral","neutral_08",0,0,123.886,20,8,0.4,TRUE,0,"9242950","Lepe","Lepe,Andalusia,Spain"
"Lezo, Guipúzcoa","Guipúzcoa",77,"neutral","neutral_08",0,0,8.695,1,0,0,FALSE,0,"9256865","Lezo","Lezo,Basque Country,Spain"
"Llubí, Baleares","Baleares",77,"neutral","neutral_08",0,0,34.744,6,1,0.1667,FALSE,0,"9208517","Llubi","Llubi,Balearic Islands,Spain"
"Los Corrales de Buelna, Cantabria","Cantabria",78,"neutral","neutral_08",0,0,45.481,9,2,0.2222,FALSE,0,"9049119","Los Corrales de Buelna","Los Corrales de Buelna,Cantabria,Spain"
"Los Montesinos, Alicante","Alicante",78,"neutral","neutral_08",0,0,32.836,6,1,0.1667,FALSE,0,"9246206","Los Montesinos","Los Montesinos,Valencian Community,Spain"
"Los Realejos, Santa Cruz de Tenerife","Santa Cruz de Tenerife",78,"neutral","neutral_08",0,0,58.264,10,2,0.2,FALSE,0,"9211799","Los Realejos","Los Realejos,Canary Islands,Spain"
"Macael, Almería","Almería",78,"neutral","neutral_08",0,0,43.828,7,1,0.1429,FALSE,9.8915,"9213953","Macael","Macael,Andalusia,Spain"
"Mancor de la Vall, Baleares","Baleares",79,"neutral","neutral_08",0,0,19.804,3,1,0.3333,TRUE,0,"9209840","Mancor de la Vall","Mancor de la Vall,Balearic Islands,Spain"
"Manilva, Málaga","Málaga",79,"neutral","neutral_08",0,0,35.467,6,1,0.1667,FALSE,0,"9220832","Manilva","Manilva,Andalusia,Spain"
"Maria de la Salut, Baleares","Baleares",79,"neutral","neutral_08",0,0,30.875,6,0,0,FALSE,0,"9221807","Maria de la Salut","Maria de la Salut,Balearic Islands,Spain"
"Martos, Jaén","Jaén",79,"neutral","neutral_08",0,0,261.031,41,19,0.4634,TRUE,0,"9049128","Martos","Martos,Andalusia,Spain"
"Massamagrell, Valencia","Valencia",80,"neutral","neutral_08",0,0,6.266,0,0,0,FALSE,0,"9049130","Massamagrell","Massamagrell,Valencian Community,Spain"
"Massanassa, Valencia","Valencia",80,"neutral","neutral_08",0,0,5.627,0,0,0,FALSE,0,"9252990","Massanassa","Massanassa,Valencian Community,Spain"
"Mazarrón, Murcia","Murcia",80,"neutral","neutral_08",0,0,318.669,52,32,0.6154,TRUE,0,"9211497","Mazarron","Mazarron,Region of Murcia,Spain"
"Meco, Madrid","Madrid",80,"neutral","neutral_08",0,0,35.054,6,1,0.1667,FALSE,0,"9229605","Meco","Meco,Community of Madrid,Spain"
"Medina del Campo, Valladolid","Valladolid",81,"neutral","neutral_08",0,0,153.083,25,13,0.52,TRUE,5.6792,"9211495","Medina del Campo","Medina del Campo,Castile and Leon,Spain"
"Meira, Lugo","Lugo",81,"neutral","neutral_08",0,0,46.387,8,1,0.125,FALSE,0,"9208103","Meira","Meira,Galicia,Spain"
"Meis, Pontevedra","Pontevedra",81,"neutral","neutral_08",0,0,52.287,9,1,0.1111,FALSE,0,"9221454","Meis","Meis,Galicia,Spain"
"Miguelturra, Ciudad Real","Ciudad Real",81,"neutral","neutral_08",0,0,118.384,19,4,0.2105,FALSE,0,"9049133","Miguelturra","Miguelturra,Castile-La Mancha,Spain"
"Mislata, Valencia","Valencia",82,"neutral","neutral_08",0,0,2.399,0,0,0,FALSE,0,"9049134","Mislata","Mislata,Valencian Community,Spain"
"Mogán, Las Palmas","Las Palmas",82,"neutral","neutral_08",0,0,170.171,24,14,0.5833,TRUE,0,"9257482","Mogan","Mogan,Canary Islands,Spain"
"Mollina, Málaga","Málaga",82,"neutral","neutral_08",0,0,74.523,12,4,0.3333,TRUE,0,"9049137","Mollina","Mollina,Andalusia,Spain"
"Montblanc, Tarragona","Tarragona",82,"neutral","neutral_08",0,0,91.202,18,4,0.2222,FALSE,0,"9213937","Montblanc","Montblanc,Catalonia,Spain"
"Monterroso, Lugo","Lugo",83,"neutral","neutral_08",0,0,114.345,20,8,0.4,TRUE,0,"9217921","Monterroso","Monterroso,Galicia,Spain"
"Montuïri, Baleares","Baleares",83,"neutral","neutral_08",0,0,40.888,6,2,0.3333,TRUE,0,"9217449","Montuiri","Montuiri,Balearic Islands,Spain"
"Morata de Tajuña, Madrid","Madrid",83,"neutral","neutral_08",0,0,45.062,6,2,0.3333,TRUE,0,"9248853","Morata de Tajuna","Morata de Tajuna,Community of Madrid,Spain"
"Náquera, Valencia","Valencia",83,"neutral","neutral_08",0,0,38.728,7,1,0.1429,FALSE,0,"9217163","Naquera","Naquera,Valencian Community,Spain"
"Navalcarnero, Madrid","Madrid",84,"neutral","neutral_08",0,0,100.202,16,8,0.5,TRUE,0,"9049148","Navalcarnero","Navalcarnero,Community of Madrid,Spain"
"Noreña, Asturias","Asturias",84,"neutral","neutral_08",0,0,5.217,1,0,0,FALSE,0,"9049150","Norena","Norena,Asturias,Spain"
"O Saviñao, Lugo","Lugo",84,"neutral","neutral_08",0,0,196.371,34,19,0.5588,TRUE,0,"9211585","O Savinao","O Savinao,Galicia,Spain"
"Olesa de Montserrat, Barcelona","Barcelona",84,"neutral","neutral_08",0,0,16.566,3,0,0,FALSE,0,"9220337","Olesa de Montserrat","Olesa de Montserrat,Catalonia,Spain"
"Ólvega, Soria","Soria",85,"neutral","neutral_09",0,0,98.424,16,4,0.25,TRUE,0,"9220777","Olvega","Olvega,Castile and Leon,Spain"
"Oñati, Guipúzcoa","Guipúzcoa",85,"neutral","neutral_09",0,0,107.114,19,10,0.5263,TRUE,0,"9252807","Onati","Onati,Basque Country,Spain"
"Ondarroa, Vizcaya","Vizcaya",85,"neutral","neutral_09",0,0,3.663,1,0,0,FALSE,6.5279,"9049154","Ondarroa","Ondarroa,Basque Country,Spain"
"Orba, Alicante","Alicante",85,"neutral","neutral_09",0,0,17.856,2,0,0,FALSE,3.81,"9212292","Orba","Orba,Valencian Community,Spain"
"Oroso, A Coruña","A Coruña",86,"neutral","neutral_09",0,0,71.962,11,4,0.3636,TRUE,0,"9234141","Oroso","Oroso,Galicia,Spain"
"Paiporta, Valencia","Valencia",86,"neutral","neutral_09",0,0,3.904,0,0,0,FALSE,0,"9250482","Paiporta","Paiporta,Valencian Community,Spain"
"Palazuelos de Eresma, Segovia","Segovia",86,"neutral","neutral_09",0,0,36.566,7,0,0,FALSE,0,"9237970","Palazuelos de Eresma","Palazuelos de Eresma,Castile and Leon,Spain"
"Palencia, Palencia","Palencia",86,"neutral","neutral_09",0,0,94.869,17,6,0.3529,TRUE,21.1727,"9049160","Palencia","Palencia,Castile and Leon,Spain"
"Palomares del Río, Sevilla","Sevilla",87,"neutral","neutral_09",0,0,12.908,2,0,0,FALSE,0,"9245685","Palomares del Rio","Palomares del Rio,Andalusia,Spain"
"Pals, Girona","Girona",87,"neutral","neutral_09",0,0,25.531,4,1,0.25,TRUE,0,"9250789","Pals","Pals,Catalonia,Spain"
"Paracuellos de Jarama, Madrid","Madrid",87,"neutral","neutral_09",0,0,43.806,7,2,0.2857,TRUE,0,"9049162","Paracuellos de Jarama","Paracuellos de Jarama,Community of Madrid,Spain"
"Petra, Baleares","Baleares",87,"neutral","neutral_09",0,0,64.533,10,3,0.3,TRUE,0,"9210217","Petra","Petra,Balearic Islands,Spain"
"Pol, Lugo","Lugo",88,"neutral","neutral_09",0,0,125.694,23,10,0.4348,TRUE,0,"9215858","Pol","Pol,Galicia,Spain"
"Porreres, Baleares","Baleares",88,"neutral","neutral_09",0,0,87.164,14,5,0.3571,TRUE,0,"9222199","Porreres","Porreres,Balearic Islands,Spain"
"Portomarín, Lugo","Lugo",88,"neutral","neutral_09",0,0,114.993,21,10,0.4762,TRUE,0,"9214713","Portomarin","Portomarin,Galicia,Spain"
"Potes, Cantabria","Cantabria",88,"neutral","neutral_09",0,0,7.782,2,0,0,FALSE,0,"9232835","Potes","Potes,Cantabria,Spain"
"Puebla de Lillo, León","León",89,"neutral","neutral_09",0,0,171.142,30,19,0.6333,TRUE,0,"9220902","Puebla de Lillo","Puebla de Lillo,Castile and Leon,Spain"
"Puente Genil, Córdoba","Córdoba",89,"neutral","neutral_09",0,0,170.876,30,15,0.5,TRUE,0,"9210297","Puente Genil","Puente Genil,Andalusia,Spain"
"Puigcerdà, Girona","Girona",89,"neutral","neutral_09",0,0,18.183,3,0,0,FALSE,19.1426,"9218410","Puigcerda","Puigcerda,Catalonia,Spain"
"Quesada, Jaén","Jaén",89,"neutral","neutral_09",0,0,328.6,58,26,0.4483,TRUE,0,"9217865","Quesada","Quesada,Andalusia,Spain"
"Redován, Alicante","Alicante",90,"neutral","neutral_09",0,0,9.378,2,0,0,FALSE,0,"9244210","Redovan","Redovan,Valencian Community,Spain"
"Reinosa, Cantabria","Cantabria",90,"neutral","neutral_09",0,0,4.321,1,0,0,FALSE,2.645,"9229871","Reinosa","Reinosa,Cantabria,Spain"
"Renau, Tarragona","Tarragona",90,"neutral","neutral_09",0,0,8.403,2,0,0,FALSE,0,"9221652","Renau","Renau,Catalonia,Spain"
"Ribadeo, Lugo","Lugo",90,"neutral","neutral_09",0,0,106.886,19,10,0.5263,TRUE,2.9791,"9224711","Ribadeo","Ribadeo,Galicia,Spain"
"Rioja, Almería","Almería",91,"neutral","neutral_09",0,0,36.35,7,1,0.1429,FALSE,3.8435,"1005405","Rioja","Rioja,Andalusia,Spain"
"Salas, Asturias","Asturias",91,"neutral","neutral_09",0,0,226.665,42,21,0.5,TRUE,0,"9207229","Salas","Salas,Asturias,Spain"
"Salvador de Zapardiel, Valladolid","Valladolid",91,"neutral","neutral_09",0,0,26.215,4,0,0,FALSE,5.6792,"9213493","Salvador de Zapardiel","Salvador de Zapardiel,Castile and Leon,Spain"
"Samos, Lugo","Lugo",91,"neutral","neutral_09",0,0,136.195,23,9,0.3913,TRUE,0,"9210994","Samos","Samos,Galicia,Spain"
"San Bartolomé, Las Palmas","Las Palmas",92,"neutral","neutral_09",0,0,43.277,6,0,0,FALSE,0,"9214001","San Bartolome","San Bartolome,Canary Islands,Spain"
"San Fernando de Henares, Madrid","Madrid",92,"neutral","neutral_09",0,0,39.774,6,1,0.1667,FALSE,0,"9243701","San Fernando de Henares","San Fernando de Henares,Community of Madrid,Spain"
"San Isidro, Alicante","Alicante",92,"neutral","neutral_09",0,0,6.812,1,0,0,FALSE,0,"9218471","San Isidro","San Isidro,Valencian Community,Spain"
"San Martín del Rey Aurelio, Asturias","Asturias",92,"neutral","neutral_09",0,0,55.802,9,2,0.2222,FALSE,0,"9217316","San Martin del Rey Aurelio","San Martin del Rey Aurelio,Asturias,Spain"
"Sandiás, Ourense","Ourense",93,"neutral","neutral_09",0,0,52.867,10,2,0.2,FALSE,7.5449,"9208006","Sandias","Sandias,Galicia,Spain"
"Sant Adrià de Besòs, Barcelona","Barcelona",93,"neutral","neutral_09",0,0,3.786,0,0,0,FALSE,0,"9210874","Municipality of Sant Adria de Besos","Municipality of Sant Adria de Besos,Catalonia,Spain"
"Sant Joan, Baleares","Baleares",93,"neutral","neutral_09",0,0,38.754,6,0,0,FALSE,0,"9210293","Sant Joan","Sant Joan,Balearic Islands,Spain"
"Sant Llorenç des Cardassar, Baleares","Baleares",93,"neutral","neutral_09",0,0,82.052,14,3,0.2143,FALSE,0,"9214231","Sant Llorenc des Cardassar","Sant Llorenc des Cardassar,Balearic Islands,Spain"
"Santa Bàrbara, Tarragona","Tarragona",94,"neutral","neutral_09",0,0,28.068,5,0,0,FALSE,0,"1005473","Santa Barbara","Santa Barbara,Catalonia,Spain"
"Santa Eugènia, Baleares","Baleares",94,"neutral","neutral_09",0,0,20.041,4,0,0,FALSE,0,"9213147","Santa Eugenia","Santa Eugenia,Balearic Islands,Spain"
"Santa Maria de Palautordera, Barcelona","Barcelona",94,"neutral","neutral_09",0,0,16.989,2,0,0,FALSE,0,"9261657","Santa Maria de Palautordera","Santa Maria de Palautordera,Catalonia,Spain"
"Santa Perpètua de Mogoda, Barcelona","Barcelona",94,"neutral","neutral_09",0,0,15.63,2,0,0,FALSE,0,"9219456","Municipality of Santa Perpetua de Mogoda","Municipality of Santa Perpetua de Mogoda,Catalonia,Spain"
"Santiago del Teide, Santa Cruz de Tenerife","Santa Cruz de Tenerife",95,"neutral","neutral_09",0,0,53.405,6,1,0.1667,FALSE,0,"9257314","Santiago del Teide","Santiago del Teide,Canary Islands,Spain"
"Santomera, Murcia","Murcia",95,"neutral","neutral_09",0,0,44.187,8,1,0.125,FALSE,0,"9049206","Santomera","Santomera,Region of Murcia,Spain"
"Segorbe, Castellón","Castellón",95,"neutral","neutral_10",0,0,106.033,17,7,0.4118,TRUE,1.9776,"9049209","Segorbe","Segorbe,Valencian Community,Spain"
"Selva, Baleares","Baleares",95,"neutral","neutral_10",0,0,49.114,8,2,0.25,TRUE,0,"9212015","Selva","Selva,Balearic Islands,Spain"
"Sencelles, Baleares","Baleares",96,"neutral","neutral_10",0,0,53.058,9,1,0.1111,FALSE,0,"9219350","Sencelles","Sencelles,Balearic Islands,Spain"
"Ses Salines, Baleares","Baleares",96,"neutral","neutral_10",0,0,39.095,5,1,0.2,FALSE,0,"9217118","Ses Salines","Ses Salines,Balearic Islands,Spain"
"Seseña, Toledo","Toledo",96,"neutral","neutral_10",0,0,72.351,12,3,0.25,TRUE,0,"9231324","Sesena","Sesena,Castile-La Mancha,Spain"
"Sevilla la Nueva, Madrid","Madrid",96,"neutral","neutral_10",0,0,25.089,6,0,0,FALSE,0,"9219563","Sevilla la Nueva","Sevilla la Nueva,Community of Madrid,Spain"
"Socuéllamos, Ciudad Real","Ciudad Real",97,"neutral","neutral_10",0,0,374.186,59,42,0.7119,TRUE,0,"9258842","Socuellamos","Socuellamos,Castile-La Mancha,Spain"
"Sotillo de la Adrada, Ávila","Ávila",97,"neutral","neutral_10",0,0,43.394,9,1,0.1111,FALSE,18.6264,"9243097","Sotillo de la Adrada","Sotillo de la Adrada,Castile and Leon,Spain"
"Soto del Real, Madrid","Madrid",97,"neutral","neutral_10",0,0,43.081,8,2,0.25,TRUE,0,"9253072","Soto del Real","Soto del Real,Community of Madrid,Spain"
"Tapia de Casariego, Asturias","Asturias",97,"neutral","neutral_10",0,0,66.865,12,0,0,FALSE,0,"9218468","Tapia de Casariego","Tapia de Casariego,Asturias,Spain"
"Tembleque, Toledo","Toledo",98,"neutral","neutral_10",0,0,222.436,39,23,0.5897,TRUE,0,"1005534","Tembleque","Tembleque,Castile-La Mancha,Spain"
"Teo, A Coruña","A Coruña",98,"neutral","neutral_10",0,0,79.166,15,5,0.3333,TRUE,0,"9219982","Teo","Teo,Galicia,Spain"
"Tineo, Asturias","Asturias",98,"neutral","neutral_10",0,0,540.028,95,65,0.6842,TRUE,0,"9216873","Tineo","Tineo,Asturias,Spain"
"Tomares, Sevilla","Sevilla",98,"neutral","neutral_10",0,0,5.207,0,0,0,FALSE,0,"1005422","Tomares","Tomares,Andalusia,Spain"
"Tona, Barcelona","Barcelona",99,"neutral","neutral_10",0,0,16.581,3,0,0,FALSE,0,"9236179","Tona","Tona,Catalonia,Spain"
"Toro, Zamora","Zamora",99,"neutral","neutral_10",0,0,325.021,61,20,0.3279,TRUE,6.5228,"9249777","Toro","Toro,Castile and Leon,Spain"
"Torredonjimeno, Jaén","Jaén",99,"neutral","neutral_10",0,0,157.795,26,10,0.3846,TRUE,0,"9049221","Torredonjimeno","Torredonjimeno,Andalusia,Spain"
"Torrejón del Rey, Guadalajara","Guadalajara",99,"neutral","neutral_10",0,0,24.944,3,1,0.3333,TRUE,0,"9244405","Torrejon del Rey","Torrejon del Rey,Castile-La Mancha,Spain"
"Torrelaguna, Madrid","Madrid",100,"neutral","neutral_10",0,0,43.026,7,1,0.1429,FALSE,11.0273,"1005497","Torrelaguna","Torrelaguna,Community of Madrid,Spain"
"Turre, Almería","Almería",100,"neutral","neutral_10",0,0,107.826,19,5,0.2632,TRUE,0,"9049228","Turre","Turre,Andalusia,Spain"
"Úbeda, Jaén","Jaén",100,"neutral","neutral_10",0,0,404.56,68,31,0.4559,TRUE,0,"9049229","Ubeda","Ubeda,Andalusia,Spain"
"Ubrique, Cádiz","Cádiz",100,"neutral","neutral_10",0,0,69.562,10,4,0.4,TRUE,0,"9245636","Ubrique","Ubrique,Andalusia,Spain"
"Urduña-Orduña, Álava","Álava",101,"neutral","neutral_10",0,0,33.418,6,0,0,FALSE,0,"9221151","Urduna / Orduna","Urduna / Orduna,Basque Country,Spain"
"Urnieta, Guipúzcoa","Guipúzcoa",101,"neutral","neutral_10",0,0,22.415,3,0,0,FALSE,0,"1005522","Urnieta","Urnieta,Basque Country,Spain"
"Valdeavero, Madrid","Madrid",101,"neutral","neutral_10",0,0,18.955,4,0,0,FALSE,0,"9240729","Valdeavero","Valdeavero,Community of Madrid,Spain"
"Valdemorillo, Madrid","Madrid",101,"neutral","neutral_10",0,0,93.33,15,7,0.4667,TRUE,0,"9243406","Valdemorillo","Valdemorillo,Community of Madrid,Spain"
"Valencina de la Concepción, Sevilla","Sevilla",102,"neutral","neutral_10",0,0,25.239,4,0,0,FALSE,0,"9237330","Valencina de la Concepcion","Valencina de la Concepcion,Andalusia,Spain"
"Vallehermoso, Santa Cruz de Tenerife","Santa Cruz de Tenerife",102,"neutral","neutral_10",0,0,109.566,17,4,0.2353,FALSE,38.0655,"9218813","Vallehermoso","Vallehermoso,Canary Islands,Spain"
"Vedra, A Coruña","A Coruña",102,"neutral","neutral_10",0,0,52.89,8,1,0.125,FALSE,0,"9217093","Vedra","Vedra,Galicia,Spain"
"Verea, Ourense","Ourense",102,"neutral","neutral_10",0,0,93.777,16,4,0.25,TRUE,1.5728,"9222665","Verea","Verea,Galicia,Spain"
"Vespella de Gaià, Tarragona","Tarragona",103,"neutral","neutral_10",0,0,18.212,3,0,0,FALSE,0,"9211743","Vespella de Gaia","Vespella de Gaia,Catalonia,Spain"
"Vilabella, Tarragona","Tarragona",103,"neutral","neutral_10",0,0,18.233,3,0,0,FALSE,0,"9220268","Vilabella","Vilabella,Catalonia,Spain"
"Vilamartín de Valdeorras, Ourense","Ourense",103,"neutral","neutral_10",0,0,88.304,14,6,0.4286,TRUE,0,"9211626","Vilamartin de Valdeorras","Vilamartin de Valdeorras,Galicia,Spain"
"Villabona, Guipúzcoa","Guipúzcoa",103,"neutral","neutral_10",0,0,17.715,3,0,0,FALSE,0,"9227013","Villabona","Villabona,Basque Country,Spain"
"Villafranca de los Barros, Badajoz","Badajoz",104,"neutral","neutral_10",0,0,104.125,16,8,0.5,TRUE,0,"9256217","Villafranca de los Barros","Villafranca de los Barros,Extremadura,Spain"
"Villamantilla, Madrid","Madrid",104,"neutral","neutral_10",0,0,24.007,5,0,0,FALSE,0,"9208031","Villamantilla","Villamantilla,Community of Madrid,Spain"
"Villanueva de la Cañada, Madrid","Madrid",104,"neutral","neutral_10",0,0,34.786,6,0,0,FALSE,0,"9225174","Villanueva de la Canada","Villanueva de la Canada,Community of Madrid,Spain"
"Villanueva de Oscos, Asturias","Asturias",104,"neutral","neutral_10",0,0,73.042,11,4,0.3636,TRUE,0.2381,"9222329","Villanueva de Oscos","Villanueva de Oscos,Asturias,Spain"
"Villarejo de Salvanés, Madrid","Madrid",105,"neutral","neutral_10",0,0,118.56,19,5,0.2632,TRUE,7.7267,"9245405","Villarejo de Salvanes","Villarejo de Salvanes,Community of Madrid,Spain"
"Villarrubia de los Ojos, Ciudad Real","Ciudad Real",105,"neutral","neutral_10",0,0,281.725,48,31,0.6458,TRUE,0,"9236349","Villarrubia de los Ojos","Villarrubia de los Ojos,Castile-La Mancha,Spain"
"Villaverde del Río, Sevilla","Sevilla",105,"neutral","neutral_10",0,0,40.779,8,2,0.25,TRUE,0,"9219885","Villaverde del Rio","Villaverde del Rio,Andalusia,Spain"
"Yecla, Murcia","Murcia",105,"neutral","neutral_10",0,0,602.056,98,74,0.7551,TRUE,0,"9218206","Yecla","Yecla,Region of Murcia,Spain"
"Donostia-San Sebastián, Guipúzcoa","Guipúzcoa",1,"no_ad",NA,10,9,61.34,10,1,0.1,FALSE,0,"9220425","Donostia / San Sebastian","Donostia / San Sebastian,Basque Country,Spain"
"Cangas, Pontevedra","Pontevedra",2,"no_ad",NA,8,4,38.285,7,0,0,FALSE,2.4664,"9225981","Cangas","Cangas,Galicia,Spain"
"Tarragona, Tarragona","Tarragona",3,"no_ad",NA,7,4,64.306,9,0,0,FALSE,0,"9258242","Municipality of Tarragona","Municipality of Tarragona,Catalonia,Spain"
"Castellón de la Plana, Castellón","Castellón",4,"no_ad",NA,5,7,109.506,17,6,0.3529,TRUE,0,"1005539","Castello de la Plana","Castello de la Plana,Valencian Community,Spain"
"Santa Cruz de Tenerife, Santa Cruz de Tenerife","Santa Cruz de Tenerife",5,"no_ad",NA,5,4,155.181,22,7,0.3182,TRUE,0,"9217284","Santa Cruz de Tenerife","Santa Cruz de Tenerife,Anaga,Canary Islands,Spain"
"Granollers, Barcelona","Barcelona",6,"no_ad",NA,4,5,14.769,3,0,0,FALSE,0,"1005469","Granollers","Granollers,Catalonia,Spain"
"Mataró, Barcelona","Barcelona",7,"no_ad",NA,4,3,22.476,3,0,0,FALSE,0,"1005430","Mataro","Mataro,Catalonia,Spain"
"Benalmádena, Málaga","Málaga",8,"no_ad",NA,3,2,27.08,5,0,0,FALSE,0,"9208148","Municipality of Benalmadena","Municipality of Benalmadena,Andalusia,Spain"
"El Campello, Alicante","Alicante",9,"no_ad",NA,3,1,55.569,11,1,0.0909,FALSE,0,"9207668","El Campello","El Campello,Valencian Community,Spain"
"León, León","León",10,"no_ad",NA,3,1,39.201,7,1,0.1429,FALSE,34.704,"1005452","Leon","Leon,Castile and Leon,Spain"
"Alhaurín de la Torre, Málaga","Málaga",12,"no_ad",NA,2,2,82.738,13,4,0.3077,TRUE,0,"9048974","Alhaurin de la Torre","Alhaurin de la Torre,Andalusia,Spain"
"Almenara, Castellón","Castellón",16,"no_ad",NA,2,0,27.504,5,0,0,FALSE,0,"9221675","Almenara","Almenara,Valencian Community,Spain"
"Avilés, Asturias","Asturias",13,"no_ad",NA,2,1,25.027,5,0,0,FALSE,0,"9220565","Aviles","Aviles,Asturias,Spain"
"Calvià, Baleares","Baleares",11,"no_ad",NA,2,4,147.088,26,8,0.3077,TRUE,0,"9214701","Calvia","Calvia,Balearic Islands,Spain"
"Chiva, Valencia","Valencia",17,"no_ad",NA,2,0,178.619,30,9,0.3,TRUE,0,"9208088","Chiva","Chiva,Valencian Community,Spain"
"Godelleta, Valencia","Valencia",18,"no_ad",NA,2,0,37.438,7,0,0,FALSE,0,"9207310","Godelleta","Godelleta,Valencian Community,Spain"
"Haro, La Rioja","La Rioja",14,"no_ad",NA,2,1,40.359,7,0,0,FALSE,0,"9049077","Haro","Haro,La Rioja,Spain"
"Móstoles, Madrid","Madrid",15,"no_ad",NA,2,1,45.169,7,1,0.1429,FALSE,0,"1005494","Mostoles","Mostoles,Community of Madrid,Spain"
"Sant Josep de sa Talaia, Baleares","Baleares",19,"no_ad",NA,2,0,163.459,25,12,0.48,TRUE,0,"9214866","Sant Josep de sa Talaia","Sant Josep de sa Talaia,Balearic Islands,Spain"
"Aljaraque, Huelva","Huelva",29,"no_ad",NA,1,0,33.534,5,1,0.2,FALSE,0,"9220010","Aljaraque","Aljaraque,Andalusia,Spain"
"Arcos de la Frontera, Cádiz","Cádiz",22,"no_ad",NA,1,1,527.099,84,60,0.7143,TRUE,0,"9048990","Arcos de la Frontera","Arcos de la Frontera,Andalusia,Spain"
"Buñol, Valencia","Valencia",30,"no_ad",NA,1,0,112.2,18,5,0.2778,TRUE,0,"1005537","Bunol","Bunol,Valencian Community,Spain"
"Callosa de Segura, Alicante","Alicante",31,"no_ad",NA,1,0,24.699,5,0,0,FALSE,0,"9049021","Callosa de Segura","Callosa de Segura,Valencian Community,Spain"
"Carballo, A Coruña","A Coruña",32,"no_ad",NA,1,0,186.314,34,15,0.4412,TRUE,0,"9216329","Carballo","Carballo,Galicia,Spain"
"Castrillón, Asturias","Asturias",23,"no_ad",NA,1,1,55.65,10,2,0.2,FALSE,0,"9255748","Castrillon","Castrillon,Asturias,Spain"
"Conil de la Frontera, Cádiz","Cádiz",24,"no_ad",NA,1,1,87.335,14,3,0.2143,FALSE,0,"9049045","Conil de la Frontera","Conil de la Frontera,Andalusia,Spain"
"Coria del Río, Sevilla","Sevilla",33,"no_ad",NA,1,0,61.637,9,4,0.4444,TRUE,0,"9246681","Coria del Rio","Coria del Rio,Andalusia,Spain"
"Fraga, Huesca","Huesca",25,"no_ad",NA,1,1,436.792,77,40,0.5195,TRUE,6.0875,"9049071","Fraga","Fraga,Aragon,Spain"
"Gáldar, Las Palmas","Las Palmas",34,"no_ad",NA,1,0,63.638,11,2,0.1818,FALSE,4.5872,"9222166","Galdar","Galdar,Canary Islands,Spain"
"La Pobla de Montornès, Tarragona","Tarragona",35,"no_ad",NA,1,0,12.192,2,0,0,FALSE,0,"9219601","La Pobla de Montornes","La Pobla de Montornes,Catalonia,Spain"
"Lloret de Mar, Girona","Girona",20,"no_ad",NA,1,3,48.303,9,3,0.3333,TRUE,0,"9196072","Lloret de Mar","Lloret de Mar,Catalonia,Spain"
"Mérida, Badajoz","Badajoz",21,"no_ad",NA,1,2,864.293,140,60,0.4286,TRUE,0,"1005478","Merida","Merida,Extremadura,Spain"
"Mieres, Asturias","Asturias",36,"no_ad",NA,1,0,145.506,23,14,0.6087,TRUE,0,"9222880","Mieres","Mieres,Asturias,Spain"
"Monforte de Lemos, Lugo","Lugo",26,"no_ad",NA,1,1,199.295,35,20,0.5714,TRUE,0,"9220917","Monforte de Lemos","Monforte de Lemos,Galicia,Spain"
"O Carballiño, Ourense","Ourense",37,"no_ad",NA,1,0,54.288,9,1,0.1111,FALSE,6.5931,"9213869","O Carballino","O Carballino,Galicia,Spain"
"Pineda de Mar, Barcelona","Barcelona",38,"no_ad",NA,1,0,10.407,2,0,0,FALSE,0,"9196381","Pineda de Mar","Pineda de Mar,Catalonia,Spain"
"Polinyà, Barcelona","Barcelona",39,"no_ad",NA,1,0,8.878,2,0,0,FALSE,0,"1005432","Polinya","Polinya,Catalonia,Spain"
"Puerto de la Cruz, Santa Cruz de Tenerife","Santa Cruz de Tenerife",27,"no_ad",NA,1,1,9.83,1,0,0,FALSE,0,"9196526","Puerto de la Cruz","Puerto de la Cruz,Canary Islands,Spain"
"Sant Feliu de Guíxols, Girona","Girona",40,"no_ad",NA,1,0,16.172,4,0,0,FALSE,0,"9226276","Sant Feliu de Guixols","Sant Feliu de Guixols,Catalonia,Spain"
"Solsona, Lleida","Lleida",41,"no_ad",NA,1,0,18.043,3,0,0,FALSE,10.986,"9263218","Solsona","Solsona,Catalonia,Spain"
"Tacoronte, Santa Cruz de Tenerife","Santa Cruz de Tenerife",28,"no_ad",NA,1,1,29.018,5,0,0,FALSE,0,"9244101","Tacoronte","Tacoronte,Canary Islands,Spain"
"Vilanova del Camí, Barcelona","Barcelona",42,"no_ad",NA,1,0,10.233,1,0,0,FALSE,0,"9223471","Vilanova del Cami","Vilanova del Cami,Catalonia,Spain"
"A Pobra do Brollón, Lugo","Lugo",48,"no_ad",NA,0,0,176.474,29,15,0.5172,TRUE,0,"9219424","A Pobra do Brollon","A Pobra do Brollon,Galicia,Spain"
"Abegondo, A Coruña","A Coruña",49,"no_ad",NA,0,0,83.25,15,4,0.2667,TRUE,0,"9211455","Abegondo","Abegondo,Galicia,Spain"
"Albal, Valencia","Valencia",50,"no_ad",NA,0,0,7.151,1,0,0,FALSE,0,"9233578","Albal","Albal,Valencian Community,Spain"
"Alcóntar, Almería","Almería",51,"no_ad",NA,0,0,94.053,16,5,0.3125,TRUE,0,"9219347","Alcontar","Alcontar,Andalusia,Spain"
"Almussafes, Valencia","Valencia",52,"no_ad",NA,0,0,10.78,3,0,0,FALSE,0,"9250409","Almussafes","Almussafes,Valencian Community,Spain"
"Antas de Ulla, Lugo","Lugo",53,"no_ad",NA,0,0,103.373,17,7,0.4118,TRUE,0,"9210369","Antas de Ulla","Antas de Ulla,Galicia,Spain"
"Arrigorriaga, Vizcaya","Vizcaya",44,"no_ad",NA,0,1,16.033,4,0,0,FALSE,0,"9214726","Arrigorriaga","Arrigorriaga,Basque Country,Spain"
"Artà, Baleares","Baleares",54,"no_ad",NA,0,0,139.762,22,11,0.5,TRUE,0,"9221831","Arta","Arta,Balearic Islands,Spain"
"Arzúa, A Coruña","A Coruña",55,"no_ad",NA,0,0,155.056,31,12,0.3871,TRUE,0,"9218762","Arzua","Arzua,Galicia,Spain"
"Azpeitia, Guipúzcoa","Guipúzcoa",56,"no_ad",NA,0,0,69.223,14,3,0.2143,FALSE,0,"9048997","Azpeitia","Azpeitia,Basque Country,Spain"
"Becerreá, Lugo","Lugo",57,"no_ad",NA,0,0,171.524,30,16,0.5333,TRUE,0,"9213733","Becerrea","Becerrea,Galicia,Spain"
"Bernedo, Álava","Álava",58,"no_ad",NA,0,0,130.576,23,5,0.2174,FALSE,0,"9215608","Bernedo","Bernedo,Basque Country,Spain"
"Bolaños de Calatrava, Ciudad Real","Ciudad Real",59,"no_ad",NA,0,0,87.757,18,4,0.2222,FALSE,0,"9247012","Bolanos de Calatrava","Bolanos de Calatrava,Castile-La Mancha,Spain"
"Burguillos, Sevilla","Sevilla",60,"no_ad",NA,0,0,43.181,7,2,0.2857,TRUE,0,"9212568","Burguillos","Burguillos,Andalusia,Spain"
"Campo Lameiro, Pontevedra","Pontevedra",61,"no_ad",NA,0,0,63.439,12,3,0.25,TRUE,0,"9217131","Campo Lameiro","Campo Lameiro,Galicia,Spain"
"Carlet, Valencia","Valencia",62,"no_ad",NA,0,0,45.802,8,2,0.25,TRUE,0,"9049026","Carlet","Carlet,Valencian Community,Spain"
"Castellvell del Camp, Tarragona","Tarragona",63,"no_ad",NA,0,0,5.138,1,0,0,FALSE,0,"9208515","Castellvell del Camp","Castellvell del Camp,Catalonia,Spain"
"Consuegra, Toledo","Toledo",64,"no_ad",NA,0,0,358.777,60,36,0.6,TRUE,0,"9236936","Consuegra","Consuegra,Castile-La Mancha,Spain"
"Cudillero, Asturias","Asturias",65,"no_ad",NA,0,0,102.015,20,5,0.25,TRUE,0,"9211549","Cudillero","Cudillero,Asturias,Spain"
"Daimiel, Ciudad Real","Ciudad Real",66,"no_ad",NA,0,0,437.961,72,50,0.6944,TRUE,0,"9224918","Daimiel","Daimiel,Castile-La Mancha,Spain"
"El Escorial, Madrid","Madrid",67,"no_ad",NA,0,0,68.694,10,4,0.4,TRUE,0,"9251242","El Escorial","El Escorial,Community of Madrid,Spain"
"Els Poblets, Alicante","Alicante",68,"no_ad",NA,0,0,3.676,1,0,0,FALSE,0,"9227539","Els Poblets","Els Poblets,Valencian Community,Spain"
"Firgas, Las Palmas","Las Palmas",69,"no_ad",NA,0,0,15.015,2,0,0,FALSE,0,"9217216","Firgas","Firgas,Canary Islands,Spain"
"Gernika-Lumo, Vizcaya","Vizcaya",70,"no_ad",NA,0,0,8.348,2,0,0,FALSE,0,"9049073","Gernika-Lumo","Gernika-Lumo,Basque Country,Spain"
"Guixers, Lleida","Lleida",71,"no_ad",NA,0,0,65.928,10,1,0.1,FALSE,7.3364,"9212649","Guixers","Guixers,Catalonia,Spain"
"Hondarribia, Guipúzcoa","Guipúzcoa",43,"no_ad",NA,0,2,28.429,6,2,0.3333,TRUE,0,"9254627","Hondarribia","Hondarribia,Basque Country,Spain"
"Humanes de Madrid, Madrid","Madrid",72,"no_ad",NA,0,0,19.412,4,0,0,FALSE,0,"9232020","Humanes de Madrid","Humanes de Madrid,Community of Madrid,Spain"
"Junta de Traslaloma, Burgos","Burgos",73,"no_ad",NA,0,0,75.729,13,4,0.3077,TRUE,0,"9216721","Junta de Traslaloma","Junta de Traslaloma,Castile and Leon,Spain"
"La Carlota, Córdoba","Córdoba",74,"no_ad",NA,0,0,78.763,15,5,0.3333,TRUE,0,"9222457","La Carlota","La Carlota,Andalusia,Spain"
"La Peña, Salamanca","Salamanca",75,"no_ad",NA,0,0,25.408,4,0,0,FALSE,47.2588,"9208798","La Pena","La Pena,Castile and Leon,Spain"
"Lasarte-Oria, Guipúzcoa","Guipúzcoa",45,"no_ad",NA,0,1,5.969,1,0,0,FALSE,0,"9217150","Lasarte-Oria","Lasarte-Oria,Basque Country,Spain"
"Legazpi, Guipúzcoa","Guipúzcoa",76,"no_ad",NA,0,0,41.862,7,2,0.2857,TRUE,0,"9219825","Legazpi","Legazpi,Basque Country,Spain"
"Loiu, Vizcaya","Vizcaya",77,"no_ad",NA,0,0,15.792,3,0,0,FALSE,0,"9242859","Loiu","Loiu,Basque Country,Spain"
"Los Molinos, Madrid","Madrid",78,"no_ad",NA,0,0,19.608,5,0,0,FALSE,0,"9236389","Los Molinos","Los Molinos,Community of Madrid,Spain"
"Malpica de Bergantiños, A Coruña","A Coruña",79,"no_ad",NA,0,0,61.983,11,2,0.1818,FALSE,0,"9207733","Malpica de Bergantinos","Malpica de Bergantinos,Galicia,Spain"
"Maracena, Granada","Granada",46,"no_ad",NA,0,1,4.797,1,0,0,FALSE,0,"9239946","Maracena","Maracena,Andalusia,Spain"
"Masllorenç, Tarragona","Tarragona",80,"no_ad",NA,0,0,6.481,1,0,0,FALSE,0,"9209874","Masllorenc","Masllorenc,Catalonia,Spain"
"Méntrida, Toledo","Toledo",81,"no_ad",NA,0,0,82.752,15,5,0.3333,TRUE,0,"9244235","Mentrida","Mentrida,Castile-La Mancha,Spain"
"Montánchez, Cáceres","Cáceres",82,"no_ad",NA,0,0,113.353,17,3,0.1765,FALSE,0,"9216003","Montanchez","Montanchez,Extremadura,Spain"
"Muxía, A Coruña","A Coruña",83,"no_ad",NA,0,0,122.973,23,7,0.3043,TRUE,2.8084,"9207897","Muxia","Muxia,Galicia,Spain"
"Narón, A Coruña","A Coruña",84,"no_ad",NA,0,0,67.265,11,1,0.0909,FALSE,0,"9212742","Naron","Naron,Galicia,Spain"
"Olvera, Cádiz","Cádiz",85,"no_ad",NA,0,0,193.439,30,12,0.4,TRUE,0,"9049153","Olvera","Olvera,Andalusia,Spain"
"Osuna, Sevilla","Sevilla",86,"no_ad",NA,0,0,592.426,96,68,0.7083,TRUE,0,"9228948","Osuna","Osuna,Andalusia,Spain"
"Pinos Puente, Granada","Granada",87,"no_ad",NA,0,0,98.495,17,3,0.1765,FALSE,0,"9214715","Pinos Puente","Pinos Puente,Andalusia,Spain"
"Pozo Alcón, Jaén","Jaén",88,"no_ad",NA,0,0,138.424,22,7,0.3182,TRUE,0,"9219000","Pozo Alcon","Pozo Alcon,Andalusia,Spain"
"Pravia, Asturias","Asturias",89,"no_ad",NA,0,0,102.58,18,7,0.3889,TRUE,0,"9214914","Pravia","Pravia,Asturias,Spain"
"Rafal, Alicante","Alicante",90,"no_ad",NA,0,0,1.58,0,0,0,FALSE,0,"9049182","Rafal","Rafal,Valencian Community,Spain"
"Sa Pobla, Baleares","Baleares",91,"no_ad",NA,0,0,49.18,8,1,0.125,FALSE,0,"9217355","Sa Pobla","Sa Pobla,Balearic Islands,Spain"
"San Miguel de Salinas, Alicante","Alicante",92,"no_ad",NA,0,0,54.734,10,3,0.3,TRUE,0,"9228591","San Miguel de Salinas","San Miguel de Salinas,Valencian Community,Spain"
"Sant Feliu de Llobregat, Barcelona","Barcelona",47,"no_ad",NA,0,1,11.96,2,0,0,FALSE,0,"9208693","Municipality of Sant Feliu de Llobregat","Municipality of Sant Feliu de Llobregat,Catalonia,Spain"
"Sant Lluís, Baleares","Baleares",93,"no_ad",NA,0,0,35.425,7,1,0.1429,FALSE,0,"9222685","Sant Lluis","Sant Lluis,Balearic Islands,Spain"
"Sant Pere Pescador, Girona","Girona",94,"no_ad",NA,0,0,17.567,2,0,0,FALSE,0,"9234973","Sant Pere Pescador","Sant Pere Pescador,Catalonia,Spain"
"Santo Domingo de la Calzada, La Rioja","La Rioja",95,"no_ad",NA,0,0,40.148,8,1,0.125,FALSE,2.3571,"9207234","Santo Domingo de la Calzada","Santo Domingo de la Calzada,La Rioja,Spain"
"Silla, Valencia","Valencia",96,"no_ad",NA,0,0,25.07,4,1,0.25,TRUE,0,"9233347","Silla","Silla,Valencian Community,Spain"
"Sollana, Valencia","Valencia",97,"no_ad",NA,0,0,39.143,6,0,0,FALSE,0,"9049211","Sollana","Sollana,Valencian Community,Spain"
"Teror, Las Palmas","Las Palmas",98,"no_ad",NA,0,0,25.613,4,0,0,FALSE,0,"9222542","Teror","Teror,Canary Islands,Spain"
"Torelló, Barcelona","Barcelona",99,"no_ad",NA,0,0,13.456,2,0,0,FALSE,0,"9210239","Torello","Torello,Catalonia,Spain"
"Torrijos, Toledo","Toledo",100,"no_ad",NA,0,0,17.226,2,0,0,FALSE,8.676,"9216816","Torrijos","Torrijos,Castile-La Mancha,Spain"
"Vacarisses, Barcelona","Barcelona",101,"no_ad",NA,0,0,40.466,8,1,0.125,FALSE,0,"9222479","Vacarisses","Vacarisses,Catalonia,Spain"
"Valdés, Asturias","Asturias",102,"no_ad",NA,0,0,354.184,64,36,0.5625,TRUE,0,"9216625","Valdes","Valdes,Asturias,Spain"
"Vilassar de Dalt, Barcelona","Barcelona",103,"no_ad",NA,0,0,8.844,2,0,0,FALSE,0,"9049238","Vilassar de Dalt","Vilassar de Dalt,Catalonia,Spain"
"Villanueva de la Serena, Badajoz","Badajoz",104,"no_ad",NA,0,0,151.982,27,13,0.4815,TRUE,0,"9049241","Villanueva de la Serena","Villanueva de la Serena,Extremadura,Spain"
"Zafra, Badajoz","Badajoz",105,"no_ad",NA,0,0,62.369,10,2,0.2,FALSE,1.6467,"9246819","Zafra","Zafra,Extremadura,Spain"
"Zalla, Vizcaya","Vizcaya",106,"no_ad",NA,0,0,30.639,5,1,0.2,FALSE,0,"9214801","Zalla","Zalla,Basque Country,Spain"
"Zamudio, Vizcaya","Vizcaya",106,"no_ad",NA,0,0,18.493,3,0,0,FALSE,0,"1005523","Zamudio","Zamudio,Basque Country,Spain"
"Zas, A Coruña","A Coruña",106,"no_ad",NA,0,0,132.788,23,9,0.3913,TRUE,0,"9207319","Zas","Zas,Galicia,Spain"
"Zumarraga, Guipúzcoa","Guipúzcoa",106,"no_ad",NA,0,0,16.609,3,0,0,FALSE,0,"9247678","Zumarraga","Zumarraga,Basque Country,Spain"
