"unit_name","municipality","province","autonomous_community","google_criteria_id","google_name","google_canonical_name","google_target_type","match_type"
"A Arnoia, Ourense","A Arnoia","Ourense","Galicia",NA,NA,NA,NA,"unmatched"
"A Baña, A Coruña","A Baña","A Coruña","Galicia",NA,NA,NA,NA,"unmatched"
"A Bola, Ourense","A Bola","Ourense","Galicia",NA,NA,NA,NA,"unmatched"
"A Capela, A Coruña","A Capela","A Coruña","Galicia",NA,NA,NA,NA,"unmatched"
"A Cañiza, Pontevedra","A Cañiza","Pontevedra","Galicia",NA,NA,NA,NA,"unmatched"
"A Coruña, A Coruña","A Coruña","A Coruña","Galicia","9212542","A Coruna","A Coruna,Galicia,Spain","Municipality","name+community"
"A Estrada, Pontevedra","A Estrada","Pontevedra","Galicia","9215077","A Estrada","A Estrada,Galicia,Spain","Municipality","name+community"
"A Fonsagrada, Lugo","A Fonsagrada","Lugo","Galicia","9215072","A Fonsagrada","A Fonsagrada,Galicia,Spain","Municipality","name+community"
"A Guarda, Pontevedra","A Guarda","Pontevedra","Galicia",NA,NA,NA,NA,"unmatched"
"A Gudiña, Ourense","A Gudiña","Ourense","Galicia",NA,NA,NA,NA,"unmatched"
"A Illa de Arousa, Pontevedra","A Illa de Arousa","Pontevedra","Galicia",NA,NA,NA,NA,"unmatched"
"A Lama, Pontevedra","A Lama","Pontevedra","Galicia","9218074","A Lama","A Lama,Galicia,Spain","Municipality","name+community"
"A Laracha, A Coruña","A Laracha","A Coruña","Galicia","9217126","A Laracha","A Laracha,Galicia,Spain","Municipality","name+community"
"A Merca, Ourense","A Merca","Ourense","Galicia",NA,NA,NA,NA,"unmatched"
"A Mezquita, Ourense","A Mezquita","Ourense","Galicia",NA,NA,NA,NA,"unmatched"
"A Pastoriza, Lugo","A Pastoriza","Lugo","Galicia",NA,NA,NA,NA,"unmatched"
"A Peroxa, Ourense","A Peroxa","Ourense","Galicia",NA,NA,NA,NA,"unmatched"
"A Pobra de Trives, Ourense","A Pobra de Trives","Ourense","Galicia",NA,NA,NA,NA,"unmatched"
"A Pobra do Brollón, Lugo","A Pobra do Brollón","Lugo","Galicia","9219424","A Pobra do Brollon","A Pobra do Brollon,Galicia,Spain","Municipality","name+community"
"A Pobra do Caramiñal, A Coruña","A Pobra do Caramiñal","A Coruña","Galicia","9211551","A Pobra do Caraminal","A Pobra do Caraminal,Galicia,Spain","Municipality","name+community"
"A Pontenova, Lugo","A Pontenova","Lugo","Galicia",NA,NA,NA,NA,"unmatched"
"A Rúa, Ourense","A Rúa","Ourense","Galicia",NA,NA,NA,NA,"unmatched"
"A Teixeira, Ourense","A Teixeira","Ourense","Galicia",NA,NA,NA,NA,"unmatched"
"A Veiga, Ourense","A Veiga","Ourense","Galicia","9216667","A Veiga","A Veiga,Galicia,Spain","Municipality","name+community"
"Ababuj, Teruel","Ababuj","Teruel","Aragón",NA,NA,NA,NA,"unmatched"
"Abades, Segovia","Abades","Segovia","Castilla y León",NA,NA,NA,NA,"unmatched"
"Abadiño, Vizcaya","Abadiño","Vizcaya","País Vasco",NA,NA,NA,NA,"unmatched"
"Abadía, Cáceres","Abadía","Cáceres","Extremadura",NA,NA,NA,NA,"unmatched"
"Abadín, Lugo","Abadín","Lugo","Galicia",NA,NA,NA,NA,"unmatched"
"Abajas, Burgos","Abajas","Burgos","Castilla y León",NA,NA,NA,NA,"unmatched"
"Abaltzisketa, Guipúzcoa","Abaltzisketa","Guipúzcoa","País Vasco",NA,NA,NA,NA,"unmatched"
"Abanilla, Murcia","Abanilla","Murcia","Región de Murcia",NA,NA,NA,NA,"unmatched"
"Abanto y Ciérvana-Abanto Zierben, Vizcaya","Abanto y Ciérvana-Abanto Zierben","Vizcaya","País Vasco",NA,NA,NA,NA,"unmatched"
"Abanto, Zaragoza","Abanto","Zaragoza","Aragón",NA,NA,NA,NA,"unmatched"
"Abarca de Campos, Palencia","Abarca de Campos","Palencia","Castilla y León",NA,NA,NA,NA,"unmatched"
"Abarán, Murcia","Abarán","Murcia","Región de Murcia",NA,NA,NA,NA,"unmatched"
"Abaurregaina, Navarra","Abaurregaina","Navarra","Comunidad Foral de Navarra",NA,NA,NA,NA,"unmatched"
"Abaurrepea, Navarra","Abaurrepea","Navarra","Comunidad Foral de Navarra",NA,NA,NA,NA,"unmatched"
"Abegondo, A Coruña","Abegondo","A Coruña","Galicia","9211455","Abegondo","Abegondo,Galicia,Spain","Municipality","name+community"
"Abejar, Soria","Abejar","Soria","Castilla y León",NA,NA,NA,NA,"unmatched"
"Abejuela, Teruel","Abejuela","Teruel","Aragón",NA,NA,NA,NA,"unmatched"
"Abella de la Conca, Lleida","Abella de la Conca","Lleida","Cataluña",NA,NA,NA,NA,"unmatched"
"Abengibre, Albacete","Abengibre","Albacete","Castilla-La Mancha",NA,NA,NA,NA,"unmatched"
"Abenójar, Ciudad Real","Abenójar","Ciudad Real","Castilla-La Mancha",NA,NA,NA,NA,"unmatched"
"Aberin, Navarra","Aberin","Navarra","Comunidad Foral de Navarra",NA,NA,NA,NA,"unmatched"
"Abertura, Cáceres","Abertura","Cáceres","Extremadura",NA,NA,NA,NA,"unmatched"
"Abezames, Zamora","Abezames","Zamora","Castilla y León",NA,NA,NA,NA,"unmatched"
"Abia de la Obispalía, Cuenca","Abia de la Obispalía","Cuenca","Castilla-La Mancha",NA,NA,NA,NA,"unmatched"
"Abia de las Torres, Palencia","Abia de las Torres","Palencia","Castilla y León",NA,NA,NA,NA,"unmatched"
"Abiego, Huesca","Abiego","Huesca","Aragón",NA,NA,NA,NA,"unmatched"
"Abizanda, Huesca","Abizanda","Huesca","Aragón",NA,NA,NA,NA,"unmatched"
"Abla, Almería","Abla","Almería","Andalucía",NA,NA,NA,NA,"unmatched"
"Ablanque, Guadalajara","Ablanque","Guadalajara","Castilla-La Mancha",NA,NA,NA,NA,"unmatched"
"Ablitas, Navarra","Ablitas","Navarra","Comunidad Foral de Navarra",NA,NA,NA,NA,"unmatched"
"Abrera, Barcelona","Abrera","Barcelona","Cataluña",NA,NA,NA,NA,"unmatched"
"Abrucena, Almería","Abrucena","Almería","Andalucía",NA,NA,NA,NA,"unmatched"
"Abusejo, Salamanca","Abusejo","Salamanca","Castilla y León",NA,NA,NA,NA,"unmatched"
"Abáigar, Navarra","Abáigar","Navarra","Comunidad Foral de Navarra",NA,NA,NA,NA,"unmatched"
"Abánades, Guadalajara","Abánades","Guadalajara","Castilla-La Mancha",NA,NA,NA,NA,"unmatched"
"Abárzuza, Navarra","Abárzuza","Navarra","Comunidad Foral de Navarra",NA,NA,NA,NA,"unmatched"
"Acebedo, León","Acebedo","León","Castilla y León",NA,NA,NA,NA,"unmatched"
"Acebo, Cáceres","Acebo","Cáceres","Extremadura",NA,NA,NA,NA,"unmatched"
"Acedera, Badajoz","Acedera","Badajoz","Extremadura",NA,NA,NA,NA,"unmatched"
"Acehúche, Cáceres","Acehúche","Cáceres","Extremadura",NA,NA,NA,NA,"unmatched"
"Aceituna, Cáceres","Aceituna","Cáceres","Extremadura",NA,NA,NA,NA,"unmatched"
"Acered, Zaragoza","Acered","Zaragoza","Aragón",NA,NA,NA,NA,"unmatched"
"Aceuchal, Badajoz","Aceuchal","Badajoz","Extremadura",NA,NA,NA,NA,"unmatched"
"Adahuesca, Huesca","Adahuesca","Huesca","Aragón",NA,NA,NA,NA,"unmatched"
"Adalia, Valladolid","Adalia","Valladolid","Castilla y León",NA,NA,NA,NA,"unmatched"
"Adamuz, Córdoba","Adamuz","Córdoba","Andalucía",NA,NA,NA,NA,"unmatched"
"Adanero, Ávila","Adanero","Ávila","Castilla y León",NA,NA,NA,NA,"unmatched"
"Adeje, Santa Cruz de Tenerife","Adeje","Santa Cruz de Tenerife","Islas Canarias","9048956","Adeje","Adeje,Canary Islands,Spain","City","name+community"
"Ademuz, Valencia","Ademuz","Valencia","Comunidad Valenciana",NA,NA,NA,NA,"unmatched"
"Adiós, Navarra","Adiós","Navarra","Comunidad Foral de Navarra",NA,NA,NA,NA,"unmatched"
"Adobes, Guadalajara","Adobes","Guadalajara","Castilla-La Mancha",NA,NA,NA,NA,"unmatched"
"Ador, Valencia","Ador","Valencia","Comunidad Valenciana",NA,NA,NA,NA,"unmatched"
"Adra, Almería","Adra","Almería","Andalucía","9048957","Adra","Adra,Andalusia,Spain","City","name+community"
"Adrada de Haza, Burgos","Adrada de Haza","Burgos","Castilla y León",NA,NA,NA,NA,"unmatched"
"Adrada de Pirón, Segovia","Adrada de Pirón","Segovia","Castilla y León",NA,NA,NA,NA,"unmatched"
"Adradas, Soria","Adradas","Soria","Castilla y León",NA,NA,NA,NA,"unmatched"
"Adrados, Segovia","Adrados","Segovia","Castilla y León",NA,NA,NA,NA,"unmatched"
"Adsubia, Alicante","Adsubia","Alicante","Comunidad Valenciana",NA,NA,NA,NA,"unmatched"
"Aduna, Guipúzcoa","Aduna","Guipúzcoa","País Vasco",NA,NA,NA,NA,"unmatched"
"Agaete, Las Palmas","Agaete","Las Palmas","Islas Canarias",NA,NA,NA,NA,"unmatched"
"Agallas, Salamanca","Agallas","Salamanca","Castilla y León",NA,NA,NA,NA,"unmatched"
"Agolada, Pontevedra","Agolada","Pontevedra","Galicia",NA,NA,NA,NA,"unmatched"
"Agoncillo, La Rioja","Agoncillo","La Rioja","La Rioja",NA,NA,NA,NA,"unmatched"
"Agost, Alicante","Agost","Alicante","Comunidad Valenciana",NA,NA,NA,NA,"unmatched"
"Agramunt, Lleida","Agramunt","Lleida","Cataluña",NA,NA,NA,NA,"unmatched"
"Agres, Alicante","Agres","Alicante","Comunidad Valenciana",NA,NA,NA,NA,"unmatched"
"Agrón, Granada","Agrón","Granada","Andalucía",NA,NA,NA,NA,"unmatched"
"Aguadulce, Sevilla","Aguadulce","Sevilla","Andalucía","9048958","Aguadulce","Aguadulce,Andalusia,Spain","City","name+community"
"Aguarón, Zaragoza","Aguarón","Zaragoza","Aragón",NA,NA,NA,NA,"unmatched"
"Aguas Cándidas, Burgos","Aguas Cándidas","Burgos","Castilla y León",NA,NA,NA,NA,"unmatched"
"Aguasal, Valladolid","Aguasal","Valladolid","Castilla y León",NA,NA,NA,NA,"unmatched"
"Aguatón, Teruel","Aguatón","Teruel","Aragón",NA,NA,NA,NA,"unmatched"
"Aguaviva, Teruel","Aguaviva","Teruel","Aragón",NA,NA,NA,NA,"unmatched"
"Agudo, Ciudad Real","Agudo","Ciudad Real","Castilla-La Mancha",NA,NA,NA,NA,"unmatched"
"Aguilafuente, Segovia","Aguilafuente","Segovia","Castilla y León",NA,NA,NA,NA,"unmatched"
"Aguilar de Bureba, Burgos","Aguilar de Bureba","Burgos","Castilla y León",NA,NA,NA,NA,"unmatched"
"Aguilar de Campoo, Palencia","Aguilar de Campoo","Palencia","Castilla y León",NA,NA,NA,NA,"unmatched"
"Aguilar de Campos, Valladolid","Aguilar de Campos","Valladolid","Castilla y León",NA,NA,NA,NA,"unmatched"
"Aguilar de Codés, Navarra","Aguilar de Codés","Navarra","Comunidad Foral de Navarra",NA,NA,NA,NA,"unmatched"
"Aguilar de Segarra, Barcelona","Aguilar de Segarra","Barcelona","Cataluña",NA,NA,NA,NA,"unmatched"
"Aguilar de la Frontera, Córdoba","Aguilar de la Frontera","Córdoba","Andalucía","9257440","Aguilar de la Frontera","Aguilar de la Frontera,Andalusia,Spain","Municipality","name+community"
"Aguilar del Alfambra, Teruel","Aguilar del Alfambra","Teruel","Aragón",NA,NA,NA,NA,"unmatched"
"Aguilar del Río Alhama, La Rioja","Aguilar del Río Alhama","La Rioja","La Rioja",NA,NA,NA,NA,"unmatched"
"Aguilón, Zaragoza","Aguilón","Zaragoza","Aragón",NA,NA,NA,NA,"unmatched"
"Agullana, Girona","Agullana","Girona","Cataluña",NA,NA,NA,NA,"unmatched"
"Agullent, Valencia","Agullent","Valencia","Comunidad Valenciana","1005535","Agullent","Agullent,Valencian Community,Spain","City","name+community"
"Agulo, Santa Cruz de Tenerife","Agulo","Santa Cruz de Tenerife","Islas Canarias",NA,NA,NA,NA,"unmatched"
"Agón, Zaragoza","Agón","Zaragoza","Aragón",NA,NA,NA,NA,"unmatched"
"Agüero, Huesca","Agüero","Huesca","Aragón",NA,NA,NA,NA,"unmatched"
"Agüimes, Las Palmas","Agüimes","Las Palmas","Islas Canarias",NA,NA,NA,NA,"unmatched"
"Ahigal de Villarino, Salamanca","Ahigal de Villarino","Salamanca","Castilla y León",NA,NA,NA,NA,"unmatched"
"Ahigal de los Aceiteros, Salamanca","Ahigal de los Aceiteros","Salamanca","Castilla y León",NA,NA,NA,NA,"unmatched"
"Ahigal, Cáceres","Ahigal","Cáceres","Extremadura",NA,NA,NA,NA,"unmatched"
"Ahillones, Badajoz","Ahillones","Badajoz","Extremadura",NA,NA,NA,NA,"unmatched"
"Aia, Guipúzcoa","Aia","Guipúzcoa","País Vasco",NA,NA,NA,NA,"unmatched"
"Aibar, Navarra","Aibar","Navarra","Comunidad Foral de Navarra",NA,NA,NA,NA,"unmatched"
"Aielo de Malferit, Valencia","Aielo de Malferit","Valencia","Comunidad Valenciana",NA,NA,NA,NA,"unmatched"
"Aielo de Rugat, Valencia","Aielo de Rugat","Valencia","Comunidad Valenciana",NA,NA,NA,NA,"unmatched"
"Aiguafreda, Barcelona","Aiguafreda","Barcelona","Cataluña",NA,NA,NA,NA,"unmatched"
"Aiguamúrcia, Tarragona","Aiguamúrcia","Tarragona","Cataluña",NA,NA,NA,NA,"unmatched"
"Aiguaviva, Girona","Aiguaviva","Girona","Cataluña",NA,NA,NA,NA,"unmatched"
"Aigües, Alicante","Aigües","Alicante","Comunidad Valenciana",NA,NA,NA,NA,"unmatched"
"Ainzón, Zaragoza","Ainzón","Zaragoza","Aragón",NA,NA,NA,NA,"unmatched"
"Aisa, Huesca","Aisa","Huesca","Aragón",NA,NA,NA,NA,"unmatched"
"Aitona, Lleida","Aitona","Lleida","Cataluña",NA,NA,NA,NA,"unmatched"
"Aizarnazabal, Guipúzcoa","Aizarnazabal","Guipúzcoa","País Vasco",NA,NA,NA,NA,"unmatched"
"Ajalvir, Madrid","Ajalvir","Madrid","Comunidad de Madrid","1005486","Ajalvir","Ajalvir,Community of Madrid,Spain","City","name+community"
"Ajamil, La Rioja","Ajamil","La Rioja","La Rioja",NA,NA,NA,NA,"unmatched"
"Ajangiz, Vizcaya","Ajangiz","Vizcaya","País Vasco",NA,NA,NA,NA,"unmatched"
"Ajofrín, Toledo","Ajofrín","Toledo","Castilla-La Mancha",NA,NA,NA,NA,"unmatched"
"Alacón, Teruel","Alacón","Teruel","Aragón",NA,NA,NA,NA,"unmatched"
"Aladrén, Zaragoza","Aladrén","Zaragoza","Aragón",NA,NA,NA,NA,"unmatched"
"Alaejos, Valladolid","Alaejos","Valladolid","Castilla y León",NA,NA,NA,NA,"unmatched"
"Alagón, Zaragoza","Alagón","Zaragoza","Aragón",NA,NA,NA,NA,"unmatched"
"Alaior, Baleares","Alaior","Baleares","Islas Baleares","9209628","Alaior","Alaior,Balearic Islands,Spain","Municipality","name+community"
"Alajeró, Santa Cruz de Tenerife","Alajeró","Santa Cruz de Tenerife","Islas Canarias",NA,NA,NA,NA,"unmatched"
"Alameda de la Sagra, Toledo","Alameda de la Sagra","Toledo","Castilla-La Mancha",NA,NA,NA,NA,"unmatched"
"Alameda del Valle, Madrid","Alameda del Valle","Madrid","Comunidad de Madrid",NA,NA,NA,NA,"unmatched"
"Alameda, Málaga","Alameda","Málaga","Andalucía",NA,NA,NA,NA,"unmatched"
"Alamedilla, Granada","Alamedilla","Granada","Andalucía",NA,NA,NA,NA,"unmatched"
"Alamillo, Ciudad Real","Alamillo","Ciudad Real","Castilla-La Mancha",NA,NA,NA,NA,"unmatched"
"Alaminos, Guadalajara","Alaminos","Guadalajara","Castilla-La Mancha",NA,NA,NA,NA,"unmatched"
"Alange, Badajoz","Alange","Badajoz","Extremadura",NA,NA,NA,NA,"unmatched"
"Alanís, Sevilla","Alanís","Sevilla","Andalucía",NA,NA,NA,NA,"unmatched"
"Alaquàs, Valencia","Alaquàs","Valencia","Comunidad Valenciana","9235468","Alaquas","Alaquas,Valencian Community,Spain","Municipality","name+community"
"Alar del Rey, Palencia","Alar del Rey","Palencia","Castilla y León",NA,NA,NA,NA,"unmatched"
"Alaraz, Salamanca","Alaraz","Salamanca","Castilla y León",NA,NA,NA,NA,"unmatched"
"Alarba, Zaragoza","Alarba","Zaragoza","Aragón",NA,NA,NA,NA,"unmatched"
"Alarcón, Cuenca","Alarcón","Cuenca","Castilla-La Mancha",NA,NA,NA,NA,"unmatched"
"Alarilla, Guadalajara","Alarilla","Guadalajara","Castilla-La Mancha",NA,NA,NA,NA,"unmatched"
"Alaró, Baleares","Alaró","Baleares","Islas Baleares","9211756","Alaro","Alaro,Balearic Islands,Spain","Municipality","name+community"
"Alatoz, Albacete","Alatoz","Albacete","Castilla-La Mancha",NA,NA,NA,NA,"unmatched"
"Alba de Cerrato, Palencia","Alba de Cerrato","Palencia","Castilla y León",NA,NA,NA,NA,"unmatched"
"Alba de Tormes, Salamanca","Alba de Tormes","Salamanca","Castilla y León",NA,NA,NA,NA,"unmatched"
"Alba de Yeltes, Salamanca","Alba de Yeltes","Salamanca","Castilla y León",NA,NA,NA,NA,"unmatched"
"Alba, Teruel","Alba","Teruel","Aragón",NA,NA,NA,NA,"unmatched"
"Albacete, Albacete","Albacete","Albacete","Castilla-La Mancha","9212825","Municipality of Albacete","Municipality of Albacete,Castile-La Mancha,Spain","Municipality","name+community"
"Albaida del Aljarafe, Sevilla","Albaida del Aljarafe","Sevilla","Andalucía",NA,NA,NA,NA,"unmatched"
"Albaida, Valencia","Albaida","Valencia","Comunidad Valenciana",NA,NA,NA,NA,"unmatched"
"Albal, Valencia","Albal","Valencia","Comunidad Valenciana","9233578","Albal","Albal,Valencian Community,Spain","Municipality","name+community"
"Albaladejo del Cuende, Cuenca","Albaladejo del Cuende","Cuenca","Castilla-La Mancha",NA,NA,NA,NA,"unmatched"
"Albaladejo, Ciudad Real","Albaladejo","Ciudad Real","Castilla-La Mancha",NA,NA,NA,NA,"unmatched"
"Albalat de la Ribera, Valencia","Albalat de la Ribera","Valencia","Comunidad Valenciana",NA,NA,NA,NA,"unmatched"
"Albalat dels Sorells, Valencia","Albalat dels Sorells","Valencia","Comunidad Valenciana","9250807","Albalat dels Sorells","Albalat dels Sorells,Valencian Community,Spain","Municipality","name+community"
"Albalat dels Tarongers, Valencia","Albalat dels Tarongers","Valencia","Comunidad Valenciana",NA,NA,NA,NA,"unmatched"
"Albalate de Cinca, Huesca","Albalate de Cinca","Huesca","Aragón",NA,NA,NA,NA,"unmatched"
"Albalate de Zorita, Guadalajara","Albalate de Zorita","Guadalajara","Castilla-La Mancha",NA,NA,NA,NA,"unmatched"
"Albalate de las Nogueras, Cuenca","Albalate de las Nogueras","Cuenca","Castilla-La Mancha",NA,NA,NA,NA,"unmatched"
"Albalate del Arzobispo, Teruel","Albalate del Arzobispo","Teruel","Aragón",NA,NA,NA,NA,"unmatched"
"Albalatillo, Huesca","Albalatillo","Huesca","Aragón",NA,NA,NA,NA,"unmatched"
"Albalá, Cáceres","Albalá","Cáceres","Extremadura",NA,NA,NA,NA,"unmatched"
"Albanchez de Mágina, Jaén","Albanchez de Mágina","Jaén","Andalucía",NA,NA,NA,NA,"unmatched"
"Albanyà, Girona","Albanyà","Girona","Cataluña",NA,NA,NA,NA,"unmatched"
"Albares, Guadalajara","Albares","Guadalajara","Castilla-La Mancha",NA,NA,NA,NA,"unmatched"
"Albarracín, Teruel","Albarracín","Teruel","Aragón",NA,NA,NA,NA,"unmatched"
"Albarreal de Tajo, Toledo","Albarreal de Tajo","Toledo","Castilla-La Mancha",NA,NA,NA,NA,"unmatched"
"Albatana, Albacete","Albatana","Albacete","Castilla-La Mancha",NA,NA,NA,NA,"unmatched"
"Albatera, Alicante","Albatera","Alicante","Comunidad Valenciana","9232058","Albatera","Albatera,Valencian Community,Spain","Municipality","name+community"
"Albatàrrec, Lleida","Albatàrrec","Lleida","Cataluña",NA,NA,NA,NA,"unmatched"
"Albelda de Iregua, La Rioja","Albelda de Iregua","La Rioja","La Rioja",NA,NA,NA,NA,"unmatched"
"Albelda, Huesca","Albelda","Huesca","Aragón",NA,NA,NA,NA,"unmatched"
"Albendea, Cuenca","Albendea","Cuenca","Castilla-La Mancha",NA,NA,NA,NA,"unmatched"
"Albendiego, Guadalajara","Albendiego","Guadalajara","Castilla-La Mancha",NA,NA,NA,NA,"unmatched"
"Albentosa, Teruel","Albentosa","Teruel","Aragón",NA,NA,NA,NA,"unmatched"
"Alberic, Valencia","Alberic","Valencia","Comunidad Valenciana",NA,NA,NA,NA,"unmatched"
"Alberite de San Juan, Zaragoza","Alberite de San Juan","Zaragoza","Aragón",NA,NA,NA,NA,"unmatched"
"Alberite, La Rioja","Alberite","La Rioja","La Rioja",NA,NA,NA,NA,"unmatched"
"Albero Alto, Huesca","Albero Alto","Huesca","Aragón",NA,NA,NA,NA,"unmatched"
"Albero Bajo, Huesca","Albero Bajo","Huesca","Aragón",NA,NA,NA,NA,"unmatched"
"Alberuela de Tubo, Huesca","Alberuela de Tubo","Huesca","Aragón",NA,NA,NA,NA,"unmatched"
"Albesa, Lleida","Albesa","Lleida","Cataluña",NA,NA,NA,NA,"unmatched"
"Albeta, Zaragoza","Albeta","Zaragoza","Aragón",NA,NA,NA,NA,"unmatched"
"Albillos, Burgos","Albillos","Burgos","Castilla y León",NA,NA,NA,NA,"unmatched"
"Albinyana, Tarragona","Albinyana","Tarragona","Cataluña","9209915","Albinyana","Albinyana,Catalonia,Spain","Municipality","name+community"
"Albiztur, Guipúzcoa","Albiztur","Guipúzcoa","País Vasco",NA,NA,NA,NA,"unmatched"
"Albocàsser, Castellón","Albocàsser","Castellón","Comunidad Valenciana",NA,NA,NA,NA,"unmatched"
"Alboloduy, Almería","Alboloduy","Almería","Andalucía",NA,NA,NA,NA,"unmatched"
"Albolote, Granada","Albolote","Granada","Andalucía",NA,NA,NA,NA,"unmatched"
"Albondón, Granada","Albondón","Granada","Andalucía",NA,NA,NA,NA,"unmatched"
"Albons, Girona","Albons","Girona","Cataluña",NA,NA,NA,NA,"unmatched"
"Alborache, Valencia","Alborache","Valencia","Comunidad Valenciana",NA,NA,NA,NA,"unmatched"
"Alboraya, Valencia","Alboraya","Valencia","Comunidad Valenciana","9048962","Alboraya","Alboraya,Valencian Community,Spain","City","name+community"
"Alborea, Albacete","Alborea","Albacete","Castilla-La Mancha",NA,NA,NA,NA,"unmatched"
"Alborge, Zaragoza","Alborge","Zaragoza","Aragón",NA,NA,NA,NA,"unmatched"
"Albornos, Ávila","Albornos","Ávila","Castilla y León",NA,NA,NA,NA,"unmatched"
"Albox, Almería","Albox","Almería","Andalucía",NA,NA,NA,NA,"unmatched"
"Albudeite, Murcia","Albudeite","Murcia","Región de Murcia",NA,NA,NA,NA,"unmatched"
"Albuixech, Valencia","Albuixech","Valencia","Comunidad Valenciana",NA,NA,NA,NA,"unmatched"
"Alburquerque, Badajoz","Alburquerque","Badajoz","Extremadura","9048963","Alburquerque","Alburquerque,Extremadura,Spain","City","name+community"
"Albuñol, Granada","Albuñol","Granada","Andalucía",NA,NA,NA,NA,"unmatched"
"Albuñuelas, Granada","Albuñuelas","Granada","Andalucía",NA,NA,NA,NA,"unmatched"
"Albuñán, Granada","Albuñán","Granada","Andalucía",NA,NA,NA,NA,"unmatched"
"Albánchez, Almería","Albánchez","Almería","Andalucía",NA,NA,NA,NA,"unmatched"
"Alcabón, Toledo","Alcabón","Toledo","Castilla-La Mancha",NA,NA,NA,NA,"unmatched"
"Alcadozo, Albacete","Alcadozo","Albacete","Castilla-La Mancha",NA,NA,NA,NA,"unmatched"
"Alcaine, Teruel","Alcaine","Teruel","Aragón",NA,NA,NA,NA,"unmatched"
"Alcalalí, Alicante","Alcalalí","Alicante","Comunidad Valenciana",NA,NA,NA,NA,"unmatched"
"Alcalà de Xivert, Castellón","Alcalà de Xivert","Castellón","Comunidad Valenciana",NA,NA,NA,NA,"unmatched"
"Alcalá de Ebro, Zaragoza","Alcalá de Ebro","Zaragoza","Aragón",NA,NA,NA,NA,"unmatched"
"Alcalá de Guadaíra, Sevilla","Alcalá de Guadaíra","Sevilla","Andalucía","9048964","Alcala de Guadaira","Alcala de Guadaira,Andalusia,Spain","City","name+community"
"Alcalá de Gurrea, Huesca","Alcalá de Gurrea","Huesca","Aragón",NA,NA,NA,NA,"unmatched"
"Alcalá de Henares, Madrid","Alcalá de Henares","Madrid","Comunidad de Madrid","1005487","Alcala de Henares","Alcala de Henares,Community of Madrid,Spain","City","name+community"
"Alcalá de Moncayo, Zaragoza","Alcalá de Moncayo","Zaragoza","Aragón",NA,NA,NA,NA,"unmatched"
"Alcalá de la Selva, Teruel","Alcalá de la Selva","Teruel","Aragón",NA,NA,NA,NA,"unmatched"
"Alcalá de la Vega, Cuenca","Alcalá de la Vega","Cuenca","Castilla-La Mancha",NA,NA,NA,NA,"unmatched"
"Alcalá de los Gazules, Cádiz","Alcalá de los Gazules","Cádiz","Andalucía",NA,NA,NA,NA,"unmatched"
"Alcalá del Júcar, Albacete","Alcalá del Júcar","Albacete","Castilla-La Mancha",NA,NA,NA,NA,"unmatched"
"Alcalá del Obispo, Huesca","Alcalá del Obispo","Huesca","Aragón",NA,NA,NA,NA,"unmatched"
"Alcalá del Río, Sevilla","Alcalá del Río","Sevilla","Andalucía","9218648","Alcala del Rio","Alcala del Rio,Andalusia,Spain","Municipality","name+community"
"Alcalá del Valle, Cádiz","Alcalá del Valle","Cádiz","Andalucía",NA,NA,NA,NA,"unmatched"
"Alcalá la Real, Jaén","Alcalá la Real","Jaén","Andalucía","1005406","Alcala la Real","Alcala la Real,Andalusia,Spain","City","name+community"
"Alcampell, Huesca","Alcampell","Huesca","Aragón",NA,NA,NA,NA,"unmatched"
"Alcanadre, La Rioja","Alcanadre","La Rioja","La Rioja",NA,NA,NA,NA,"unmatched"
"Alcanar, Tarragona","Alcanar","Tarragona","Cataluña",NA,NA,NA,NA,"unmatched"
"Alcantarilla, Murcia","Alcantarilla","Murcia","Región de Murcia","9048966","Alcantarilla","Alcantarilla,Region of Murcia,Spain","City","name+community"
"Alcantud, Cuenca","Alcantud","Cuenca","Castilla-La Mancha",NA,NA,NA,NA,"unmatched"
"Alcanó, Lleida","Alcanó","Lleida","Cataluña",NA,NA,NA,NA,"unmatched"
"Alcaracejos, Córdoba","Alcaracejos","Córdoba","Andalucía",NA,NA,NA,NA,"unmatched"
"Alcaraz, Albacete","Alcaraz","Albacete","Castilla-La Mancha",NA,NA,NA,NA,"unmatched"
"Alcarràs, Lleida","Alcarràs","Lleida","Cataluña",NA,NA,NA,NA,"unmatched"
"Alcaucín, Málaga","Alcaucín","Málaga","Andalucía",NA,NA,NA,NA,"unmatched"
"Alcaudete de la Jara, Toledo","Alcaudete de la Jara","Toledo","Castilla-La Mancha",NA,NA,NA,NA,"unmatched"
"Alcaudete, Jaén","Alcaudete","Jaén","Andalucía",NA,NA,NA,NA,"unmatched"
"Alcazarén, Valladolid","Alcazarén","Valladolid","Castilla y León",NA,NA,NA,NA,"unmatched"
"Alcañices, Zamora","Alcañices","Zamora","Castilla y León",NA,NA,NA,NA,"unmatched"
"Alcañiz, Teruel","Alcañiz","Teruel","Aragón","9048965","Alcaniz","Alcaniz,Aragon,Spain","City","name+community"
"Alcañizo, Toledo","Alcañizo","Toledo","Castilla-La Mancha",NA,NA,NA,NA,"unmatched"
"Alcoba, Ciudad Real","Alcoba","Ciudad Real","Castilla-La Mancha",NA,NA,NA,NA,"unmatched"
"Alcobendas, Madrid","Alcobendas","Madrid","Comunidad de Madrid","1005488","Alcobendas","Alcobendas,Community of Madrid,Spain","City","name+community"
"Alcocer de Planes, Alicante","Alcocer de Planes","Alicante","Comunidad Valenciana",NA,NA,NA,NA,"unmatched"
"Alcocer, Guadalajara","Alcocer","Guadalajara","Castilla-La Mancha",NA,NA,NA,NA,"unmatched"
"Alcocero de Mola, Burgos","Alcocero de Mola","Burgos","Castilla y León",NA,NA,NA,NA,"unmatched"
"Alcohujate, Cuenca","Alcohujate","Cuenca","Castilla-La Mancha",NA,NA,NA,NA,"unmatched"
"Alcolea de Calatrava, Ciudad Real","Alcolea de Calatrava","Ciudad Real","Castilla-La Mancha",NA,NA,NA,NA,"unmatched"
"Alcolea de Cinca, Huesca","Alcolea de Cinca","Huesca","Aragón",NA,NA,NA,NA,"unmatched"
"Alcolea de Tajo, Toledo","Alcolea de Tajo","Toledo","Castilla-La Mancha",NA,NA,NA,NA,"unmatched"
"Alcolea de las Peñas, Guadalajara","Alcolea de las Peñas","Guadalajara","Castilla-La Mancha",NA,NA,NA,NA,"unmatched"
"Alcolea del Pinar, Guadalajara","Alcolea del Pinar","Guadalajara","Castilla-La Mancha","9222774","Alcolea del Pinar","Alcolea del Pinar,Castile-La Mancha,Spain","Municipality","name+community"
"Alcolea del Río, Sevilla","Alcolea del Río","Sevilla","Andalucía",NA,NA,NA,NA,"unmatched"
"Alcolea, Almería","Alcolea","Almería","Andalucía",NA,NA,NA,NA,"unmatched"
"Alcoleja, Alicante","Alcoleja","Alicante","Comunidad Valenciana",NA,NA,NA,NA,"unmatched"
"Alcoletge, Lleida","Alcoletge","Lleida","Cataluña",NA,NA,NA,NA,"unmatched"
"Alcollarín, Cáceres","Alcollarín","Cáceres","Extremadura",NA,NA,NA,NA,"unmatched"
"Alconaba, Soria","Alconaba","Soria","Castilla y León",NA,NA,NA,NA,"unmatched"
"Alconada de Maderuelo, Segovia","Alconada de Maderuelo","Segovia","Castilla y León",NA,NA,NA,NA,"unmatched"
"Alconada, Salamanca","Alconada","Salamanca","Castilla y León",NA,NA,NA,NA,"unmatched"
"Alconchel de Ariza, Zaragoza","Alconchel de Ariza","Zaragoza","Aragón",NA,NA,NA,NA,"unmatched"
"Alconchel de la Estrella, Cuenca","Alconchel de la Estrella","Cuenca","Castilla-La Mancha",NA,NA,NA,NA,"unmatched"
"Alconchel, Badajoz","Alconchel","Badajoz","Extremadura",NA,NA,NA,NA,"unmatched"
"Alconera, Badajoz","Alconera","Badajoz","Extremadura",NA,NA,NA,NA,"unmatched"
"Alcorcón, Madrid","Alcorcón","Madrid","Comunidad de Madrid","9248073","Alcorcon","Alcorcon,Community of Madrid,Spain","Municipality","name+community"
"Alcorisa, Teruel","Alcorisa","Teruel","Aragón",NA,NA,NA,NA,"unmatched"
"Alcoroches, Guadalajara","Alcoroches","Guadalajara","Castilla-La Mancha",NA,NA,NA,NA,"unmatched"
"Alcover, Tarragona","Alcover","Tarragona","Cataluña","9211565","Alcover","Alcover,Catalonia,Spain","Municipality","name+community"
"Alcoy, Alicante","Alcoy","Alicante","Comunidad Valenciana",NA,NA,NA,NA,"unmatched"
"Alcubierre, Huesca","Alcubierre","Huesca","Aragón",NA,NA,NA,NA,"unmatched"
"Alcubilla de Avellaneda, Soria","Alcubilla de Avellaneda","Soria","Castilla y León",NA,NA,NA,NA,"unmatched"
"Alcubilla de Nogales, Zamora","Alcubilla de Nogales","Zamora","Castilla y León",NA,NA,NA,NA,"unmatched"
"Alcubilla de las Peñas, Soria","Alcubilla de las Peñas","Soria","Castilla y León",NA,NA,NA,NA,"unmatched"
"Alcubillas, Ciudad Real","Alcubillas","Ciudad Real","Castilla-La Mancha",NA,NA,NA,NA,"unmatched"
"Alcublas, Valencia","Alcublas","Valencia","Comunidad Valenciana",NA,NA,NA,NA,"unmatched"
"Alcudia de Monteagud, Almería","Alcudia de Monteagud","Almería","Andalucía",NA,NA,NA,NA,"unmatched"
"Alcudia de Veo, Castellón","Alcudia de Veo","Castellón","Comunidad Valenciana",NA,NA,NA,NA,"unmatched"
"Alcuéscar, Cáceres","Alcuéscar","Cáceres","Extremadura",NA,NA,NA,NA,"unmatched"
"Alcàntera de Xúquer, Valencia","Alcàntera de Xúquer","Valencia","Comunidad Valenciana",NA,NA,NA,NA,"unmatched"
"Alcàsser, Valencia","Alcàsser","Valencia","Comunidad Valenciana","9243147","Alcasser","Alcasser,Valencian Community,Spain","Municipality","name+community"
"Alcántara, Cáceres","Alcántara","Cáceres","Extremadura",NA,NA,NA,NA,"unmatched"
"Alcázar de San Juan, Ciudad Real","Alcázar de San Juan","Ciudad Real","Castilla-La Mancha","9048967","Alcazar de San Juan","Alcazar de San Juan,Castile-La Mancha,Spain","City","name+community"
"Alcázar del Rey, Cuenca","Alcázar del Rey","Cuenca","Castilla-La Mancha",NA,NA,NA,NA,"unmatched"
"Alcóntar, Almería","Alcóntar","Almería","Andalucía","9219347","Alcontar","Alcontar,Andalusia,Spain","Municipality","name+community"
"Alcúdia, Baleares","Alcúdia","Baleares","Islas Baleares","9207155","Alcudia","Alcudia,Balearic Islands,Spain","Municipality","name+community"
"Aldaia, Valencia","Aldaia","Valencia","Comunidad Valenciana","9247183","Aldaia","Aldaia,Valencian Community,Spain","City","name+community"
"Aldea Real, Segovia","Aldea Real","Segovia","Castilla y León",NA,NA,NA,NA,"unmatched"
"Aldea de San Miguel, Valladolid","Aldea de San Miguel","Valladolid","Castilla y León",NA,NA,NA,NA,"unmatched"
"Aldea del Cano, Cáceres","Aldea del Cano","Cáceres","Extremadura",NA,NA,NA,NA,"unmatched"
"Aldea del Fresno, Madrid","Aldea del Fresno","Madrid","Comunidad de Madrid",NA,NA,NA,NA,"unmatched"
"Aldea del Obispo, Salamanca","Aldea del Obispo","Salamanca","Castilla y León",NA,NA,NA,NA,"unmatched"
"Aldea del Rey, Ciudad Real","Aldea del Rey","Ciudad Real","Castilla-La Mancha",NA,NA,NA,NA,"unmatched"
"Aldea en Cabo, Toledo","Aldea en Cabo","Toledo","Castilla-La Mancha",NA,NA,NA,NA,"unmatched"
"Aldeacentenera, Cáceres","Aldeacentenera","Cáceres","Extremadura",NA,NA,NA,NA,"unmatched"
"Aldeacipreste, Salamanca","Aldeacipreste","Salamanca","Castilla y León",NA,NA,NA,NA,"unmatched"
"Aldeadávila de la Ribera, Salamanca","Aldeadávila de la Ribera","Salamanca","Castilla y León",NA,NA,NA,NA,"unmatched"
"Aldealafuente, Soria","Aldealafuente","Soria","Castilla y León",NA,NA,NA,NA,"unmatched"
"Aldealcorvo, Segovia","Aldealcorvo","Segovia","Castilla y León",NA,NA,NA,NA,"unmatched"
"Aldealengua de Pedraza, Segovia","Aldealengua de Pedraza","Segovia","Castilla y León",NA,NA,NA,NA,"unmatched"
"Aldealengua de Santa María, Segovia","Aldealengua de Santa María","Segovia","Castilla y León",NA,NA,NA,NA,"unmatched"
"Aldealengua, Salamanca","Aldealengua","Salamanca","Castilla y León",NA,NA,NA,NA,"unmatched"
"Aldealices, Soria","Aldealices","Soria","Castilla y León",NA,NA,NA,NA,"unmatched"
"Aldealpozo, Soria","Aldealpozo","Soria","Castilla y León",NA,NA,NA,NA,"unmatched"
"Aldealseñor, Soria","Aldealseñor","Soria","Castilla y León",NA,NA,NA,NA,"unmatched"
"Aldeamayor de San Martín, Valladolid","Aldeamayor de San Martín","Valladolid","Castilla y León",NA,NA,NA,NA,"unmatched"
"Aldeanueva de Barbarroya, Toledo","Aldeanueva de Barbarroya","Toledo","Castilla-La Mancha",NA,NA,NA,NA,"unmatched"
"Aldeanueva de Ebro, La Rioja","Aldeanueva de Ebro","La Rioja","La Rioja",NA,NA,NA,NA,"unmatched"
"Aldeanueva de Figueroa, Salamanca","Aldeanueva de Figueroa","Salamanca","Castilla y León",NA,NA,NA,NA,"unmatched"
"Aldeanueva de Guadalajara, Guadalajara","Aldeanueva de Guadalajara","Guadalajara","Castilla-La Mancha",NA,NA,NA,NA,"unmatched"
"Aldeanueva de San Bartolomé, Toledo","Aldeanueva de San Bartolomé","Toledo","Castilla-La Mancha",NA,NA,NA,NA,"unmatched"
"Aldeanueva de Santa Cruz, Ávila","Aldeanueva de Santa Cruz","Ávila","Castilla y León",NA,NA,NA,NA,"unmatched"
"Aldeanueva de la Serrezuela, Segovia","Aldeanueva de la Serrezuela","Segovia","Castilla y León",NA,NA,NA,NA,"unmatched"
"Aldeanueva de la Sierra, Salamanca","Aldeanueva de la Sierra","Salamanca","Castilla y León",NA,NA,NA,NA,"unmatched"
"Aldeanueva de la Vera, Cáceres","Aldeanueva de la Vera","Cáceres","Extremadura",NA,NA,NA,NA,"unmatched"
"Aldeanueva del Camino, Cáceres","Aldeanueva del Camino","Cáceres","Extremadura",NA,NA,NA,NA,"unmatched"
"Aldeanueva del Codonal, Segovia","Aldeanueva del Codonal","Segovia","Castilla y León",NA,NA,NA,NA,"unmatched"
"Aldeaquemada, Jaén","Aldeaquemada","Jaén","Andalucía",NA,NA,NA,NA,"unmatched"
"Aldearrodrigo, Salamanca","Aldearrodrigo","Salamanca","Castilla y León",NA,NA,NA,NA,"unmatched"
"Aldearrubia, Salamanca","Aldearrubia","Salamanca","Castilla y León",NA,NA,NA,NA,"unmatched"
"Aldeaseca de Alba, Salamanca","Aldeaseca de Alba","Salamanca","Castilla y León",NA,NA,NA,NA,"unmatched"
"Aldeaseca de la Frontera, Salamanca","Aldeaseca de la Frontera","Salamanca","Castilla y León",NA,NA,NA,NA,"unmatched"
"Aldeaseca, Ávila","Aldeaseca","Ávila","Castilla y León",NA,NA,NA,NA,"unmatched"
"Aldeasoña, Segovia","Aldeasoña","Segovia","Castilla y León",NA,NA,NA,NA,"unmatched"
"Aldeatejada, Salamanca","Aldeatejada","Salamanca","Castilla y León",NA,NA,NA,NA,"unmatched"
"Aldeavieja de Tormes, Salamanca","Aldeavieja de Tormes","Salamanca","Castilla y León",NA,NA,NA,NA,"unmatched"
"Aldehorno, Segovia","Aldehorno","Segovia","Castilla y León",NA,NA,NA,NA,"unmatched"
"Aldehuela de Jerte, Cáceres","Aldehuela de Jerte","Cáceres","Extremadura",NA,NA,NA,NA,"unmatched"
"Aldehuela de Liestos, Zaragoza","Aldehuela de Liestos","Zaragoza","Aragón",NA,NA,NA,NA,"unmatched"
"Aldehuela de Periáñez, Soria","Aldehuela de Periáñez","Soria","Castilla y León",NA,NA,NA,NA,"unmatched"
"Aldehuela de Yeltes, Salamanca","Aldehuela de Yeltes","Salamanca","Castilla y León",NA,NA,NA,NA,"unmatched"
"Aldehuela de la Bóveda, Salamanca","Aldehuela de la Bóveda","Salamanca","Castilla y León",NA,NA,NA,NA,"unmatched"
"Aldehuela del Codonal, Segovia","Aldehuela del Codonal","Segovia","Castilla y León",NA,NA,NA,NA,"unmatched"
"Aldeire, Granada","Aldeire","Granada","Andalucía",NA,NA,NA,NA,"unmatched"
"Aldeonte, Segovia","Aldeonte","Segovia","Castilla y León",NA,NA,NA,NA,"unmatched"
"Aldover, Tarragona","Aldover","Tarragona","Cataluña",NA,NA,NA,NA,"unmatched"
"Aledo, Murcia","Aledo","Murcia","Región de Murcia",NA,NA,NA,NA,"unmatched"
"Alegia, Guipúzcoa","Alegia","Guipúzcoa","País Vasco",NA,NA,NA,NA,"unmatched"
"Alegría-Dulantzi, Álava","Alegría-Dulantzi","Álava","País Vasco",NA,NA,NA,NA,"unmatched"
"Alella, Barcelona","Alella","Barcelona","Cataluña",NA,NA,NA,NA,"unmatched"
"Alentisque, Soria","Alentisque","Soria","Castilla y León",NA,NA,NA,NA,"unmatched"
"Alerre, Huesca","Alerre","Huesca","Aragón",NA,NA,NA,NA,"unmatched"
"Alesanco, La Rioja","Alesanco","La Rioja","La Rioja",NA,NA,NA,NA,"unmatched"
"Alesón, La Rioja","Alesón","La Rioja","La Rioja",NA,NA,NA,NA,"unmatched"
"Alfacar, Granada","Alfacar","Granada","Andalucía",NA,NA,NA,NA,"unmatched"
"Alfafar, Valencia","Alfafar","Valencia","Comunidad Valenciana","9256364","Alfafar","Alfafar,Valencian Community,Spain","Municipality","name+community"
"Alfafara, Alicante","Alfafara","Alicante","Comunidad Valenciana",NA,NA,NA,NA,"unmatched"
"Alfajarín, Zaragoza","Alfajarín","Zaragoza","Aragón",NA,NA,NA,NA,"unmatched"
"Alfambra, Teruel","Alfambra","Teruel","Aragón",NA,NA,NA,NA,"unmatched"
"Alfamén, Zaragoza","Alfamén","Zaragoza","Aragón",NA,NA,NA,NA,"unmatched"
"Alfara de Algimia, Valencia","Alfara de Algimia","Valencia","Comunidad Valenciana",NA,NA,NA,NA,"unmatched"
"Alfara de Carles, Tarragona","Alfara de Carles","Tarragona","Cataluña",NA,NA,NA,NA,"unmatched"
"Alfara del Patriarca, Valencia","Alfara del Patriarca","Valencia","Comunidad Valenciana",NA,NA,NA,NA,"unmatched"
"Alfaraz de Sayago, Zamora","Alfaraz de Sayago","Zamora","Castilla y León",NA,NA,NA,NA,"unmatched"
"Alfarnate, Málaga","Alfarnate","Málaga","Andalucía",NA,NA,NA,NA,"unmatched"
"Alfarnatejo, Málaga","Alfarnatejo","Málaga","Andalucía",NA,NA,NA,NA,"unmatched"
"Alfaro, La Rioja","Alfaro","La Rioja","La Rioja","9048969","Alfaro","Alfaro,La Rioja,Spain","City","name+community"
"Alfarp, Valencia","Alfarp","Valencia","Comunidad Valenciana",NA,NA,NA,NA,"unmatched"
"Alfarrasí, Valencia","Alfarrasí","Valencia","Comunidad Valenciana",NA,NA,NA,NA,"unmatched"
"Alfarràs, Lleida","Alfarràs","Lleida","Cataluña",NA,NA,NA,NA,"unmatched"
"Alfauir, Valencia","Alfauir","Valencia","Comunidad Valenciana",NA,NA,NA,NA,"unmatched"
"Alfondeguilla, Castellón","Alfondeguilla","Castellón","Comunidad Valenciana",NA,NA,NA,NA,"unmatched"
"Alforja, Tarragona","Alforja","Tarragona","Cataluña",NA,NA,NA,NA,"unmatched"
"Alforque, Zaragoza","Alforque","Zaragoza","Aragón",NA,NA,NA,NA,"unmatched"
"Alfoz de Bricia, Burgos","Alfoz de Bricia","Burgos","Castilla y León",NA,NA,NA,NA,"unmatched"
"Alfoz de Lloredo, Cantabria","Alfoz de Lloredo","Cantabria","Cantabria",NA,NA,NA,NA,"unmatched"
"Alfoz de Quintanadueñas, Burgos","Alfoz de Quintanadueñas","Burgos","Castilla y León",NA,NA,NA,NA,"unmatched"
"Alfoz de Santa Gadea, Burgos","Alfoz de Santa Gadea","Burgos","Castilla y León",NA,NA,NA,NA,"unmatched"
"Alfoz, Lugo","Alfoz","Lugo","Galicia",NA,NA,NA,NA,"unmatched"
"Alfántega, Huesca","Alfántega","Huesca","Aragón",NA,NA,NA,NA,"unmatched"
"Alfés, Lleida","Alfés","Lleida","Cataluña",NA,NA,NA,NA,"unmatched"
"Algadefe, León","Algadefe","León","Castilla y León",NA,NA,NA,NA,"unmatched"
"Algaida, Baleares","Algaida","Baleares","Islas Baleares","9212004","Algaida","Algaida,Balearic Islands,Spain","Municipality","name+community"
"Algar de Mesa, Guadalajara","Algar de Mesa","Guadalajara","Castilla-La Mancha",NA,NA,NA,NA,"unmatched"
"Algar de Palancia, Valencia","Algar de Palancia","Valencia","Comunidad Valenciana",NA,NA,NA,NA,"unmatched"
"Algar, Cádiz","Algar","Cádiz","Andalucía",NA,NA,NA,NA,"unmatched"
"Algarinejo, Granada","Algarinejo","Granada","Andalucía",NA,NA,NA,NA,"unmatched"
"Algarra, Cuenca","Algarra","Cuenca","Castilla-La Mancha",NA,NA,NA,NA,"unmatched"
"Algarrobo, Málaga","Algarrobo","Málaga","Andalucía",NA,NA,NA,NA,"unmatched"
"Algatocín, Málaga","Algatocín","Málaga","Andalucía",NA,NA,NA,NA,"unmatched"
"Algeciras, Cádiz","Algeciras","Cádiz","Andalucía","1005443","Algeciras","Algeciras,Andalusia,Spain","City","name+community"
"Algemesí, Valencia","Algemesí","Valencia","Comunidad Valenciana","9249465","Algemesi","Algemesi,Valencian Community,Spain","Municipality","name+community"
"Algerri, Lleida","Algerri","Lleida","Cataluña",NA,NA,NA,NA,"unmatched"
"Algete, Madrid","Algete","Madrid","Comunidad de Madrid","9048971","Algete","Algete,Community of Madrid,Spain","City","name+community"
"Algimia de Alfara, Valencia","Algimia de Alfara","Valencia","Comunidad Valenciana",NA,NA,NA,NA,"unmatched"
"Algimia de Almonacid, Castellón","Algimia de Almonacid","Castellón","Comunidad Valenciana",NA,NA,NA,NA,"unmatched"
"Alginet, Valencia","Alginet","Valencia","Comunidad Valenciana","9048972","Alginet","Alginet,Valencian Community,Spain","City","name+community"
"Algodonales, Cádiz","Algodonales","Cádiz","Andalucía",NA,NA,NA,NA,"unmatched"
"Algodre, Zamora","Algodre","Zamora","Castilla y León",NA,NA,NA,NA,"unmatched"
"Algora, Guadalajara","Algora","Guadalajara","Castilla-La Mancha",NA,NA,NA,NA,"unmatched"
"Algorfa, Alicante","Algorfa","Alicante","Comunidad Valenciana",NA,NA,NA,NA,"unmatched"
"Alguaire, Lleida","Alguaire","Lleida","Cataluña",NA,NA,NA,NA,"unmatched"
"Alguazas, Murcia","Alguazas","Murcia","Región de Murcia",NA,NA,NA,NA,"unmatched"
"Algueña, Alicante","Algueña","Alicante","Comunidad Valenciana",NA,NA,NA,NA,"unmatched"
"Algámitas, Sevilla","Algámitas","Sevilla","Andalucía",NA,NA,NA,NA,"unmatched"
"Alhabia, Almería","Alhabia","Almería","Andalucía",NA,NA,NA,NA,"unmatched"
"Alhama de Almería, Almería","Alhama de Almería","Almería","Andalucía",NA,NA,NA,NA,"unmatched"
"Alhama de Aragón, Zaragoza","Alhama de Aragón","Zaragoza","Aragón",NA,NA,NA,NA,"unmatched"
"Alhama de Granada, Granada","Alhama de Granada","Granada","Andalucía",NA,NA,NA,NA,"unmatched"
"Alhama de Murcia, Murcia","Alhama de Murcia","Murcia","Región de Murcia","9214530","Alhama de Murcia","Alhama de Murcia,Region of Murcia,Spain","Municipality","name+community"
"Alhambra, Ciudad Real","Alhambra","Ciudad Real","Castilla-La Mancha",NA,NA,NA,NA,"unmatched"
"Alhaurín de la Torre, Málaga","Alhaurín de la Torre","Málaga","Andalucía","9048974","Alhaurin de la Torre","Alhaurin de la Torre,Andalusia,Spain","City","name+community"
"Alhaurín el Grande, Málaga","Alhaurín el Grande","Málaga","Andalucía","9048975","Alhaurin el Grande","Alhaurin el Grande,Andalusia,Spain","City","name+community"
"Alhendín, Granada","Alhendín","Granada","Andalucía","9242051","Alhendin","Alhendin,Andalusia,Spain","Municipality","name+community"
"Alhóndiga, Guadalajara","Alhóndiga","Guadalajara","Castilla-La Mancha",NA,NA,NA,NA,"unmatched"
"Aliaga, Teruel","Aliaga","Teruel","Aragón","9215953","Aliaga","Aliaga,Aragon,Spain","Municipality","name+community"
"Aliaguilla, Cuenca","Aliaguilla","Cuenca","Castilla-La Mancha",NA,NA,NA,NA,"unmatched"
"Alicante, Alicante","Alicante","Alicante","Comunidad Valenciana","9221630","Municipality of Alicante","Municipality of Alicante,Valencian Community,Spain","Municipality","name+community"
"Alicún de Ortega, Granada","Alicún de Ortega","Granada","Andalucía",NA,NA,NA,NA,"unmatched"
"Alicún, Almería","Alicún","Almería","Andalucía",NA,NA,NA,NA,"unmatched"
"Alija del Infantado, León","Alija del Infantado","León","Castilla y León",NA,NA,NA,NA,"unmatched"
"Alins, Lleida","Alins","Lleida","Cataluña",NA,NA,NA,NA,"unmatched"
"Alique, Guadalajara","Alique","Guadalajara","Castilla-La Mancha",NA,NA,NA,NA,"unmatched"
"Aliseda, Cáceres","Aliseda","Cáceres","Extremadura",NA,NA,NA,NA,"unmatched"
"Aliud, Soria","Aliud","Soria","Castilla y León",NA,NA,NA,NA,"unmatched"
"Alió, Tarragona","Alió","Tarragona","Cataluña","9213655","Alio","Alio,Catalonia,Spain","Municipality","name+community"
"Aljaraque, Huelva","Aljaraque","Huelva","Andalucía","9220010","Aljaraque","Aljaraque,Andalusia,Spain","Municipality","name+community"
"Aljucén, Badajoz","Aljucén","Badajoz","Extremadura",NA,NA,NA,NA,"unmatched"
"Alkiza, Guipúzcoa","Alkiza","Guipúzcoa","País Vasco",NA,NA,NA,NA,"unmatched"
"Allande, Asturias","Allande","Asturias","Principado de Asturias",NA,NA,NA,NA,"unmatched"
"Allariz, Ourense","Allariz","Ourense","Galicia",NA,NA,NA,NA,"unmatched"
"Allepuz, Teruel","Allepuz","Teruel","Aragón",NA,NA,NA,NA,"unmatched"
"Aller, Asturias","Aller","Asturias","Principado de Asturias","9212023","Aller","Aller,Asturias,Spain","Municipality","name+community"
"Allo, Navarra","Allo","Navarra","Comunidad Foral de Navarra",NA,NA,NA,NA,"unmatched"
"Alloza, Teruel","Alloza","Teruel","Aragón",NA,NA,NA,NA,"unmatched"
"Allueva, Teruel","Allueva","Teruel","Aragón",NA,NA,NA,NA,"unmatched"
"Allín, Navarra","Allín","Navarra","Comunidad Foral de Navarra",NA,NA,NA,NA,"unmatched"
"Almacelles, Lleida","Almacelles","Lleida","Cataluña",NA,NA,NA,NA,"unmatched"
"Almadenejos, Ciudad Real","Almadenejos","Ciudad Real","Castilla-La Mancha",NA,NA,NA,NA,"unmatched"
"Almadrones, Guadalajara","Almadrones","Guadalajara","Castilla-La Mancha",NA,NA,NA,NA,"unmatched"
"Almadén de la Plata, Sevilla","Almadén de la Plata","Sevilla","Andalucía",NA,NA,NA,NA,"unmatched"
"Almadén, Ciudad Real","Almadén","Ciudad Real","Castilla-La Mancha",NA,NA,NA,NA,"unmatched"
"Almagro, Ciudad Real","Almagro","Ciudad Real","Castilla-La Mancha","9214073","Almagro","Almagro,Castile-La Mancha,Spain","Municipality","name+community"
"Almajano, Soria","Almajano","Soria","Castilla y León",NA,NA,NA,NA,"unmatched"
"Almaluez, Soria","Almaluez","Soria","Castilla y León",NA,NA,NA,NA,"unmatched"
"Almansa, Albacete","Almansa","Albacete","Castilla-La Mancha","9048976","Almansa","Almansa,Castile-La Mancha,Spain","City","name+community"
"Almanza, León","Almanza","León","Castilla y León",NA,NA,NA,NA,"unmatched"
"Almaraz de Duero, Zamora","Almaraz de Duero","Zamora","Castilla y León",NA,NA,NA,NA,"unmatched"
"Almaraz, Cáceres","Almaraz","Cáceres","Extremadura",NA,NA,NA,NA,"unmatched"
"Almargen, Málaga","Almargen","Málaga","Andalucía",NA,NA,NA,NA,"unmatched"
"Almarza de Cameros, La Rioja","Almarza de Cameros","La Rioja","La Rioja",NA,NA,NA,NA,"unmatched"
"Almarza, Soria","Almarza","Soria","Castilla y León",NA,NA,NA,NA,"unmatched"
"Almatret, Lleida","Almatret","Lleida","Cataluña",NA,NA,NA,NA,"unmatched"
"Almazora, Castellón","Almazora","Castellón","Comunidad Valenciana",NA,NA,NA,NA,"unmatched"
"Almazul, Soria","Almazul","Soria","Castilla y León",NA,NA,NA,NA,"unmatched"
"Almazán, Soria","Almazán","Soria","Castilla y León",NA,NA,NA,NA,"unmatched"
"Almedina, Ciudad Real","Almedina","Ciudad Real","Castilla-La Mancha",NA,NA,NA,NA,"unmatched"
"Almedinilla, Córdoba","Almedinilla","Córdoba","Andalucía",NA,NA,NA,NA,"unmatched"
"Almedíjar, Castellón","Almedíjar","Castellón","Comunidad Valenciana",NA,NA,NA,NA,"unmatched"
"Almegíjar, Granada","Almegíjar","Granada","Andalucía",NA,NA,NA,NA,"unmatched"
"Almeida de Sayago, Zamora","Almeida de Sayago","Zamora","Castilla y León",NA,NA,NA,NA,"unmatched"
"Almenar de Soria, Soria","Almenar de Soria","Soria","Castilla y León",NA,NA,NA,NA,"unmatched"
"Almenar, Lleida","Almenar","Lleida","Cataluña",NA,NA,NA,NA,"unmatched"
"Almenara de Adaja, Valladolid","Almenara de Adaja","Valladolid","Castilla y León",NA,NA,NA,NA,"unmatched"
"Almenara de Tormes, Salamanca","Almenara de Tormes","Salamanca","Castilla y León",NA,NA,NA,NA,"unmatched"
"Almenara, Castellón","Almenara","Castellón","Comunidad Valenciana","9221675","Almenara","Almenara,Valencian Community,Spain","Municipality","name+community"
"Almendra, Salamanca","Almendra","Salamanca","Castilla y León",NA,NA,NA,NA,"unmatched"
"Almendral de la Cañada, Toledo","Almendral de la Cañada","Toledo","Castilla-La Mancha",NA,NA,NA,NA,"unmatched"
"Almendral, Badajoz","Almendral","Badajoz","Extremadura",NA,NA,NA,NA,"unmatched"
"Almendralejo, Badajoz","Almendralejo","Badajoz","Extremadura","9048977","Almendralejo","Almendralejo,Extremadura,Spain","City","name+community"
"Almendros, Cuenca","Almendros","Cuenca","Castilla-La Mancha",NA,NA,NA,NA,"unmatched"
"Almensilla, Sevilla","Almensilla","Sevilla","Andalucía",NA,NA,NA,NA,"unmatched"
"Almería, Almería","Almería","Almería","Andalucía","9214022","Municipality of Almeria","Municipality of Almeria,Andalusia,Spain","Municipality","name+community"
"Almiserà, Valencia","Almiserà","Valencia","Comunidad Valenciana",NA,NA,NA,NA,"unmatched"
"Almochuel, Zaragoza","Almochuel","Zaragoza","Aragón",NA,NA,NA,NA,"unmatched"
"Almodóvar del Campo, Ciudad Real","Almodóvar del Campo","Ciudad Real","Castilla-La Mancha",NA,NA,NA,NA,"unmatched"
"Almodóvar del Pinar, Cuenca","Almodóvar del Pinar","Cuenca","Castilla-La Mancha",NA,NA,NA,NA,"unmatched"
"Almodóvar del Río, Córdoba","Almodóvar del Río","Córdoba","Andalucía",NA,NA,NA,NA,"unmatched"
"Almoguera, Guadalajara","Almoguera","Guadalajara","Castilla-La Mancha",NA,NA,NA,NA,"unmatched"
"Almogía, Málaga","Almogía","Málaga","Andalucía",NA,NA,NA,NA,"unmatched"
"Almohaja, Teruel","Almohaja","Teruel","Aragón",NA,NA,NA,NA,"unmatched"
"Almoharín, Cáceres","Almoharín","Cáceres","Extremadura",NA,NA,NA,NA,"unmatched"
"Almoines, Valencia","Almoines","Valencia","Comunidad Valenciana",NA,NA,NA,NA,"unmatched"
"Almonacid de Toledo, Toledo","Almonacid de Toledo","Toledo","Castilla-La Mancha",NA,NA,NA,NA,"unmatched"
"Almonacid de Zorita, Guadalajara","Almonacid de Zorita","Guadalajara","Castilla-La Mancha",NA,NA,NA,NA,"unmatched"
"Almonacid de la Cuba, Zaragoza","Almonacid de la Cuba","Zaragoza","Aragón",NA,NA,NA,NA,"unmatched"
"Almonacid de la Sierra, Zaragoza","Almonacid de la Sierra","Zaragoza","Aragón",NA,NA,NA,NA,"unmatched"
"Almonacid del Marquesado, Cuenca","Almonacid del Marquesado","Cuenca","Castilla-La Mancha",NA,NA,NA,NA,"unmatched"
"Almonaster la Real, Huelva","Almonaster la Real","Huelva","Andalucía","9216587","Almonaster la Real","Almonaster la Real,Andalusia,Spain","Municipality","name+community"
"Almonte, Huelva","Almonte","Huelva","Andalucía","9048978","Almonte","Almonte,Andalusia,Spain","City","name+community"
"Almoradí, Alicante","Almoradí","Alicante","Comunidad Valenciana","9228011","Almoradi","Almoradi,Valencian Community,Spain","Municipality","name+community"
"Almorox, Toledo","Almorox","Toledo","Castilla-La Mancha",NA,NA,NA,NA,"unmatched"
"Almoster, Tarragona","Almoster","Tarragona","Cataluña",NA,NA,NA,NA,"unmatched"
"Almudaina, Alicante","Almudaina","Alicante","Comunidad Valenciana",NA,NA,NA,NA,"unmatched"
"Almudévar, Huesca","Almudévar","Huesca","Aragón",NA,NA,NA,NA,"unmatched"
"Almunia de San Juan, Huesca","Almunia de San Juan","Huesca","Aragón",NA,NA,NA,NA,"unmatched"
"Almuniente, Huesca","Almuniente","Huesca","Aragón",NA,NA,NA,NA,"unmatched"
"Almuradiel, Ciudad Real","Almuradiel","Ciudad Real","Castilla-La Mancha",NA,NA,NA,NA,"unmatched"
"Almussafes, Valencia","Almussafes","Valencia","Comunidad Valenciana","9250409","Almussafes","Almussafes,Valencian Community,Spain","Municipality","name+community"
"Almuñécar, Granada","Almuñécar","Granada","Andalucía","9250734","Almunecar","Almunecar,Andalusia,Spain","Municipality","name+community"
"Almàssera, Valencia","Almàssera","Valencia","Comunidad Valenciana",NA,NA,NA,NA,"unmatched"
"Almáchar, Málaga","Almáchar","Málaga","Andalucía",NA,NA,NA,NA,"unmatched"
"Almócita, Almería","Almócita","Almería","Andalucía",NA,NA,NA,NA,"unmatched"
"Alobras, Teruel","Alobras","Teruel","Aragón",NA,NA,NA,NA,"unmatched"
"Alocén, Guadalajara","Alocén","Guadalajara","Castilla-La Mancha",NA,NA,NA,NA,"unmatched"
"Alonsotegi, Vizcaya","Alonsotegi","Vizcaya","País Vasco",NA,NA,NA,NA,"unmatched"
"Alosno, Huelva","Alosno","Huelva","Andalucía",NA,NA,NA,NA,"unmatched"
"Alovera, Guadalajara","Alovera","Guadalajara","Castilla-La Mancha",NA,NA,NA,NA,"unmatched"
"Alozaina, Málaga","Alozaina","Málaga","Andalucía",NA,NA,NA,NA,"unmatched"
"Alp, Girona","Alp","Girona","Cataluña",NA,NA,NA,NA,"unmatched"
"Alpandeire, Málaga","Alpandeire","Málaga","Andalucía",NA,NA,NA,NA,"unmatched"
"Alpanseque, Soria","Alpanseque","Soria","Castilla y León",NA,NA,NA,NA,"unmatched"
"Alpartir, Zaragoza","Alpartir","Zaragoza","Aragón",NA,NA,NA,NA,"unmatched"
"Alpedrete, Madrid","Alpedrete","Madrid","Comunidad de Madrid","9253181","Alpedrete","Alpedrete,Community of Madrid,Spain","City","name+community"
"Alpens, Barcelona","Alpens","Barcelona","Cataluña",NA,NA,NA,NA,"unmatched"
"Alpera, Albacete","Alpera","Albacete","Castilla-La Mancha",NA,NA,NA,NA,"unmatched"
"Alpeñés, Teruel","Alpeñés","Teruel","Aragón",NA,NA,NA,NA,"unmatched"
"Alpicat, Lleida","Alpicat","Lleida","Cataluña","9234088","Alpicat","Alpicat,Catalonia,Spain","Municipality","name+community"
"Alpuente, Valencia","Alpuente","Valencia","Comunidad Valenciana",NA,NA,NA,NA,"unmatched"
"Alpujarra de la Sierra, Granada","Alpujarra de la Sierra","Granada","Andalucía",NA,NA,NA,NA,"unmatched"
"Alquería de la Condesa, Valencia","Alquería de la Condesa","Valencia","Comunidad Valenciana",NA,NA,NA,NA,"unmatched"
"Alquerías del Niño Perdido, Castellón","Alquerías del Niño Perdido","Castellón","Comunidad Valenciana",NA,NA,NA,NA,"unmatched"
"Alquife, Granada","Alquife","Granada","Andalucía",NA,NA,NA,NA,"unmatched"
"Alquézar, Huesca","Alquézar","Huesca","Aragón",NA,NA,NA,NA,"unmatched"
"Alsodux, Almería","Alsodux","Almería","Andalucía",NA,NA,NA,NA,"unmatched"
"Alt Àneu, Lleida","Alt Àneu","Lleida","Cataluña",NA,NA,NA,NA,"unmatched"
"Altable, Burgos","Altable","Burgos","Castilla y León",NA,NA,NA,NA,"unmatched"
"Altafulla, Tarragona","Altafulla","Tarragona","Cataluña","9208739","Altafulla","Altafulla,Catalonia,Spain","Municipality","name+community"
"Altarejos, Cuenca","Altarejos","Cuenca","Castilla-La Mancha",NA,NA,NA,NA,"unmatched"
"Altea, Alicante","Altea","Alicante","Comunidad Valenciana","9048980","Altea","Altea,Valencian Community,Spain","City","name+community"
"Altorricón, Huesca","Altorricón","Huesca","Aragón",NA,NA,NA,NA,"unmatched"
"Altsasu, Navarra","Altsasu","Navarra","Comunidad Foral de Navarra",NA,NA,NA,NA,"unmatched"
"Altura, Castellón","Altura","Castellón","Comunidad Valenciana",NA,NA,NA,NA,"unmatched"
"Altzaga, Guipúzcoa","Altzaga","Guipúzcoa","País Vasco",NA,NA,NA,NA,"unmatched"
"Altzo, Guipúzcoa","Altzo","Guipúzcoa","País Vasco",NA,NA,NA,NA,"unmatched"
"Alustante, Guadalajara","Alustante","Guadalajara","Castilla-La Mancha",NA,NA,NA,NA,"unmatched"
"Alzira, Valencia","Alzira","Valencia","Comunidad Valenciana","9048981","Alzira","Alzira,Valencian Community,Spain","City","name+community"
"Alàs i Cerc, Lleida","Alàs i Cerc","Lleida","Cataluña",NA,NA,NA,NA,"unmatched"
"Alájar, Huelva","Alájar","Huelva","Andalucía",NA,NA,NA,NA,"unmatched"
"Alía, Cáceres","Alía","Cáceres","Extremadura",NA,NA,NA,NA,"unmatched"
"Alòs de Balaguer, Lleida","Alòs de Balaguer","Lleida","Cataluña",NA,NA,NA,NA,"unmatched"
"Amavida, Ávila","Amavida","Ávila","Castilla y León",NA,NA,NA,NA,"unmatched"
"Amayuelas de Arriba, Palencia","Amayuelas de Arriba","Palencia","Castilla y León",NA,NA,NA,NA,"unmatched"
"Ambel, Zaragoza","Ambel","Zaragoza","Aragón",NA,NA,NA,NA,"unmatched"
"Ambite, Madrid","Ambite","Madrid","Comunidad de Madrid",NA,NA,NA,NA,"unmatched"
"Amer, Girona","Amer","Girona","Cataluña",NA,NA,NA,NA,"unmatched"
"Ames, A Coruña","Ames","A Coruña","Galicia","9211638","Ames","Ames,Galicia,Spain","Municipality","name+community"
"Ameyugo, Burgos","Ameyugo","Burgos","Castilla y León",NA,NA,NA,NA,"unmatched"
"Amezketa, Guipúzcoa","Amezketa","Guipúzcoa","País Vasco",NA,NA,NA,NA,"unmatched"
"Amieva, Asturias","Amieva","Asturias","Principado de Asturias",NA,NA,NA,NA,"unmatched"
"Amoeiro, Ourense","Amoeiro","Ourense","Galicia",NA,NA,NA,NA,"unmatched"
"Amorebieta-Etxano, Vizcaya","Amorebieta-Etxano","Vizcaya","País Vasco","9214529","Amorebieta-Etxano","Amorebieta-Etxano,Basque Country,Spain","Municipality","name+community"
"Amoroto, Vizcaya","Amoroto","Vizcaya","País Vasco",NA,NA,NA,NA,"unmatched"
"Amposta, Tarragona","Amposta","Tarragona","Cataluña","9220842","Amposta","Amposta,Catalonia,Spain","Municipality","name+community"
"Ampudia, Palencia","Ampudia","Palencia","Castilla y León",NA,NA,NA,NA,"unmatched"
"Ampuero, Cantabria","Ampuero","Cantabria","Cantabria",NA,NA,NA,NA,"unmatched"
"Amurrio, Álava","Amurrio","Álava","País Vasco","9216537","Amurrio","Amurrio,Basque Country,Spain","Municipality","name+community"
"Amusco, Palencia","Amusco","Palencia","Castilla y León",NA,NA,NA,NA,"unmatched"
"Amusquillo, Valladolid","Amusquillo","Valladolid","Castilla y León",NA,NA,NA,NA,"unmatched"
"Améscoa Baja, Navarra","Améscoa Baja","Navarra","Comunidad Foral de Navarra",NA,NA,NA,NA,"unmatched"
"Anadón, Teruel","Anadón","Teruel","Aragón",NA,NA,NA,NA,"unmatched"
"Anaya de Alba, Salamanca","Anaya de Alba","Salamanca","Castilla y León",NA,NA,NA,NA,"unmatched"
"Anaya, Segovia","Anaya","Segovia","Castilla y León",NA,NA,NA,NA,"unmatched"
"Anchuelo, Madrid","Anchuelo","Madrid","Comunidad de Madrid",NA,NA,NA,NA,"unmatched"
"Anchuras, Ciudad Real","Anchuras","Ciudad Real","Castilla-La Mancha",NA,NA,NA,NA,"unmatched"
"Ancín, Navarra","Ancín","Navarra","Comunidad Foral de Navarra",NA,NA,NA,NA,"unmatched"
"Andavías, Zamora","Andavías","Zamora","Castilla y León",NA,NA,NA,NA,"unmatched"
"Andilla, Valencia","Andilla","Valencia","Comunidad Valenciana",NA,NA,NA,NA,"unmatched"
"Andoain, Guipúzcoa","Andoain","Guipúzcoa","País Vasco","9258100","Andoain","Andoain,Basque Country,Spain","Municipality","name+community"
"Andorra, Teruel","Andorra","Teruel","Aragón",NA,NA,NA,NA,"unmatched"
"Andosilla, Navarra","Andosilla","Navarra","Comunidad Foral de Navarra",NA,NA,NA,NA,"unmatched"
"Andratx, Baleares","Andratx","Baleares","Islas Baleares","9220433","Andratx","Andratx,Balearic Islands,Spain","Municipality","name+community"
"Andújar, Jaén","Andújar","Jaén","Andalucía","9048985","Andujar","Andujar,Andalusia,Spain","City","name+community"
"Anento, Zaragoza","Anento","Zaragoza","Aragón",NA,NA,NA,NA,"unmatched"
"Anglesola, Lleida","Anglesola","Lleida","Cataluña",NA,NA,NA,NA,"unmatched"
"Anglès, Girona","Anglès","Girona","Cataluña","9243882","Angles","Angles,Catalonia,Spain","Municipality","name+community"
"Anguciana, La Rioja","Anguciana","La Rioja","La Rioja",NA,NA,NA,NA,"unmatched"
"Anguiano, La Rioja","Anguiano","La Rioja","La Rioja",NA,NA,NA,NA,"unmatched"
"Anguita, Guadalajara","Anguita","Guadalajara","Castilla-La Mancha",NA,NA,NA,NA,"unmatched"
"Anguix, Burgos","Anguix","Burgos","Castilla y León",NA,NA,NA,NA,"unmatched"
"Angón, Guadalajara","Angón","Guadalajara","Castilla-La Mancha",NA,NA,NA,NA,"unmatched"
"Angüés, Huesca","Angüés","Huesca","Aragón",NA,NA,NA,NA,"unmatched"
"Anievas, Cantabria","Anievas","Cantabria","Cantabria",NA,NA,NA,NA,"unmatched"
"Aniñón, Zaragoza","Aniñón","Zaragoza","Aragón",NA,NA,NA,NA,"unmatched"
"Anna, Valencia","Anna","Valencia","Comunidad Valenciana",NA,NA,NA,NA,"unmatched"
"Anoeta, Guipúzcoa","Anoeta","Guipúzcoa","País Vasco",NA,NA,NA,NA,"unmatched"
"Anquela del Ducado, Guadalajara","Anquela del Ducado","Guadalajara","Castilla-La Mancha",NA,NA,NA,NA,"unmatched"
"Anquela del Pedregal, Guadalajara","Anquela del Pedregal","Guadalajara","Castilla-La Mancha",NA,NA,NA,NA,"unmatched"
"Ansoáin, Navarra","Ansoáin","Navarra","Comunidad Foral de Navarra",NA,NA,NA,NA,"unmatched"
"Ansó, Huesca","Ansó","Huesca","Aragón",NA,NA,NA,NA,"unmatched"
"Antas de Ulla, Lugo","Antas de Ulla","Lugo","Galicia","9210369","Antas de Ulla","Antas de Ulla,Galicia,Spain","Municipality","name+community"
"Antas, Almería","Antas","Almería","Andalucía",NA,NA,NA,NA,"unmatched"
"Antella, Valencia","Antella","Valencia","Comunidad Valenciana",NA,NA,NA,NA,"unmatched"
"Antequera, Málaga","Antequera","Málaga","Andalucía","9196308","Antequera","Antequera,Andalusia,Spain","City","name+community"
"Antigua, Las Palmas","Antigua","Las Palmas","Islas Canarias",NA,NA,NA,NA,"unmatched"
"Antigüedad, Palencia","Antigüedad","Palencia","Castilla y León",NA,NA,NA,NA,"unmatched"
"Antillón, Huesca","Antillón","Huesca","Aragón",NA,NA,NA,NA,"unmatched"
"Antzuola, Guipúzcoa","Antzuola","Guipúzcoa","País Vasco",NA,NA,NA,NA,"unmatched"
"Anue, Navarra","Anue","Navarra","Comunidad Foral de Navarra",NA,NA,NA,NA,"unmatched"
"Aoiz, Navarra","Aoiz","Navarra","Comunidad Foral de Navarra",NA,NA,NA,NA,"unmatched"
"Arabayona de Mógica, Salamanca","Arabayona de Mógica","Salamanca","Castilla y León",NA,NA,NA,NA,"unmatched"
"Aracena, Huelva","Aracena","Huelva","Andalucía",NA,NA,NA,NA,"unmatched"
"Arafo, Santa Cruz de Tenerife","Arafo","Santa Cruz de Tenerife","Islas Canarias",NA,NA,NA,NA,"unmatched"
"Aragüés del Puerto, Huesca","Aragüés del Puerto","Huesca","Aragón",NA,NA,NA,NA,"unmatched"
"Arahal, Sevilla","Arahal","Sevilla","Andalucía","9261372","Arahal","Arahal,Andalusia,Spain","Municipality","name+community"
"Arahuetes, Segovia","Arahuetes","Segovia","Castilla y León",NA,NA,NA,NA,"unmatched"
"Araitz, Navarra","Araitz","Navarra","Comunidad Foral de Navarra",NA,NA,NA,NA,"unmatched"
"Arakaldo, Vizcaya","Arakaldo","Vizcaya","País Vasco",NA,NA,NA,NA,"unmatched"
"Arakil, Navarra","Arakil","Navarra","Comunidad Foral de Navarra",NA,NA,NA,NA,"unmatched"
"Arama, Guipúzcoa","Arama","Guipúzcoa","País Vasco",NA,NA,NA,NA,"unmatched"
"Aramaio, Álava","Aramaio","Álava","País Vasco",NA,NA,NA,NA,"unmatched"
"Aranarache, Navarra","Aranarache","Navarra","Comunidad Foral de Navarra",NA,NA,NA,NA,"unmatched"
"Arancón, Soria","Arancón","Soria","Castilla y León",NA,NA,NA,NA,"unmatched"
"Aranda de Duero, Burgos","Aranda de Duero","Burgos","Castilla y León","1005448","Aranda de Duero","Aranda de Duero,Castile and Leon,Spain","City","name+community"
"Aranda de Moncayo, Zaragoza","Aranda de Moncayo","Zaragoza","Aragón",NA,NA,NA,NA,"unmatched"
"Arandilla del Arroyo, Cuenca","Arandilla del Arroyo","Cuenca","Castilla-La Mancha",NA,NA,NA,NA,"unmatched"
"Arandilla, Burgos","Arandilla","Burgos","Castilla y León",NA,NA,NA,NA,"unmatched"
"Aranga, A Coruña","Aranga","A Coruña","Galicia",NA,NA,NA,NA,"unmatched"
"Aranguren, Navarra","Aranguren","Navarra","Comunidad Foral de Navarra",NA,NA,NA,NA,"name only (rejected)"
"Aranjuez, Madrid","Aranjuez","Madrid","Comunidad de Madrid","9048987","Aranjuez","Aranjuez,Community of Madrid,Spain","City","name+community"
"Arano, Navarra","Arano","Navarra","Comunidad Foral de Navarra",NA,NA,NA,NA,"unmatched"
"Arantza, Navarra","Arantza","Navarra","Comunidad Foral de Navarra",NA,NA,NA,NA,"unmatched"
"Arantzazu, Vizcaya","Arantzazu","Vizcaya","País Vasco",NA,NA,NA,NA,"unmatched"
"Aranzueque, Guadalajara","Aranzueque","Guadalajara","Castilla-La Mancha",NA,NA,NA,NA,"unmatched"
"Arapiles, Salamanca","Arapiles","Salamanca","Castilla y León",NA,NA,NA,NA,"unmatched"
"Aras de los Olmos, Valencia","Aras de los Olmos","Valencia","Comunidad Valenciana",NA,NA,NA,NA,"unmatched"
"Aras, Navarra","Aras","Navarra","Comunidad Foral de Navarra",NA,NA,NA,NA,"unmatched"
"Arauzo de Miel, Burgos","Arauzo de Miel","Burgos","Castilla y León",NA,NA,NA,NA,"unmatched"
"Arauzo de Salce, Burgos","Arauzo de Salce","Burgos","Castilla y León",NA,NA,NA,NA,"unmatched"
"Arauzo de Torre, Burgos","Arauzo de Torre","Burgos","Castilla y León",NA,NA,NA,NA,"unmatched"
"Arañuel, Castellón","Arañuel","Castellón","Comunidad Valenciana",NA,NA,NA,NA,"unmatched"
"Arbancón, Guadalajara","Arbancón","Guadalajara","Castilla-La Mancha",NA,NA,NA,NA,"unmatched"
"Arbeca, Lleida","Arbeca","Lleida","Cataluña",NA,NA,NA,NA,"unmatched"
"Arbeteta, Guadalajara","Arbeteta","Guadalajara","Castilla-La Mancha",NA,NA,NA,NA,"unmatched"
"Arbizu, Navarra","Arbizu","Navarra","Comunidad Foral de Navarra",NA,NA,NA,NA,"unmatched"
"Arbo, Pontevedra","Arbo","Pontevedra","Galicia",NA,NA,NA,NA,"unmatched"
"Arboleas, Almería","Arboleas","Almería","Andalucía","9048988","Arboleas","Arboleas,Andalusia,Spain","City","name+community"
"Arbolí, Tarragona","Arbolí","Tarragona","Cataluña",NA,NA,NA,NA,"unmatched"
"Arbúcies, Girona","Arbúcies","Girona","Cataluña",NA,NA,NA,NA,"unmatched"
"Arcas del Villar, Cuenca","Arcas del Villar","Cuenca","Castilla-La Mancha",NA,NA,NA,NA,"unmatched"
"Arce, Navarra","Arce","Navarra","Comunidad Foral de Navarra",NA,NA,NA,NA,"unmatched"
"Arcediano, Salamanca","Arcediano","Salamanca","Castilla y León",NA,NA,NA,NA,"unmatched"
"Arcenillas, Zamora","Arcenillas","Zamora","Castilla y León",NA,NA,NA,NA,"unmatched"
"Archena, Murcia","Archena","Murcia","Región de Murcia","9048989","Archena","Archena,Region of Murcia,Spain","City","name+community"
"Archidona, Málaga","Archidona","Málaga","Andalucía",NA,NA,NA,NA,"unmatched"
"Arcicóllar, Toledo","Arcicóllar","Toledo","Castilla-La Mancha",NA,NA,NA,NA,"unmatched"
"Arconada, Palencia","Arconada","Palencia","Castilla y León",NA,NA,NA,NA,"unmatched"
"Arcones, Segovia","Arcones","Segovia","Castilla y León",NA,NA,NA,NA,"unmatched"
"Arcos de Jalón, Soria","Arcos de Jalón","Soria","Castilla y León",NA,NA,NA,NA,"unmatched"
"Arcos de la Frontera, Cádiz","Arcos de la Frontera","Cádiz","Andalucía","9048990","Arcos de la Frontera","Arcos de la Frontera,Andalusia,Spain","City","name+community"
"Arcos de la Polvorosa, Zamora","Arcos de la Polvorosa","Zamora","Castilla y León",NA,NA,NA,NA,"unmatched"
"Arcos de la Sierra, Cuenca","Arcos de la Sierra","Cuenca","Castilla-La Mancha",NA,NA,NA,NA,"unmatched"
"Arcos de las Salinas, Teruel","Arcos de las Salinas","Teruel","Aragón",NA,NA,NA,NA,"unmatched"
"Arcos, Burgos","Arcos","Burgos","Castilla y León",NA,NA,NA,NA,"unmatched"
"Ardales, Málaga","Ardales","Málaga","Andalucía",NA,NA,NA,NA,"unmatched"
"Ardisa, Zaragoza","Ardisa","Zaragoza","Aragón",NA,NA,NA,NA,"unmatched"
"Ardón, León","Ardón","León","Castilla y León",NA,NA,NA,NA,"unmatched"
"Areatza, Vizcaya","Areatza","Vizcaya","País Vasco",NA,NA,NA,NA,"unmatched"
"Arellano, Navarra","Arellano","Navarra","Comunidad Foral de Navarra",NA,NA,NA,NA,"unmatched"
"Arenales de San Gregorio, Ciudad Real","Arenales de San Gregorio","Ciudad Real","Castilla-La Mancha",NA,NA,NA,NA,"unmatched"
"Arenas de Iguña, Cantabria","Arenas de Iguña","Cantabria","Cantabria","9216474","Arenas de Iguna","Arenas de Iguna,Cantabria,Spain","Municipality","name+community"
"Arenas de San Juan, Ciudad Real","Arenas de San Juan","Ciudad Real","Castilla-La Mancha",NA,NA,NA,NA,"unmatched"
"Arenas de San Pedro, Ávila","Arenas de San Pedro","Ávila","Castilla y León",NA,NA,NA,NA,"unmatched"
"Arenas del Rey, Granada","Arenas del Rey","Granada","Andalucía",NA,NA,NA,NA,"unmatched"
"Arenas, Málaga","Arenas","Málaga","Andalucía",NA,NA,NA,NA,"unmatched"
"Arenillas de Riopisuerga, Burgos","Arenillas de Riopisuerga","Burgos","Castilla y León",NA,NA,NA,NA,"unmatched"
"Arenillas, Soria","Arenillas","Soria","Castilla y León",NA,NA,NA,NA,"unmatched"
"Arens de Lledó, Teruel","Arens de Lledó","Teruel","Aragón",NA,NA,NA,NA,"unmatched"
"Arenys de Mar, Barcelona","Arenys de Mar","Barcelona","Cataluña","9197283","Arenys de Mar","Arenys de Mar,Catalonia,Spain","City","name+community"
"Arenys de Munt, Barcelona","Arenys de Munt","Barcelona","Cataluña",NA,NA,NA,NA,"unmatched"
"Arenzana de Abajo, La Rioja","Arenzana de Abajo","La Rioja","La Rioja",NA,NA,NA,NA,"unmatched"
"Arenzana de Arriba, La Rioja","Arenzana de Arriba","La Rioja","La Rioja",NA,NA,NA,NA,"unmatched"
"Ares del Maestre, Castellón","Ares del Maestre","Castellón","Comunidad Valenciana",NA,NA,NA,NA,"unmatched"
"Ares, A Coruña","Ares","A Coruña","Galicia",NA,NA,NA,NA,"unmatched"
"Areso, Navarra","Areso","Navarra","Comunidad Foral de Navarra",NA,NA,NA,NA,"unmatched"
"Aretxabaleta, Guipúzcoa","Aretxabaleta","Guipúzcoa","País Vasco",NA,NA,NA,NA,"unmatched"
"Arevalillo de Cega, Segovia","Arevalillo de Cega","Segovia","Castilla y León",NA,NA,NA,NA,"unmatched"
"Arevalillo, Ávila","Arevalillo","Ávila","Castilla y León",NA,NA,NA,NA,"unmatched"
"Argamasilla de Alba, Ciudad Real","Argamasilla de Alba","Ciudad Real","Castilla-La Mancha",NA,NA,NA,NA,"unmatched"
"Argamasilla de Calatrava, Ciudad Real","Argamasilla de Calatrava","Ciudad Real","Castilla-La Mancha",NA,NA,NA,NA,"unmatched"
"Arganda del Rey, Madrid","Arganda del Rey","Madrid","Comunidad de Madrid","9048991","Arganda del Rey","Arganda del Rey,Community of Madrid,Spain","City","name+community"
"Arganza, León","Arganza","León","Castilla y León",NA,NA,NA,NA,"unmatched"
"Argavieso, Huesca","Argavieso","Huesca","Aragón",NA,NA,NA,NA,"unmatched"
"Argañín, Zamora","Argañín","Zamora","Castilla y León",NA,NA,NA,NA,"unmatched"
"Argecilla, Guadalajara","Argecilla","Guadalajara","Castilla-La Mancha",NA,NA,NA,NA,"unmatched"
"Argelaguer, Girona","Argelaguer","Girona","Cataluña",NA,NA,NA,NA,"unmatched"
"Argelita, Castellón","Argelita","Castellón","Comunidad Valenciana",NA,NA,NA,NA,"unmatched"
"Argente, Teruel","Argente","Teruel","Aragón",NA,NA,NA,NA,"unmatched"
"Argentona, Barcelona","Argentona","Barcelona","Cataluña",NA,NA,NA,NA,"unmatched"
"Argençola, Barcelona","Argençola","Barcelona","Cataluña",NA,NA,NA,NA,"unmatched"
"Argoños, Cantabria","Argoños","Cantabria","Cantabria",NA,NA,NA,NA,"unmatched"
"Arguedas, Navarra","Arguedas","Navarra","Comunidad Foral de Navarra",NA,NA,NA,NA,"unmatched"
"Arguis, Huesca","Arguis","Huesca","Aragón",NA,NA,NA,NA,"unmatched"
"Arguisuelas, Cuenca","Arguisuelas","Cuenca","Castilla-La Mancha",NA,NA,NA,NA,"unmatched"
"Argujillo, Zamora","Argujillo","Zamora","Castilla y León",NA,NA,NA,NA,"unmatched"
"Argés, Toledo","Argés","Toledo","Castilla-La Mancha",NA,NA,NA,NA,"unmatched"
"Aria, Navarra","Aria","Navarra","Comunidad Foral de Navarra",NA,NA,NA,NA,"unmatched"
"Ariany, Baleares","Ariany","Baleares","Islas Baleares","9221284","Ariany","Ariany,Balearic Islands,Spain","Municipality","name+community"
"Aribe, Navarra","Aribe","Navarra","Comunidad Foral de Navarra",NA,NA,NA,NA,"unmatched"
"Arico, Santa Cruz de Tenerife","Arico","Santa Cruz de Tenerife","Islas Canarias",NA,NA,NA,NA,"unmatched"
"Arija, Burgos","Arija","Burgos","Castilla y León",NA,NA,NA,NA,"unmatched"
"Ariza, Zaragoza","Ariza","Zaragoza","Aragón",NA,NA,NA,NA,"unmatched"
"Ariño, Teruel","Ariño","Teruel","Aragón",NA,NA,NA,NA,"unmatched"
"Arjona, Jaén","Arjona","Jaén","Andalucía",NA,NA,NA,NA,"unmatched"
"Arjonilla, Jaén","Arjonilla","Jaén","Andalucía",NA,NA,NA,NA,"unmatched"
"Arlanzón, Burgos","Arlanzón","Burgos","Castilla y León",NA,NA,NA,NA,"unmatched"
"Armallones, Guadalajara","Armallones","Guadalajara","Castilla-La Mancha",NA,NA,NA,NA,"unmatched"
"Armañanzas, Navarra","Armañanzas","Navarra","Comunidad Foral de Navarra",NA,NA,NA,NA,"unmatched"
"Armenteros, Salamanca","Armenteros","Salamanca","Castilla y León",NA,NA,NA,NA,"unmatched"
"Armilla, Granada","Armilla","Granada","Andalucía","9238021","Armilla","Armilla,Andalusia,Spain","Municipality","name+community"
"Armiñón, Álava","Armiñón","Álava","País Vasco",NA,NA,NA,NA,"unmatched"
"Armuña de Almanzora, Almería","Armuña de Almanzora","Almería","Andalucía",NA,NA,NA,NA,"unmatched"
"Armuña de Tajuña, Guadalajara","Armuña de Tajuña","Guadalajara","Castilla-La Mancha",NA,NA,NA,NA,"unmatched"
"Armuña, Segovia","Armuña","Segovia","Castilla y León",NA,NA,NA,NA,"unmatched"
"Arnedillo, La Rioja","Arnedillo","La Rioja","La Rioja",NA,NA,NA,NA,"unmatched"
"Arnedo, La Rioja","Arnedo","La Rioja","La Rioja","1005484","Arnedo","Arnedo,La Rioja,Spain","City","name+community"
"Arnes, Tarragona","Arnes","Tarragona","Cataluña",NA,NA,NA,NA,"unmatched"
"Arnuero, Cantabria","Arnuero","Cantabria","Cantabria",NA,NA,NA,NA,"unmatched"
"Aroche, Huelva","Aroche","Huelva","Andalucía",NA,NA,NA,NA,"unmatched"
"Arona, Santa Cruz de Tenerife","Arona","Santa Cruz de Tenerife","Islas Canarias","1005461","Arona","Arona,Canary Islands,Spain","City","name+community"
"Arquillinos, Zamora","Arquillinos","Zamora","Castilla y León",NA,NA,NA,NA,"unmatched"
"Arquillos, Jaén","Arquillos","Jaén","Andalucía",NA,NA,NA,NA,"unmatched"
"Arrabalde, Zamora","Arrabalde","Zamora","Castilla y León",NA,NA,NA,NA,"unmatched"
"Arraia-Maeztu, Álava","Arraia-Maeztu","Álava","País Vasco",NA,NA,NA,NA,"unmatched"
"Arrancacepas, Cuenca","Arrancacepas","Cuenca","Castilla-La Mancha",NA,NA,NA,NA,"unmatched"
"Arrankudiaga, Vizcaya","Arrankudiaga","Vizcaya","País Vasco",NA,NA,NA,NA,"unmatched"
"Arrasate, Guipúzcoa","Arrasate","Guipúzcoa","País Vasco",NA,NA,NA,NA,"unmatched"
"Arratzu, Vizcaya","Arratzu","Vizcaya","País Vasco","9219388","Arratzu","Arratzu,Basque Country,Spain","Municipality","name+community"
"Arraya de Oca, Burgos","Arraya de Oca","Burgos","Castilla y León",NA,NA,NA,NA,"unmatched"
"Arrazua-Ubarrundia, Álava","Arrazua-Ubarrundia","Álava","País Vasco",NA,NA,NA,NA,"unmatched"
"Arrecife, Las Palmas","Arrecife","Las Palmas","Islas Canarias","9048993","Arrecife","Arrecife,Canary Islands,Spain","City","name+community"
"Arredondo, Cantabria","Arredondo","Cantabria","Cantabria",NA,NA,NA,NA,"unmatched"
"Arres, Lleida","Arres","Lleida","Cataluña",NA,NA,NA,NA,"unmatched"
"Arriate, Málaga","Arriate","Málaga","Andalucía",NA,NA,NA,NA,"unmatched"
"Arrieta, Vizcaya","Arrieta","Vizcaya","País Vasco",NA,NA,NA,NA,"unmatched"
"Arrigorriaga, Vizcaya","Arrigorriaga","Vizcaya","País Vasco","9214726","Arrigorriaga","Arrigorriaga,Basque Country,Spain","Municipality","name+community"
"Arroba de los Montes, Ciudad Real","Arroba de los Montes","Ciudad Real","Castilla-La Mancha",NA,NA,NA,NA,"unmatched"
"Arroyo de San Serván, Badajoz","Arroyo de San Serván","Badajoz","Extremadura",NA,NA,NA,NA,"unmatched"
"Arroyo de la Encomienda, Valladolid","Arroyo de la Encomienda","Valladolid","Castilla y León","9221301","Arroyo de la Encomienda","Arroyo de la Encomienda,Castile and Leon,Spain","City","name+community"
"Arroyo de la Luz, Cáceres","Arroyo de la Luz","Cáceres","Extremadura",NA,NA,NA,NA,"unmatched"
"Arroyo de las Fraguas, Guadalajara","Arroyo de las Fraguas","Guadalajara","Castilla-La Mancha",NA,NA,NA,NA,"unmatched"
"Arroyo del Ojanco, Jaén","Arroyo del Ojanco","Jaén","Andalucía",NA,NA,NA,NA,"unmatched"
"Arroyomolinos de León, Huelva","Arroyomolinos de León","Huelva","Andalucía",NA,NA,NA,NA,"unmatched"
"Arroyomolinos de la Vera, Cáceres","Arroyomolinos de la Vera","Cáceres","Extremadura",NA,NA,NA,NA,"unmatched"
"Arroyomolinos, Cáceres","Arroyomolinos","Cáceres","Extremadura",NA,NA,NA,NA,"name only (rejected)"
"Arroyomolinos, Madrid","Arroyomolinos","Madrid","Comunidad de Madrid","9214217","Arroyomolinos","Arroyomolinos,Community of Madrid,Spain","Municipality","name+community"
"Arruazu, Navarra","Arruazu","Navarra","Comunidad Foral de Navarra",NA,NA,NA,NA,"unmatched"
"Arróniz, Navarra","Arróniz","Navarra","Comunidad Foral de Navarra",NA,NA,NA,NA,"unmatched"
"Arrúbal, La Rioja","Arrúbal","La Rioja","La Rioja",NA,NA,NA,NA,"unmatched"
"Arsèguel, Lleida","Arsèguel","Lleida","Cataluña",NA,NA,NA,NA,"unmatched"
"Artajona, Navarra","Artajona","Navarra","Comunidad Foral de Navarra",NA,NA,NA,NA,"unmatched"
"Artana, Castellón","Artana","Castellón","Comunidad Valenciana",NA,NA,NA,NA,"unmatched"
"Artazu, Navarra","Artazu","Navarra","Comunidad Foral de Navarra",NA,NA,NA,NA,"unmatched"
"Artea, Vizcaya","Artea","Vizcaya","País Vasco",NA,NA,NA,NA,"unmatched"
"Arteixo, A Coruña","Arteixo","A Coruña","Galicia","9212078","Municipality of Arteixo","Municipality of Arteixo,Galicia,Spain","Municipality","name+community"
"Artenara, Las Palmas","Artenara","Las Palmas","Islas Canarias",NA,NA,NA,NA,"unmatched"
"Artesa de Lleida, Lleida","Artesa de Lleida","Lleida","Cataluña",NA,NA,NA,NA,"unmatched"
"Artesa de Segre, Lleida","Artesa de Segre","Lleida","Cataluña",NA,NA,NA,NA,"unmatched"
"Artieda, Zaragoza","Artieda","Zaragoza","Aragón",NA,NA,NA,NA,"unmatched"
"Artzentales, Vizcaya","Artzentales","Vizcaya","País Vasco",NA,NA,NA,NA,"unmatched"
"Artziniega, Álava","Artziniega","Álava","País Vasco",NA,NA,NA,NA,"unmatched"
"Artà, Baleares","Artà","Baleares","Islas Baleares","9221831","Arta","Arta,Balearic Islands,Spain","Municipality","name+community"
"Artés, Barcelona","Artés","Barcelona","Cataluña","9230828","Artes","Artes,Catalonia,Spain","Municipality","name+community"
"Arucas, Las Palmas","Arucas","Las Palmas","Islas Canarias",NA,NA,NA,NA,"unmatched"
"Arzúa, A Coruña","Arzúa","A Coruña","Galicia","9218762","Arzua","Arzua,Galicia,Spain","Municipality","name+community"
"Arándiga, Zaragoza","Arándiga","Zaragoza","Aragón",NA,NA,NA,NA,"unmatched"
"Arén, Huesca","Arén","Huesca","Aragón",NA,NA,NA,NA,"unmatched"
"Arévalo de la Sierra, Soria","Arévalo de la Sierra","Soria","Castilla y León",NA,NA,NA,NA,"unmatched"
"Arévalo, Ávila","Arévalo","Ávila","Castilla y León","9248740","Arevalo","Arevalo,Castile and Leon,Spain","Municipality","name+community"
"As Neves, Pontevedra","As Neves","Pontevedra","Galicia","9217656","As Neves","As Neves,Galicia,Spain","Municipality","name+community"
"As Nogais, Lugo","As Nogais","Lugo","Galicia",NA,NA,NA,NA,"unmatched"
"As Pontes de García Rodríguez, A Coruña","As Pontes de García Rodríguez","A Coruña","Galicia","9209175","As Pontes de Garcia Rodriguez","As Pontes de Garcia Rodriguez,Galicia,Spain","Municipality","name+community"
"As Somozas, A Coruña","As Somozas","A Coruña","Galicia","9216268","As Somozas","As Somozas,Galicia,Spain","Municipality","name+community"
"Ascó, Tarragona","Ascó","Tarragona","Cataluña",NA,NA,NA,NA,"unmatched"
"Aspa, Lleida","Aspa","Lleida","Cataluña",NA,NA,NA,NA,"unmatched"
"Aspariegos, Zamora","Aspariegos","Zamora","Castilla y León",NA,NA,NA,NA,"unmatched"
"Asparrena, Álava","Asparrena","Álava","País Vasco",NA,NA,NA,NA,"unmatched"
"Aspe, Alicante","Aspe","Alicante","Comunidad Valenciana","9236628","Aspe","Aspe,Valencian Community,Spain","Municipality","name+community"
"Asteasu, Guipúzcoa","Asteasu","Guipúzcoa","País Vasco",NA,NA,NA,NA,"unmatched"
"Astigarraga, Guipúzcoa","Astigarraga","Guipúzcoa","País Vasco",NA,NA,NA,NA,"unmatched"
"Astorga, León","Astorga","León","Castilla y León","9244973","Astorga","Astorga,Castile and Leon,Spain","City","name+community"
"Astudillo, Palencia","Astudillo","Palencia","Castilla y León",NA,NA,NA,NA,"unmatched"
"Asturianos, Zamora","Asturianos","Zamora","Castilla y León",NA,NA,NA,NA,"unmatched"
"Asín, Zaragoza","Asín","Zaragoza","Aragón",NA,NA,NA,NA,"unmatched"
"Atajate, Málaga","Atajate","Málaga","Andalucía",NA,NA,NA,NA,"unmatched"
"Atalaya del Cañavate, Cuenca","Atalaya del Cañavate","Cuenca","Castilla-La Mancha",NA,NA,NA,NA,"unmatched"
"Atalaya, Badajoz","Atalaya","Badajoz","Extremadura",NA,NA,NA,NA,"unmatched"
"Atanzón, Guadalajara","Atanzón","Guadalajara","Castilla-La Mancha",NA,NA,NA,NA,"unmatched"
"Atapuerca, Burgos","Atapuerca","Burgos","Castilla y León",NA,NA,NA,NA,"unmatched"
"Ataquines, Valladolid","Ataquines","Valladolid","Castilla y León",NA,NA,NA,NA,"unmatched"
"Atarfe, Granada","Atarfe","Granada","Andalucía","9048996","Atarfe","Atarfe,Andalusia,Spain","City","name+community"
"Ataun, Guipúzcoa","Ataun","Guipúzcoa","País Vasco",NA,NA,NA,NA,"unmatched"
"Atea, Zaragoza","Atea","Zaragoza","Aragón",NA,NA,NA,NA,"unmatched"
"Ateca, Zaragoza","Ateca","Zaragoza","Aragón",NA,NA,NA,NA,"unmatched"
"Atez, Navarra","Atez","Navarra","Comunidad Foral de Navarra",NA,NA,NA,NA,"unmatched"
"Atienza, Guadalajara","Atienza","Guadalajara","Castilla-La Mancha",NA,NA,NA,NA,"unmatched"
"Atxondo, Vizcaya","Atxondo","Vizcaya","País Vasco",NA,NA,NA,NA,"unmatched"
"Atzeneta d'Albaida, Valencia","Atzeneta d'Albaida","Valencia","Comunidad Valenciana",NA,NA,NA,NA,"unmatched"
"Atzeneta del Maestrat, Castellón","Atzeneta del Maestrat","Castellón","Comunidad Valenciana",NA,NA,NA,NA,"unmatched"
"Aulesti, Vizcaya","Aulesti","Vizcaya","País Vasco",NA,NA,NA,NA,"unmatched"
"Auritz, Navarra","Auritz","Navarra","Comunidad Foral de Navarra",NA,NA,NA,NA,"unmatched"
"Ausejo de la Sierra, Soria","Ausejo de la Sierra","Soria","Castilla y León",NA,NA,NA,NA,"unmatched"
"Ausejo, La Rioja","Ausejo","La Rioja","La Rioja",NA,NA,NA,NA,"unmatched"
"Autilla del Pino, Palencia","Autilla del Pino","Palencia","Castilla y León",NA,NA,NA,NA,"unmatched"
"Autillo de Campos, Palencia","Autillo de Campos","Palencia","Castilla y León",NA,NA,NA,NA,"unmatched"
"Autol, La Rioja","Autol","La Rioja","La Rioja",NA,NA,NA,NA,"unmatched"
"Auñón, Guadalajara","Auñón","Guadalajara","Castilla-La Mancha",NA,NA,NA,NA,"unmatched"
"Aveinte, Ávila","Aveinte","Ávila","Castilla y León",NA,NA,NA,NA,"unmatched"
"Avellaneda, Ávila","Avellaneda","Ávila","Castilla y León",NA,NA,NA,NA,"unmatched"
"Avellanosa de Muñó, Burgos","Avellanosa de Muñó","Burgos","Castilla y León",NA,NA,NA,NA,"unmatched"
"Avilés, Asturias","Avilés","Asturias","Principado de Asturias","9220565","Aviles","Aviles,Asturias,Spain","Municipality","name+community"
"Avinyonet de Puigventós, Girona","Avinyonet de Puigventós","Girona","Cataluña",NA,NA,NA,NA,"unmatched"
"Avinyonet del Penedès, Barcelona","Avinyonet del Penedès","Barcelona","Cataluña",NA,NA,NA,NA,"unmatched"
"Avinyó, Barcelona","Avinyó","Barcelona","Cataluña",NA,NA,NA,NA,"unmatched"
"Avià, Barcelona","Avià","Barcelona","Cataluña","9220096","Avia","Avia,Catalonia,Spain","Municipality","name+community"
"Avión, Ourense","Avión","Ourense","Galicia",NA,NA,NA,NA,"unmatched"
"Ayala, Álava","Ayala","Álava","País Vasco",NA,NA,NA,NA,"unmatched"
"Ayamonte, Huelva","Ayamonte","Huelva","Andalucía",NA,NA,NA,NA,"unmatched"
"Ayegui, Navarra","Ayegui","Navarra","Comunidad Foral de Navarra",NA,NA,NA,NA,"unmatched"
"Ayerbe, Huesca","Ayerbe","Huesca","Aragón",NA,NA,NA,NA,"unmatched"
"Ayllón, Segovia","Ayllón","Segovia","Castilla y León",NA,NA,NA,NA,"unmatched"
"Ayna, Albacete","Ayna","Albacete","Castilla-La Mancha",NA,NA,NA,NA,"unmatched"
"Ayora, Valencia","Ayora","Valencia","Comunidad Valenciana",NA,NA,NA,NA,"unmatched"
"Ayoó de Vidriales, Zamora","Ayoó de Vidriales","Zamora","Castilla y León",NA,NA,NA,NA,"unmatched"
"Ayuela, Palencia","Ayuela","Palencia","Castilla y León",NA,NA,NA,NA,"unmatched"
"Ayódar, Castellón","Ayódar","Castellón","Comunidad Valenciana",NA,NA,NA,NA,"unmatched"
"Azagra, Navarra","Azagra","Navarra","Comunidad Foral de Navarra",NA,NA,NA,NA,"unmatched"
"Azaila, Teruel","Azaila","Teruel","Aragón",NA,NA,NA,NA,"unmatched"
"Azanuy-Alins, Huesca","Azanuy-Alins","Huesca","Aragón",NA,NA,NA,NA,"unmatched"
"Azara, Huesca","Azara","Huesca","Aragón",NA,NA,NA,NA,"unmatched"
"Azkoitia, Guipúzcoa","Azkoitia","Guipúzcoa","País Vasco","9211250","Azkoitia","Azkoitia,Basque Country,Spain","Municipality","name+community"
"Azlor, Huesca","Azlor","Huesca","Aragón",NA,NA,NA,NA,"unmatched"
"Aznalcázar, Sevilla","Aznalcázar","Sevilla","Andalucía",NA,NA,NA,NA,"unmatched"
"Aznalcóllar, Sevilla","Aznalcóllar","Sevilla","Andalucía",NA,NA,NA,NA,"unmatched"
"Azofra, La Rioja","Azofra","La Rioja","La Rioja",NA,NA,NA,NA,"unmatched"
"Azpeitia, Guipúzcoa","Azpeitia","Guipúzcoa","País Vasco","9048997","Azpeitia","Azpeitia,Basque Country,Spain","City","name+community"
"Azuaga, Badajoz","Azuaga","Badajoz","Extremadura",NA,NA,NA,NA,"unmatched"
"Azuara, Zaragoza","Azuara","Zaragoza","Aragón",NA,NA,NA,NA,"unmatched"
"Azuelo, Navarra","Azuelo","Navarra","Comunidad Foral de Navarra",NA,NA,NA,NA,"unmatched"
"Azuqueca de Henares, Guadalajara","Azuqueca de Henares","Guadalajara","Castilla-La Mancha","9048998","Azuqueca de Henares","Azuqueca de Henares,Castile-La Mancha,Spain","City","name+community"
"Azután, Toledo","Azután","Toledo","Castilla-La Mancha",NA,NA,NA,NA,"unmatched"
"Azuébar, Castellón","Azuébar","Castellón","Comunidad Valenciana",NA,NA,NA,NA,"unmatched"
"Aín, Castellón","Aín","Castellón","Comunidad Valenciana",NA,NA,NA,NA,"unmatched"
"Aínsa-Sobrarbe, Huesca","Aínsa-Sobrarbe","Huesca","Aragón",NA,NA,NA,NA,"unmatched"
"Añana, Álava","Añana","Álava","País Vasco",NA,NA,NA,NA,"unmatched"
"Añe, Segovia","Añe","Segovia","Castilla y León",NA,NA,NA,NA,"unmatched"
"Añora, Córdoba","Añora","Córdoba","Andalucía",NA,NA,NA,NA,"unmatched"
"Añorbe, Navarra","Añorbe","Navarra","Comunidad Foral de Navarra",NA,NA,NA,NA,"unmatched"
"Añover de Tajo, Toledo","Añover de Tajo","Toledo","Castilla-La Mancha",NA,NA,NA,NA,"unmatched"
"Añover de Tormes, Salamanca","Añover de Tormes","Salamanca","Castilla y León",NA,NA,NA,NA,"unmatched"
"Añón de Moncayo, Zaragoza","Añón de Moncayo","Zaragoza","Aragón",NA,NA,NA,NA,"unmatched"
"Babilafuente, Salamanca","Babilafuente","Salamanca","Castilla y León",NA,NA,NA,NA,"unmatched"
"Bacares, Almería","Bacares","Almería","Andalucía",NA,NA,NA,NA,"unmatched"
"Badajoz, Badajoz","Badajoz","Badajoz","Extremadura","9215308","Badajoz","Badajoz,Extremadura,Spain","Municipality","name+community"
"Badalona, Barcelona","Badalona","Barcelona","Cataluña","9214647","Badalona","Badalona,Catalonia,Spain","Municipality","name+community"
"Badarán, La Rioja","Badarán","La Rioja","La Rioja",NA,NA,NA,NA,"unmatched"
"Badia del Vallès, Barcelona","Badia del Vallès","Barcelona","Cataluña",NA,NA,NA,NA,"unmatched"
"Badolatosa, Sevilla","Badolatosa","Sevilla","Andalucía",NA,NA,NA,NA,"unmatched"
"Badules, Zaragoza","Badules","Zaragoza","Aragón",NA,NA,NA,NA,"unmatched"
"Baena, Córdoba","Baena","Córdoba","Andalucía","9048999","Baena","Baena,Andalusia,Spain","City","name+community"
"Baeza, Jaén","Baeza","Jaén","Andalucía","9049000","Baeza","Baeza,Andalusia,Spain","City","name+community"
"Bagà, Barcelona","Bagà","Barcelona","Cataluña",NA,NA,NA,NA,"unmatched"
"Bagüés, Zaragoza","Bagüés","Zaragoza","Aragón",NA,NA,NA,NA,"unmatched"
"Bahabón de Esgueva, Burgos","Bahabón de Esgueva","Burgos","Castilla y León",NA,NA,NA,NA,"unmatched"
"Bahabón, Valladolid","Bahabón","Valladolid","Castilla y León",NA,NA,NA,NA,"unmatched"
"Baides, Guadalajara","Baides","Guadalajara","Castilla-La Mancha",NA,NA,NA,NA,"unmatched"
"Bailo, Huesca","Bailo","Huesca","Aragón",NA,NA,NA,NA,"unmatched"
"Bailén, Jaén","Bailén","Jaén","Andalucía","9049001","Bailen","Bailen,Andalusia,Spain","City","name+community"
"Baiona, Pontevedra","Baiona","Pontevedra","Galicia","9238255","Baiona","Baiona,Galicia,Spain","Municipality","name+community"
"Baix Pallars, Lleida","Baix Pallars","Lleida","Cataluña",NA,NA,NA,NA,"unmatched"
"Bakaiku, Navarra","Bakaiku","Navarra","Comunidad Foral de Navarra",NA,NA,NA,NA,"unmatched"
"Bakio, Vizcaya","Bakio","Vizcaya","País Vasco",NA,NA,NA,NA,"unmatched"
"Balaguer, Lleida","Balaguer","Lleida","Cataluña","9232979","Balaguer","Balaguer,Catalonia,Spain","Municipality","name+community"
"Balazote, Albacete","Balazote","Albacete","Castilla-La Mancha",NA,NA,NA,NA,"unmatched"
"Balboa, León","Balboa","León","Castilla y León",NA,NA,NA,NA,"unmatched"
"Balconchán, Zaragoza","Balconchán","Zaragoza","Aragón",NA,NA,NA,NA,"unmatched"
"Baldellou, Huesca","Baldellou","Huesca","Aragón",NA,NA,NA,NA,"unmatched"
"Baleira, Lugo","Baleira","Lugo","Galicia",NA,NA,NA,NA,"unmatched"
"Balenyà, Barcelona","Balenyà","Barcelona","Cataluña","9250660","Balenya","Balenya,Catalonia,Spain","Municipality","name+community"
"Baliarrain, Guipúzcoa","Baliarrain","Guipúzcoa","País Vasco",NA,NA,NA,NA,"unmatched"
"Ballesteros de Calatrava, Ciudad Real","Ballesteros de Calatrava","Ciudad Real","Castilla-La Mancha",NA,NA,NA,NA,"unmatched"
"Ballobar, Huesca","Ballobar","Huesca","Aragón",NA,NA,NA,NA,"unmatched"
"Balmaseda, Vizcaya","Balmaseda","Vizcaya","País Vasco",NA,NA,NA,NA,"unmatched"
"Balones, Alicante","Balones","Alicante","Comunidad Valenciana",NA,NA,NA,NA,"unmatched"
"Balsa de Ves, Albacete","Balsa de Ves","Albacete","Castilla-La Mancha","9212675","Balsa de Ves","Balsa de Ves,Castile-La Mancha,Spain","Municipality","name+community"
"Balsareny, Barcelona","Balsareny","Barcelona","Cataluña",NA,NA,NA,NA,"unmatched"
"Baltanás, Palencia","Baltanás","Palencia","Castilla y León",NA,NA,NA,NA,"unmatched"
"Baltar, Ourense","Baltar","Ourense","Galicia",NA,NA,NA,NA,"unmatched"
"Banastás, Huesca","Banastás","Huesca","Aragón",NA,NA,NA,NA,"unmatched"
"Bande, Ourense","Bande","Ourense","Galicia",NA,NA,NA,NA,"unmatched"
"Banyalbufar, Baleares","Banyalbufar","Baleares","Islas Baleares","9218330","Banyalbufar","Banyalbufar,Balearic Islands,Spain","Municipality","name+community"
"Banyeres de Mariola, Alicante","Banyeres de Mariola","Alicante","Comunidad Valenciana",NA,NA,NA,NA,"unmatched"
"Banyeres del Penedès, Tarragona","Banyeres del Penedès","Tarragona","Cataluña",NA,NA,NA,NA,"unmatched"
"Banyoles, Girona","Banyoles","Girona","Cataluña","9218947","Banyoles","Banyoles,Catalonia,Spain","City","name+community"
"Baquerín de Campos, Palencia","Baquerín de Campos","Palencia","Castilla y León",NA,NA,NA,NA,"unmatched"
"Barajas de Melo, Cuenca","Barajas de Melo","Cuenca","Castilla-La Mancha",NA,NA,NA,NA,"unmatched"
"Barakaldo, Vizcaya","Barakaldo","Vizcaya","País Vasco","9211235","Barakaldo","Barakaldo,Basque Country,Spain","Municipality","name+community"
"Baralla, Lugo","Baralla","Lugo","Galicia",NA,NA,NA,NA,"unmatched"
"Baraona, Soria","Baraona","Soria","Castilla y León",NA,NA,NA,NA,"unmatched"
"Barañain, Navarra","Barañain","Navarra","Comunidad Foral de Navarra",NA,NA,NA,NA,"unmatched"
"Barbadillo de Herreros, Burgos","Barbadillo de Herreros","Burgos","Castilla y León",NA,NA,NA,NA,"unmatched"
"Barbadillo del Mercado, Burgos","Barbadillo del Mercado","Burgos","Castilla y León",NA,NA,NA,NA,"unmatched"
"Barbadillo del Pez, Burgos","Barbadillo del Pez","Burgos","Castilla y León",NA,NA,NA,NA,"unmatched"
"Barbadillo, Salamanca","Barbadillo","Salamanca","Castilla y León",NA,NA,NA,NA,"unmatched"
"Barbadás, Ourense","Barbadás","Ourense","Galicia",NA,NA,NA,NA,"unmatched"
"Barbalos, Salamanca","Barbalos","Salamanca","Castilla y León",NA,NA,NA,NA,"unmatched"
"Barbarin, Navarra","Barbarin","Navarra","Comunidad Foral de Navarra",NA,NA,NA,NA,"unmatched"
"Barbastro, Huesca","Barbastro","Huesca","Aragón","9049002","Barbastro","Barbastro,Aragon,Spain","City","name+community"
"Barbate, Cádiz","Barbate","Cádiz","Andalucía","9049003","Barbate","Barbate,Andalusia,Spain","City","name+community"
"Barbens, Lleida","Barbens","Lleida","Cataluña",NA,NA,NA,NA,"unmatched"
"Barberà de la Conca, Tarragona","Barberà de la Conca","Tarragona","Cataluña",NA,NA,NA,NA,"unmatched"
"Barberà del Vallès, Barcelona","Barberà del Vallès","Barcelona","Cataluña","9236476","Municipality of Barbera del Valles","Municipality of Barbera del Valles,Catalonia,Spain","Municipality","name+community"
"Barbolla, Segovia","Barbolla","Segovia","Castilla y León",NA,NA,NA,NA,"unmatched"
"Barbués, Huesca","Barbués","Huesca","Aragón",NA,NA,NA,NA,"unmatched"
"Barbuñales, Huesca","Barbuñales","Huesca","Aragón",NA,NA,NA,NA,"unmatched"
"Barca, Soria","Barca","Soria","Castilla y León",NA,NA,NA,NA,"unmatched"
"Barcarrota, Badajoz","Barcarrota","Badajoz","Extremadura",NA,NA,NA,NA,"unmatched"
"Barcelona, Barcelona","Barcelona","Barcelona","Cataluña","9214622","Barcelona","Barcelona,Catalonia,Spain","Municipality","name+community"
"Barceo, Salamanca","Barceo","Salamanca","Castilla y León",NA,NA,NA,NA,"unmatched"
"Barchín del Hoyo, Cuenca","Barchín del Hoyo","Cuenca","Castilla-La Mancha",NA,NA,NA,NA,"unmatched"
"Barcial de la Loma, Valladolid","Barcial de la Loma","Valladolid","Castilla y León",NA,NA,NA,NA,"unmatched"
"Barcial del Barco, Zamora","Barcial del Barco","Zamora","Castilla y León",NA,NA,NA,NA,"unmatched"
"Barcience, Toledo","Barcience","Toledo","Castilla-La Mancha",NA,NA,NA,NA,"unmatched"
"Barcones, Soria","Barcones","Soria","Castilla y León",NA,NA,NA,NA,"unmatched"
"Bardallur, Zaragoza","Bardallur","Zaragoza","Aragón",NA,NA,NA,NA,"unmatched"
"Bardenas Reales, Navarra","Bardenas Reales","Navarra","Comunidad Foral de Navarra",NA,NA,NA,NA,"unmatched"
"Bareyo, Cantabria","Bareyo","Cantabria","Cantabria",NA,NA,NA,NA,"unmatched"
"Bargas, Toledo","Bargas","Toledo","Castilla-La Mancha",NA,NA,NA,NA,"unmatched"
"Bargota, Navarra","Bargota","Navarra","Comunidad Foral de Navarra",NA,NA,NA,NA,"unmatched"
"Barillas, Navarra","Barillas","Navarra","Comunidad Foral de Navarra",NA,NA,NA,NA,"unmatched"
"Barjas, León","Barjas","León","Castilla y León",NA,NA,NA,NA,"unmatched"
"Barlovento, Santa Cruz de Tenerife","Barlovento","Santa Cruz de Tenerife","Islas Canarias",NA,NA,NA,NA,"unmatched"
"Barracas, Castellón","Barracas","Castellón","Comunidad Valenciana",NA,NA,NA,NA,"unmatched"
"Barrachina, Teruel","Barrachina","Teruel","Aragón",NA,NA,NA,NA,"unmatched"
"Barrado, Cáceres","Barrado","Cáceres","Extremadura",NA,NA,NA,NA,"unmatched"
"Barrax, Albacete","Barrax","Albacete","Castilla-La Mancha",NA,NA,NA,NA,"unmatched"
"Barreiros, Lugo","Barreiros","Lugo","Galicia",NA,NA,NA,NA,"unmatched"
"Barrika, Vizcaya","Barrika","Vizcaya","País Vasco",NA,NA,NA,NA,"unmatched"
"Barrio de Muñó, Burgos","Barrio de Muñó","Burgos","Castilla y León",NA,NA,NA,NA,"unmatched"
"Barriopedro, Guadalajara","Barriopedro","Guadalajara","Castilla-La Mancha",NA,NA,NA,NA,"unmatched"
"Barrios de Colina, Burgos","Barrios de Colina","Burgos","Castilla y León",NA,NA,NA,NA,"unmatched"
"Barro, Pontevedra","Barro","Pontevedra","Galicia",NA,NA,NA,NA,"unmatched"
"Barromán, Ávila","Barromán","Ávila","Castilla y León",NA,NA,NA,NA,"unmatched"
"Barruecopardo, Salamanca","Barruecopardo","Salamanca","Castilla y León",NA,NA,NA,NA,"unmatched"
"Barruelo de Santullán, Palencia","Barruelo de Santullán","Palencia","Castilla y León",NA,NA,NA,NA,"unmatched"
"Barruelo del Valle, Valladolid","Barruelo del Valle","Valladolid","Castilla y León",NA,NA,NA,NA,"unmatched"
"Barrundia, Álava","Barrundia","Álava","País Vasco",NA,NA,NA,NA,"unmatched"
"Barx, Valencia","Barx","Valencia","Comunidad Valenciana",NA,NA,NA,NA,"unmatched"
"Barxeta, Valencia","Barxeta","Valencia","Comunidad Valenciana",NA,NA,NA,NA,"unmatched"
"Barásoain, Navarra","Barásoain","Navarra","Comunidad Foral de Navarra",NA,NA,NA,NA,"unmatched"
"Basaburua, Navarra","Basaburua","Navarra","Comunidad Foral de Navarra",NA,NA,NA,NA,"unmatched"
"Basardilla, Segovia","Basardilla","Segovia","Castilla y León",NA,NA,NA,NA,"unmatched"
"Basauri, Vizcaya","Basauri","Vizcaya","País Vasco","9049004","Basauri","Basauri,Basque Country,Spain","City","name+community"
"Basconcillos del Tozo, Burgos","Basconcillos del Tozo","Burgos","Castilla y León",NA,NA,NA,NA,"unmatched"
"Bascuñana de San Pedro, Cuenca","Bascuñana de San Pedro","Cuenca","Castilla-La Mancha",NA,NA,NA,NA,"unmatched"
"Bascuñana, Burgos","Bascuñana","Burgos","Castilla y León",NA,NA,NA,NA,"unmatched"
"Bassella, Lleida","Bassella","Lleida","Cataluña",NA,NA,NA,NA,"unmatched"
"Batea, Tarragona","Batea","Tarragona","Cataluña",NA,NA,NA,NA,"unmatched"
"Baterno, Badajoz","Baterno","Badajoz","Extremadura",NA,NA,NA,NA,"unmatched"
"Batres, Madrid","Batres","Madrid","Comunidad de Madrid",NA,NA,NA,NA,"unmatched"
"Bausen, Lleida","Bausen","Lleida","Cataluña",NA,NA,NA,NA,"unmatched"
"Bayarque, Almería","Bayarque","Almería","Andalucía",NA,NA,NA,NA,"unmatched"
"Bayubas de Abajo, Soria","Bayubas de Abajo","Soria","Castilla y León",NA,NA,NA,NA,"unmatched"
"Bayubas de Arriba, Soria","Bayubas de Arriba","Soria","Castilla y León",NA,NA,NA,NA,"unmatched"
"Bayárcal, Almería","Bayárcal","Almería","Andalucía",NA,NA,NA,NA,"unmatched"
"Baza, Granada","Baza","Granada","Andalucía","9049005","Baza","Baza,Andalusia,Spain","City","name+community"
"Baztan, Navarra","Baztan","Navarra","Comunidad Foral de Navarra",NA,NA,NA,NA,"unmatched"
"Baélls, Huesca","Baélls","Huesca","Aragón",NA,NA,NA,NA,"unmatched"
"Bañares, La Rioja","Bañares","La Rioja","La Rioja",NA,NA,NA,NA,"unmatched"
"Bañobárez, Salamanca","Bañobárez","Salamanca","Castilla y León",NA,NA,NA,NA,"unmatched"
"Baños de Ebro, Álava","Baños de Ebro","Álava","País Vasco",NA,NA,NA,NA,"unmatched"
"Baños de Molgas, Ourense","Baños de Molgas","Ourense","Galicia",NA,NA,NA,NA,"unmatched"
"Baños de Montemayor, Cáceres","Baños de Montemayor","Cáceres","Extremadura",NA,NA,NA,NA,"unmatched"
"Baños de Rioja, La Rioja","Baños de Rioja","La Rioja","La Rioja",NA,NA,NA,NA,"unmatched"
"Baños de Río Tobía, La Rioja","Baños de Río Tobía","La Rioja","La Rioja",NA,NA,NA,NA,"unmatched"
"Baños de Tajo, Guadalajara","Baños de Tajo","Guadalajara","Castilla-La Mancha",NA,NA,NA,NA,"unmatched"
"Baños de Valdearados, Burgos","Baños de Valdearados","Burgos","Castilla y León",NA,NA,NA,NA,"unmatched"
"Baños de la Encina, Jaén","Baños de la Encina","Jaén","Andalucía",NA,NA,NA,NA,"unmatched"
"Bañuelos de Bureba, Burgos","Bañuelos de Bureba","Burgos","Castilla y León",NA,NA,NA,NA,"unmatched"
"Bañuelos, Guadalajara","Bañuelos","Guadalajara","Castilla-La Mancha",NA,NA,NA,NA,"unmatched"
"Bañón, Teruel","Bañón","Teruel","Aragón",NA,NA,NA,NA,"unmatched"
"Bea, Teruel","Bea","Teruel","Aragón",NA,NA,NA,NA,"unmatched"
"Beade, Ourense","Beade","Ourense","Galicia",NA,NA,NA,NA,"unmatched"
"Beamud, Cuenca","Beamud","Cuenca","Castilla-La Mancha",NA,NA,NA,NA,"unmatched"
"Beariz, Ourense","Beariz","Ourense","Galicia",NA,NA,NA,NA,"unmatched"
"Beas de Granada, Granada","Beas de Granada","Granada","Andalucía",NA,NA,NA,NA,"unmatched"
"Beas de Guadix, Granada","Beas de Guadix","Granada","Andalucía",NA,NA,NA,NA,"unmatched"
"Beas de Segura, Jaén","Beas de Segura","Jaén","Andalucía",NA,NA,NA,NA,"unmatched"
"Beas, Huelva","Beas","Huelva","Andalucía",NA,NA,NA,NA,"unmatched"
"Beasain, Guipúzcoa","Beasain","Guipúzcoa","País Vasco","9049006","Beasain","Beasain,Basque Country,Spain","City","name+community"
"Becedas, Ávila","Becedas","Ávila","Castilla y León",NA,NA,NA,NA,"unmatched"
"Becedillas, Ávila","Becedillas","Ávila","Castilla y León",NA,NA,NA,NA,"unmatched"
"Beceite, Teruel","Beceite","Teruel","Aragón",NA,NA,NA,NA,"unmatched"
"Becerreá, Lugo","Becerreá","Lugo","Galicia","9213733","Becerrea","Becerrea,Galicia,Spain","Municipality","name+community"
"Becerril de Campos, Palencia","Becerril de Campos","Palencia","Castilla y León",NA,NA,NA,NA,"unmatched"
"Becerril de la Sierra, Madrid","Becerril de la Sierra","Madrid","Comunidad de Madrid",NA,NA,NA,NA,"unmatched"
"Becilla de Valderaduey, Valladolid","Becilla de Valderaduey","Valladolid","Castilla y León",NA,NA,NA,NA,"unmatched"
"Bedia, Vizcaya","Bedia","Vizcaya","País Vasco",NA,NA,NA,NA,"unmatched"
"Bedmar y Garcíez, Jaén","Bedmar y Garcíez","Jaén","Andalucía",NA,NA,NA,NA,"unmatched"
"Begonte, Lugo","Begonte","Lugo","Galicia",NA,NA,NA,NA,"unmatched"
"Begues, Barcelona","Begues","Barcelona","Cataluña","9226302","Begues","Begues,Catalonia,Spain","City","name+community"
"Begur, Girona","Begur","Girona","Cataluña",NA,NA,NA,NA,"unmatched"
"Begíjar, Jaén","Begíjar","Jaén","Andalucía",NA,NA,NA,NA,"unmatched"
"Beintza-Labaien, Navarra","Beintza-Labaien","Navarra","Comunidad Foral de Navarra",NA,NA,NA,NA,"unmatched"
"Beire, Navarra","Beire","Navarra","Comunidad Foral de Navarra",NA,NA,NA,NA,"unmatched"
"Beires, Almería","Beires","Almería","Andalucía",NA,NA,NA,NA,"unmatched"
"Beizama, Guipúzcoa","Beizama","Guipúzcoa","País Vasco",NA,NA,NA,NA,"unmatched"
"Bejís, Castellón","Bejís","Castellón","Comunidad Valenciana",NA,NA,NA,NA,"unmatched"
"Belalcázar, Córdoba","Belalcázar","Córdoba","Andalucía",NA,NA,NA,NA,"unmatched"
"Belascoáin, Navarra","Belascoáin","Navarra","Comunidad Foral de Navarra",NA,NA,NA,NA,"unmatched"
"Belauntza, Guipúzcoa","Belauntza","Guipúzcoa","País Vasco",NA,NA,NA,NA,"unmatched"
"Belbimbre, Burgos","Belbimbre","Burgos","Castilla y León",NA,NA,NA,NA,"unmatched"
"Belchite, Zaragoza","Belchite","Zaragoza","Aragón",NA,NA,NA,NA,"unmatched"
"Beleña, Salamanca","Beleña","Salamanca","Castilla y León",NA,NA,NA,NA,"unmatched"
"Belianes, Lleida","Belianes","Lleida","Cataluña",NA,NA,NA,NA,"unmatched"
"Belinchón, Cuenca","Belinchón","Cuenca","Castilla-La Mancha",NA,NA,NA,NA,"unmatched"
"Bell-lloc d'Urgell, Lleida","Bell-lloc d'Urgell","Lleida","Cataluña",NA,NA,NA,NA,"unmatched"
"Bellaguarda, Lleida","Bellaguarda","Lleida","Cataluña",NA,NA,NA,NA,"unmatched"
"Bellcaire d'Empordà, Girona","Bellcaire d'Empordà","Girona","Cataluña",NA,NA,NA,NA,"unmatched"
"Bellcaire d'Urgell, Lleida","Bellcaire d'Urgell","Lleida","Cataluña",NA,NA,NA,NA,"unmatched"
"Bellmunt d'Urgell, Lleida","Bellmunt d'Urgell","Lleida","Cataluña",NA,NA,NA,NA,"unmatched"
"Bellmunt del Priorat, Tarragona","Bellmunt del Priorat","Tarragona","Cataluña",NA,NA,NA,NA,"unmatched"
"Bello, Teruel","Bello","Teruel","Aragón",NA,NA,NA,NA,"unmatched"
"Bellprat, Barcelona","Bellprat","Barcelona","Cataluña",NA,NA,NA,NA,"unmatched"
"Bellpuig, Lleida","Bellpuig","Lleida","Cataluña",NA,NA,NA,NA,"unmatched"
"Bellreguard, Valencia","Bellreguard","Valencia","Comunidad Valenciana",NA,NA,NA,NA,"unmatched"
"Bellvei, Tarragona","Bellvei","Tarragona","Cataluña",NA,NA,NA,NA,"unmatched"
"Bellver de Cerdanya, Lleida","Bellver de Cerdanya","Lleida","Cataluña",NA,NA,NA,NA,"unmatched"
"Bellvís, Lleida","Bellvís","Lleida","Cataluña",NA,NA,NA,NA,"unmatched"
"Bellús, Valencia","Bellús","Valencia","Comunidad Valenciana",NA,NA,NA,NA,"unmatched"
"Belmez, Córdoba","Belmez","Córdoba","Andalucía",NA,NA,NA,NA,"unmatched"
"Belmonte de Campos, Palencia","Belmonte de Campos","Palencia","Castilla y León",NA,NA,NA,NA,"unmatched"
"Belmonte de Gracián, Zaragoza","Belmonte de Gracián","Zaragoza","Aragón",NA,NA,NA,NA,"unmatched"
"Belmonte de Miranda, Asturias","Belmonte de Miranda","Asturias","Principado de Asturias","9208820","Belmonte de Miranda","Belmonte de Miranda,Asturias,Spain","Municipality","name+community"
"Belmonte de San José, Teruel","Belmonte de San José","Teruel","Aragón",NA,NA,NA,NA,"unmatched"
"Belmonte de Tajo, Madrid","Belmonte de Tajo","Madrid","Comunidad de Madrid",NA,NA,NA,NA,"unmatched"
"Belmonte, Cuenca","Belmonte","Cuenca","Castilla-La Mancha",NA,NA,NA,NA,"unmatched"
"Belmontejo, Cuenca","Belmontejo","Cuenca","Castilla-La Mancha",NA,NA,NA,NA,"unmatched"
"Belorado, Burgos","Belorado","Burgos","Castilla y León",NA,NA,NA,NA,"unmatched"
"Belver de Cinca, Huesca","Belver de Cinca","Huesca","Aragón",NA,NA,NA,NA,"unmatched"
"Belver de los Montes, Zamora","Belver de los Montes","Zamora","Castilla y León",NA,NA,NA,NA,"unmatched"
"Belvís de Monroy, Cáceres","Belvís de Monroy","Cáceres","Extremadura",NA,NA,NA,NA,"unmatched"
"Belvís de la Jara, Toledo","Belvís de la Jara","Toledo","Castilla-La Mancha",NA,NA,NA,NA,"unmatched"
"Bembibre, León","Bembibre","León","Castilla y León",NA,NA,NA,NA,"unmatched"
"Benabarre, Huesca","Benabarre","Huesca","Aragón",NA,NA,NA,NA,"unmatched"
"Benacazón, Sevilla","Benacazón","Sevilla","Andalucía",NA,NA,NA,NA,"unmatched"
"Benadalid, Málaga","Benadalid","Málaga","Andalucía",NA,NA,NA,NA,"unmatched"
"Benafarces, Valladolid","Benafarces","Valladolid","Castilla y León",NA,NA,NA,NA,"unmatched"
"Benafer, Castellón","Benafer","Castellón","Comunidad Valenciana",NA,NA,NA,NA,"unmatched"
"Benafigos, Castellón","Benafigos","Castellón","Comunidad Valenciana",NA,NA,NA,NA,"unmatched"
"Benaguasil, Valencia","Benaguasil","Valencia","Comunidad Valenciana","9049008","Benaguasil","Benaguasil,Valencian Community,Spain","City","name+community"
"Benagéber, Valencia","Benagéber","Valencia","Comunidad Valenciana",NA,NA,NA,NA,"unmatched"
"Benahadux, Almería","Benahadux","Almería","Andalucía",NA,NA,NA,NA,"unmatched"
"Benahavís, Málaga","Benahavís","Málaga","Andalucía",NA,NA,NA,NA,"unmatched"
"Benalauría, Málaga","Benalauría","Málaga","Andalucía",NA,NA,NA,NA,"unmatched"
"Benalmádena, Málaga","Benalmádena","Málaga","Andalucía","9208148","Municipality of Benalmadena","Municipality of Benalmadena,Andalusia,Spain","Municipality","name+community"
"Benalup-Casas Viejas, Cádiz","Benalup-Casas Viejas","Cádiz","Andalucía","9248484","Benalup-Casas Viejas","Benalup-Casas Viejas,Andalusia,Spain","Municipality","name+community"
"Benalúa de las Villas, Granada","Benalúa de las Villas","Granada","Andalucía",NA,NA,NA,NA,"unmatched"
"Benalúa, Granada","Benalúa","Granada","Andalucía",NA,NA,NA,NA,"unmatched"
"Benamargosa, Málaga","Benamargosa","Málaga","Andalucía",NA,NA,NA,NA,"unmatched"
"Benamaurel, Granada","Benamaurel","Granada","Andalucía","9213976","Benamaurel","Benamaurel,Andalusia,Spain","Municipality","name+community"
"Benamejí, Córdoba","Benamejí","Córdoba","Andalucía",NA,NA,NA,NA,"unmatched"
"Benamocarra, Málaga","Benamocarra","Málaga","Andalucía",NA,NA,NA,NA,"unmatched"
"Benaocaz, Cádiz","Benaocaz","Cádiz","Andalucía",NA,NA,NA,NA,"unmatched"
"Benaoján, Málaga","Benaoján","Málaga","Andalucía",NA,NA,NA,NA,"unmatched"
"Benarrabá, Málaga","Benarrabá","Málaga","Andalucía",NA,NA,NA,NA,"unmatched"
"Benasal, Castellón","Benasal","Castellón","Comunidad Valenciana",NA,NA,NA,NA,"unmatched"
"Benasau, Alicante","Benasau","Alicante","Comunidad Valenciana",NA,NA,NA,NA,"unmatched"
"Benasque, Huesca","Benasque","Huesca","Aragón",NA,NA,NA,NA,"unmatched"
"Benatae, Jaén","Benatae","Jaén","Andalucía",NA,NA,NA,NA,"unmatched"
"Benavent de Segrià, Lleida","Benavent de Segrià","Lleida","Cataluña",NA,NA,NA,NA,"unmatched"
"Benavente, Zamora","Benavente","Zamora","Castilla y León","9049009","Benavente","Benavente,Castile and Leon,Spain","City","name+community"
"Benavides, León","Benavides","León","Castilla y León",NA,NA,NA,NA,"unmatched"
"Benavites, Valencia","Benavites","Valencia","Comunidad Valenciana",NA,NA,NA,NA,"unmatched"
"Benegiles, Zamora","Benegiles","Zamora","Castilla y León",NA,NA,NA,NA,"unmatched"
"Beneixama, Alicante","Beneixama","Alicante","Comunidad Valenciana",NA,NA,NA,NA,"unmatched"
"Beneixida, Valencia","Beneixida","Valencia","Comunidad Valenciana",NA,NA,NA,NA,"unmatched"
"Benejúzar, Alicante","Benejúzar","Alicante","Comunidad Valenciana",NA,NA,NA,NA,"unmatched"
"Benetússer, Valencia","Benetússer","Valencia","Comunidad Valenciana",NA,NA,NA,NA,"unmatched"
"Benferri, Alicante","Benferri","Alicante","Comunidad Valenciana",NA,NA,NA,NA,"unmatched"
"Beniarbeig, Alicante","Beniarbeig","Alicante","Comunidad Valenciana",NA,NA,NA,NA,"unmatched"
"Beniardá, Alicante","Beniardá","Alicante","Comunidad Valenciana",NA,NA,NA,NA,"unmatched"
"Beniarjó, Valencia","Beniarjó","Valencia","Comunidad Valenciana",NA,NA,NA,NA,"unmatched"
"Beniarrés, Alicante","Beniarrés","Alicante","Comunidad Valenciana",NA,NA,NA,NA,"unmatched"
"Beniatjar, Valencia","Beniatjar","Valencia","Comunidad Valenciana",NA,NA,NA,NA,"unmatched"
"Benicarló, Castellón","Benicarló","Castellón","Comunidad Valenciana","9049010","Benicarlo","Benicarlo,Valencian Community,Spain","City","name+community"
"Benicasim, Castellón","Benicasim","Castellón","Comunidad Valenciana",NA,NA,NA,NA,"unmatched"
"Benicolet, Valencia","Benicolet","Valencia","Comunidad Valenciana",NA,NA,NA,NA,"unmatched"
"Benicull de Xúquer, Valencia","Benicull de Xúquer","Valencia","Comunidad Valenciana",NA,NA,NA,NA,"unmatched"
"Benidoleig, Alicante","Benidoleig","Alicante","Comunidad Valenciana",NA,NA,NA,NA,"unmatched"
"Benidorm, Alicante","Benidorm","Alicante","Comunidad Valenciana","1005403","Benidorm","Benidorm,Valencian Community,Spain","City","name+community"
"Beniel, Murcia","Beniel","Murcia","Región de Murcia",NA,NA,NA,NA,"unmatched"
"Benifairó de la Valldigna, Valencia","Benifairó de la Valldigna","Valencia","Comunidad Valenciana",NA,NA,NA,NA,"unmatched"
"Benifairó de les Valls, Valencia","Benifairó de les Valls","Valencia","Comunidad Valenciana",NA,NA,NA,NA,"unmatched"
"Benifaió, Valencia","Benifaió","Valencia","Comunidad Valenciana",NA,NA,NA,NA,"unmatched"
"Benifallet, Tarragona","Benifallet","Tarragona","Cataluña",NA,NA,NA,NA,"unmatched"
"Benifallim, Alicante","Benifallim","Alicante","Comunidad Valenciana",NA,NA,NA,NA,"unmatched"
"Benifato, Alicante","Benifato","Alicante","Comunidad Valenciana",NA,NA,NA,NA,"unmatched"
"Beniflá, Valencia","Beniflá","Valencia","Comunidad Valenciana",NA,NA,NA,NA,"unmatched"
"Benigánim, Valencia","Benigánim","Valencia","Comunidad Valenciana",NA,NA,NA,NA,"unmatched"
"Benijófar, Alicante","Benijófar","Alicante","Comunidad Valenciana",NA,NA,NA,NA,"unmatched"
"Benilloba, Alicante","Benilloba","Alicante","Comunidad Valenciana",NA,NA,NA,NA,"unmatched"
"Benillup, Alicante","Benillup","Alicante","Comunidad Valenciana",NA,NA,NA,NA,"unmatched"
"Benimantell, Alicante","Benimantell","Alicante","Comunidad Valenciana",NA,NA,NA,NA,"unmatched"
"Benimarfull, Alicante","Benimarfull","Alicante","Comunidad Valenciana",NA,NA,NA,NA,"unmatched"
"Benimassot, Alicante","Benimassot","Alicante","Comunidad Valenciana",NA,NA,NA,NA,"unmatched"
"Benimeli, Alicante","Benimeli","Alicante","Comunidad Valenciana",NA,NA,NA,NA,"unmatched"
"Benimodo, Valencia","Benimodo","Valencia","Comunidad Valenciana",NA,NA,NA,NA,"unmatched"
"Benimuslem, Valencia","Benimuslem","Valencia","Comunidad Valenciana",NA,NA,NA,NA,"unmatched"
"Beniparrell, Valencia","Beniparrell","Valencia","Comunidad Valenciana","1005536","Beniparrell","Beniparrell,Valencian Community,Spain","City","name+community"
"Benirredrà, Valencia","Benirredrà","Valencia","Comunidad Valenciana",NA,NA,NA,NA,"unmatched"
"Benisanó, Valencia","Benisanó","Valencia","Comunidad Valenciana",NA,NA,NA,NA,"unmatched"
"Benissa, Alicante","Benissa","Alicante","Comunidad Valenciana","9224718","Benissa","Benissa,Valencian Community,Spain","Municipality","name+community"
"Benissanet, Tarragona","Benissanet","Tarragona","Cataluña",NA,NA,NA,NA,"unmatched"
"Benissoda, Valencia","Benissoda","Valencia","Comunidad Valenciana",NA,NA,NA,NA,"unmatched"
"Benisuera, Valencia","Benisuera","Valencia","Comunidad Valenciana",NA,NA,NA,NA,"unmatched"
"Benitachell, Alicante","Benitachell","Alicante","Comunidad Valenciana",NA,NA,NA,NA,"unmatched"
"Benitagla, Almería","Benitagla","Almería","Andalucía",NA,NA,NA,NA,"unmatched"
"Benizalón, Almería","Benizalón","Almería","Andalucía",NA,NA,NA,NA,"unmatched"
"Benlloch, Castellón","Benlloch","Castellón","Comunidad Valenciana",NA,NA,NA,NA,"unmatched"
"Benquerencia de la Serena, Badajoz","Benquerencia de la Serena","Badajoz","Extremadura",NA,NA,NA,NA,"unmatched"
"Benquerencia, Cáceres","Benquerencia","Cáceres","Extremadura",NA,NA,NA,NA,"unmatched"
"Bentarique, Almería","Bentarique","Almería","Andalucía",NA,NA,NA,NA,"unmatched"
"Benuza, León","Benuza","León","Castilla y León",NA,NA,NA,NA,"unmatched"
"Bera, Navarra","Bera","Navarra","Comunidad Foral de Navarra",NA,NA,NA,NA,"unmatched"
"Berango, Vizcaya","Berango","Vizcaya","País Vasco",NA,NA,NA,NA,"unmatched"
"Berantevilla, Álava","Berantevilla","Álava","País Vasco",NA,NA,NA,NA,"unmatched"
"Berastegi, Guipúzcoa","Berastegi","Guipúzcoa","País Vasco",NA,NA,NA,NA,"unmatched"
"Beratón, Soria","Beratón","Soria","Castilla y León",NA,NA,NA,NA,"unmatched"
"Berbegal, Huesca","Berbegal","Huesca","Aragón",NA,NA,NA,NA,"unmatched"
"Berberana, Burgos","Berberana","Burgos","Castilla y León",NA,NA,NA,NA,"unmatched"
"Berbinzana, Navarra","Berbinzana","Navarra","Comunidad Foral de Navarra",NA,NA,NA,NA,"unmatched"
"Berceo, La Rioja","Berceo","La Rioja","La Rioja",NA,NA,NA,NA,"unmatched"
"Bercero, Valladolid","Bercero","Valladolid","Castilla y León",NA,NA,NA,NA,"unmatched"
"Berceruelo, Valladolid","Berceruelo","Valladolid","Castilla y León",NA,NA,NA,NA,"unmatched"
"Bercial de Zapardiel, Ávila","Bercial de Zapardiel","Ávila","Castilla y León",NA,NA,NA,NA,"unmatched"
"Bercial, Segovia","Bercial","Segovia","Castilla y León",NA,NA,NA,NA,"unmatched"
"Bercianos del Páramo, León","Bercianos del Páramo","León","Castilla y León",NA,NA,NA,NA,"unmatched"
"Bercianos del Real Camino, León","Bercianos del Real Camino","León","Castilla y León",NA,NA,NA,NA,"unmatched"
"Bercimuel, Segovia","Bercimuel","Segovia","Castilla y León",NA,NA,NA,NA,"unmatched"
"Berdejo, Zaragoza","Berdejo","Zaragoza","Aragón",NA,NA,NA,NA,"unmatched"
"Berga, Barcelona","Berga","Barcelona","Cataluña","1005425","Berga","Berga,Catalonia,Spain","City","name+community"
"Bergara, Guipúzcoa","Bergara","Guipúzcoa","País Vasco","9217508","Bergara","Bergara,Basque Country,Spain","Municipality","name+community"
"Bergasa, La Rioja","Bergasa","La Rioja","La Rioja",NA,NA,NA,NA,"unmatched"
"Bergasillas Bajera, La Rioja","Bergasillas Bajera","La Rioja","La Rioja",NA,NA,NA,NA,"unmatched"
"Berge, Teruel","Berge","Teruel","Aragón",NA,NA,NA,NA,"unmatched"
"Bergondo, A Coruña","Bergondo","A Coruña","Galicia",NA,NA,NA,NA,"unmatched"
"Beriáin, Navarra","Beriáin","Navarra","Comunidad Foral de Navarra",NA,NA,NA,NA,"name only (rejected)"
"Berja, Almería","Berja","Almería","Andalucía",NA,NA,NA,NA,"unmatched"
"Berlanga de Duero, Soria","Berlanga de Duero","Soria","Castilla y León",NA,NA,NA,NA,"unmatched"
"Berlanga del Bierzo, León","Berlanga del Bierzo","León","Castilla y León",NA,NA,NA,NA,"unmatched"
"Berlanga, Badajoz","Berlanga","Badajoz","Extremadura",NA,NA,NA,NA,"name only (rejected)"
"Berlangas de Roa, Burgos","Berlangas de Roa","Burgos","Castilla y León",NA,NA,NA,NA,"unmatched"
"Bermellar, Salamanca","Bermellar","Salamanca","Castilla y León",NA,NA,NA,NA,"unmatched"
"Bermeo, Vizcaya","Bermeo","Vizcaya","País Vasco","1005439","Bermeo","Bermeo,Basque Country,Spain","City","name+community"
"Bermillo de Sayago, Zamora","Bermillo de Sayago","Zamora","Castilla y León",NA,NA,NA,NA,"unmatched"
"Bernardos, Segovia","Bernardos","Segovia","Castilla y León",NA,NA,NA,NA,"unmatched"
"Bernedo, Álava","Bernedo","Álava","País Vasco","9215608","Bernedo","Bernedo,Basque Country,Spain","Municipality","name+community"
"Berninches, Guadalajara","Berninches","Guadalajara","Castilla-La Mancha",NA,NA,NA,NA,"unmatched"
"Bernuy de Porreros, Segovia","Bernuy de Porreros","Segovia","Castilla y León",NA,NA,NA,NA,"unmatched"
"Bernuy-Zapardiel, Ávila","Bernuy-Zapardiel","Ávila","Castilla y León",NA,NA,NA,NA,"unmatched"
"Berriatua, Vizcaya","Berriatua","Vizcaya","País Vasco",NA,NA,NA,NA,"unmatched"
"Berrioplano, Navarra","Berrioplano","Navarra","Comunidad Foral de Navarra",NA,NA,NA,NA,"unmatched"
"Berriozar, Navarra","Berriozar","Navarra","Comunidad Foral de Navarra",NA,NA,NA,NA,"unmatched"
"Berriz, Vizcaya","Berriz","Vizcaya","País Vasco",NA,NA,NA,NA,"unmatched"
"Berrobi, Guipúzcoa","Berrobi","Guipúzcoa","País Vasco",NA,NA,NA,NA,"unmatched"
"Berrocal de Huebra, Salamanca","Berrocal de Huebra","Salamanca","Castilla y León",NA,NA,NA,NA,"unmatched"
"Berrocal de Salvatierra, Salamanca","Berrocal de Salvatierra","Salamanca","Castilla y León",NA,NA,NA,NA,"unmatched"
"Berrocal, Huelva","Berrocal","Huelva","Andalucía",NA,NA,NA,NA,"unmatched"
"Berrocalejo de Aragona, Ávila","Berrocalejo de Aragona","Ávila","Castilla y León",NA,NA,NA,NA,"unmatched"
"Berrocalejo, Cáceres","Berrocalejo","Cáceres","Extremadura",NA,NA,NA,NA,"unmatched"
"Berrueces, Valladolid","Berrueces","Valladolid","Castilla y León",NA,NA,NA,NA,"unmatched"
"Berrueco, Zaragoza","Berrueco","Zaragoza","Aragón",NA,NA,NA,NA,"unmatched"
"Bertizarana, Navarra","Bertizarana","Navarra","Comunidad Foral de Navarra",NA,NA,NA,NA,"unmatched"
"Berzocana, Cáceres","Berzocana","Cáceres","Extremadura",NA,NA,NA,NA,"unmatched"
"Berzosa de Bureba, Burgos","Berzosa de Bureba","Burgos","Castilla y León",NA,NA,NA,NA,"unmatched"
"Berzosa del Lozoya, Madrid","Berzosa del Lozoya","Madrid","Comunidad de Madrid",NA,NA,NA,NA,"unmatched"
"Berzosilla, Palencia","Berzosilla","Palencia","Castilla y León",NA,NA,NA,NA,"unmatched"
"Besalú, Girona","Besalú","Girona","Cataluña","9252414","Besalu","Besalu,Catalonia,Spain","Municipality","name+community"
"Bescanó, Girona","Bescanó","Girona","Cataluña",NA,NA,NA,NA,"unmatched"
"Betancuria, Las Palmas","Betancuria","Las Palmas","Islas Canarias",NA,NA,NA,NA,"unmatched"
"Betanzos, A Coruña","Betanzos","A Coruña","Galicia","9221228","Betanzos","Betanzos,Galicia,Spain","Municipality","name+community"
"Betelu, Navarra","Betelu","Navarra","Comunidad Foral de Navarra",NA,NA,NA,NA,"unmatched"
"Beteta, Cuenca","Beteta","Cuenca","Castilla-La Mancha",NA,NA,NA,NA,"unmatched"
"Betxí, Castellón","Betxí","Castellón","Comunidad Valenciana",NA,NA,NA,NA,"unmatched"
"Beuda, Girona","Beuda","Girona","Cataluña",NA,NA,NA,NA,"unmatched"
"Bezares, La Rioja","Bezares","La Rioja","La Rioja",NA,NA,NA,NA,"unmatched"
"Bezas, Teruel","Bezas","Teruel","Aragón",NA,NA,NA,NA,"unmatched"
"Biar, Alicante","Biar","Alicante","Comunidad Valenciana",NA,NA,NA,NA,"unmatched"
"Bicorp, Valencia","Bicorp","Valencia","Comunidad Valenciana",NA,NA,NA,NA,"unmatched"
"Bidaurreta, Navarra","Bidaurreta","Navarra","Comunidad Foral de Navarra",NA,NA,NA,NA,"unmatched"
"Bidegoian, Guipúzcoa","Bidegoian","Guipúzcoa","País Vasco",NA,NA,NA,NA,"unmatched"
"Biel, Zaragoza","Biel","Zaragoza","Aragón",NA,NA,NA,NA,"unmatched"
"Bielsa, Huesca","Bielsa","Huesca","Aragón",NA,NA,NA,NA,"unmatched"
"Bienservida, Albacete","Bienservida","Albacete","Castilla-La Mancha",NA,NA,NA,NA,"unmatched"
"Bienvenida, Badajoz","Bienvenida","Badajoz","Extremadura",NA,NA,NA,NA,"unmatched"
"Bierge, Huesca","Bierge","Huesca","Aragón",NA,NA,NA,NA,"unmatched"
"Biescas, Huesca","Biescas","Huesca","Aragón",NA,NA,NA,NA,"unmatched"
"Bigastro, Alicante","Bigastro","Alicante","Comunidad Valenciana",NA,NA,NA,NA,"unmatched"
"Bigues i Riells, Barcelona","Bigues i Riells","Barcelona","Cataluña",NA,NA,NA,NA,"unmatched"
"Bijuesca, Zaragoza","Bijuesca","Zaragoza","Aragón",NA,NA,NA,NA,"unmatched"
"Bilbao, Vizcaya","Bilbao","Vizcaya","País Vasco","9221687","Bilbao","Bilbao,Basque Country,Spain","Municipality","name+community"
"Bimenes, Asturias","Bimenes","Asturias","Principado de Asturias","9208018","Bimenes","Bimenes,Asturias,Spain","Municipality","name+community"
"Binaced, Huesca","Binaced","Huesca","Aragón",NA,NA,NA,NA,"unmatched"
"Binigembla, Alicante","Binigembla","Alicante","Comunidad Valenciana",NA,NA,NA,NA,"unmatched"
"Binissalem, Baleares","Binissalem","Baleares","Islas Baleares","9208990","Binissalem","Binissalem,Balearic Islands,Spain","Municipality","name+community"
"Binéfar, Huesca","Binéfar","Huesca","Aragón","9226170","Binefar","Binefar,Aragon,Spain","Municipality","name+community"
"Biosca, Lleida","Biosca","Lleida","Cataluña",NA,NA,NA,NA,"unmatched"
"Biota, Zaragoza","Biota","Zaragoza","Aragón",NA,NA,NA,NA,"unmatched"
"Bisaurri, Huesca","Bisaurri","Huesca","Aragón",NA,NA,NA,NA,"unmatched"
"Biscarrués, Huesca","Biscarrués","Huesca","Aragón",NA,NA,NA,NA,"unmatched"
"Bisimbre, Zaragoza","Bisimbre","Zaragoza","Aragón",NA,NA,NA,NA,"unmatched"
"Biure, Girona","Biure","Girona","Cataluña",NA,NA,NA,NA,"unmatched"
"Biurrun-Olcoz, Navarra","Biurrun-Olcoz","Navarra","Comunidad Foral de Navarra",NA,NA,NA,NA,"unmatched"
"Blacos, Soria","Blacos","Soria","Castilla y León",NA,NA,NA,NA,"unmatched"
"Blanca, Murcia","Blanca","Murcia","Región de Murcia",NA,NA,NA,NA,"unmatched"
"Blancafort, Tarragona","Blancafort","Tarragona","Cataluña",NA,NA,NA,NA,"unmatched"
"Blancas, Teruel","Blancas","Teruel","Aragón",NA,NA,NA,NA,"unmatched"
"Blanes, Girona","Blanes","Girona","Cataluña","9197355","Blanes","Blanes,Catalonia,Spain","City","name+community"
"Blascomillán, Ávila","Blascomillán","Ávila","Castilla y León",NA,NA,NA,NA,"unmatched"
"Blasconuño de Matacabras, Ávila","Blasconuño de Matacabras","Ávila","Castilla y León",NA,NA,NA,NA,"unmatched"
"Blascosancho, Ávila","Blascosancho","Ávila","Castilla y León",NA,NA,NA,NA,"unmatched"
"Blecua y Torres, Huesca","Blecua y Torres","Huesca","Aragón",NA,NA,NA,NA,"unmatched"
"Blesa, Teruel","Blesa","Teruel","Aragón",NA,NA,NA,NA,"unmatched"
"Bliecos, Soria","Bliecos","Soria","Castilla y León",NA,NA,NA,NA,"unmatched"
"Boada de Campos, Palencia","Boada de Campos","Palencia","Castilla y León",NA,NA,NA,NA,"unmatched"
"Boada, Salamanca","Boada","Salamanca","Castilla y León",NA,NA,NA,NA,"unmatched"
"Boadella d'Empordà, Girona","Boadella d'Empordà","Girona","Cataluña",NA,NA,NA,NA,"unmatched"
"Boadilla de Rioseco, Palencia","Boadilla de Rioseco","Palencia","Castilla y León",NA,NA,NA,NA,"unmatched"
"Boadilla del Camino, Palencia","Boadilla del Camino","Palencia","Castilla y León",NA,NA,NA,NA,"unmatched"
"Boadilla del Monte, Madrid","Boadilla del Monte","Madrid","Comunidad de Madrid","9215230","Municipality of Boadilla del Monte","Municipality of Boadilla del Monte,Community of Madrid,Spain","Municipality","name+community"
"Boal, Asturias","Boal","Asturias","Principado de Asturias",NA,NA,NA,NA,"unmatched"
"Bobadilla del Campo, Valladolid","Bobadilla del Campo","Valladolid","Castilla y León",NA,NA,NA,NA,"unmatched"
"Bobadilla, La Rioja","Bobadilla","La Rioja","La Rioja",NA,NA,NA,NA,"unmatched"
"Boborás, Ourense","Boborás","Ourense","Galicia",NA,NA,NA,NA,"unmatched"
"Boca de Huérgano, León","Boca de Huérgano","León","Castilla y León",NA,NA,NA,NA,"unmatched"
"Bocairent, Valencia","Bocairent","Valencia","Comunidad Valenciana",NA,NA,NA,NA,"unmatched"
"Boceguillas, Segovia","Boceguillas","Segovia","Castilla y León",NA,NA,NA,NA,"unmatched"
"Bocigas, Valladolid","Bocigas","Valladolid","Castilla y León",NA,NA,NA,NA,"unmatched"
"Bocos de Duero, Valladolid","Bocos de Duero","Valladolid","Castilla y León",NA,NA,NA,NA,"unmatched"
"Bodonal de la Sierra, Badajoz","Bodonal de la Sierra","Badajoz","Extremadura",NA,NA,NA,NA,"unmatched"
"Boecillo, Valladolid","Boecillo","Valladolid","Castilla y León",NA,NA,NA,NA,"unmatched"
"Bogajo, Salamanca","Bogajo","Salamanca","Castilla y León",NA,NA,NA,NA,"unmatched"
"Bogarra, Albacete","Bogarra","Albacete","Castilla-La Mancha",NA,NA,NA,NA,"unmatched"
"Bohonal de Ibor, Cáceres","Bohonal de Ibor","Cáceres","Extremadura",NA,NA,NA,NA,"unmatched"
"Bohoyo, Ávila","Bohoyo","Ávila","Castilla y León",NA,NA,NA,NA,"unmatched"
"Boimorto, A Coruña","Boimorto","A Coruña","Galicia",NA,NA,NA,NA,"unmatched"
"Boiro, A Coruña","Boiro","A Coruña","Galicia","9219534","Boiro","Boiro,Galicia,Spain","Municipality","name+community"
"Bolaños de Calatrava, Ciudad Real","Bolaños de Calatrava","Ciudad Real","Castilla-La Mancha","9247012","Bolanos de Calatrava","Bolanos de Calatrava,Castile-La Mancha,Spain","Municipality","name+community"
"Bolaños de Campos, Valladolid","Bolaños de Campos","Valladolid","Castilla y León",NA,NA,NA,NA,"unmatched"
"Bolbaite, Valencia","Bolbaite","Valencia","Comunidad Valenciana",NA,NA,NA,NA,"unmatched"
"Bollullos Par del Condado, Huelva","Bollullos Par del Condado","Huelva","Andalucía","9049014","Bollullos Par del Condado","Bollullos Par del Condado,Andalusia,Spain","City","name+community"
"Bollullos de la Mitación, Sevilla","Bollullos de la Mitación","Sevilla","Andalucía",NA,NA,NA,NA,"unmatched"
"Boltaña, Huesca","Boltaña","Huesca","Aragón",NA,NA,NA,NA,"unmatched"
"Bolulla, Alicante","Bolulla","Alicante","Comunidad Valenciana",NA,NA,NA,NA,"unmatched"
"Bolvir, Girona","Bolvir","Girona","Cataluña",NA,NA,NA,NA,"unmatched"
"Bonansa, Huesca","Bonansa","Huesca","Aragón",NA,NA,NA,NA,"unmatched"
"Bonares, Huelva","Bonares","Huelva","Andalucía",NA,NA,NA,NA,"unmatched"
"Bonastre, Tarragona","Bonastre","Tarragona","Cataluña",NA,NA,NA,NA,"unmatched"
"Bonete, Albacete","Bonete","Albacete","Castilla-La Mancha",NA,NA,NA,NA,"unmatched"
"Boniches, Cuenca","Boniches","Cuenca","Castilla-La Mancha",NA,NA,NA,NA,"unmatched"
"Bonilla de la Sierra, Ávila","Bonilla de la Sierra","Ávila","Castilla y León",NA,NA,NA,NA,"unmatched"
"Bonrepòs i Mirambell, Valencia","Bonrepòs i Mirambell","Valencia","Comunidad Valenciana",NA,NA,NA,NA,"unmatched"
"Boqueixón, A Coruña","Boqueixón","A Coruña","Galicia",NA,NA,NA,NA,"unmatched"
"Boquiñeni, Zaragoza","Boquiñeni","Zaragoza","Aragón",NA,NA,NA,NA,"unmatched"
"Borau, Huesca","Borau","Huesca","Aragón",NA,NA,NA,NA,"unmatched"
"Bordalba, Zaragoza","Bordalba","Zaragoza","Aragón",NA,NA,NA,NA,"unmatched"
"Bordils, Girona","Bordils","Girona","Cataluña",NA,NA,NA,NA,"unmatched"
"Bordón, Teruel","Bordón","Teruel","Aragón",NA,NA,NA,NA,"unmatched"
"Borja, Zaragoza","Borja","Zaragoza","Aragón",NA,NA,NA,NA,"unmatched"
"Borjabad, Soria","Borjabad","Soria","Castilla y León",NA,NA,NA,NA,"unmatched"
"Bormujos, Sevilla","Bormujos","Sevilla","Andalucía","9221526","Bormujos","Bormujos,Andalusia,Spain","Municipality","name+community"
"Bornos, Cádiz","Bornos","Cádiz","Andalucía",NA,NA,NA,NA,"unmatched"
"Borobia, Soria","Borobia","Soria","Castilla y León",NA,NA,NA,NA,"unmatched"
"Borox, Toledo","Borox","Toledo","Castilla-La Mancha",NA,NA,NA,NA,"unmatched"
"Borrassà, Girona","Borrassà","Girona","Cataluña",NA,NA,NA,NA,"unmatched"
"Borredà, Barcelona","Borredà","Barcelona","Cataluña",NA,NA,NA,NA,"unmatched"
"Borrenes, León","Borrenes","León","Castilla y León",NA,NA,NA,NA,"unmatched"
"Borriol, Castellón","Borriol","Castellón","Comunidad Valenciana",NA,NA,NA,NA,"unmatched"
"Bossòst, Lleida","Bossòst","Lleida","Cataluña",NA,NA,NA,NA,"unmatched"
"Bot, Tarragona","Bot","Tarragona","Cataluña",NA,NA,NA,NA,"unmatched"
"Botarell, Tarragona","Botarell","Tarragona","Cataluña",NA,NA,NA,NA,"unmatched"
"Botija, Cáceres","Botija","Cáceres","Extremadura",NA,NA,NA,NA,"unmatched"
"Botorrita, Zaragoza","Botorrita","Zaragoza","Aragón",NA,NA,NA,NA,"unmatched"
"Bovera, Lleida","Bovera","Lleida","Cataluña",NA,NA,NA,NA,"unmatched"
"Bozoó, Burgos","Bozoó","Burgos","Castilla y León",NA,NA,NA,NA,"unmatched"
"Boñar, León","Boñar","León","Castilla y León",NA,NA,NA,NA,"unmatched"
"Brabos, Ávila","Brabos","Ávila","Castilla y León",NA,NA,NA,NA,"unmatched"
"Brahojos de Medina, Valladolid","Brahojos de Medina","Valladolid","Castilla y León",NA,NA,NA,NA,"unmatched"
"Braojos, Madrid","Braojos","Madrid","Comunidad de Madrid",NA,NA,NA,NA,"unmatched"
"Brazacorta, Burgos","Brazacorta","Burgos","Castilla y León",NA,NA,NA,NA,"unmatched"
"Brazatortas, Ciudad Real","Brazatortas","Ciudad Real","Castilla-La Mancha",NA,NA,NA,NA,"unmatched"
"Brazuelo, León","Brazuelo","León","Castilla y León",NA,NA,NA,NA,"unmatched"
"Brañosera, Palencia","Brañosera","Palencia","Castilla y León",NA,NA,NA,NA,"unmatched"
"Brea de Aragón, Zaragoza","Brea de Aragón","Zaragoza","Aragón",NA,NA,NA,NA,"unmatched"
"Brea de Tajo, Madrid","Brea de Tajo","Madrid","Comunidad de Madrid",NA,NA,NA,NA,"unmatched"
"Breda, Girona","Breda","Girona","Cataluña",NA,NA,NA,NA,"unmatched"
"Brenes, Sevilla","Brenes","Sevilla","Andalucía","1005408","Brenes","Brenes,Andalusia,Spain","City","name+community"
"Bretocino, Zamora","Bretocino","Zamora","Castilla y León",NA,NA,NA,NA,"unmatched"
"Bretó, Zamora","Bretó","Zamora","Castilla y León",NA,NA,NA,NA,"unmatched"
"Breña Alta, Santa Cruz de Tenerife","Breña Alta","Santa Cruz de Tenerife","Islas Canarias",NA,NA,NA,NA,"unmatched"
"Breña Baja, Santa Cruz de Tenerife","Breña Baja","Santa Cruz de Tenerife","Islas Canarias",NA,NA,NA,NA,"unmatched"
"Brieva de Cameros, La Rioja","Brieva de Cameros","La Rioja","La Rioja",NA,NA,NA,NA,"unmatched"
"Brieva, Segovia","Brieva","Segovia","Castilla y León",NA,NA,NA,NA,"unmatched"
"Brihuega, Guadalajara","Brihuega","Guadalajara","Castilla-La Mancha",NA,NA,NA,NA,"unmatched"
"Brime de Sog, Zamora","Brime de Sog","Zamora","Castilla y León",NA,NA,NA,NA,"unmatched"
"Brime de Urz, Zamora","Brime de Urz","Zamora","Castilla y León",NA,NA,NA,NA,"unmatched"
"Brincones, Salamanca","Brincones","Salamanca","Castilla y León",NA,NA,NA,NA,"unmatched"
"Briones, La Rioja","Briones","La Rioja","La Rioja",NA,NA,NA,NA,"unmatched"
"Briviesca, Burgos","Briviesca","Burgos","Castilla y León",NA,NA,NA,NA,"unmatched"
"Briñas, La Rioja","Briñas","La Rioja","La Rioja",NA,NA,NA,NA,"unmatched"
"Brión, A Coruña","Brión","A Coruña","Galicia",NA,NA,NA,NA,"unmatched"
"Bronchales, Teruel","Bronchales","Teruel","Aragón",NA,NA,NA,NA,"unmatched"
"Broto, Huesca","Broto","Huesca","Aragón",NA,NA,NA,NA,"unmatched"
"Brozas, Cáceres","Brozas","Cáceres","Extremadura",NA,NA,NA,NA,"unmatched"
"Brunete, Madrid","Brunete","Madrid","Comunidad de Madrid","9213629","Brunete","Brunete,Community of Madrid,Spain","Municipality","name+community"
"Brunyola, Girona","Brunyola","Girona","Cataluña",NA,NA,NA,NA,"unmatched"
"Bràfim, Tarragona","Bràfim","Tarragona","Cataluña","9219101","Brafim","Brafim,Catalonia,Spain","Municipality","name+community"
"Buberos, Soria","Buberos","Soria","Castilla y León",NA,NA,NA,NA,"unmatched"
"Bubierca, Zaragoza","Bubierca","Zaragoza","Aragón",NA,NA,NA,NA,"unmatched"
"Bubión, Granada","Bubión","Granada","Andalucía",NA,NA,NA,NA,"unmatched"
"Buciegas, Cuenca","Buciegas","Cuenca","Castilla-La Mancha",NA,NA,NA,NA,"unmatched"
"Budia, Guadalajara","Budia","Guadalajara","Castilla-La Mancha",NA,NA,NA,NA,"unmatched"
"Buenache de Alarcón, Cuenca","Buenache de Alarcón","Cuenca","Castilla-La Mancha",NA,NA,NA,NA,"unmatched"
"Buenache de la Sierra, Cuenca","Buenache de la Sierra","Cuenca","Castilla-La Mancha",NA,NA,NA,NA,"unmatched"
"Buenamadre, Salamanca","Buenamadre","Salamanca","Castilla y León",NA,NA,NA,NA,"unmatched"
"Buenaventura, Toledo","Buenaventura","Toledo","Castilla-La Mancha",NA,NA,NA,NA,"unmatched"
"Buenavista de Valdavia, Palencia","Buenavista de Valdavia","Palencia","Castilla y León",NA,NA,NA,NA,"unmatched"
"Buenavista del Norte, Santa Cruz de Tenerife","Buenavista del Norte","Santa Cruz de Tenerife","Islas Canarias",NA,NA,NA,NA,"unmatched"
"Buenavista, Salamanca","Buenavista","Salamanca","Castilla y León",NA,NA,NA,NA,"unmatched"
"Buendía, Cuenca","Buendía","Cuenca","Castilla-La Mancha",NA,NA,NA,NA,"unmatched"
"Bueu, Pontevedra","Bueu","Pontevedra","Galicia",NA,NA,NA,NA,"unmatched"
"Bueña, Teruel","Bueña","Teruel","Aragón",NA,NA,NA,NA,"unmatched"
"Bufali, Valencia","Bufali","Valencia","Comunidad Valenciana",NA,NA,NA,NA,"unmatched"
"Bugarra, Valencia","Bugarra","Valencia","Comunidad Valenciana",NA,NA,NA,NA,"unmatched"
"Bugedo, Burgos","Bugedo","Burgos","Castilla y León",NA,NA,NA,NA,"unmatched"
"Buitrago del Lozoya, Madrid","Buitrago del Lozoya","Madrid","Comunidad de Madrid","9237298","Buitrago del Lozoya","Buitrago del Lozoya,Community of Madrid,Spain","Municipality","name+community"
"Buitrago, Soria","Buitrago","Soria","Castilla y León",NA,NA,NA,NA,"unmatched"
"Bujalance, Córdoba","Bujalance","Córdoba","Andalucía",NA,NA,NA,NA,"unmatched"
"Bujalaro, Guadalajara","Bujalaro","Guadalajara","Castilla-La Mancha",NA,NA,NA,NA,"unmatched"
"Bujaraloz, Zaragoza","Bujaraloz","Zaragoza","Aragón",NA,NA,NA,NA,"unmatched"
"Bularros, Ávila","Bularros","Ávila","Castilla y León",NA,NA,NA,NA,"unmatched"
"Bulbuente, Zaragoza","Bulbuente","Zaragoza","Aragón",NA,NA,NA,NA,"unmatched"
"Bullas, Murcia","Bullas","Murcia","Región de Murcia","9049015","Bullas","Bullas,Region of Murcia,Spain","City","name+community"
"Buniel, Burgos","Buniel","Burgos","Castilla y León",NA,NA,NA,NA,"unmatched"
"Bunyola, Baleares","Bunyola","Baleares","Islas Baleares","9209957","Bunyola","Bunyola,Balearic Islands,Spain","Municipality","name+community"
"Burbáguena, Teruel","Burbáguena","Teruel","Aragón",NA,NA,NA,NA,"unmatched"
"Burela, Lugo","Burela","Lugo","Galicia","9261521","Burela","Burela,Galicia,Spain","Municipality","name+community"
"Bureta, Zaragoza","Bureta","Zaragoza","Aragón",NA,NA,NA,NA,"unmatched"
"Burganes de Valverde, Zamora","Burganes de Valverde","Zamora","Castilla y León",NA,NA,NA,NA,"unmatched"
"Burgo de Osma-Ciudad de Osma, Soria","Burgo de Osma-Ciudad de Osma","Soria","Castilla y León",NA,NA,NA,NA,"unmatched"
"Burgohondo, Ávila","Burgohondo","Ávila","Castilla y León",NA,NA,NA,NA,"unmatched"
"Burgos, Burgos","Burgos","Burgos","Castilla y León","9218585","Municipality of Burgos","Municipality of Burgos,Castile and Leon,Spain","Municipality","name+community"
"Burgui, Navarra","Burgui","Navarra","Comunidad Foral de Navarra",NA,NA,NA,NA,"unmatched"
"Burguillos de Toledo, Toledo","Burguillos de Toledo","Toledo","Castilla-La Mancha",NA,NA,NA,NA,"unmatched"
"Burguillos del Cerro, Badajoz","Burguillos del Cerro","Badajoz","Extremadura","9219901","Burguillos del Cerro","Burguillos del Cerro,Extremadura,Spain","Municipality","name+community"
"Burguillos, Sevilla","Burguillos","Sevilla","Andalucía","9212568","Burguillos","Burguillos,Andalusia,Spain","Municipality","name+community"
"Burjassot, Valencia","Burjassot","Valencia","Comunidad Valenciana","9191429","Municipality of Burjassot","Municipality of Burjassot,Valencian Community,Spain","Municipality","name+community"
"Burlada, Navarra","Burlada","Navarra","Comunidad Foral de Navarra",NA,NA,NA,NA,"unmatched"
"Burriana, Castellón","Burriana","Castellón","Comunidad Valenciana",NA,NA,NA,NA,"unmatched"
"Burujón, Toledo","Burujón","Toledo","Castilla-La Mancha",NA,NA,NA,NA,"unmatched"
"Burón, León","Burón","León","Castilla y León",NA,NA,NA,NA,"unmatched"
"Busot, Alicante","Busot","Alicante","Comunidad Valenciana","9227084","Busot","Busot,Valencian Community,Spain","Municipality","name+community"
"Busquístar, Granada","Busquístar","Granada","Andalucía",NA,NA,NA,NA,"unmatched"
"Bustares, Guadalajara","Bustares","Guadalajara","Castilla-La Mancha",NA,NA,NA,NA,"unmatched"
"Bustarviejo, Madrid","Bustarviejo","Madrid","Comunidad de Madrid",NA,NA,NA,NA,"unmatched"
"Bustillo de Chaves, Valladolid","Bustillo de Chaves","Valladolid","Castilla y León",NA,NA,NA,NA,"unmatched"
"Bustillo de la Vega, Palencia","Bustillo de la Vega","Palencia","Castilla y León",NA,NA,NA,NA,"unmatched"
"Bustillo del Oro, Zamora","Bustillo del Oro","Zamora","Castilla y León",NA,NA,NA,NA,"unmatched"
"Bustillo del Páramo de Carrión, Palencia","Bustillo del Páramo de Carrión","Palencia","Castilla y León",NA,NA,NA,NA,"unmatched"
"Bustillo del Páramo, León","Bustillo del Páramo","León","Castilla y León",NA,NA,NA,NA,"unmatched"
"Busto de Bureba, Burgos","Busto de Bureba","Burgos","Castilla y León",NA,NA,NA,NA,"unmatched"
"Busturia, Vizcaya","Busturia","Vizcaya","País Vasco",NA,NA,NA,NA,"unmatched"
"Buñol, Valencia","Buñol","Valencia","Comunidad Valenciana","1005537","Bunol","Bunol,Valencian Community,Spain","City","name+community"
"Buñuel, Navarra","Buñuel","Navarra","Comunidad Foral de Navarra",NA,NA,NA,NA,"unmatched"
"Bàscara, Girona","Bàscara","Girona","Cataluña",NA,NA,NA,NA,"unmatched"
"Bádenas, Teruel","Bádenas","Teruel","Aragón",NA,NA,NA,NA,"unmatched"
"Báguena, Teruel","Báguena","Teruel","Aragón",NA,NA,NA,NA,"unmatched"
"Bárboles, Zaragoza","Bárboles","Zaragoza","Aragón",NA,NA,NA,NA,"unmatched"
"Bárcabo, Huesca","Bárcabo","Huesca","Aragón",NA,NA,NA,NA,"unmatched"
"Bárcena de Campos, Palencia","Bárcena de Campos","Palencia","Castilla y León",NA,NA,NA,NA,"unmatched"
"Bárcena de Cicero, Cantabria","Bárcena de Cicero","Cantabria","Cantabria","9220015","Barcena de Cicero","Barcena de Cicero,Cantabria,Spain","Municipality","name+community"
"Bárcena de Pie de Concha, Cantabria","Bárcena de Pie de Concha","Cantabria","Cantabria",NA,NA,NA,NA,"unmatched"
"Báscones de Ojeda, Palencia","Báscones de Ojeda","Palencia","Castilla y León",NA,NA,NA,NA,"unmatched"
"Bèlgida, Valencia","Bèlgida","Valencia","Comunidad Valenciana",NA,NA,NA,NA,"unmatched"
"Bédar, Almería","Bédar","Almería","Andalucía",NA,NA,NA,NA,"unmatched"
"Béjar, Salamanca","Béjar","Salamanca","Castilla y León","9049007","Bejar","Bejar,Castile and Leon,Spain","City","name+community"
"Bélmez de la Moraleda, Jaén","Bélmez de la Moraleda","Jaén","Andalucía",NA,NA,NA,NA,"unmatched"
"Bérchules, Granada","Bérchules","Granada","Andalucía",NA,NA,NA,NA,"unmatched"
"Bétera, Valencia","Bétera","Valencia","Comunidad Valenciana","9221126","Municipality of Betera","Municipality of Betera,Valencian Community,Spain","Municipality","name+community"
"Bóveda del Río Almar, Salamanca","Bóveda del Río Almar","Salamanca","Castilla y León",NA,NA,NA,NA,"unmatched"
"Bóveda, Lugo","Bóveda","Lugo","Galicia",NA,NA,NA,NA,"unmatched"
"Búger, Baleares","Búger","Baleares","Islas Baleares","9217930","Buger","Buger,Balearic Islands,Spain","Municipality","name+community"
"Cabacés, Tarragona","Cabacés","Tarragona","Cataluña",NA,NA,NA,NA,"unmatched"
"Caballar, Segovia","Caballar","Segovia","Castilla y León",NA,NA,NA,NA,"unmatched"
"Cabana de Bergantiños, A Coruña","Cabana de Bergantiños","A Coruña","Galicia","9212602","Cabana de Bergantinos","Cabana de Bergantinos,Galicia,Spain","Municipality","name+community"
"Cabanabona, Lleida","Cabanabona","Lleida","Cataluña",NA,NA,NA,NA,"unmatched"
"Cabanas, A Coruña","Cabanas","A Coruña","Galicia",NA,NA,NA,NA,"unmatched"
"Cabanelles, Girona","Cabanelles","Girona","Cataluña",NA,NA,NA,NA,"unmatched"
"Cabanes, Castellón","Cabanes","Castellón","Comunidad Valenciana",NA,NA,NA,NA,"unmatched"
"Cabanes, Girona","Cabanes","Girona","Cataluña",NA,NA,NA,NA,"unmatched"
"Cabanillas de la Sierra, Madrid","Cabanillas de la Sierra","Madrid","Comunidad de Madrid",NA,NA,NA,NA,"unmatched"
"Cabanillas del Campo, Guadalajara","Cabanillas del Campo","Guadalajara","Castilla-La Mancha",NA,NA,NA,NA,"unmatched"
"Cabanillas, Navarra","Cabanillas","Navarra","Comunidad Foral de Navarra",NA,NA,NA,NA,"unmatched"
"Cabañas Raras, León","Cabañas Raras","León","Castilla y León",NA,NA,NA,NA,"unmatched"
"Cabañas de Ebro, Zaragoza","Cabañas de Ebro","Zaragoza","Aragón",NA,NA,NA,NA,"unmatched"
"Cabañas de Polendos, Segovia","Cabañas de Polendos","Segovia","Castilla y León",NA,NA,NA,NA,"unmatched"
"Cabañas de Sayago, Zamora","Cabañas de Sayago","Zamora","Castilla y León",NA,NA,NA,NA,"unmatched"
"Cabañas de Yepes, Toledo","Cabañas de Yepes","Toledo","Castilla-La Mancha",NA,NA,NA,NA,"unmatched"
"Cabañas de la Sagra, Toledo","Cabañas de la Sagra","Toledo","Castilla-La Mancha",NA,NA,NA,NA,"unmatched"
"Cabañas del Castillo, Cáceres","Cabañas del Castillo","Cáceres","Extremadura",NA,NA,NA,NA,"unmatched"
"Cabañes de Esgueva, Burgos","Cabañes de Esgueva","Burgos","Castilla y León",NA,NA,NA,NA,"unmatched"
"Cabeza del Buey, Badajoz","Cabeza del Buey","Badajoz","Extremadura",NA,NA,NA,NA,"unmatched"
"Cabeza del Caballo, Salamanca","Cabeza del Caballo","Salamanca","Castilla y León",NA,NA,NA,NA,"unmatched"
"Cabeza la Vaca, Badajoz","Cabeza la Vaca","Badajoz","Extremadura",NA,NA,NA,NA,"unmatched"
"Cabezabellosa de la Calzada, Salamanca","Cabezabellosa de la Calzada","Salamanca","Castilla y León",NA,NA,NA,NA,"unmatched"
"Cabezabellosa, Cáceres","Cabezabellosa","Cáceres","Extremadura",NA,NA,NA,NA,"unmatched"
"Cabezamesada, Toledo","Cabezamesada","Toledo","Castilla-La Mancha",NA,NA,NA,NA,"unmatched"
"Cabezarados, Ciudad Real","Cabezarados","Ciudad Real","Castilla-La Mancha",NA,NA,NA,NA,"unmatched"
"Cabezarrubias del Puerto, Ciudad Real","Cabezarrubias del Puerto","Ciudad Real","Castilla-La Mancha",NA,NA,NA,NA,"unmatched"
"Cabezas Rubias, Huelva","Cabezas Rubias","Huelva","Andalucía",NA,NA,NA,NA,"unmatched"
"Cabezas de Alambre, Ávila","Cabezas de Alambre","Ávila","Castilla y León",NA,NA,NA,NA,"unmatched"
"Cabezas del Pozo, Ávila","Cabezas del Pozo","Ávila","Castilla y León",NA,NA,NA,NA,"unmatched"
"Cabezas del Villar, Ávila","Cabezas del Villar","Ávila","Castilla y León",NA,NA,NA,NA,"unmatched"
"Cabezuela del Valle, Cáceres","Cabezuela del Valle","Cáceres","Extremadura",NA,NA,NA,NA,"unmatched"
"Cabezuela, Segovia","Cabezuela","Segovia","Castilla y León",NA,NA,NA,NA,"unmatched"
"Cabezón de Cameros, La Rioja","Cabezón de Cameros","La Rioja","La Rioja",NA,NA,NA,NA,"unmatched"
"Cabezón de Liébana, Cantabria","Cabezón de Liébana","Cantabria","Cantabria",NA,NA,NA,NA,"unmatched"
"Cabezón de Pisuerga, Valladolid","Cabezón de Pisuerga","Valladolid","Castilla y León",NA,NA,NA,NA,"unmatched"
"Cabezón de Valderaduey, Valladolid","Cabezón de Valderaduey","Valladolid","Castilla y León",NA,NA,NA,NA,"unmatched"
"Cabezón de la Sal, Cantabria","Cabezón de la Sal","Cantabria","Cantabria",NA,NA,NA,NA,"unmatched"
"Cabezón de la Sierra, Burgos","Cabezón de la Sierra","Burgos","Castilla y León",NA,NA,NA,NA,"unmatched"
"Cabizuela, Ávila","Cabizuela","Ávila","Castilla y León",NA,NA,NA,NA,"unmatched"
"Cabolafuente, Zaragoza","Cabolafuente","Zaragoza","Aragón",NA,NA,NA,NA,"unmatched"
"Cabra de Mora, Teruel","Cabra de Mora","Teruel","Aragón",NA,NA,NA,NA,"unmatched"
"Cabra del Camp, Tarragona","Cabra del Camp","Tarragona","Cataluña",NA,NA,NA,NA,"unmatched"
"Cabra del Santo Cristo, Jaén","Cabra del Santo Cristo","Jaén","Andalucía",NA,NA,NA,NA,"unmatched"
"Cabra, Córdoba","Cabra","Córdoba","Andalucía","9238240","Cabra","Cabra,Andalusia,Spain","Municipality","name+community"
"Cabrales, Asturias","Cabrales","Asturias","Principado de Asturias",NA,NA,NA,NA,"unmatched"
"Cabranes, Asturias","Cabranes","Asturias","Principado de Asturias",NA,NA,NA,NA,"unmatched"
"Cabredo, Navarra","Cabredo","Navarra","Comunidad Foral de Navarra",NA,NA,NA,NA,"unmatched"
"Cabrejas del Campo, Soria","Cabrejas del Campo","Soria","Castilla y León",NA,NA,NA,NA,"unmatched"
"Cabrejas del Pinar, Soria","Cabrejas del Pinar","Soria","Castilla y León",NA,NA,NA,NA,"unmatched"
"Cabrera d'Igualada, Barcelona","Cabrera d'Igualada","Barcelona","Cataluña",NA,NA,NA,NA,"unmatched"
"Cabrera de Mar, Barcelona","Cabrera de Mar","Barcelona","Cataluña","9250577","Cabrera de Mar","Cabrera de Mar,Catalonia,Spain","City","name+community"
"Cabrerizos, Salamanca","Cabrerizos","Salamanca","Castilla y León",NA,NA,NA,NA,"unmatched"
"Cabrero, Cáceres","Cabrero","Cáceres","Extremadura",NA,NA,NA,NA,"unmatched"
"Cabreros del Monte, Valladolid","Cabreros del Monte","Valladolid","Castilla y León",NA,NA,NA,NA,"unmatched"
"Cabreros del Río, León","Cabreros del Río","León","Castilla y León",NA,NA,NA,NA,"unmatched"
"Cabrillanes, León","Cabrillanes","León","Castilla y León",NA,NA,NA,NA,"unmatched"
"Cabrillas, Salamanca","Cabrillas","Salamanca","Castilla y León",NA,NA,NA,NA,"unmatched"
"Cabrils, Barcelona","Cabrils","Barcelona","Cataluña","9237029","Cabrils","Cabrils,Catalonia,Spain","City","name+community"
"Cabuérniga, Cantabria","Cabuérniga","Cantabria","Cantabria",NA,NA,NA,NA,"unmatched"
"Cabó, Lleida","Cabó","Lleida","Cataluña",NA,NA,NA,NA,"unmatched"
"Cacabelos, León","Cacabelos","León","Castilla y León",NA,NA,NA,NA,"unmatched"
"Cachorrilla, Cáceres","Cachorrilla","Cáceres","Extremadura",NA,NA,NA,NA,"unmatched"
"Cacín, Granada","Cacín","Granada","Andalucía",NA,NA,NA,NA,"unmatched"
"Cadalso de los Vidrios, Madrid","Cadalso de los Vidrios","Madrid","Comunidad de Madrid",NA,NA,NA,NA,"unmatched"
"Cadalso, Cáceres","Cadalso","Cáceres","Extremadura",NA,NA,NA,NA,"unmatched"
"Cadaqués, Girona","Cadaqués","Girona","Cataluña",NA,NA,NA,NA,"unmatched"
"Cadreita, Navarra","Cadreita","Navarra","Comunidad Foral de Navarra",NA,NA,NA,NA,"unmatched"
"Cadrete, Zaragoza","Cadrete","Zaragoza","Aragón",NA,NA,NA,NA,"unmatched"
"Cala, Huelva","Cala","Huelva","Andalucía",NA,NA,NA,NA,"unmatched"
"Calabazas de Fuentidueña, Segovia","Calabazas de Fuentidueña","Segovia","Castilla y León",NA,NA,NA,NA,"unmatched"
"Calaceite, Teruel","Calaceite","Teruel","Aragón",NA,NA,NA,NA,"unmatched"
"Calaf, Barcelona","Calaf","Barcelona","Cataluña",NA,NA,NA,NA,"unmatched"
"Calafell, Tarragona","Calafell","Tarragona","Cataluña",NA,NA,NA,NA,"unmatched"
"Calahorra de Boedo, Palencia","Calahorra de Boedo","Palencia","Castilla y León",NA,NA,NA,NA,"unmatched"
"Calahorra, La Rioja","Calahorra","La Rioja","La Rioja","9049018","Calahorra","Calahorra,La Rioja,Spain","City","name+community"
"Calamocha, Teruel","Calamocha","Teruel","Aragón",NA,NA,NA,NA,"unmatched"
"Calamonte, Badajoz","Calamonte","Badajoz","Extremadura",NA,NA,NA,NA,"unmatched"
"Calanda, Teruel","Calanda","Teruel","Aragón",NA,NA,NA,NA,"unmatched"
"Calasparra, Murcia","Calasparra","Murcia","Región de Murcia","9049019","Calasparra","Calasparra,Region of Murcia,Spain","City","name+community"
"Calatayud, Zaragoza","Calatayud","Zaragoza","Aragón",NA,NA,NA,NA,"unmatched"
"Calatañazor, Soria","Calatañazor","Soria","Castilla y León",NA,NA,NA,NA,"unmatched"
"Calatorao, Zaragoza","Calatorao","Zaragoza","Aragón",NA,NA,NA,NA,"unmatched"
"Calañas, Huelva","Calañas","Huelva","Andalucía",NA,NA,NA,NA,"unmatched"
"Calcena, Zaragoza","Calcena","Zaragoza","Aragón",NA,NA,NA,NA,"unmatched"
"Caldas de Reis, Pontevedra","Caldas de Reis","Pontevedra","Galicia",NA,NA,NA,NA,"unmatched"
"Caldearenas, Huesca","Caldearenas","Huesca","Aragón",NA,NA,NA,NA,"unmatched"
"Calders, Barcelona","Calders","Barcelona","Cataluña",NA,NA,NA,NA,"unmatched"
"Caldes d'Estrac, Barcelona","Caldes d'Estrac","Barcelona","Cataluña",NA,NA,NA,NA,"unmatched"
"Caldes de Malavella, Girona","Caldes de Malavella","Girona","Cataluña",NA,NA,NA,NA,"unmatched"
"Caldes de Montbui, Barcelona","Caldes de Montbui","Barcelona","Cataluña","9223724","Caldes de Montbui","Caldes de Montbui,Catalonia,Spain","Municipality","name+community"
"Calella, Barcelona","Calella","Barcelona","Cataluña","9195730","Calella","Calella,Catalonia,Spain","City","name+community"
"Calera de León, Badajoz","Calera de León","Badajoz","Extremadura",NA,NA,NA,NA,"unmatched"
"Calera y Chozas, Toledo","Calera y Chozas","Toledo","Castilla-La Mancha",NA,NA,NA,NA,"unmatched"
"Caleruega, Burgos","Caleruega","Burgos","Castilla y León",NA,NA,NA,NA,"unmatched"
"Caleruela, Toledo","Caleruela","Toledo","Castilla-La Mancha",NA,NA,NA,NA,"unmatched"
"Calicasas, Granada","Calicasas","Granada","Andalucía",NA,NA,NA,NA,"unmatched"
"Calldetenes, Barcelona","Calldetenes","Barcelona","Cataluña",NA,NA,NA,NA,"unmatched"
"Calles, Valencia","Calles","Valencia","Comunidad Valenciana",NA,NA,NA,NA,"unmatched"
"Callosa d'En Sarrià, Alicante","Callosa d'En Sarrià","Alicante","Comunidad Valenciana",NA,NA,NA,NA,"unmatched"
"Callosa de Segura, Alicante","Callosa de Segura","Alicante","Comunidad Valenciana","9049021","Callosa de Segura","Callosa de Segura,Valencian Community,Spain","City","name+community"
"Callús, Barcelona","Callús","Barcelona","Cataluña",NA,NA,NA,NA,"unmatched"
"Calmarza, Zaragoza","Calmarza","Zaragoza","Aragón",NA,NA,NA,NA,"unmatched"
"Calomarde, Teruel","Calomarde","Teruel","Aragón",NA,NA,NA,NA,"unmatched"
"Calonge de Segarra, Barcelona","Calonge de Segarra","Barcelona","Cataluña",NA,NA,NA,NA,"unmatched"
"Calonge, Girona","Calonge","Girona","Cataluña",NA,NA,NA,NA,"unmatched"
"Calpe, Alicante","Calpe","Alicante","Comunidad Valenciana",NA,NA,NA,NA,"unmatched"
"Caltojar, Soria","Caltojar","Soria","Castilla y León",NA,NA,NA,NA,"unmatched"
"Calvarrasa de Abajo, Salamanca","Calvarrasa de Abajo","Salamanca","Castilla y León",NA,NA,NA,NA,"unmatched"
"Calvarrasa de Arriba, Salamanca","Calvarrasa de Arriba","Salamanca","Castilla y León",NA,NA,NA,NA,"unmatched"
"Calvià, Baleares","Calvià","Baleares","Islas Baleares","9214701","Calvia","Calvia,Balearic Islands,Spain","Municipality","name+community"
"Calvos de Randín, Ourense","Calvos de Randín","Ourense","Galicia",NA,NA,NA,NA,"unmatched"
"Calzada de Calatrava, Ciudad Real","Calzada de Calatrava","Ciudad Real","Castilla-La Mancha",NA,NA,NA,NA,"unmatched"
"Calzada de Don Diego, Salamanca","Calzada de Don Diego","Salamanca","Castilla y León",NA,NA,NA,NA,"unmatched"
"Calzada de Oropesa, Toledo","Calzada de Oropesa","Toledo","Castilla-La Mancha",NA,NA,NA,NA,"unmatched"
"Calzada de Valdunciel, Salamanca","Calzada de Valdunciel","Salamanca","Castilla y León",NA,NA,NA,NA,"unmatched"
"Calzada de los Molinos, Palencia","Calzada de los Molinos","Palencia","Castilla y León",NA,NA,NA,NA,"unmatched"
"Calzada del Coto, León","Calzada del Coto","León","Castilla y León",NA,NA,NA,NA,"unmatched"
"Calzadilla de Tera, Zamora","Calzadilla de Tera","Zamora","Castilla y León",NA,NA,NA,NA,"unmatched"
"Calzadilla de los Barros, Badajoz","Calzadilla de los Barros","Badajoz","Extremadura",NA,NA,NA,NA,"unmatched"
"Calzadilla, Cáceres","Calzadilla","Cáceres","Extremadura",NA,NA,NA,NA,"unmatched"
"Camaleño, Cantabria","Camaleño","Cantabria","Cantabria","9215701","Camaleno","Camaleno,Cantabria,Spain","Municipality","name+community"
"Camarasa, Lleida","Camarasa","Lleida","Cataluña",NA,NA,NA,NA,"unmatched"
"Camarena de la Sierra, Teruel","Camarena de la Sierra","Teruel","Aragón",NA,NA,NA,NA,"unmatched"
"Camarena, Toledo","Camarena","Toledo","Castilla-La Mancha",NA,NA,NA,NA,"unmatched"
"Camarenilla, Toledo","Camarenilla","Toledo","Castilla-La Mancha",NA,NA,NA,NA,"unmatched"
"Camargo, Cantabria","Camargo","Cantabria","Cantabria","1005524","Camargo","Camargo,Cantabria,Spain","Municipality","name+community"
"Camarillas, Teruel","Camarillas","Teruel","Aragón",NA,NA,NA,NA,"unmatched"
"Camariñas, A Coruña","Camariñas","A Coruña","Galicia",NA,NA,NA,NA,"unmatched"
"Camarles, Tarragona","Camarles","Tarragona","Cataluña",NA,NA,NA,NA,"unmatched"
"Camarma de Esteruelas, Madrid","Camarma de Esteruelas","Madrid","Comunidad de Madrid","9238129","Camarma de Esteruelas","Camarma de Esteruelas,Community of Madrid,Spain","Municipality","name+community"
"Camarzana de Tera, Zamora","Camarzana de Tera","Zamora","Castilla y León",NA,NA,NA,NA,"unmatched"
"Camas, Sevilla","Camas","Sevilla","Andalucía","9231373","Municipality of Camas","Municipality of Camas,Andalusia,Spain","Municipality","name+community"
"Camañas, Teruel","Camañas","Teruel","Aragón",NA,NA,NA,NA,"unmatched"
"Cambados, Pontevedra","Cambados","Pontevedra","Galicia","9234627","Cambados","Cambados,Galicia,Spain","Municipality","name+community"
"Cambil, Jaén","Cambil","Jaén","Andalucía",NA,NA,NA,NA,"unmatched"
"Cambre, A Coruña","Cambre","A Coruña","Galicia","9218356","Cambre","Cambre,Galicia,Spain","Municipality","name+community"
"Cambrils, Tarragona","Cambrils","Tarragona","Cataluña","9197598","Cambrils","Cambrils,Catalonia,Spain","City","name+community"
"Caminomorisco, Cáceres","Caminomorisco","Cáceres","Extremadura",NA,NA,NA,NA,"unmatched"
"Caminreal, Teruel","Caminreal","Teruel","Aragón",NA,NA,NA,NA,"unmatched"
"Campanario, Badajoz","Campanario","Badajoz","Extremadura",NA,NA,NA,NA,"unmatched"
"Campanet, Baleares","Campanet","Baleares","Islas Baleares","9216530","Campanet","Campanet,Balearic Islands,Spain","Municipality","name+community"
"Campaspero, Valladolid","Campaspero","Valladolid","Castilla y León",NA,NA,NA,NA,"unmatched"
"Campazas, León","Campazas","León","Castilla y León",NA,NA,NA,NA,"unmatched"
"Campdevànol, Girona","Campdevànol","Girona","Cataluña",NA,NA,NA,NA,"unmatched"
"Campelles, Girona","Campelles","Girona","Cataluña",NA,NA,NA,NA,"unmatched"
"Campillo de Altobuey, Cuenca","Campillo de Altobuey","Cuenca","Castilla-La Mancha",NA,NA,NA,NA,"unmatched"
"Campillo de Aragón, Zaragoza","Campillo de Aragón","Zaragoza","Aragón",NA,NA,NA,NA,"unmatched"
"Campillo de Aranda, Burgos","Campillo de Aranda","Burgos","Castilla y León",NA,NA,NA,NA,"unmatched"
"Campillo de Arenas, Jaén","Campillo de Arenas","Jaén","Andalucía",NA,NA,NA,NA,"unmatched"
"Campillo de Azaba, Salamanca","Campillo de Azaba","Salamanca","Castilla y León",NA,NA,NA,NA,"unmatched"
"Campillo de Deleitosa, Cáceres","Campillo de Deleitosa","Cáceres","Extremadura",NA,NA,NA,NA,"unmatched"
"Campillo de Dueñas, Guadalajara","Campillo de Dueñas","Guadalajara","Castilla-La Mancha",NA,NA,NA,NA,"unmatched"
"Campillo de Llerena, Badajoz","Campillo de Llerena","Badajoz","Extremadura",NA,NA,NA,NA,"unmatched"
"Campillo de Ranas, Guadalajara","Campillo de Ranas","Guadalajara","Castilla-La Mancha",NA,NA,NA,NA,"unmatched"
"Campillos, Málaga","Campillos","Málaga","Andalucía",NA,NA,NA,NA,"unmatched"
"Campillos-Paravientos, Cuenca","Campillos-Paravientos","Cuenca","Castilla-La Mancha",NA,NA,NA,NA,"unmatched"
"Campillos-Sierra, Cuenca","Campillos-Sierra","Cuenca","Castilla-La Mancha",NA,NA,NA,NA,"unmatched"
"Campins, Barcelona","Campins","Barcelona","Cataluña",NA,NA,NA,NA,"unmatched"
"Campisábalos, Guadalajara","Campisábalos","Guadalajara","Castilla-La Mancha",NA,NA,NA,NA,"unmatched"
"Campllong, Girona","Campllong","Girona","Cataluña",NA,NA,NA,NA,"unmatched"
"Campo Lameiro, Pontevedra","Campo Lameiro","Pontevedra","Galicia","9217131","Campo Lameiro","Campo Lameiro,Galicia,Spain","Municipality","name+community"
"Campo Lugar, Cáceres","Campo Lugar","Cáceres","Extremadura",NA,NA,NA,NA,"unmatched"
"Campo Real, Madrid","Campo Real","Madrid","Comunidad de Madrid",NA,NA,NA,NA,"unmatched"
"Campo de Criptana, Ciudad Real","Campo de Criptana","Ciudad Real","Castilla-La Mancha",NA,NA,NA,NA,"unmatched"
"Campo de Mirra, Alicante","Campo de Mirra","Alicante","Comunidad Valenciana",NA,NA,NA,NA,"unmatched"
"Campo de San Pedro, Segovia","Campo de San Pedro","Segovia","Castilla y León",NA,NA,NA,NA,"unmatched"
"Campo de Villavidel, León","Campo de Villavidel","León","Castilla y León",NA,NA,NA,NA,"unmatched"
"Campo, Huesca","Campo","Huesca","Aragón",NA,NA,NA,NA,"unmatched"
"Campofrío, Huelva","Campofrío","Huelva","Andalucía",NA,NA,NA,NA,"unmatched"
"Campolara, Burgos","Campolara","Burgos","Castilla y León",NA,NA,NA,NA,"unmatched"
"Camponaraya, León","Camponaraya","León","Castilla y León",NA,NA,NA,NA,"unmatched"
"Campoo de Enmedio, Cantabria","Campoo de Enmedio","Cantabria","Cantabria",NA,NA,NA,NA,"unmatched"
"Campoo de Yuso, Cantabria","Campoo de Yuso","Cantabria","Cantabria","9221447","Campoo de Yuso","Campoo de Yuso,Cantabria,Spain","Municipality","name+community"
"Camporredondo, Valladolid","Camporredondo","Valladolid","Castilla y León",NA,NA,NA,NA,"unmatched"
"Camporrobles, Valencia","Camporrobles","Valencia","Comunidad Valenciana",NA,NA,NA,NA,"unmatched"
"Camporrélls, Huesca","Camporrélls","Huesca","Aragón",NA,NA,NA,NA,"unmatched"
"Campos del Paraíso, Cuenca","Campos del Paraíso","Cuenca","Castilla-La Mancha",NA,NA,NA,NA,"unmatched"
"Campos del Río, Murcia","Campos del Río","Murcia","Región de Murcia",NA,NA,NA,NA,"unmatched"
"Campos, Baleares","Campos","Baleares","Islas Baleares","9220218","Campos","Campos,Balearic Islands,Spain","Municipality","name+community"
"Campotéjar, Granada","Campotéjar","Granada","Andalucía",NA,NA,NA,NA,"unmatched"
"Camprodon, Girona","Camprodon","Girona","Cataluña",NA,NA,NA,NA,"unmatched"
"Camprovín, La Rioja","Camprovín","La Rioja","La Rioja",NA,NA,NA,NA,"unmatched"
"Camuñas, Toledo","Camuñas","Toledo","Castilla-La Mancha",NA,NA,NA,NA,"unmatched"
"Camós, Girona","Camós","Girona","Cataluña",NA,NA,NA,NA,"unmatched"
"Canal de Berdún, Huesca","Canal de Berdún","Huesca","Aragón",NA,NA,NA,NA,"unmatched"
"Canalejas de Peñafiel, Valladolid","Canalejas de Peñafiel","Valladolid","Castilla y León",NA,NA,NA,NA,"unmatched"
"Canalejas del Arroyo, Cuenca","Canalejas del Arroyo","Cuenca","Castilla-La Mancha",NA,NA,NA,NA,"unmatched"
"Canales de la Sierra, La Rioja","Canales de la Sierra","La Rioja","La Rioja",NA,NA,NA,NA,"unmatched"
"Canales, Ávila","Canales","Ávila","Castilla y León",NA,NA,NA,NA,"unmatched"
"Canals, Valencia","Canals","Valencia","Comunidad Valenciana","9049023","Canals","Canals,Valencian Community,Spain","City","name+community"
"Candamo, Asturias","Candamo","Asturias","Principado de Asturias",NA,NA,NA,NA,"unmatched"
"Candasnos, Huesca","Candasnos","Huesca","Aragón",NA,NA,NA,NA,"unmatched"
"Candelaria, Santa Cruz de Tenerife","Candelaria","Santa Cruz de Tenerife","Islas Canarias",NA,NA,NA,NA,"unmatched"
"Candelario, Salamanca","Candelario","Salamanca","Castilla y León",NA,NA,NA,NA,"unmatched"
"Candeleda, Ávila","Candeleda","Ávila","Castilla y León",NA,NA,NA,NA,"unmatched"
"Candilichera, Soria","Candilichera","Soria","Castilla y León",NA,NA,NA,NA,"unmatched"
"Candín, León","Candín","León","Castilla y León",NA,NA,NA,NA,"unmatched"
"Canejan, Lleida","Canejan","Lleida","Cataluña",NA,NA,NA,NA,"unmatched"
"Canena, Jaén","Canena","Jaén","Andalucía",NA,NA,NA,NA,"unmatched"
"Canencia, Madrid","Canencia","Madrid","Comunidad de Madrid",NA,NA,NA,NA,"unmatched"
"Canet d'Adri, Girona","Canet d'Adri","Girona","Cataluña",NA,NA,NA,NA,"unmatched"
"Canet d'En Berenguer, Valencia","Canet d'En Berenguer","Valencia","Comunidad Valenciana","9252494","Canet d'en Berenguer","Canet d'en Berenguer,Valencian Community,Spain","Municipality","name+community"
"Canet de Mar, Barcelona","Canet de Mar","Barcelona","Cataluña","9243445","Canet de Mar","Canet de Mar,Catalonia,Spain","Municipality","name+community"
"Canet lo Roig, Castellón","Canet lo Roig","Castellón","Comunidad Valenciana",NA,NA,NA,NA,"unmatched"
"Canfranc, Huesca","Canfranc","Huesca","Aragón",NA,NA,NA,NA,"unmatched"
"Cangas de Onís, Asturias","Cangas de Onís","Asturias","Principado de Asturias","9249609","Cangas de Onis","Cangas de Onis,Asturias,Spain","Municipality","name+community"
"Cangas del Narcea, Asturias","Cangas del Narcea","Asturias","Principado de Asturias","9217931","Cangas del Narcea","Cangas del Narcea,Asturias,Spain","Municipality","name+community"
"Cangas, Pontevedra","Cangas","Pontevedra","Galicia","9225981","Cangas","Cangas,Galicia,Spain","Municipality","name+community"
"Canicosa de la Sierra, Burgos","Canicosa de la Sierra","Burgos","Castilla y León",NA,NA,NA,NA,"unmatched"
"Caniles, Granada","Caniles","Granada","Andalucía","9210671","Caniles","Caniles,Andalusia,Spain","Municipality","name+community"
"Canillas de Abajo, Salamanca","Canillas de Abajo","Salamanca","Castilla y León",NA,NA,NA,NA,"unmatched"
"Canillas de Aceituno, Málaga","Canillas de Aceituno","Málaga","Andalucía",NA,NA,NA,NA,"unmatched"
"Canillas de Albaida, Málaga","Canillas de Albaida","Málaga","Andalucía",NA,NA,NA,NA,"unmatched"
"Canillas de Esgueva, Valladolid","Canillas de Esgueva","Valladolid","Castilla y León",NA,NA,NA,NA,"unmatched"
"Canillas de Río Tuerto, La Rioja","Canillas de Río Tuerto","La Rioja","La Rioja",NA,NA,NA,NA,"unmatched"
"Canjáyar, Almería","Canjáyar","Almería","Andalucía",NA,NA,NA,NA,"unmatched"
"Canovelles, Barcelona","Canovelles","Barcelona","Cataluña",NA,NA,NA,NA,"unmatched"
"Canredondo, Guadalajara","Canredondo","Guadalajara","Castilla-La Mancha",NA,NA,NA,NA,"unmatched"
"Cantabrana, Burgos","Cantabrana","Burgos","Castilla y León",NA,NA,NA,NA,"unmatched"
"Cantagallo, Salamanca","Cantagallo","Salamanca","Castilla y León",NA,NA,NA,NA,"unmatched"
"Cantalapiedra, Salamanca","Cantalapiedra","Salamanca","Castilla y León",NA,NA,NA,NA,"unmatched"
"Cantalejo, Segovia","Cantalejo","Segovia","Castilla y León",NA,NA,NA,NA,"unmatched"
"Cantallops, Girona","Cantallops","Girona","Cataluña",NA,NA,NA,NA,"unmatched"
"Cantalojas, Guadalajara","Cantalojas","Guadalajara","Castilla-La Mancha",NA,NA,NA,NA,"unmatched"
"Cantalpino, Salamanca","Cantalpino","Salamanca","Castilla y León",NA,NA,NA,NA,"unmatched"
"Cantaracillo, Salamanca","Cantaracillo","Salamanca","Castilla y León",NA,NA,NA,NA,"unmatched"
"Cantavieja, Teruel","Cantavieja","Teruel","Aragón",NA,NA,NA,NA,"unmatched"
"Cantillana, Sevilla","Cantillana","Sevilla","Andalucía","9213605","Cantillana","Cantillana,Andalusia,Spain","Municipality","name+community"
"Cantimpalos, Segovia","Cantimpalos","Segovia","Castilla y León",NA,NA,NA,NA,"unmatched"
"Cantiveros, Ávila","Cantiveros","Ávila","Castilla y León",NA,NA,NA,NA,"unmatched"
"Cantoria, Almería","Cantoria","Almería","Andalucía",NA,NA,NA,NA,"unmatched"
"Canyelles, Barcelona","Canyelles","Barcelona","Cataluña","9211120","Canyelles","Canyelles,Catalonia,Spain","Municipality","name+community"
"Capafonts, Tarragona","Capafonts","Tarragona","Cataluña",NA,NA,NA,NA,"unmatched"
"Caparroso, Navarra","Caparroso","Navarra","Comunidad Foral de Navarra",NA,NA,NA,NA,"unmatched"
"Capdepera, Baleares","Capdepera","Baleares","Islas Baleares","9217567","Capdepera","Capdepera,Balearic Islands,Spain","Municipality","name+community"
"Capdesaso, Huesca","Capdesaso","Huesca","Aragón",NA,NA,NA,NA,"unmatched"
"Capella, Huesca","Capella","Huesca","Aragón",NA,NA,NA,NA,"unmatched"
"Capellades, Barcelona","Capellades","Barcelona","Cataluña",NA,NA,NA,NA,"unmatched"
"Capileira, Granada","Capileira","Granada","Andalucía",NA,NA,NA,NA,"unmatched"
"Capilla, Badajoz","Capilla","Badajoz","Extremadura",NA,NA,NA,NA,"unmatched"
"Capillas, Palencia","Capillas","Palencia","Castilla y León",NA,NA,NA,NA,"unmatched"
"Capmany, Girona","Capmany","Girona","Cataluña",NA,NA,NA,NA,"unmatched"
"Capolat, Barcelona","Capolat","Barcelona","Cataluña",NA,NA,NA,NA,"unmatched"
"Capçanes, Tarragona","Capçanes","Tarragona","Cataluña",NA,NA,NA,NA,"unmatched"
"Carabantes, Soria","Carabantes","Soria","Castilla y León",NA,NA,NA,NA,"unmatched"
"Carabaña, Madrid","Carabaña","Madrid","Comunidad de Madrid",NA,NA,NA,NA,"unmatched"
"Caracena, Soria","Caracena","Soria","Castilla y León",NA,NA,NA,NA,"unmatched"
"Caracuel de Calatrava, Ciudad Real","Caracuel de Calatrava","Ciudad Real","Castilla-La Mancha",NA,NA,NA,NA,"unmatched"
"Carataunas, Granada","Carataunas","Granada","Andalucía",NA,NA,NA,NA,"unmatched"
"Caravaca de la Cruz, Murcia","Caravaca de la Cruz","Murcia","Región de Murcia","9210965","Caravaca de la Cruz","Caravaca de la Cruz,Region of Murcia,Spain","City","name+community"
"Caravia, Asturias","Caravia","Asturias","Principado de Asturias",NA,NA,NA,NA,"unmatched"
"Carazo, Burgos","Carazo","Burgos","Castilla y León",NA,NA,NA,NA,"unmatched"
"Carbajales de Alba, Zamora","Carbajales de Alba","Zamora","Castilla y León",NA,NA,NA,NA,"unmatched"
"Carbajo, Cáceres","Carbajo","Cáceres","Extremadura",NA,NA,NA,NA,"unmatched"
"Carbajosa de la Sagrada, Salamanca","Carbajosa de la Sagrada","Salamanca","Castilla y León",NA,NA,NA,NA,"unmatched"
"Carballeda de Avia, Ourense","Carballeda de Avia","Ourense","Galicia",NA,NA,NA,NA,"unmatched"
"Carballeda de Valdeorras, Ourense","Carballeda de Valdeorras","Ourense","Galicia",NA,NA,NA,NA,"unmatched"
"Carballedo, Lugo","Carballedo","Lugo","Galicia","9221319","Carballedo","Carballedo,Galicia,Spain","Municipality","name+community"
"Carballo, A Coruña","Carballo","A Coruña","Galicia","9216329","Carballo","Carballo,Galicia,Spain","Municipality","name+community"
"Carbellino, Zamora","Carbellino","Zamora","Castilla y León",NA,NA,NA,NA,"unmatched"
"Carboneras de Guadazaón, Cuenca","Carboneras de Guadazaón","Cuenca","Castilla-La Mancha",NA,NA,NA,NA,"unmatched"
"Carboneras, Almería","Carboneras","Almería","Andalucía",NA,NA,NA,NA,"unmatched"
"Carbonero el Mayor, Segovia","Carbonero el Mayor","Segovia","Castilla y León",NA,NA,NA,NA,"unmatched"
"Carboneros, Jaén","Carboneros","Jaén","Andalucía",NA,NA,NA,NA,"unmatched"
"Carcaboso, Cáceres","Carcaboso","Cáceres","Extremadura",NA,NA,NA,NA,"unmatched"
"Carcabuey, Córdoba","Carcabuey","Córdoba","Andalucía",NA,NA,NA,NA,"unmatched"
"Carcaixent, Valencia","Carcaixent","Valencia","Comunidad Valenciana","9049024","Carcaixent","Carcaixent,Valencian Community,Spain","City","name+community"
"Carcastillo, Navarra","Carcastillo","Navarra","Comunidad Foral de Navarra",NA,NA,NA,NA,"unmatched"
"Carcedo de Bureba, Burgos","Carcedo de Bureba","Burgos","Castilla y León",NA,NA,NA,NA,"unmatched"
"Carcedo de Burgos, Burgos","Carcedo de Burgos","Burgos","Castilla y León",NA,NA,NA,NA,"unmatched"
"Carcelén, Albacete","Carcelén","Albacete","Castilla-La Mancha",NA,NA,NA,NA,"unmatched"
"Cardedeu, Barcelona","Cardedeu","Barcelona","Cataluña","9256314","Cardedeu","Cardedeu,Catalonia,Spain","Municipality","name+community"
"Cardenete, Cuenca","Cardenete","Cuenca","Castilla-La Mancha",NA,NA,NA,NA,"unmatched"
"Cardeña, Córdoba","Cardeña","Córdoba","Andalucía",NA,NA,NA,NA,"unmatched"
"Cardeñadijo, Burgos","Cardeñadijo","Burgos","Castilla y León",NA,NA,NA,NA,"unmatched"
"Cardeñajimeno, Burgos","Cardeñajimeno","Burgos","Castilla y León",NA,NA,NA,NA,"unmatched"
"Cardeñosa de Volpejera, Palencia","Cardeñosa de Volpejera","Palencia","Castilla y León",NA,NA,NA,NA,"unmatched"
"Cardeñosa, Ávila","Cardeñosa","Ávila","Castilla y León",NA,NA,NA,NA,"unmatched"
"Cardeñuela Riopico, Burgos","Cardeñuela Riopico","Burgos","Castilla y León",NA,NA,NA,NA,"unmatched"
"Cardiel de los Montes, Toledo","Cardiel de los Montes","Toledo","Castilla-La Mancha",NA,NA,NA,NA,"unmatched"
"Cardona, Barcelona","Cardona","Barcelona","Cataluña",NA,NA,NA,NA,"unmatched"
"Carenas, Zaragoza","Carenas","Zaragoza","Aragón",NA,NA,NA,NA,"unmatched"
"Cariñena, Zaragoza","Cariñena","Zaragoza","Aragón",NA,NA,NA,NA,"unmatched"
"Cariño, A Coruña","Cariño","A Coruña","Galicia",NA,NA,NA,NA,"unmatched"
"Carlet, Valencia","Carlet","Valencia","Comunidad Valenciana","9049026","Carlet","Carlet,Valencian Community,Spain","City","name+community"
"Carme, Barcelona","Carme","Barcelona","Cataluña",NA,NA,NA,NA,"unmatched"
"Carmena, Toledo","Carmena","Toledo","Castilla-La Mancha",NA,NA,NA,NA,"unmatched"
"Carmona, Sevilla","Carmona","Sevilla","Andalucía","9049027","Carmona","Carmona,Andalusia,Spain","City","name+community"
"Carmonita, Badajoz","Carmonita","Badajoz","Extremadura",NA,NA,NA,NA,"unmatched"
"Carnota, A Coruña","Carnota","A Coruña","Galicia",NA,NA,NA,NA,"unmatched"
"Carpio de Azaba, Salamanca","Carpio de Azaba","Salamanca","Castilla y León",NA,NA,NA,NA,"unmatched"
"Carpio, Valladolid","Carpio","Valladolid","Castilla y León",NA,NA,NA,NA,"unmatched"
"Carracedelo, León","Carracedelo","León","Castilla y León",NA,NA,NA,NA,"unmatched"
"Carral, A Coruña","Carral","A Coruña","Galicia",NA,NA,NA,NA,"unmatched"
"Carranque, Toledo","Carranque","Toledo","Castilla-La Mancha",NA,NA,NA,NA,"unmatched"
"Carrascal de Barregas, Salamanca","Carrascal de Barregas","Salamanca","Castilla y León",NA,NA,NA,NA,"unmatched"
"Carrascal del Obispo, Salamanca","Carrascal del Obispo","Salamanca","Castilla y León",NA,NA,NA,NA,"unmatched"
"Carrascal del Río, Segovia","Carrascal del Río","Segovia","Castilla y León",NA,NA,NA,NA,"unmatched"
"Carrascalejo, Cáceres","Carrascalejo","Cáceres","Extremadura",NA,NA,NA,NA,"unmatched"
"Carrascosa de Abajo, Soria","Carrascosa de Abajo","Soria","Castilla y León",NA,NA,NA,NA,"unmatched"
"Carrascosa de Haro, Cuenca","Carrascosa de Haro","Cuenca","Castilla-La Mancha",NA,NA,NA,NA,"unmatched"
"Carrascosa de la Sierra, Soria","Carrascosa de la Sierra","Soria","Castilla y León",NA,NA,NA,NA,"unmatched"
"Carrascosa, Cuenca","Carrascosa","Cuenca","Castilla-La Mancha",NA,NA,NA,NA,"unmatched"
"Carratraca, Málaga","Carratraca","Málaga","Andalucía",NA,NA,NA,NA,"unmatched"
"Carreño, Asturias","Carreño","Asturias","Principado de Asturias",NA,NA,NA,NA,"unmatched"
"Carrias, Burgos","Carrias","Burgos","Castilla y León",NA,NA,NA,NA,"unmatched"
"Carriches, Toledo","Carriches","Toledo","Castilla-La Mancha",NA,NA,NA,NA,"unmatched"
"Carrizo, León","Carrizo","León","Castilla y León",NA,NA,NA,NA,"unmatched"
"Carrizosa, Ciudad Real","Carrizosa","Ciudad Real","Castilla-La Mancha",NA,NA,NA,NA,"unmatched"
"Carrión de Calatrava, Ciudad Real","Carrión de Calatrava","Ciudad Real","Castilla-La Mancha",NA,NA,NA,NA,"unmatched"
"Carrión de los Condes, Palencia","Carrión de los Condes","Palencia","Castilla y León",NA,NA,NA,NA,"unmatched"
"Carrión de los Céspedes, Sevilla","Carrión de los Céspedes","Sevilla","Andalucía",NA,NA,NA,NA,"unmatched"
"Carrocera, León","Carrocera","León","Castilla y León",NA,NA,NA,NA,"unmatched"
"Carrícola, Valencia","Carrícola","Valencia","Comunidad Valenciana",NA,NA,NA,NA,"unmatched"
"Cartagena, Murcia","Cartagena","Murcia","Región de Murcia","9215883","Municipality of Cartagena","Municipality of Cartagena,Region of Murcia,Spain","Municipality","name+community"
"Cartajima, Málaga","Cartajima","Málaga","Andalucía",NA,NA,NA,NA,"unmatched"
"Cartaya, Huelva","Cartaya","Huelva","Andalucía","1005409","Cartaya","Cartaya,Andalusia,Spain","City","name+community"
"Cartelle, Ourense","Cartelle","Ourense","Galicia","9208754","Cartelle","Cartelle,Galicia,Spain","Municipality","name+community"
"Cartes, Cantabria","Cartes","Cantabria","Cantabria",NA,NA,NA,NA,"unmatched"
"Carucedo, León","Carucedo","León","Castilla y León",NA,NA,NA,NA,"unmatched"
"Casa de Uceda, Guadalajara","Casa de Uceda","Guadalajara","Castilla-La Mancha",NA,NA,NA,NA,"unmatched"
"Casabermeja, Málaga","Casabermeja","Málaga","Andalucía",NA,NA,NA,NA,"unmatched"
"Casafranca, Salamanca","Casafranca","Salamanca","Castilla y León",NA,NA,NA,NA,"unmatched"
"Casalarreina, La Rioja","Casalarreina","La Rioja","La Rioja",NA,NA,NA,NA,"unmatched"
"Casar de Cáceres, Cáceres","Casar de Cáceres","Cáceres","Extremadura",NA,NA,NA,NA,"unmatched"
"Casar de Palomero, Cáceres","Casar de Palomero","Cáceres","Extremadura",NA,NA,NA,NA,"unmatched"
"Casarabonela, Málaga","Casarabonela","Málaga","Andalucía",NA,NA,NA,NA,"unmatched"
"Casarejos, Soria","Casarejos","Soria","Castilla y León",NA,NA,NA,NA,"unmatched"
"Casares de las Hurdes, Cáceres","Casares de las Hurdes","Cáceres","Extremadura",NA,NA,NA,NA,"unmatched"
"Casares, Málaga","Casares","Málaga","Andalucía",NA,NA,NA,NA,"unmatched"
"Casariche, Sevilla","Casariche","Sevilla","Andalucía","9049028","Casariche","Casariche,Andalusia,Spain","City","name+community"
"Casarrubios del Monte, Toledo","Casarrubios del Monte","Toledo","Castilla-La Mancha",NA,NA,NA,NA,"unmatched"
"Casarrubuelos, Madrid","Casarrubuelos","Madrid","Comunidad de Madrid",NA,NA,NA,NA,"unmatched"
"Casas Altas, Valencia","Casas Altas","Valencia","Comunidad Valenciana",NA,NA,NA,NA,"unmatched"
"Casas Bajas, Valencia","Casas Bajas","Valencia","Comunidad Valenciana",NA,NA,NA,NA,"unmatched"
"Casas de Benítez, Cuenca","Casas de Benítez","Cuenca","Castilla-La Mancha",NA,NA,NA,NA,"unmatched"
"Casas de Don Antonio, Cáceres","Casas de Don Antonio","Cáceres","Extremadura",NA,NA,NA,NA,"unmatched"
"Casas de Don Gómez, Cáceres","Casas de Don Gómez","Cáceres","Extremadura",NA,NA,NA,NA,"unmatched"
"Casas de Don Pedro, Badajoz","Casas de Don Pedro","Badajoz","Extremadura",NA,NA,NA,NA,"unmatched"
"Casas de Fernando Alonso, Cuenca","Casas de Fernando Alonso","Cuenca","Castilla-La Mancha",NA,NA,NA,NA,"unmatched"
"Casas de Garcimolina, Cuenca","Casas de Garcimolina","Cuenca","Castilla-La Mancha",NA,NA,NA,NA,"unmatched"
"Casas de Guijarro, Cuenca","Casas de Guijarro","Cuenca","Castilla-La Mancha",NA,NA,NA,NA,"unmatched"
"Casas de Haro, Cuenca","Casas de Haro","Cuenca","Castilla-La Mancha",NA,NA,NA,NA,"unmatched"
"Casas de Juan Núñez, Albacete","Casas de Juan Núñez","Albacete","Castilla-La Mancha",NA,NA,NA,NA,"unmatched"
"Casas de Lázaro, Albacete","Casas de Lázaro","Albacete","Castilla-La Mancha",NA,NA,NA,NA,"unmatched"
"Casas de Millán, Cáceres","Casas de Millán","Cáceres","Extremadura",NA,NA,NA,NA,"unmatched"
"Casas de Miravete, Cáceres","Casas de Miravete","Cáceres","Extremadura",NA,NA,NA,NA,"unmatched"
"Casas de Reina, Badajoz","Casas de Reina","Badajoz","Extremadura",NA,NA,NA,NA,"unmatched"
"Casas de San Galindo, Guadalajara","Casas de San Galindo","Guadalajara","Castilla-La Mancha",NA,NA,NA,NA,"unmatched"
"Casas de Ves, Albacete","Casas de Ves","Albacete","Castilla-La Mancha",NA,NA,NA,NA,"unmatched"
"Casas de los Pinos, Cuenca","Casas de los Pinos","Cuenca","Castilla-La Mancha",NA,NA,NA,NA,"unmatched"
"Casas del Castañar, Cáceres","Casas del Castañar","Cáceres","Extremadura",NA,NA,NA,NA,"unmatched"
"Casas del Monte, Cáceres","Casas del Monte","Cáceres","Extremadura",NA,NA,NA,NA,"unmatched"
"Casas del Puerto, Ávila","Casas del Puerto","Ávila","Castilla y León",NA,NA,NA,NA,"unmatched"
"Casas-Ibáñez, Albacete","Casas-Ibáñez","Albacete","Castilla-La Mancha",NA,NA,NA,NA,"unmatched"
"Casasbuenas, Toledo","Casasbuenas","Toledo","Castilla-La Mancha",NA,NA,NA,NA,"unmatched"
"Casaseca de Campeán, Zamora","Casaseca de Campeán","Zamora","Castilla y León",NA,NA,NA,NA,"unmatched"
"Casaseca de las Chanas, Zamora","Casaseca de las Chanas","Zamora","Castilla y León",NA,NA,NA,NA,"unmatched"
"Casasimarro, Cuenca","Casasimarro","Cuenca","Castilla-La Mancha","9049029","Casasimarro","Casasimarro,Castile-La Mancha,Spain","City","name+community"
"Casasola de Arión, Valladolid","Casasola de Arión","Valladolid","Castilla y León",NA,NA,NA,NA,"unmatched"
"Casasola, Ávila","Casasola","Ávila","Castilla y León",NA,NA,NA,NA,"unmatched"
"Casatejada, Cáceres","Casatejada","Cáceres","Extremadura",NA,NA,NA,NA,"unmatched"
"Casavieja, Ávila","Casavieja","Ávila","Castilla y León",NA,NA,NA,NA,"unmatched"
"Casbas de Huesca, Huesca","Casbas de Huesca","Huesca","Aragón",NA,NA,NA,NA,"unmatched"
"Cascajares de Bureba, Burgos","Cascajares de Bureba","Burgos","Castilla y León",NA,NA,NA,NA,"unmatched"
"Cascajares de la Sierra, Burgos","Cascajares de la Sierra","Burgos","Castilla y León",NA,NA,NA,NA,"unmatched"
"Cascante del Río, Teruel","Cascante del Río","Teruel","Aragón",NA,NA,NA,NA,"unmatched"
"Cascante, Navarra","Cascante","Navarra","Comunidad Foral de Navarra",NA,NA,NA,NA,"unmatched"
"Caseres, Tarragona","Caseres","Tarragona","Cataluña",NA,NA,NA,NA,"unmatched"
"Casillas de Coria, Cáceres","Casillas de Coria","Cáceres","Extremadura",NA,NA,NA,NA,"unmatched"
"Casillas de Flores, Salamanca","Casillas de Flores","Salamanca","Castilla y León",NA,NA,NA,NA,"unmatched"
"Casillas, Ávila","Casillas","Ávila","Castilla y León",NA,NA,NA,NA,"unmatched"
"Casinos, Valencia","Casinos","Valencia","Comunidad Valenciana",NA,NA,NA,NA,"unmatched"
"Casla, Segovia","Casla","Segovia","Castilla y León",NA,NA,NA,NA,"unmatched"
"Caso, Asturias","Caso","Asturias","Principado de Asturias",NA,NA,NA,NA,"unmatched"
"Caspe, Zaragoza","Caspe","Zaragoza","Aragón",NA,NA,NA,NA,"unmatched"
"Caspueñas, Guadalajara","Caspueñas","Guadalajara","Castilla-La Mancha",NA,NA,NA,NA,"unmatched"
"Casserres, Barcelona","Casserres","Barcelona","Cataluña",NA,NA,NA,NA,"unmatched"
"Cassà de la Selva, Girona","Cassà de la Selva","Girona","Cataluña","9233141","Cassa de la Selva","Cassa de la Selva,Catalonia,Spain","Municipality","name+community"
"Castalla, Alicante","Castalla","Alicante","Comunidad Valenciana","9049030","Castalla","Castalla,Valencian Community,Spain","City","name+community"
"Castañar de Ibor, Cáceres","Castañar de Ibor","Cáceres","Extremadura",NA,NA,NA,NA,"unmatched"
"Castañares de Rioja, La Rioja","Castañares de Rioja","La Rioja","La Rioja",NA,NA,NA,NA,"unmatched"
"Castañeda, Cantabria","Castañeda","Cantabria","Cantabria",NA,NA,NA,NA,"unmatched"
"Castaño del Robledo, Huelva","Castaño del Robledo","Huelva","Andalucía",NA,NA,NA,NA,"unmatched"
"Castejón de Alarba, Zaragoza","Castejón de Alarba","Zaragoza","Aragón",NA,NA,NA,NA,"unmatched"
"Castejón de Henares, Guadalajara","Castejón de Henares","Guadalajara","Castilla-La Mancha",NA,NA,NA,NA,"unmatched"
"Castejón de Monegros, Huesca","Castejón de Monegros","Huesca","Aragón",NA,NA,NA,NA,"unmatched"
"Castejón de Sos, Huesca","Castejón de Sos","Huesca","Aragón",NA,NA,NA,NA,"unmatched"
"Castejón de Tornos, Teruel","Castejón de Tornos","Teruel","Aragón",NA,NA,NA,NA,"unmatched"
"Castejón de Valdejasa, Zaragoza","Castejón de Valdejasa","Zaragoza","Aragón",NA,NA,NA,NA,"unmatched"
"Castejón de las Armas, Zaragoza","Castejón de las Armas","Zaragoza","Aragón",NA,NA,NA,NA,"unmatched"
"Castejón del Puente, Huesca","Castejón del Puente","Huesca","Aragón",NA,NA,NA,NA,"unmatched"
"Castejón, Cuenca","Castejón","Cuenca","Castilla-La Mancha",NA,NA,NA,NA,"unmatched"
"Castejón, Navarra","Castejón","Navarra","Comunidad Foral de Navarra",NA,NA,NA,NA,"unmatched"
"Castel de Cabra, Teruel","Castel de Cabra","Teruel","Aragón",NA,NA,NA,NA,"unmatched"
"Castelflorite, Huesca","Castelflorite","Huesca","Aragón",NA,NA,NA,NA,"unmatched"
"Castell de Cabres, Castellón","Castell de Cabres","Castellón","Comunidad Valenciana",NA,NA,NA,NA,"unmatched"
"Castell de Castells, Alicante","Castell de Castells","Alicante","Comunidad Valenciana",NA,NA,NA,NA,"unmatched"
"Castell de Mur, Lleida","Castell de Mur","Lleida","Cataluña",NA,NA,NA,NA,"unmatched"
"Castell de l'Areny, Barcelona","Castell de l'Areny","Barcelona","Cataluña",NA,NA,NA,NA,"unmatched"
"Castell-Platja d'Aro, Girona","Castell-Platja d'Aro","Girona","Cataluña","9246276","Castell-Platja d'Aro","Castell-Platja d'Aro,Catalonia,Spain","Municipality","name+community"
"Castellanos de Castro, Burgos","Castellanos de Castro","Burgos","Castilla y León",NA,NA,NA,NA,"unmatched"
"Castellanos de Moriscos, Salamanca","Castellanos de Moriscos","Salamanca","Castilla y León",NA,NA,NA,NA,"unmatched"
"Castellanos de Villiquera, Salamanca","Castellanos de Villiquera","Salamanca","Castilla y León",NA,NA,NA,NA,"unmatched"
"Castellanos de Zapardiel, Ávila","Castellanos de Zapardiel","Ávila","Castilla y León",NA,NA,NA,NA,"unmatched"
"Castellar de Santiago, Ciudad Real","Castellar de Santiago","Ciudad Real","Castilla-La Mancha",NA,NA,NA,NA,"unmatched"
"Castellar de la Frontera, Cádiz","Castellar de la Frontera","Cádiz","Andalucía",NA,NA,NA,NA,"unmatched"
"Castellar de la Muela, Guadalajara","Castellar de la Muela","Guadalajara","Castilla-La Mancha",NA,NA,NA,NA,"unmatched"
"Castellar de la Ribera, Lleida","Castellar de la Ribera","Lleida","Cataluña",NA,NA,NA,NA,"unmatched"
"Castellar de n'Hug, Barcelona","Castellar de n'Hug","Barcelona","Cataluña",NA,NA,NA,NA,"unmatched"
"Castellar del Riu, Barcelona","Castellar del Riu","Barcelona","Cataluña",NA,NA,NA,NA,"unmatched"
"Castellar del Vallès, Barcelona","Castellar del Vallès","Barcelona","Cataluña","9196033","Castellar del Valles","Castellar del Valles,Catalonia,Spain","City","name+community"
"Castellar, Jaén","Castellar","Jaén","Andalucía",NA,NA,NA,NA,"unmatched"
"Castellbell i el Vilar, Barcelona","Castellbell i el Vilar","Barcelona","Cataluña",NA,NA,NA,NA,"unmatched"
"Castellbisbal, Barcelona","Castellbisbal","Barcelona","Cataluña","9255067","Castellbisbal","Castellbisbal,Catalonia,Spain","Municipality","name+community"
"Castellcir, Barcelona","Castellcir","Barcelona","Cataluña",NA,NA,NA,NA,"unmatched"
"Castelldans, Lleida","Castelldans","Lleida","Cataluña",NA,NA,NA,NA,"unmatched"
"Castelldefels, Barcelona","Castelldefels","Barcelona","Cataluña","9196696","Castelldefels","Castelldefels,Catalonia,Spain","City","name+community"
"Castellet i la Gornal, Barcelona","Castellet i la Gornal","Barcelona","Cataluña",NA,NA,NA,NA,"unmatched"
"Castellfollit de Riubregós, Barcelona","Castellfollit de Riubregós","Barcelona","Cataluña",NA,NA,NA,NA,"unmatched"
"Castellfollit de la Roca, Girona","Castellfollit de la Roca","Girona","Cataluña",NA,NA,NA,NA,"unmatched"
"Castellfollit del Boix, Barcelona","Castellfollit del Boix","Barcelona","Cataluña",NA,NA,NA,NA,"unmatched"
"Castellfort, Castellón","Castellfort","Castellón","Comunidad Valenciana",NA,NA,NA,NA,"unmatched"
"Castellgalí, Barcelona","Castellgalí","Barcelona","Cataluña",NA,NA,NA,NA,"unmatched"
"Castellnou de Bages, Barcelona","Castellnou de Bages","Barcelona","Cataluña",NA,NA,NA,NA,"unmatched"
"Castellnou de Seana, Lleida","Castellnou de Seana","Lleida","Cataluña",NA,NA,NA,NA,"unmatched"
"Castellnovo, Castellón","Castellnovo","Castellón","Comunidad Valenciana",NA,NA,NA,NA,"unmatched"
"Castellolí, Barcelona","Castellolí","Barcelona","Cataluña",NA,NA,NA,NA,"unmatched"
"Castellonet de la Conquesta, Valencia","Castellonet de la Conquesta","Valencia","Comunidad Valenciana",NA,NA,NA,NA,"unmatched"
"Castellote, Teruel","Castellote","Teruel","Aragón",NA,NA,NA,NA,"unmatched"
"Castellserà, Lleida","Castellserà","Lleida","Cataluña",NA,NA,NA,NA,"unmatched"
"Castellterçol, Barcelona","Castellterçol","Barcelona","Cataluña",NA,NA,NA,NA,"unmatched"
"Castellvell del Camp, Tarragona","Castellvell del Camp","Tarragona","Cataluña","9208515","Castellvell del Camp","Castellvell del Camp,Catalonia,Spain","Municipality","name+community"
"Castellví de Rosanes, Barcelona","Castellví de Rosanes","Barcelona","Cataluña",NA,NA,NA,NA,"unmatched"
"Castellví de la Marca, Barcelona","Castellví de la Marca","Barcelona","Cataluña",NA,NA,NA,NA,"unmatched"
"Castelló d'Empúries, Girona","Castelló d'Empúries","Girona","Cataluña",NA,NA,NA,NA,"unmatched"
"Castelló de Farfanya, Lleida","Castelló de Farfanya","Lleida","Cataluña",NA,NA,NA,NA,"unmatched"
"Castelló de Rugat, Valencia","Castelló de Rugat","Valencia","Comunidad Valenciana",NA,NA,NA,NA,"unmatched"
"Castellón de la Plana, Castellón","Castellón de la Plana","Castellón","Comunidad Valenciana","1005539","Castello de la Plana","Castello de la Plana,Valencian Community,Spain","City","name+community"
"Castelnou, Teruel","Castelnou","Teruel","Aragón",NA,NA,NA,NA,"unmatched"
"Castelserás, Teruel","Castelserás","Teruel","Aragón",NA,NA,NA,NA,"unmatched"
"Castielfabib, Valencia","Castielfabib","Valencia","Comunidad Valenciana",NA,NA,NA,NA,"unmatched"
"Castiello de Jaca, Huesca","Castiello de Jaca","Huesca","Aragón",NA,NA,NA,NA,"unmatched"
"Castigaleu, Huesca","Castigaleu","Huesca","Aragón",NA,NA,NA,NA,"unmatched"
"Castil de Peones, Burgos","Castil de Peones","Burgos","Castilla y León",NA,NA,NA,NA,"unmatched"
"Castil de Vela, Palencia","Castil de Vela","Palencia","Castilla y León",NA,NA,NA,NA,"unmatched"
"Castilblanco de los Arroyos, Sevilla","Castilblanco de los Arroyos","Sevilla","Andalucía",NA,NA,NA,NA,"unmatched"
"Castilblanco, Badajoz","Castilblanco","Badajoz","Extremadura",NA,NA,NA,NA,"unmatched"
"Castildelgado, Burgos","Castildelgado","Burgos","Castilla y León",NA,NA,NA,NA,"unmatched"
"Castilfalé, León","Castilfalé","León","Castilla y León",NA,NA,NA,NA,"unmatched"
"Castilforte, Guadalajara","Castilforte","Guadalajara","Castilla-La Mancha",NA,NA,NA,NA,"unmatched"
"Castilfrío de la Sierra, Soria","Castilfrío de la Sierra","Soria","Castilla y León",NA,NA,NA,NA,"unmatched"
"Castiliscar, Zaragoza","Castiliscar","Zaragoza","Aragón",NA,NA,NA,NA,"unmatched"
"Castillazuelo, Huesca","Castillazuelo","Huesca","Aragón",NA,NA,NA,NA,"unmatched"
"Castilleja de Guzmán, Sevilla","Castilleja de Guzmán","Sevilla","Andalucía",NA,NA,NA,NA,"unmatched"
"Castilleja de la Cuesta, Sevilla","Castilleja de la Cuesta","Sevilla","Andalucía",NA,NA,NA,NA,"unmatched"
"Castilleja del Campo, Sevilla","Castilleja del Campo","Sevilla","Andalucía",NA,NA,NA,NA,"unmatched"
"Castillejo de Iniesta, Cuenca","Castillejo de Iniesta","Cuenca","Castilla-La Mancha",NA,NA,NA,NA,"unmatched"
"Castillejo de Martín Viejo, Salamanca","Castillejo de Martín Viejo","Salamanca","Castilla y León",NA,NA,NA,NA,"unmatched"
"Castillejo de Mesleón, Segovia","Castillejo de Mesleón","Segovia","Castilla y León",NA,NA,NA,NA,"unmatched"
"Castillejo de Robledo, Soria","Castillejo de Robledo","Soria","Castilla y León",NA,NA,NA,NA,"unmatched"
"Castillejo-Sierra, Cuenca","Castillejo-Sierra","Cuenca","Castilla-La Mancha",NA,NA,NA,NA,"unmatched"
"Castillo de Bayuela, Toledo","Castillo de Bayuela","Toledo","Castilla-La Mancha",NA,NA,NA,NA,"unmatched"
"Castillo de Garcimuñoz, Cuenca","Castillo de Garcimuñoz","Cuenca","Castilla-La Mancha",NA,NA,NA,NA,"unmatched"
"Castillo de Locubín, Jaén","Castillo de Locubín","Jaén","Andalucía",NA,NA,NA,NA,"unmatched"
"Castillo de Villamalefa, Castellón","Castillo de Villamalefa","Castellón","Comunidad Valenciana",NA,NA,NA,NA,"unmatched"
"Castillo-Albaráñez, Cuenca","Castillo-Albaráñez","Cuenca","Castilla-La Mancha",NA,NA,NA,NA,"unmatched"
"Castillonroy, Huesca","Castillonroy","Huesca","Aragón",NA,NA,NA,NA,"unmatched"
"Castillonuevo, Navarra","Castillonuevo","Navarra","Comunidad Foral de Navarra",NA,NA,NA,NA,"unmatched"
"Castilléjar, Granada","Castilléjar","Granada","Andalucía",NA,NA,NA,NA,"unmatched"
"Castilnuevo, Guadalajara","Castilnuevo","Guadalajara","Castilla-La Mancha",NA,NA,NA,NA,"unmatched"
"Castilruiz, Soria","Castilruiz","Soria","Castilla y León",NA,NA,NA,NA,"unmatched"
"Castraz, Salamanca","Castraz","Salamanca","Castilla y León",NA,NA,NA,NA,"unmatched"
"Castrejón de Trabancos, Valladolid","Castrejón de Trabancos","Valladolid","Castilla y León",NA,NA,NA,NA,"unmatched"
"Castrejón de la Peña, Palencia","Castrejón de la Peña","Palencia","Castilla y León",NA,NA,NA,NA,"unmatched"
"Castrelo de Miño, Ourense","Castrelo de Miño","Ourense","Galicia",NA,NA,NA,NA,"unmatched"
"Castrelo do Val, Ourense","Castrelo do Val","Ourense","Galicia",NA,NA,NA,NA,"unmatched"
"Castril, Granada","Castril","Granada","Andalucía",NA,NA,NA,NA,"unmatched"
"Castrillo Matajudíos, Burgos","Castrillo Matajudíos","Burgos","Castilla y León",NA,NA,NA,NA,"unmatched"
"Castrillo de Cabrera, León","Castrillo de Cabrera","León","Castilla y León",NA,NA,NA,NA,"unmatched"
"Castrillo de Don Juan, Palencia","Castrillo de Don Juan","Palencia","Castilla y León",NA,NA,NA,NA,"unmatched"
"Castrillo de Duero, Valladolid","Castrillo de Duero","Valladolid","Castilla y León",NA,NA,NA,NA,"unmatched"
"Castrillo de Onielo, Palencia","Castrillo de Onielo","Palencia","Castilla y León",NA,NA,NA,NA,"unmatched"
"Castrillo de Riopisuerga, Burgos","Castrillo de Riopisuerga","Burgos","Castilla y León",NA,NA,NA,NA,"unmatched"
"Castrillo de Villavega, Palencia","Castrillo de Villavega","Palencia","Castilla y León",NA,NA,NA,NA,"unmatched"
"Castrillo de la Guareña, Zamora","Castrillo de la Guareña","Zamora","Castilla y León",NA,NA,NA,NA,"unmatched"
"Castrillo de la Reina, Burgos","Castrillo de la Reina","Burgos","Castilla y León",NA,NA,NA,NA,"unmatched"
"Castrillo de la Valduerna, León","Castrillo de la Valduerna","León","Castilla y León",NA,NA,NA,NA,"unmatched"
"Castrillo de la Vega, Burgos","Castrillo de la Vega","Burgos","Castilla y León",NA,NA,NA,NA,"unmatched"
"Castrillo del Val, Burgos","Castrillo del Val","Burgos","Castilla y León",NA,NA,NA,NA,"unmatched"
"Castrillo-Tejeriego, Valladolid","Castrillo-Tejeriego","Valladolid","Castilla y León",NA,NA,NA,NA,"unmatched"
"Castrillón, Asturias","Castrillón","Asturias","Principado de Asturias","9255748","Castrillon","Castrillon,Asturias,Spain","Municipality","name+community"
"Castro Caldelas, Ourense","Castro Caldelas","Ourense","Galicia",NA,NA,NA,NA,"unmatched"
"Castro de Filabres, Almería","Castro de Filabres","Almería","Andalucía",NA,NA,NA,NA,"unmatched"
"Castro de Fuentidueña, Segovia","Castro de Fuentidueña","Segovia","Castilla y León",NA,NA,NA,NA,"unmatched"
"Castro de Rei, Lugo","Castro de Rei","Lugo","Galicia",NA,NA,NA,NA,"unmatched"
"Castro del Río, Córdoba","Castro del Río","Córdoba","Andalucía",NA,NA,NA,NA,"unmatched"
"Castro-Urdiales, Cantabria","Castro-Urdiales","Cantabria","Cantabria","9049031","Castro Urdiales","Castro Urdiales,Cantabria,Spain","City","name+community"
"Castrobol, Valladolid","Castrobol","Valladolid","Castilla y León",NA,NA,NA,NA,"unmatched"
"Castrocalbón, León","Castrocalbón","León","Castilla y León",NA,NA,NA,NA,"unmatched"
"Castrocontrigo, León","Castrocontrigo","León","Castilla y León",NA,NA,NA,NA,"unmatched"
"Castrodeza, Valladolid","Castrodeza","Valladolid","Castilla y León",NA,NA,NA,NA,"unmatched"
"Castrogonzalo, Zamora","Castrogonzalo","Zamora","Castilla y León",NA,NA,NA,NA,"unmatched"
"Castrojeriz, Burgos","Castrojeriz","Burgos","Castilla y León",NA,NA,NA,NA,"unmatched"
"Castrojimeno, Segovia","Castrojimeno","Segovia","Castilla y León",NA,NA,NA,NA,"unmatched"
"Castromembibre, Valladolid","Castromembibre","Valladolid","Castilla y León",NA,NA,NA,NA,"unmatched"
"Castromocho, Palencia","Castromocho","Palencia","Castilla y León",NA,NA,NA,NA,"unmatched"
"Castromonte, Valladolid","Castromonte","Valladolid","Castilla y León",NA,NA,NA,NA,"unmatched"
"Castronuevo de Esgueva, Valladolid","Castronuevo de Esgueva","Valladolid","Castilla y León",NA,NA,NA,NA,"unmatched"
"Castronuevo, Zamora","Castronuevo","Zamora","Castilla y León",NA,NA,NA,NA,"unmatched"
"Castronuño, Valladolid","Castronuño","Valladolid","Castilla y León",NA,NA,NA,NA,"unmatched"
"Castropodame, León","Castropodame","León","Castilla y León",NA,NA,NA,NA,"unmatched"
"Castropol, Asturias","Castropol","Asturias","Principado de Asturias",NA,NA,NA,NA,"unmatched"
"Castroponce, Valladolid","Castroponce","Valladolid","Castilla y León",NA,NA,NA,NA,"unmatched"
"Castroserna de Abajo, Segovia","Castroserna de Abajo","Segovia","Castilla y León",NA,NA,NA,NA,"unmatched"
"Castroserracín, Segovia","Castroserracín","Segovia","Castilla y León",NA,NA,NA,NA,"unmatched"
"Castrotierra de Valmadrigal, León","Castrotierra de Valmadrigal","León","Castilla y León",NA,NA,NA,NA,"unmatched"
"Castroverde de Campos, Zamora","Castroverde de Campos","Zamora","Castilla y León",NA,NA,NA,NA,"unmatched"
"Castroverde de Cerrato, Valladolid","Castroverde de Cerrato","Valladolid","Castilla y León",NA,NA,NA,NA,"unmatched"
"Castroverde, Lugo","Castroverde","Lugo","Galicia","9211068","Castroverde","Castroverde,Galicia,Spain","Municipality","name+community"
"Castroviejo, La Rioja","Castroviejo","La Rioja","La Rioja",NA,NA,NA,NA,"unmatched"
"Castuera, Badajoz","Castuera","Badajoz","Extremadura",NA,NA,NA,NA,"unmatched"
"Catadau, Valencia","Catadau","Valencia","Comunidad Valenciana",NA,NA,NA,NA,"unmatched"
"Catarroja, Valencia","Catarroja","Valencia","Comunidad Valenciana","9207786","Catarroja","Catarroja,Valencian Community,Spain","Municipality","name+community"
"Catoira, Pontevedra","Catoira","Pontevedra","Galicia",NA,NA,NA,NA,"unmatched"
"Catral, Alicante","Catral","Alicante","Comunidad Valenciana","9261382","Catral","Catral,Valencian Community,Spain","Municipality","name+community"
"Catí, Castellón","Catí","Castellón","Comunidad Valenciana",NA,NA,NA,NA,"unmatched"
"Caudete de las Fuentes, Valencia","Caudete de las Fuentes","Valencia","Comunidad Valenciana",NA,NA,NA,NA,"unmatched"
"Caudete, Albacete","Caudete","Albacete","Castilla-La Mancha","9223774","Caudete","Caudete,Castile-La Mancha,Spain","Municipality","name+community"
"Caudiel, Castellón","Caudiel","Castellón","Comunidad Valenciana",NA,NA,NA,NA,"unmatched"
"Cava, Lleida","Cava","Lleida","Cataluña",NA,NA,NA,NA,"unmatched"
"Cavia, Burgos","Cavia","Burgos","Castilla y León",NA,NA,NA,NA,"unmatched"
"Cayuela, Burgos","Cayuela","Burgos","Castilla y León",NA,NA,NA,NA,"unmatched"
"Cazalegas, Toledo","Cazalegas","Toledo","Castilla-La Mancha",NA,NA,NA,NA,"unmatched"
"Cazalilla, Jaén","Cazalilla","Jaén","Andalucía",NA,NA,NA,NA,"unmatched"
"Cazalla de la Sierra, Sevilla","Cazalla de la Sierra","Sevilla","Andalucía",NA,NA,NA,NA,"unmatched"
"Cazorla, Jaén","Cazorla","Jaén","Andalucía","9049033","Cazorla","Cazorla,Andalusia,Spain","City","name+community"
"Cazurra, Zamora","Cazurra","Zamora","Castilla y León",NA,NA,NA,NA,"unmatched"
"Cañada Juncosa, Cuenca","Cañada Juncosa","Cuenca","Castilla-La Mancha",NA,NA,NA,NA,"unmatched"
"Cañada Rosal, Sevilla","Cañada Rosal","Sevilla","Andalucía",NA,NA,NA,NA,"unmatched"
"Cañada Vellida, Teruel","Cañada Vellida","Teruel","Aragón",NA,NA,NA,NA,"unmatched"
"Cañada de Benatanduz, Teruel","Cañada de Benatanduz","Teruel","Aragón",NA,NA,NA,NA,"unmatched"
"Cañada de Calatrava, Ciudad Real","Cañada de Calatrava","Ciudad Real","Castilla-La Mancha",NA,NA,NA,NA,"unmatched"
"Cañada del Hoyo, Cuenca","Cañada del Hoyo","Cuenca","Castilla-La Mancha",NA,NA,NA,NA,"unmatched"
"Cañada, Alicante","Cañada","Alicante","Comunidad Valenciana",NA,NA,NA,NA,"unmatched"
"Cañamaque, Soria","Cañamaque","Soria","Castilla y León",NA,NA,NA,NA,"unmatched"
"Cañamares, Cuenca","Cañamares","Cuenca","Castilla-La Mancha",NA,NA,NA,NA,"unmatched"
"Cañamero, Cáceres","Cañamero","Cáceres","Extremadura",NA,NA,NA,NA,"unmatched"
"Cañas, La Rioja","Cañas","La Rioja","La Rioja",NA,NA,NA,NA,"unmatched"
"Cañaveral de León, Huelva","Cañaveral de León","Huelva","Andalucía",NA,NA,NA,NA,"unmatched"
"Cañaveral, Cáceres","Cañaveral","Cáceres","Extremadura",NA,NA,NA,NA,"unmatched"
"Cañaveras, Cuenca","Cañaveras","Cuenca","Castilla-La Mancha",NA,NA,NA,NA,"unmatched"
"Cañaveruelas, Cuenca","Cañaveruelas","Cuenca","Castilla-La Mancha",NA,NA,NA,NA,"unmatched"
"Cañete de las Torres, Córdoba","Cañete de las Torres","Córdoba","Andalucía",NA,NA,NA,NA,"unmatched"
"Cañete la Real, Málaga","Cañete la Real","Málaga","Andalucía",NA,NA,NA,NA,"unmatched"
"Cañete, Cuenca","Cañete","Cuenca","Castilla-La Mancha",NA,NA,NA,NA,"unmatched"
"Cañizal, Zamora","Cañizal","Zamora","Castilla y León",NA,NA,NA,NA,"unmatched"
"Cañizar del Olivar, Teruel","Cañizar del Olivar","Teruel","Aragón",NA,NA,NA,NA,"unmatched"
"Cañizar, Guadalajara","Cañizar","Guadalajara","Castilla-La Mancha",NA,NA,NA,NA,"unmatched"
"Cañizares, Cuenca","Cañizares","Cuenca","Castilla-La Mancha",NA,NA,NA,NA,"unmatched"
"Cañizo, Zamora","Cañizo","Zamora","Castilla y León",NA,NA,NA,NA,"unmatched"
"Cea, León","Cea","León","Castilla y León",NA,NA,NA,NA,"unmatched"
"Cebanico, León","Cebanico","León","Castilla y León","9209134","Cebanico","Cebanico,Castile and Leon,Spain","Municipality","name+community"
"Cebolla, Toledo","Cebolla","Toledo","Castilla-La Mancha",NA,NA,NA,NA,"unmatched"
"Cebrecos, Burgos","Cebrecos","Burgos","Castilla y León",NA,NA,NA,NA,"unmatched"
"Cebreros, Ávila","Cebreros","Ávila","Castilla y León",NA,NA,NA,NA,"unmatched"
"Cebrones del Río, León","Cebrones del Río","León","Castilla y León",NA,NA,NA,NA,"unmatched"
"Ceclavín, Cáceres","Ceclavín","Cáceres","Extremadura",NA,NA,NA,NA,"unmatched"
"Cedeira, A Coruña","Cedeira","A Coruña","Galicia",NA,NA,NA,NA,"unmatched"
"Cedillo de la Torre, Segovia","Cedillo de la Torre","Segovia","Castilla y León",NA,NA,NA,NA,"unmatched"
"Cedillo del Condado, Toledo","Cedillo del Condado","Toledo","Castilla-La Mancha",NA,NA,NA,NA,"unmatched"
"Cedillo, Cáceres","Cedillo","Cáceres","Extremadura",NA,NA,NA,NA,"unmatched"
"Cedrillas, Teruel","Cedrillas","Teruel","Aragón",NA,NA,NA,NA,"unmatched"
"Cee, A Coruña","Cee","A Coruña","Galicia",NA,NA,NA,NA,"unmatched"
"Cehegín, Murcia","Cehegín","Murcia","Región de Murcia","9049034","Cehegin","Cehegin,Region of Murcia,Spain","City","name+community"
"Ceinos de Campos, Valladolid","Ceinos de Campos","Valladolid","Castilla y León",NA,NA,NA,NA,"unmatched"
"Celada del Camino, Burgos","Celada del Camino","Burgos","Castilla y León",NA,NA,NA,NA,"unmatched"
"Celadas, Teruel","Celadas","Teruel","Aragón",NA,NA,NA,NA,"unmatched"
"Celanova, Ourense","Celanova","Ourense","Galicia",NA,NA,NA,NA,"unmatched"
"Cella, Teruel","Cella","Teruel","Aragón",NA,NA,NA,NA,"unmatched"
"Cellorigo, La Rioja","Cellorigo","La Rioja","La Rioja",NA,NA,NA,NA,"unmatched"
"Celrà, Girona","Celrà","Girona","Cataluña","9257672","Celra","Celra,Catalonia,Spain","City","name+community"
"Cendejas de Enmedio, Guadalajara","Cendejas de Enmedio","Guadalajara","Castilla-La Mancha",NA,NA,NA,NA,"unmatched"
"Cendejas de la Torre, Guadalajara","Cendejas de la Torre","Guadalajara","Castilla-La Mancha",NA,NA,NA,NA,"unmatched"
"Cenes de la Vega, Granada","Cenes de la Vega","Granada","Andalucía",NA,NA,NA,NA,"unmatched"
"Cenicero, La Rioja","Cenicero","La Rioja","La Rioja",NA,NA,NA,NA,"unmatched"
"Cenicientos, Madrid","Cenicientos","Madrid","Comunidad de Madrid",NA,NA,NA,NA,"unmatched"
"Cenizate, Albacete","Cenizate","Albacete","Castilla-La Mancha",NA,NA,NA,NA,"unmatched"
"Cenlle, Ourense","Cenlle","Ourense","Galicia",NA,NA,NA,NA,"unmatched"
"Centelles, Barcelona","Centelles","Barcelona","Cataluña",NA,NA,NA,NA,"unmatched"
"Centenera de Andaluz, Soria","Centenera de Andaluz","Soria","Castilla y León",NA,NA,NA,NA,"unmatched"
"Centenera, Guadalajara","Centenera","Guadalajara","Castilla-La Mancha",NA,NA,NA,NA,"unmatched"
"Cepeda la Mora, Ávila","Cepeda la Mora","Ávila","Castilla y León",NA,NA,NA,NA,"unmatched"
"Cepeda, Salamanca","Cepeda","Salamanca","Castilla y León",NA,NA,NA,NA,"unmatched"
"Cerbón, Soria","Cerbón","Soria","Castilla y León",NA,NA,NA,NA,"unmatched"
"Cerceda, A Coruña","Cerceda","A Coruña","Galicia",NA,NA,NA,NA,"unmatched"
"Cercedilla, Madrid","Cercedilla","Madrid","Comunidad de Madrid","9231888","Cercedilla","Cercedilla,Community of Madrid,Spain","City","name+community"
"Cercs, Barcelona","Cercs","Barcelona","Cataluña",NA,NA,NA,NA,"unmatched"
"Cerdanyola del Vallès, Barcelona","Cerdanyola del Vallès","Barcelona","Cataluña","9195687","Cerdanyola del Valles","Cerdanyola del Valles,Catalonia,Spain","City","name+community"
"Cerdedo, Pontevedra","Cerdedo","Pontevedra","Galicia",NA,NA,NA,NA,"unmatched"
"Cerdido, A Coruña","Cerdido","A Coruña","Galicia",NA,NA,NA,NA,"unmatched"
"Cerdà, Valencia","Cerdà","Valencia","Comunidad Valenciana",NA,NA,NA,NA,"unmatched"
"Cereceda de la Sierra, Salamanca","Cereceda de la Sierra","Salamanca","Castilla y León",NA,NA,NA,NA,"unmatched"
"Cerecinos de Campos, Zamora","Cerecinos de Campos","Zamora","Castilla y León",NA,NA,NA,NA,"unmatched"
"Cerecinos del Carrizal, Zamora","Cerecinos del Carrizal","Zamora","Castilla y León",NA,NA,NA,NA,"unmatched"
"Cerezal de Peñahorcada, Salamanca","Cerezal de Peñahorcada","Salamanca","Castilla y León",NA,NA,NA,NA,"unmatched"
"Cerezo de Abajo, Segovia","Cerezo de Abajo","Segovia","Castilla y León",NA,NA,NA,NA,"unmatched"
"Cerezo de Arriba, Segovia","Cerezo de Arriba","Segovia","Castilla y León",NA,NA,NA,NA,"unmatched"
"Cerezo de Río Tirón, Burgos","Cerezo de Río Tirón","Burgos","Castilla y León",NA,NA,NA,NA,"unmatched"
"Cerezo, Cáceres","Cerezo","Cáceres","Extremadura",NA,NA,NA,NA,"unmatched"
"Cernadilla, Zamora","Cernadilla","Zamora","Castilla y León",NA,NA,NA,NA,"unmatched"
"Cerralbo, Salamanca","Cerralbo","Salamanca","Castilla y León",NA,NA,NA,NA,"unmatched"
"Cerratón de Juarros, Burgos","Cerratón de Juarros","Burgos","Castilla y León",NA,NA,NA,NA,"unmatched"
"Cervantes, Lugo","Cervantes","Lugo","Galicia",NA,NA,NA,NA,"unmatched"
"Cervatos de la Cueza, Palencia","Cervatos de la Cueza","Palencia","Castilla y León",NA,NA,NA,NA,"unmatched"
"Cervelló, Barcelona","Cervelló","Barcelona","Cataluña","9211969","Cervello","Cervello,Catalonia,Spain","Municipality","name+community"
"Cervera de Buitrago, Madrid","Cervera de Buitrago","Madrid","Comunidad de Madrid",NA,NA,NA,NA,"unmatched"
"Cervera de Pisuerga, Palencia","Cervera de Pisuerga","Palencia","Castilla y León",NA,NA,NA,NA,"unmatched"
"Cervera de la Cañada, Zaragoza","Cervera de la Cañada","Zaragoza","Aragón",NA,NA,NA,NA,"unmatched"
"Cervera de los Montes, Toledo","Cervera de los Montes","Toledo","Castilla-La Mancha",NA,NA,NA,NA,"unmatched"
"Cervera del Llano, Cuenca","Cervera del Llano","Cuenca","Castilla-La Mancha",NA,NA,NA,NA,"unmatched"
"Cervera del Maestre, Castellón","Cervera del Maestre","Castellón","Comunidad Valenciana",NA,NA,NA,NA,"unmatched"
"Cervera del Río Alhama, La Rioja","Cervera del Río Alhama","La Rioja","La Rioja",NA,NA,NA,NA,"unmatched"
"Cervera, Lleida","Cervera","Lleida","Cataluña",NA,NA,NA,NA,"unmatched"
"Cerveruela, Zaragoza","Cerveruela","Zaragoza","Aragón",NA,NA,NA,NA,"unmatched"
"Cervillego de la Cruz, Valladolid","Cervillego de la Cruz","Valladolid","Castilla y León",NA,NA,NA,NA,"unmatched"
"Cervià de Ter, Girona","Cervià de Ter","Girona","Cataluña",NA,NA,NA,NA,"unmatched"
"Cervià de les Garrigues, Lleida","Cervià de les Garrigues","Lleida","Cataluña",NA,NA,NA,NA,"unmatched"
"Cervo, Lugo","Cervo","Lugo","Galicia",NA,NA,NA,NA,"unmatched"
"Cespedosa de Tormes, Salamanca","Cespedosa de Tormes","Salamanca","Castilla y León",NA,NA,NA,NA,"unmatched"
"Cesuras, A Coruña","Cesuras","A Coruña","Galicia",NA,NA,NA,NA,"unmatched"
"Cetina, Zaragoza","Cetina","Zaragoza","Aragón",NA,NA,NA,NA,"unmatched"
"Ceuta, Ceuta","Ceuta","Ceuta","Ceuta y Melilla","1005447","Ceuta","Ceuta,Ceuta,Spain","City","name+community"
"Ceutí, Murcia","Ceutí","Murcia","Región de Murcia","9049035","Ceuti","Ceuti,Region of Murcia,Spain","City","name+community"
"Cevico Navero, Palencia","Cevico Navero","Palencia","Castilla y León",NA,NA,NA,NA,"unmatched"
"Cevico de la Torre, Palencia","Cevico de la Torre","Palencia","Castilla y León",NA,NA,NA,NA,"unmatched"
"Chagarcía Medianero, Salamanca","Chagarcía Medianero","Salamanca","Castilla y León",NA,NA,NA,NA,"unmatched"
"Chalamera, Huesca","Chalamera","Huesca","Aragón",NA,NA,NA,NA,"unmatched"
"Chamartín, Ávila","Chamartín","Ávila","Castilla y León",NA,NA,NA,NA,"unmatched"
"Chandrexa de Queixa, Ourense","Chandrexa de Queixa","Ourense","Galicia","9221142","Chandrexa de Queixa","Chandrexa de Queixa,Galicia,Spain","Municipality","name+community"
"Chantada, Lugo","Chantada","Lugo","Galicia","9221610","Chantada","Chantada,Galicia,Spain","Municipality","name+community"
"Chapinería, Madrid","Chapinería","Madrid","Comunidad de Madrid",NA,NA,NA,NA,"unmatched"
"Chauchina, Granada","Chauchina","Granada","Andalucía","9261809","Chauchina","Chauchina,Andalusia,Spain","Municipality","name+community"
"Chañe, Segovia","Chañe","Segovia","Castilla y León",NA,NA,NA,NA,"unmatched"
"Checa, Guadalajara","Checa","Guadalajara","Castilla-La Mancha",NA,NA,NA,NA,"unmatched"
"Cheles, Badajoz","Cheles","Badajoz","Extremadura",NA,NA,NA,NA,"unmatched"
"Chella, Valencia","Chella","Valencia","Comunidad Valenciana",NA,NA,NA,NA,"unmatched"
"Chelva, Valencia","Chelva","Valencia","Comunidad Valenciana",NA,NA,NA,NA,"unmatched"
"Chequilla, Guadalajara","Chequilla","Guadalajara","Castilla-La Mancha",NA,NA,NA,NA,"unmatched"
"Chera, Valencia","Chera","Valencia","Comunidad Valenciana",NA,NA,NA,NA,"unmatched"
"Chercos, Almería","Chercos","Almería","Andalucía",NA,NA,NA,NA,"unmatched"
"Chert, Castellón","Chert","Castellón","Comunidad Valenciana",NA,NA,NA,NA,"unmatched"
"Cheste, Valencia","Cheste","Valencia","Comunidad Valenciana",NA,NA,NA,NA,"unmatched"
"Chiclana de Segura, Jaén","Chiclana de Segura","Jaén","Andalucía",NA,NA,NA,NA,"unmatched"
"Chiclana de la Frontera, Cádiz","Chiclana de la Frontera","Cádiz","Andalucía","9049036","Chiclana de la Frontera","Chiclana de la Frontera,Andalusia,Spain","City","name+community"
"Chilches, Castellón","Chilches","Castellón","Comunidad Valenciana",NA,NA,NA,NA,"unmatched"
"Chillarón de Cuenca, Cuenca","Chillarón de Cuenca","Cuenca","Castilla-La Mancha",NA,NA,NA,NA,"unmatched"
"Chillarón del Rey, Guadalajara","Chillarón del Rey","Guadalajara","Castilla-La Mancha",NA,NA,NA,NA,"unmatched"
"Chilluévar, Jaén","Chilluévar","Jaén","Andalucía",NA,NA,NA,NA,"unmatched"
"Chillón, Ciudad Real","Chillón","Ciudad Real","Castilla-La Mancha",NA,NA,NA,NA,"unmatched"
"Chiloeches, Guadalajara","Chiloeches","Guadalajara","Castilla-La Mancha",NA,NA,NA,NA,"unmatched"
"Chimeneas, Granada","Chimeneas","Granada","Andalucía",NA,NA,NA,NA,"unmatched"
"Chimillas, Huesca","Chimillas","Huesca","Aragón",NA,NA,NA,NA,"unmatched"
"Chinchilla de Monte-Aragón, Albacete","Chinchilla de Monte-Aragón","Albacete","Castilla-La Mancha",NA,NA,NA,NA,"unmatched"
"Chinchón, Madrid","Chinchón","Madrid","Comunidad de Madrid",NA,NA,NA,NA,"unmatched"
"Chipiona, Cádiz","Chipiona","Cádiz","Andalucía","9049037","Chipiona","Chipiona,Andalusia,Spain","City","name+community"
"Chiprana, Zaragoza","Chiprana","Zaragoza","Aragón",NA,NA,NA,NA,"unmatched"
"Chirivel, Almería","Chirivel","Almería","Andalucía",NA,NA,NA,NA,"unmatched"
"Chiva, Valencia","Chiva","Valencia","Comunidad Valenciana","9208088","Chiva","Chiva,Valencian Community,Spain","Municipality","name+community"
"Chodes, Zaragoza","Chodes","Zaragoza","Aragón",NA,NA,NA,NA,"unmatched"
"Chodos, Castellón","Chodos","Castellón","Comunidad Valenciana",NA,NA,NA,NA,"unmatched"
"Chozas de Abajo, León","Chozas de Abajo","León","Castilla y León",NA,NA,NA,NA,"unmatched"
"Chozas de Canales, Toledo","Chozas de Canales","Toledo","Castilla-La Mancha",NA,NA,NA,NA,"unmatched"
"Chucena, Huelva","Chucena","Huelva","Andalucía",NA,NA,NA,NA,"unmatched"
"Chueca, Toledo","Chueca","Toledo","Castilla-La Mancha",NA,NA,NA,NA,"unmatched"
"Chulilla, Valencia","Chulilla","Valencia","Comunidad Valenciana",NA,NA,NA,NA,"unmatched"
"Chumillas, Cuenca","Chumillas","Cuenca","Castilla-La Mancha",NA,NA,NA,NA,"unmatched"
"Churriana de la Vega, Granada","Churriana de la Vega","Granada","Andalucía","9241899","Churriana de la Vega","Churriana de la Vega,Andalusia,Spain","Municipality","name+community"
"Chía, Huesca","Chía","Huesca","Aragón",NA,NA,NA,NA,"unmatched"
"Chóvar, Castellón","Chóvar","Castellón","Comunidad Valenciana",NA,NA,NA,NA,"unmatched"
"Ciadoncha, Burgos","Ciadoncha","Burgos","Castilla y León",NA,NA,NA,NA,"unmatched"
"Cidamón, La Rioja","Cidamón","La Rioja","La Rioja",NA,NA,NA,NA,"unmatched"
"Cidones, Soria","Cidones","Soria","Castilla y León",NA,NA,NA,NA,"unmatched"
"Ciempozuelos, Madrid","Ciempozuelos","Madrid","Comunidad de Madrid","9221247","Ciempozuelos","Ciempozuelos,Community of Madrid,Spain","Municipality","name+community"
"Cieza, Cantabria","Cieza","Cantabria","Cantabria",NA,NA,NA,NA,"name only (rejected)"
"Cieza, Murcia","Cieza","Murcia","Región de Murcia","9049038","Cieza","Cieza,Region of Murcia,Spain","City","name+community"
"Cifuentes, Guadalajara","Cifuentes","Guadalajara","Castilla-La Mancha",NA,NA,NA,NA,"unmatched"
"Cigales, Valladolid","Cigales","Valladolid","Castilla y León",NA,NA,NA,NA,"unmatched"
"Cigudosa, Soria","Cigudosa","Soria","Castilla y León",NA,NA,NA,NA,"unmatched"
"Ciguñuela, Valladolid","Ciguñuela","Valladolid","Castilla y León",NA,NA,NA,NA,"unmatched"
"Cihuela, Soria","Cihuela","Soria","Castilla y León",NA,NA,NA,NA,"unmatched"
"Cihuri, La Rioja","Cihuri","La Rioja","La Rioja",NA,NA,NA,NA,"unmatched"
"Cijuela, Granada","Cijuela","Granada","Andalucía",NA,NA,NA,NA,"unmatched"
"Cillaperlata, Burgos","Cillaperlata","Burgos","Castilla y León",NA,NA,NA,NA,"unmatched"
"Cilleros de la Bastida, Salamanca","Cilleros de la Bastida","Salamanca","Castilla y León",NA,NA,NA,NA,"unmatched"
"Cilleros, Cáceres","Cilleros","Cáceres","Extremadura",NA,NA,NA,NA,"unmatched"
"Cilleruelo de Abajo, Burgos","Cilleruelo de Abajo","Burgos","Castilla y León",NA,NA,NA,NA,"unmatched"
"Cilleruelo de Arriba, Burgos","Cilleruelo de Arriba","Burgos","Castilla y León",NA,NA,NA,NA,"unmatched"
"Cilleruelo de San Mamés, Segovia","Cilleruelo de San Mamés","Segovia","Castilla y León",NA,NA,NA,NA,"unmatched"
"Cillorigo de Liébana, Cantabria","Cillorigo de Liébana","Cantabria","Cantabria",NA,NA,NA,NA,"unmatched"
"Cillán, Ávila","Cillán","Ávila","Castilla y León",NA,NA,NA,NA,"unmatched"
"Cimanes de la Vega, León","Cimanes de la Vega","León","Castilla y León",NA,NA,NA,NA,"unmatched"
"Cimanes del Tejar, León","Cimanes del Tejar","León","Castilla y León",NA,NA,NA,NA,"unmatched"
"Cimballa, Zaragoza","Cimballa","Zaragoza","Aragón",NA,NA,NA,NA,"unmatched"
"Cinco Olivas, Zaragoza","Cinco Olivas","Zaragoza","Aragón",NA,NA,NA,NA,"unmatched"
"Cincovillas, Guadalajara","Cincovillas","Guadalajara","Castilla-La Mancha",NA,NA,NA,NA,"unmatched"
"Cinctorres, Castellón","Cinctorres","Castellón","Comunidad Valenciana",NA,NA,NA,NA,"unmatched"
"Cintruénigo, Navarra","Cintruénigo","Navarra","Comunidad Foral de Navarra",NA,NA,NA,NA,"unmatched"
"Cipérez, Salamanca","Cipérez","Salamanca","Castilla y León",NA,NA,NA,NA,"unmatched"
"Cirat, Castellón","Cirat","Castellón","Comunidad Valenciana",NA,NA,NA,NA,"unmatched"
"Cirauqui, Navarra","Cirauqui","Navarra","Comunidad Foral de Navarra",NA,NA,NA,NA,"unmatched"
"Ciria, Soria","Ciria","Soria","Castilla y León",NA,NA,NA,NA,"unmatched"
"Ciriza, Navarra","Ciriza","Navarra","Comunidad Foral de Navarra",NA,NA,NA,NA,"unmatched"
"Ciruelas, Guadalajara","Ciruelas","Guadalajara","Castilla-La Mancha",NA,NA,NA,NA,"unmatched"
"Ciruelos de Cervera, Burgos","Ciruelos de Cervera","Burgos","Castilla y León",NA,NA,NA,NA,"unmatched"
"Ciruelos del Pinar, Guadalajara","Ciruelos del Pinar","Guadalajara","Castilla-La Mancha",NA,NA,NA,NA,"unmatched"
"Ciruelos, Toledo","Ciruelos","Toledo","Castilla-La Mancha",NA,NA,NA,NA,"unmatched"
"Cirueña, La Rioja","Cirueña","La Rioja","La Rioja",NA,NA,NA,NA,"unmatched"
"Cirujales del Río, Soria","Cirujales del Río","Soria","Castilla y León",NA,NA,NA,NA,"unmatched"
"Cisla, Ávila","Cisla","Ávila","Castilla y León",NA,NA,NA,NA,"unmatched"
"Cisneros, Palencia","Cisneros","Palencia","Castilla y León",NA,NA,NA,NA,"unmatched"
"Cistella, Girona","Cistella","Girona","Cataluña",NA,NA,NA,NA,"unmatched"
"Cistierna, León","Cistierna","León","Castilla y León",NA,NA,NA,NA,"unmatched"
"Cistérniga, Valladolid","Cistérniga","Valladolid","Castilla y León",NA,NA,NA,NA,"unmatched"
"Ciudad Real, Ciudad Real","Ciudad Real","Ciudad Real","Castilla-La Mancha","1005456","Ciudad Real","Ciudad Real,Ciudad Real,Castile-La Mancha,Spain","City","name+community"
"Ciudad Rodrigo, Salamanca","Ciudad Rodrigo","Salamanca","Castilla y León","9049041","Ciudad Rodrigo","Ciudad Rodrigo,Castile and Leon,Spain","City","name+community"
"Ciutadella de Menorca, Baleares","Ciutadella de Menorca","Baleares","Islas Baleares","9207479","Ciutadella de Menorca","Ciutadella de Menorca,Balearic Islands,Spain","Municipality","name+community"
"Ciutadilla, Lleida","Ciutadilla","Lleida","Cataluña",NA,NA,NA,NA,"unmatched"
"Cizur, Navarra","Cizur","Navarra","Comunidad Foral de Navarra",NA,NA,NA,NA,"unmatched"
"Clariana de Cardener, Lleida","Clariana de Cardener","Lleida","Cataluña",NA,NA,NA,NA,"unmatched"
"Clarés de Ribota, Zaragoza","Clarés de Ribota","Zaragoza","Aragón",NA,NA,NA,NA,"unmatched"
"Clavijo, La Rioja","Clavijo","La Rioja","La Rioja",NA,NA,NA,NA,"unmatched"
"Coaña, Asturias","Coaña","Asturias","Principado de Asturias",NA,NA,NA,NA,"unmatched"
"Cobeja, Toledo","Cobeja","Toledo","Castilla-La Mancha",NA,NA,NA,NA,"unmatched"
"Cobeta, Guadalajara","Cobeta","Guadalajara","Castilla-La Mancha",NA,NA,NA,NA,"unmatched"
"Cobeña, Madrid","Cobeña","Madrid","Comunidad de Madrid",NA,NA,NA,NA,"unmatched"
"Cobisa, Toledo","Cobisa","Toledo","Castilla-La Mancha",NA,NA,NA,NA,"unmatched"
"Cobos de Cerrato, Palencia","Cobos de Cerrato","Palencia","Castilla y León",NA,NA,NA,NA,"unmatched"
"Cobos de Fuentidueña, Segovia","Cobos de Fuentidueña","Segovia","Castilla y León",NA,NA,NA,NA,"unmatched"
"Cobreros, Zamora","Cobreros","Zamora","Castilla y León",NA,NA,NA,NA,"unmatched"
"Coca de Alba, Salamanca","Coca de Alba","Salamanca","Castilla y León",NA,NA,NA,NA,"unmatched"
"Coca, Segovia","Coca","Segovia","Castilla y León",NA,NA,NA,NA,"unmatched"
"Cocentaina, Alicante","Cocentaina","Alicante","Comunidad Valenciana","9217429","Cocentaina","Cocentaina,Valencian Community,Spain","Municipality","name+community"
"Codo, Zaragoza","Codo","Zaragoza","Aragón",NA,NA,NA,NA,"unmatched"
"Codorniz, Segovia","Codorniz","Segovia","Castilla y León",NA,NA,NA,NA,"unmatched"
"Codos, Zaragoza","Codos","Zaragoza","Aragón",NA,NA,NA,NA,"unmatched"
"Cofrentes, Valencia","Cofrentes","Valencia","Comunidad Valenciana",NA,NA,NA,NA,"unmatched"
"Cogeces de Íscar, Valladolid","Cogeces de Íscar","Valladolid","Castilla y León",NA,NA,NA,NA,"unmatched"
"Cogeces del Monte, Valladolid","Cogeces del Monte","Valladolid","Castilla y León",NA,NA,NA,NA,"unmatched"
"Cogollor, Guadalajara","Cogollor","Guadalajara","Castilla-La Mancha",NA,NA,NA,NA,"unmatched"
"Cogollos de Guadix, Granada","Cogollos de Guadix","Granada","Andalucía",NA,NA,NA,NA,"unmatched"
"Cogollos de la Vega, Granada","Cogollos de la Vega","Granada","Andalucía",NA,NA,NA,NA,"unmatched"
"Cogollos, Burgos","Cogollos","Burgos","Castilla y León",NA,NA,NA,NA,"unmatched"
"Cogolludo, Guadalajara","Cogolludo","Guadalajara","Castilla-La Mancha",NA,NA,NA,NA,"unmatched"
"Coirós, A Coruña","Coirós","A Coruña","Galicia",NA,NA,NA,NA,"unmatched"
"Colera, Girona","Colera","Girona","Cataluña",NA,NA,NA,NA,"unmatched"
"Coles, Ourense","Coles","Ourense","Galicia",NA,NA,NA,NA,"unmatched"
"Colindres, Cantabria","Colindres","Cantabria","Cantabria","9234171","Colindres","Colindres,Cantabria,Spain","Municipality","name+community"
"Coll de Nargó, Lleida","Coll de Nargó","Lleida","Cataluña",NA,NA,NA,NA,"unmatched"
"Collado Hermoso, Segovia","Collado Hermoso","Segovia","Castilla y León",NA,NA,NA,NA,"unmatched"
"Collado Mediano, Madrid","Collado Mediano","Madrid","Comunidad de Madrid",NA,NA,NA,NA,"unmatched"
"Collado Villalba, Madrid","Collado Villalba","Madrid","Comunidad de Madrid","9195829","Collado Villalba","Collado Villalba,Community of Madrid,Spain","City","name+community"
"Collado de Contreras, Ávila","Collado de Contreras","Ávila","Castilla y León",NA,NA,NA,NA,"unmatched"
"Collado del Mirón, Ávila","Collado del Mirón","Ávila","Castilla y León",NA,NA,NA,NA,"unmatched"
"Collado, Cáceres","Collado","Cáceres","Extremadura",NA,NA,NA,NA,"unmatched"
"Collazos de Boedo, Palencia","Collazos de Boedo","Palencia","Castilla y León",NA,NA,NA,NA,"unmatched"
"Collbató, Barcelona","Collbató","Barcelona","Cataluña",NA,NA,NA,NA,"unmatched"
"Colldejou, Tarragona","Colldejou","Tarragona","Cataluña",NA,NA,NA,NA,"unmatched"
"Collsuspina, Barcelona","Collsuspina","Barcelona","Cataluña",NA,NA,NA,NA,"unmatched"
"Colmenar Viejo, Madrid","Colmenar Viejo","Madrid","Comunidad de Madrid","9049044","Colmenar Viejo","Colmenar Viejo,Community of Madrid,Spain","City","name+community"
"Colmenar de Montemayor, Salamanca","Colmenar de Montemayor","Salamanca","Castilla y León",NA,NA,NA,NA,"unmatched"
"Colmenar de Oreja, Madrid","Colmenar de Oreja","Madrid","Comunidad de Madrid",NA,NA,NA,NA,"unmatched"
"Colmenar del Arroyo, Madrid","Colmenar del Arroyo","Madrid","Comunidad de Madrid",NA,NA,NA,NA,"unmatched"
"Colmenar, Málaga","Colmenar","Málaga","Andalucía",NA,NA,NA,NA,"unmatched"
"Colmenarejo, Madrid","Colmenarejo","Madrid","Comunidad de Madrid","9249466","Colmenarejo","Colmenarejo,Community of Madrid,Spain","City","name+community"
"Colomera, Granada","Colomera","Granada","Andalucía",NA,NA,NA,NA,"unmatched"
"Colomers, Girona","Colomers","Girona","Cataluña",NA,NA,NA,NA,"unmatched"
"Colunga, Asturias","Colunga","Asturias","Principado de Asturias",NA,NA,NA,NA,"unmatched"
"Colungo, Huesca","Colungo","Huesca","Aragón",NA,NA,NA,NA,"unmatched"
"Comares, Málaga","Comares","Málaga","Andalucía",NA,NA,NA,NA,"unmatched"
"Comillas, Cantabria","Comillas","Cantabria","Cantabria","9207313","Comillas","Comillas,Cantabria,Spain","Municipality","name+community"
"Comun de Palacios de la Sierra,, Burgos","Comun de Palacios de la Sierra,","Burgos","Castilla y León",NA,NA,NA,NA,"unmatched"
"Comunero de Ansó y Fago, Huesca","Comunero de Ansó y Fago","Huesca","Aragón",NA,NA,NA,NA,"unmatched"
"Comunidad de Albalate de Zorita, Guadalajara","Comunidad de Albalate de Zorita","Guadalajara","Castilla-La Mancha",NA,NA,NA,NA,"unmatched"
"Comunidad de Aldehorno (Segovia), Burgos","Comunidad de Aldehorno (Segovia)","Burgos","Castilla y León",NA,NA,NA,NA,"unmatched"
"Comunidad de Amezkete y Ordizia, Guipúzcoa","Comunidad de Amezkete y Ordizia","Guipúzcoa","País Vasco",NA,NA,NA,NA,"unmatched"
"Comunidad de Arauzo de Miel y Hu, Burgos","Comunidad de Arauzo de Miel y Hu","Burgos","Castilla y León",NA,NA,NA,NA,"unmatched"
"Comunidad de Bahabón de Esgueva,, Burgos","Comunidad de Bahabón de Esgueva,","Burgos","Castilla y León",NA,NA,NA,NA,"unmatched"
"Comunidad de Barbadillo de Herre, Burgos","Comunidad de Barbadillo de Herre","Burgos","Castilla y León",NA,NA,NA,NA,"unmatched"
"Comunidad de Barbadillo del Merc, Burgos","Comunidad de Barbadillo del Merc","Burgos","Castilla y León",NA,NA,NA,NA,"unmatched"
"Comunidad de Barbadillo del Pez, Burgos","Comunidad de Barbadillo del Pez","Burgos","Castilla y León",NA,NA,NA,NA,"unmatched"
"Comunidad de Barbarin y Olejua, Navarra","Comunidad de Barbarin y Olejua","Navarra","Comunidad Foral de Navarra",NA,NA,NA,NA,"unmatched"
"Comunidad de Benatae y Torres de, Jaén","Comunidad de Benatae y Torres de","Jaén","Andalucía",NA,NA,NA,NA,"unmatched"
"Comunidad de Caleruega y Coruña, Burgos","Comunidad de Caleruega y Coruña","Burgos","Castilla y León",NA,NA,NA,NA,"unmatched"
"Comunidad de Campoo-Cabuérniga (, Cantabria","Comunidad de Campoo-Cabuérniga (","Cantabria","Cantabria",NA,NA,NA,NA,"unmatched"
"Comunidad de Canicosa de la Sier, Burgos","Comunidad de Canicosa de la Sier","Burgos","Castilla y León",NA,NA,NA,NA,"unmatched"
"Comunidad de Carazo y Villanueva, Burgos","Comunidad de Carazo y Villanueva","Burgos","Castilla y León",NA,NA,NA,NA,"unmatched"
"Comunidad de Castrillo de la Rei, Burgos","Comunidad de Castrillo de la Rei","Burgos","Castilla y León",NA,NA,NA,NA,"unmatched"
"Comunidad de Cilleruelo de Arrib, Burgos","Comunidad de Cilleruelo de Arrib","Burgos","Castilla y León",NA,NA,NA,NA,"unmatched"
"Comunidad de Cotillas y Villaver, Albacete","Comunidad de Cotillas y Villaver","Albacete","Castilla-La Mancha",NA,NA,NA,NA,"unmatched"
"Comunidad de Covarrubias y Quint, Burgos","Comunidad de Covarrubias y Quint","Burgos","Castilla y León",NA,NA,NA,NA,"unmatched"
"Comunidad de Cuartango, Iruña de, Álava","Comunidad de Cuartango, Iruña de","Álava","País Vasco",NA,NA,NA,NA,"unmatched"
"Comunidad de Cubillo del Campo y, Burgos","Comunidad de Cubillo del Campo y","Burgos","Castilla y León",NA,NA,NA,NA,"unmatched"
"Comunidad de Cubo de Bureba y Sa, Burgos","Comunidad de Cubo de Bureba y Sa","Burgos","Castilla y León",NA,NA,NA,NA,"unmatched"
"Comunidad de Hacinas y Pinilla d, Burgos","Comunidad de Hacinas y Pinilla d","Burgos","Castilla y León",NA,NA,NA,NA,"unmatched"
"Comunidad de Hacinas y Salas de, Burgos","Comunidad de Hacinas y Salas de","Burgos","Castilla y León",NA,NA,NA,NA,"unmatched"
"Comunidad de Herrera de Soria, N, Soria","Comunidad de Herrera de Soria, N","Soria","Castilla y León",NA,NA,NA,NA,"unmatched"
"Comunidad de Hontoria del Pinar, Burgos","Comunidad de Hontoria del Pinar","Burgos","Castilla y León",NA,NA,NA,NA,"unmatched"
"Comunidad de Hortigüela, Jurisdi, Burgos","Comunidad de Hortigüela, Jurisdi","Burgos","Castilla y León",NA,NA,NA,NA,"unmatched"
"Comunidad de Jaramillo de la Fue, Burgos","Comunidad de Jaramillo de la Fue","Burgos","Castilla y León",NA,NA,NA,NA,"unmatched"
"Comunidad de La Revilla y Villan, Burgos","Comunidad de La Revilla y Villan","Burgos","Castilla y León",NA,NA,NA,NA,"unmatched"
"Comunidad de Laño (Condado de Tr, Álava","Comunidad de Laño (Condado de Tr","Álava","País Vasco",NA,NA,NA,NA,"unmatched"
"Comunidad de Los Ausines, Quinta, Burgos","Comunidad de Los Ausines, Quinta","Burgos","Castilla y León",NA,NA,NA,NA,"unmatched"
"Comunidad de Palacios de la Sier, Burgos","Comunidad de Palacios de la Sier","Burgos","Castilla y León",NA,NA,NA,NA,"unmatched"
"Comunidad de Quintanalara (Revil, Burgos","Comunidad de Quintanalara (Revil","Burgos","Castilla y León",NA,NA,NA,NA,"unmatched"
"Comunidad de Quintanaortuño y Ce, Burgos","Comunidad de Quintanaortuño y Ce","Burgos","Castilla y León",NA,NA,NA,NA,"unmatched"
"Comunidad de Quintanaortuño y Vi, Burgos","Comunidad de Quintanaortuño y Vi","Burgos","Castilla y León",NA,NA,NA,NA,"unmatched"
"Comunidad de Quintanaortuño, Sot, Burgos","Comunidad de Quintanaortuño, Sot","Burgos","Castilla y León",NA,NA,NA,NA,"unmatched"
"Comunidad de Quintanar de la Sie, Burgos","Comunidad de Quintanar de la Sie","Burgos","Castilla y León",NA,NA,NA,NA,"unmatched"
"Comunidad de Quintanarraya y Esp, Burgos","Comunidad de Quintanarraya y Esp","Burgos","Castilla y León",NA,NA,NA,NA,"unmatched"
"Comunidad de Quintanarraya y Hue, Burgos","Comunidad de Quintanarraya y Hue","Burgos","Castilla y León",NA,NA,NA,NA,"unmatched"
"Comunidad de Quintanilla del Agu, Burgos","Comunidad de Quintanilla del Agu","Burgos","Castilla y León",NA,NA,NA,NA,"unmatched"
"Comunidad de Quintanilla-Vivar,, Burgos","Comunidad de Quintanilla-Vivar,","Burgos","Castilla y León",NA,NA,NA,NA,"unmatched"
"Comunidad de Rabé de las Calzada, Burgos","Comunidad de Rabé de las Calzada","Burgos","Castilla y León",NA,NA,NA,NA,"unmatched"
"Comunidad de Riego de la Vega y, León","Comunidad de Riego de la Vega y","León","Castilla y León",NA,NA,NA,NA,"unmatched"
"Comunidad de Riocavado de la Sie, Burgos","Comunidad de Riocavado de la Sie","Burgos","Castilla y León",NA,NA,NA,NA,"unmatched"
"Comunidad de San Millán de Lara, Burgos","Comunidad de San Millán de Lara","Burgos","Castilla y León",NA,NA,NA,NA,"unmatched"
"Comunidad de San Vicente del Val, Burgos","Comunidad de San Vicente del Val","Burgos","Castilla y León",NA,NA,NA,NA,"unmatched"
"Comunidad de Soto de la Vega y V, León","Comunidad de Soto de la Vega y V","León","Castilla y León",NA,NA,NA,NA,"unmatched"
"Comunidad de Torrelara y Villoru, Burgos","Comunidad de Torrelara y Villoru","Burgos","Castilla y León",NA,NA,NA,NA,"unmatched"
"Comunidad de la Pardina del Merc, Teruel","Comunidad de la Pardina del Merc","Teruel","Aragón",NA,NA,NA,NA,"unmatched"
"Común Grande de las Pegueras (Cu, Segovia","Común Grande de las Pegueras (Cu","Segovia","Castilla y León",NA,NA,NA,NA,"unmatched"
"Común de Riaza y Sepúlveda, Segovia","Común de Riaza y Sepúlveda","Segovia","Castilla y León",NA,NA,NA,NA,"unmatched"
"Conca de Dalt, Lleida","Conca de Dalt","Lleida","Cataluña",NA,NA,NA,NA,"unmatched"
"Condado de Castilnovo, Segovia","Condado de Castilnovo","Segovia","Castilla y León",NA,NA,NA,NA,"unmatched"
"Condado de Treviño, Burgos","Condado de Treviño","Burgos","Castilla y León",NA,NA,NA,NA,"unmatched"
"Condemios de Abajo, Guadalajara","Condemios de Abajo","Guadalajara","Castilla-La Mancha",NA,NA,NA,NA,"unmatched"
"Condemios de Arriba, Guadalajara","Condemios de Arriba","Guadalajara","Castilla-La Mancha",NA,NA,NA,NA,"unmatched"
"Conesa, Tarragona","Conesa","Tarragona","Cataluña",NA,NA,NA,NA,"unmatched"
"Confrides, Alicante","Confrides","Alicante","Comunidad Valenciana",NA,NA,NA,NA,"unmatched"
"Congosto de Valdavia, Palencia","Congosto de Valdavia","Palencia","Castilla y León",NA,NA,NA,NA,"unmatched"
"Congosto, León","Congosto","León","Castilla y León",NA,NA,NA,NA,"unmatched"
"Congostrina, Guadalajara","Congostrina","Guadalajara","Castilla-La Mancha",NA,NA,NA,NA,"unmatched"
"Conil de la Frontera, Cádiz","Conil de la Frontera","Cádiz","Andalucía","9049045","Conil de la Frontera","Conil de la Frontera,Andalusia,Spain","City","name+community"
"Conquista de la Sierra, Cáceres","Conquista de la Sierra","Cáceres","Extremadura",NA,NA,NA,NA,"unmatched"
"Conquista, Córdoba","Conquista","Córdoba","Andalucía",NA,NA,NA,NA,"unmatched"
"Consell, Baleares","Consell","Baleares","Islas Baleares","9221282","Consell","Consell,Balearic Islands,Spain","Municipality","name+community"
"Constantina, Sevilla","Constantina","Sevilla","Andalucía","1005410","Constantina","Constantina,Andalusia,Spain","City","name+community"
"Constantí, Tarragona","Constantí","Tarragona","Cataluña","9207472","Constanti","Constanti,Catalonia,Spain","Municipality","name+community"
"Constanzana, Ávila","Constanzana","Ávila","Castilla y León",NA,NA,NA,NA,"unmatched"
"Consuegra, Toledo","Consuegra","Toledo","Castilla-La Mancha","9236936","Consuegra","Consuegra,Castile-La Mancha,Spain","Municipality","name+community"
"Contamina, Zaragoza","Contamina","Zaragoza","Aragón",NA,NA,NA,NA,"unmatched"
"Contreras, Burgos","Contreras","Burgos","Castilla y León",NA,NA,NA,NA,"unmatched"
"Coomonte, Zamora","Coomonte","Zamora","Castilla y León",NA,NA,NA,NA,"unmatched"
"Copernal, Guadalajara","Copernal","Guadalajara","Castilla-La Mancha",NA,NA,NA,NA,"unmatched"
"Copons, Barcelona","Copons","Barcelona","Cataluña",NA,NA,NA,NA,"unmatched"
"Corbalán, Teruel","Corbalán","Teruel","Aragón",NA,NA,NA,NA,"unmatched"
"Corbera d'Ebre, Tarragona","Corbera d'Ebre","Tarragona","Cataluña",NA,NA,NA,NA,"unmatched"
"Corbera de Llobregat, Barcelona","Corbera de Llobregat","Barcelona","Cataluña","9239025","Corbera de Llobregat","Corbera de Llobregat,Catalonia,Spain","Municipality","name+community"
"Corbera, Valencia","Corbera","Valencia","Comunidad Valenciana",NA,NA,NA,NA,"unmatched"
"Corbillos de los Oteros, León","Corbillos de los Oteros","León","Castilla y León",NA,NA,NA,NA,"unmatched"
"Corbins, Lleida","Corbins","Lleida","Cataluña",NA,NA,NA,NA,"unmatched"
"Corcos, Valladolid","Corcos","Valladolid","Castilla y León",NA,NA,NA,NA,"unmatched"
"Corcubión, A Coruña","Corcubión","A Coruña","Galicia",NA,NA,NA,NA,"unmatched"
"Cordobilla de Lácara, Badajoz","Cordobilla de Lácara","Badajoz","Extremadura",NA,NA,NA,NA,"unmatched"
"Cordovilla la Real, Palencia","Cordovilla la Real","Palencia","Castilla y León",NA,NA,NA,NA,"unmatched"
"Cordovilla, Salamanca","Cordovilla","Salamanca","Castilla y León",NA,NA,NA,NA,"unmatched"
"Cordovín, La Rioja","Cordovín","La Rioja","La Rioja",NA,NA,NA,NA,"unmatched"
"Corduente, Guadalajara","Corduente","Guadalajara","Castilla-La Mancha",NA,NA,NA,NA,"unmatched"
"Corella, Navarra","Corella","Navarra","Comunidad Foral de Navarra",NA,NA,NA,NA,"name only (rejected)"
"Corera, La Rioja","Corera","La Rioja","La Rioja",NA,NA,NA,NA,"unmatched"
"Coreses, Zamora","Coreses","Zamora","Castilla y León",NA,NA,NA,NA,"unmatched"
"Coria del Río, Sevilla","Coria del Río","Sevilla","Andalucía","9246681","Coria del Rio","Coria del Rio,Andalusia,Spain","Municipality","name+community"
"Coria, Cáceres","Coria","Cáceres","Extremadura",NA,NA,NA,NA,"unmatched"
"Coripe, Sevilla","Coripe","Sevilla","Andalucía",NA,NA,NA,NA,"unmatched"
"Coristanco, A Coruña","Coristanco","A Coruña","Galicia",NA,NA,NA,NA,"unmatched"
"Cornago, La Rioja","Cornago","La Rioja","La Rioja",NA,NA,NA,NA,"unmatched"
"Cornellà de Llobregat, Barcelona","Cornellà de Llobregat","Barcelona","Cataluña","9197251","Cornella de Llobregat","Cornella de Llobregat,Catalonia,Spain","City","name+community"
"Cornellà del Terri, Girona","Cornellà del Terri","Girona","Cataluña",NA,NA,NA,NA,"unmatched"
"Cornudella de Montsant, Tarragona","Cornudella de Montsant","Tarragona","Cataluña",NA,NA,NA,NA,"unmatched"
"Corpa, Madrid","Corpa","Madrid","Comunidad de Madrid",NA,NA,NA,NA,"unmatched"
"Corporales, La Rioja","Corporales","La Rioja","La Rioja",NA,NA,NA,NA,"unmatched"
"Corral de Almaguer, Toledo","Corral de Almaguer","Toledo","Castilla-La Mancha",NA,NA,NA,NA,"unmatched"
"Corral de Ayllón, Segovia","Corral de Ayllón","Segovia","Castilla y León",NA,NA,NA,NA,"unmatched"
"Corral de Calatrava, Ciudad Real","Corral de Calatrava","Ciudad Real","Castilla-La Mancha",NA,NA,NA,NA,"unmatched"
"Corral-Rubio, Albacete","Corral-Rubio","Albacete","Castilla-La Mancha",NA,NA,NA,NA,"unmatched"
"Corrales de Duero, Valladolid","Corrales de Duero","Valladolid","Castilla y León",NA,NA,NA,NA,"unmatched"
"Corrales, Zamora","Corrales","Zamora","Castilla y León",NA,NA,NA,NA,"unmatched"
"Corte de Peleas, Badajoz","Corte de Peleas","Badajoz","Extremadura",NA,NA,NA,NA,"unmatched"
"Corteconcepción, Huelva","Corteconcepción","Huelva","Andalucía",NA,NA,NA,NA,"unmatched"
"Cortegada, Ourense","Cortegada","Ourense","Galicia",NA,NA,NA,NA,"unmatched"
"Cortegana, Huelva","Cortegana","Huelva","Andalucía",NA,NA,NA,NA,"unmatched"
"Cortelazor, Huelva","Cortelazor","Huelva","Andalucía",NA,NA,NA,NA,"unmatched"
"Cortes de Aragón, Teruel","Cortes de Aragón","Teruel","Aragón",NA,NA,NA,NA,"unmatched"
"Cortes de Arenoso, Castellón","Cortes de Arenoso","Castellón","Comunidad Valenciana",NA,NA,NA,NA,"unmatched"
"Cortes de Baza, Granada","Cortes de Baza","Granada","Andalucía","9215100","Cortes de Baza","Cortes de Baza,Andalusia,Spain","Municipality","name+community"
"Cortes de Pallás, Valencia","Cortes de Pallás","Valencia","Comunidad Valenciana",NA,NA,NA,NA,"unmatched"
"Cortes de la Frontera, Málaga","Cortes de la Frontera","Málaga","Andalucía",NA,NA,NA,NA,"unmatched"
"Cortes y Graena, Granada","Cortes y Graena","Granada","Andalucía","9221473","Cortes y Graena","Cortes y Graena,Andalusia,Spain","Municipality","name+community"
"Cortes, Navarra","Cortes","Navarra","Comunidad Foral de Navarra",NA,NA,NA,NA,"name only (rejected)"
"Corullón, León","Corullón","León","Castilla y León",NA,NA,NA,NA,"unmatched"
"Coruña del Conde, Burgos","Coruña del Conde","Burgos","Castilla y León",NA,NA,NA,NA,"unmatched"
"Corvera de Asturias, Asturias","Corvera de Asturias","Asturias","Principado de Asturias",NA,NA,NA,NA,"unmatched"
"Corvera de Toranzo, Cantabria","Corvera de Toranzo","Cantabria","Cantabria",NA,NA,NA,NA,"unmatched"
"Corçà, Girona","Corçà","Girona","Cataluña",NA,NA,NA,NA,"unmatched"
"Cosa, Teruel","Cosa","Teruel","Aragón",NA,NA,NA,NA,"unmatched"
"Coscurita, Soria","Coscurita","Soria","Castilla y León",NA,NA,NA,NA,"unmatched"
"Coslada, Madrid","Coslada","Madrid","Comunidad de Madrid","9262043","Municipality of Coslada","Municipality of Coslada,Community of Madrid,Spain","Municipality","name+community"
"Cospeito, Lugo","Cospeito","Lugo","Galicia",NA,NA,NA,NA,"unmatched"
"Costitx, Baleares","Costitx","Baleares","Islas Baleares","9211182","Costitx","Costitx,Balearic Islands,Spain","Municipality","name+community"
"Costur, Castellón","Costur","Castellón","Comunidad Valenciana",NA,NA,NA,NA,"unmatched"
"Cosuenda, Zaragoza","Cosuenda","Zaragoza","Aragón",NA,NA,NA,NA,"unmatched"
"Cotanes del Monte, Zamora","Cotanes del Monte","Zamora","Castilla y León",NA,NA,NA,NA,"unmatched"
"Cotes, Valencia","Cotes","Valencia","Comunidad Valenciana",NA,NA,NA,NA,"unmatched"
"Cotillas, Albacete","Cotillas","Albacete","Castilla-La Mancha",NA,NA,NA,NA,"unmatched"
"Coto Mancomunado de Pedrosillo e, Salamanca","Coto Mancomunado de Pedrosillo e","Salamanca","Castilla y León",NA,NA,NA,NA,"unmatched"
"Cotobade, Pontevedra","Cotobade","Pontevedra","Galicia",NA,NA,NA,NA,"unmatched"
"Covaleda, Soria","Covaleda","Soria","Castilla y León",NA,NA,NA,NA,"unmatched"
"Covarrubias, Burgos","Covarrubias","Burgos","Castilla y León",NA,NA,NA,NA,"unmatched"
"Covelo, Pontevedra","Covelo","Pontevedra","Galicia",NA,NA,NA,NA,"unmatched"
"Cox, Alicante","Cox","Alicante","Comunidad Valenciana","9230552","Cox","Cox,Valencian Community,Spain","Municipality","name+community"
"Cozuelos de Fuentidueña, Segovia","Cozuelos de Fuentidueña","Segovia","Castilla y León",NA,NA,NA,NA,"unmatched"
"Coín, Málaga","Coín","Málaga","Andalucía","9049042","Coin","Coin,Andalusia,Spain","City","name+community"
"Crecente, Pontevedra","Crecente","Pontevedra","Galicia",NA,NA,NA,NA,"unmatched"
"Creixell, Tarragona","Creixell","Tarragona","Cataluña","9212737","Creixell","Creixell,Catalonia,Spain","Municipality","name+community"
"Crespià, Girona","Crespià","Girona","Cataluña",NA,NA,NA,NA,"unmatched"
"Crespos, Ávila","Crespos","Ávila","Castilla y León",NA,NA,NA,NA,"unmatched"
"Cretas, Teruel","Cretas","Teruel","Aragón",NA,NA,NA,NA,"unmatched"
"Crevillent, Alicante","Crevillent","Alicante","Comunidad Valenciana","9261954","Crevillent","Crevillent,Valencian Community,Spain","Municipality","name+community"
"Cristina, Badajoz","Cristina","Badajoz","Extremadura",NA,NA,NA,NA,"unmatched"
"Cristóbal, Salamanca","Cristóbal","Salamanca","Castilla y León",NA,NA,NA,NA,"unmatched"
"Crivillén, Teruel","Crivillén","Teruel","Aragón",NA,NA,NA,NA,"unmatched"
"Cruïlles, Monells i Sant Sadurní, Girona","Cruïlles, Monells i Sant Sadurní","Girona","Cataluña",NA,NA,NA,NA,"unmatched"
"Crémenes, León","Crémenes","León","Castilla y León",NA,NA,NA,NA,"unmatched"
"Cuacos de Yuste, Cáceres","Cuacos de Yuste","Cáceres","Extremadura",NA,NA,NA,NA,"unmatched"
"Cuadros, León","Cuadros","León","Castilla y León",NA,NA,NA,NA,"unmatched"
"Cualedro, Ourense","Cualedro","Ourense","Galicia",NA,NA,NA,NA,"unmatched"
"Cuarte de Huerva, Zaragoza","Cuarte de Huerva","Zaragoza","Aragón","9234654","Cuarte de Huerva","Cuarte de Huerva,Aragon,Spain","Municipality","name+community"
"Cubas de la Sagra, Madrid","Cubas de la Sagra","Madrid","Comunidad de Madrid",NA,NA,NA,NA,"unmatched"
"Cubel, Zaragoza","Cubel","Zaragoza","Aragón",NA,NA,NA,NA,"unmatched"
"Cubelles, Barcelona","Cubelles","Barcelona","Cataluña","9263046","Cubelles","Cubelles,Catalonia,Spain","Municipality","name+community"
"Cubells, Lleida","Cubells","Lleida","Cataluña",NA,NA,NA,NA,"unmatched"
"Cubilla, Soria","Cubilla","Soria","Castilla y León",NA,NA,NA,NA,"unmatched"
"Cubillas de Cerrato, Palencia","Cubillas de Cerrato","Palencia","Castilla y León",NA,NA,NA,NA,"unmatched"
"Cubillas de Rueda, León","Cubillas de Rueda","León","Castilla y León",NA,NA,NA,NA,"unmatched"
"Cubillas de Santa Marta, Valladolid","Cubillas de Santa Marta","Valladolid","Castilla y León",NA,NA,NA,NA,"unmatched"
"Cubillas de los Oteros, León","Cubillas de los Oteros","León","Castilla y León",NA,NA,NA,NA,"unmatched"
"Cubillo del Campo, Burgos","Cubillo del Campo","Burgos","Castilla y León",NA,NA,NA,NA,"unmatched"
"Cubillo, Segovia","Cubillo","Segovia","Castilla y León",NA,NA,NA,NA,"unmatched"
"Cubillos del Sil, León","Cubillos del Sil","León","Castilla y León",NA,NA,NA,NA,"unmatched"
"Cubillos, Zamora","Cubillos","Zamora","Castilla y León",NA,NA,NA,NA,"unmatched"
"Cubla, Teruel","Cubla","Teruel","Aragón",NA,NA,NA,NA,"unmatched"
"Cubo de Benavente, Zamora","Cubo de Benavente","Zamora","Castilla y León",NA,NA,NA,NA,"unmatched"
"Cubo de Bureba, Burgos","Cubo de Bureba","Burgos","Castilla y León",NA,NA,NA,NA,"unmatched"
"Cubo de la Solana, Soria","Cubo de la Solana","Soria","Castilla y León",NA,NA,NA,NA,"unmatched"
"Cucalón, Teruel","Cucalón","Teruel","Aragón",NA,NA,NA,NA,"unmatched"
"Cudillero, Asturias","Cudillero","Asturias","Principado de Asturias","9211549","Cudillero","Cudillero,Asturias,Spain","Municipality","name+community"
"Cuelgamures, Zamora","Cuelgamures","Zamora","Castilla y León",NA,NA,NA,NA,"unmatched"
"Cuenca de Campos, Valladolid","Cuenca de Campos","Valladolid","Castilla y León",NA,NA,NA,NA,"unmatched"
"Cuenca, Cuenca","Cuenca","Cuenca","Castilla-La Mancha","1005457","Cuenca","Cuenca,Castile-La Mancha,Spain","City","name+community"
"Cuerva, Toledo","Cuerva","Toledo","Castilla-La Mancha",NA,NA,NA,NA,"unmatched"
"Cueva de Ágreda, Soria","Cueva de Ágreda","Soria","Castilla y León",NA,NA,NA,NA,"unmatched"
"Cueva del Hierro, Cuenca","Cueva del Hierro","Cuenca","Castilla-La Mancha",NA,NA,NA,NA,"unmatched"
"Cuevas Bajas, Málaga","Cuevas Bajas","Málaga","Andalucía",NA,NA,NA,NA,"unmatched"
"Cuevas Labradas, Teruel","Cuevas Labradas","Teruel","Aragón",NA,NA,NA,NA,"unmatched"
"Cuevas de Almudén, Teruel","Cuevas de Almudén","Teruel","Aragón",NA,NA,NA,NA,"unmatched"
"Cuevas de Provanco, Segovia","Cuevas de Provanco","Segovia","Castilla y León",NA,NA,NA,NA,"unmatched"
"Cuevas de San Clemente, Burgos","Cuevas de San Clemente","Burgos","Castilla y León",NA,NA,NA,NA,"unmatched"
"Cuevas de San Marcos, Málaga","Cuevas de San Marcos","Málaga","Andalucía",NA,NA,NA,NA,"unmatched"
"Cuevas del Almanzora, Almería","Cuevas del Almanzora","Almería","Andalucía",NA,NA,NA,NA,"unmatched"
"Cuevas del Becerro, Málaga","Cuevas del Becerro","Málaga","Andalucía",NA,NA,NA,NA,"unmatched"
"Cuevas del Campo, Granada","Cuevas del Campo","Granada","Andalucía",NA,NA,NA,NA,"unmatched"
"Cuevas del Valle, Ávila","Cuevas del Valle","Ávila","Castilla y León",NA,NA,NA,NA,"unmatched"
"Culla, Castellón","Culla","Castellón","Comunidad Valenciana",NA,NA,NA,NA,"unmatched"
"Cullera, Valencia","Cullera","Valencia","Comunidad Valenciana","1005541","Cullera","Cullera,Valencian Community,Spain","City","name+community"
"Culleredo, A Coruña","Culleredo","A Coruña","Galicia","9256524","Culleredo","Culleredo,Galicia,Spain","Municipality","name+community"
"Cumbres Mayores, Huelva","Cumbres Mayores","Huelva","Andalucía",NA,NA,NA,NA,"unmatched"
"Cumbres de Enmedio, Huelva","Cumbres de Enmedio","Huelva","Andalucía",NA,NA,NA,NA,"unmatched"
"Cumbres de San Bartolomé, Huelva","Cumbres de San Bartolomé","Huelva","Andalucía",NA,NA,NA,NA,"unmatched"
"Cunit, Tarragona","Cunit","Tarragona","Cataluña","9218990","Cunit","Cunit,Catalonia,Spain","City","name+community"
"Cuntis, Pontevedra","Cuntis","Pontevedra","Galicia","9214634","Cuntis","Cuntis,Galicia,Spain","Municipality","name+community"
"Curiel de Duero, Valladolid","Curiel de Duero","Valladolid","Castilla y León",NA,NA,NA,NA,"unmatched"
"Curtis, A Coruña","Curtis","A Coruña","Galicia","9215232","Curtis","Curtis,Galicia,Spain","Municipality","name+community"
"Cuzcurrita de Río Tirón, La Rioja","Cuzcurrita de Río Tirón","La Rioja","La Rioja",NA,NA,NA,NA,"unmatched"
"Cuéllar, Segovia","Cuéllar","Segovia","Castilla y León","9258166","Cuellar","Cuellar,Castile and Leon,Spain","City","name+community"
"Càlig, Castellón","Càlig","Castellón","Comunidad Valenciana",NA,NA,NA,NA,"unmatched"
"Cànoves i Samalús, Barcelona","Cànoves i Samalús","Barcelona","Cataluña",NA,NA,NA,NA,"unmatched"
"Càrcer, Valencia","Càrcer","Valencia","Comunidad Valenciana",NA,NA,NA,NA,"unmatched"
"Cáceres, Cáceres","Cáceres","Cáceres","Extremadura","9211934","Caceres","Caceres,Extremadura,Spain","Municipality","name+community"
"Cádiar, Granada","Cádiar","Granada","Andalucía",NA,NA,NA,NA,"unmatched"
"Cádiz, Cádiz","Cádiz","Cádiz","Andalucía","9209506","Cadiz","Cadiz,Andalusia,Spain","Municipality","name+community"
"Cájar, Granada","Cájar","Granada","Andalucía",NA,NA,NA,NA,"unmatched"
"Cárcar, Navarra","Cárcar","Navarra","Comunidad Foral de Navarra",NA,NA,NA,NA,"unmatched"
"Cárcheles, Jaén","Cárcheles","Jaén","Andalucía",NA,NA,NA,NA,"unmatched"
"Cárdenas, La Rioja","Cárdenas","La Rioja","La Rioja",NA,NA,NA,NA,"unmatched"
"Cármenes, León","Cármenes","León","Castilla y León",NA,NA,NA,NA,"unmatched"
"Cártama, Málaga","Cártama","Málaga","Andalucía",NA,NA,NA,NA,"unmatched"
"Cáseda, Navarra","Cáseda","Navarra","Comunidad Foral de Navarra",NA,NA,NA,NA,"unmatched"
"Cástaras, Granada","Cástaras","Granada","Andalucía",NA,NA,NA,NA,"unmatched"
"Cáñar, Granada","Cáñar","Granada","Andalucía",NA,NA,NA,NA,"unmatched"
"Cóbdar, Almería","Cóbdar","Almería","Andalucía",NA,NA,NA,NA,"unmatched"
"Cómpeta, Málaga","Cómpeta","Málaga","Andalucía",NA,NA,NA,NA,"unmatched"
"Córdoba, Córdoba","Córdoba","Córdoba","Andalucía","9211959","Cordoba","Cordoba,Andalusia,Spain","Municipality","name+community"
"Cózar, Ciudad Real","Cózar","Ciudad Real","Castilla-La Mancha",NA,NA,NA,NA,"unmatched"
"Cúllar Vega, Granada","Cúllar Vega","Granada","Andalucía",NA,NA,NA,NA,"unmatched"
"Cúllar, Granada","Cúllar","Granada","Andalucía","9220579","Cullar","Cullar,Andalusia,Spain","Municipality","name+community"
"Cútar, Málaga","Cútar","Málaga","Andalucía",NA,NA,NA,NA,"unmatched"
"Daganzo de Arriba, Madrid","Daganzo de Arriba","Madrid","Comunidad de Madrid",NA,NA,NA,NA,"unmatched"
"Daimiel, Ciudad Real","Daimiel","Ciudad Real","Castilla-La Mancha","9224918","Daimiel","Daimiel,Castile-La Mancha,Spain","Municipality","name+community"
"Daimús, Valencia","Daimús","Valencia","Comunidad Valenciana","9256168","Daimus","Daimus,Valencian Community,Spain","Municipality","name+community"
"Dalías, Almería","Dalías","Almería","Andalucía",NA,NA,NA,NA,"unmatched"
"Darnius, Girona","Darnius","Girona","Cataluña",NA,NA,NA,NA,"unmatched"
"Daroca de Rioja, La Rioja","Daroca de Rioja","La Rioja","La Rioja",NA,NA,NA,NA,"unmatched"
"Daroca, Zaragoza","Daroca","Zaragoza","Aragón",NA,NA,NA,NA,"unmatched"
"Darro, Granada","Darro","Granada","Andalucía",NA,NA,NA,NA,"unmatched"
"Das, Girona","Das","Girona","Cataluña",NA,NA,NA,NA,"unmatched"
"Daya Nueva, Alicante","Daya Nueva","Alicante","Comunidad Valenciana",NA,NA,NA,NA,"unmatched"
"Daya Vieja, Alicante","Daya Vieja","Alicante","Comunidad Valenciana",NA,NA,NA,NA,"unmatched"
"Deba, Guipúzcoa","Deba","Guipúzcoa","País Vasco",NA,NA,NA,NA,"unmatched"
"Degaña, Asturias","Degaña","Asturias","Principado de Asturias",NA,NA,NA,NA,"unmatched"
"Dehesa de Montejo, Palencia","Dehesa de Montejo","Palencia","Castilla y León",NA,NA,NA,NA,"unmatched"
"Dehesa de Romanos, Palencia","Dehesa de Romanos","Palencia","Castilla y León",NA,NA,NA,NA,"unmatched"
"Dehesas de Guadix, Granada","Dehesas de Guadix","Granada","Andalucía",NA,NA,NA,NA,"unmatched"
"Deifontes, Granada","Deifontes","Granada","Andalucía",NA,NA,NA,NA,"unmatched"
"Deleitosa, Cáceres","Deleitosa","Cáceres","Extremadura",NA,NA,NA,NA,"unmatched"
"Deltebre, Tarragona","Deltebre","Tarragona","Cataluña","9049052","Deltebre","Deltebre,Catalonia,Spain","City","name+community"
"Derio, Vizcaya","Derio","Vizcaya","País Vasco","9260474","Derio","Derio,Basque Country,Spain","Municipality","name+community"
"Descargamaría, Cáceres","Descargamaría","Cáceres","Extremadura",NA,NA,NA,NA,"unmatched"
"Desojo, Navarra","Desojo","Navarra","Comunidad Foral de Navarra",NA,NA,NA,NA,"unmatched"
"Destriana, León","Destriana","León","Castilla y León",NA,NA,NA,NA,"unmatched"
"Deyá, Baleares","Deyá","Baleares","Islas Baleares",NA,NA,NA,NA,"unmatched"
"Deza, Soria","Deza","Soria","Castilla y León",NA,NA,NA,NA,"unmatched"
"Dicastillo, Navarra","Dicastillo","Navarra","Comunidad Foral de Navarra",NA,NA,NA,NA,"unmatched"
"Diego del Carpio, Ávila","Diego del Carpio","Ávila","Castilla y León",NA,NA,NA,NA,"unmatched"
"Diezma, Granada","Diezma","Granada","Andalucía",NA,NA,NA,NA,"unmatched"
"Dima, Vizcaya","Dima","Vizcaya","País Vasco",NA,NA,NA,NA,"unmatched"
"Dios le Guarde, Salamanca","Dios le Guarde","Salamanca","Castilla y León",NA,NA,NA,NA,"unmatched"
"Dodro, A Coruña","Dodro","A Coruña","Galicia",NA,NA,NA,NA,"unmatched"
"Dolores, Alicante","Dolores","Alicante","Comunidad Valenciana","9049054","Dolores","Dolores,Valencian Community,Spain","City","name+community"
"Domeño, Valencia","Domeño","Valencia","Comunidad Valenciana",NA,NA,NA,NA,"unmatched"
"Domingo García, Segovia","Domingo García","Segovia","Castilla y León",NA,NA,NA,NA,"unmatched"
"Domingo Pérez, Toledo","Domingo Pérez","Toledo","Castilla-La Mancha",NA,NA,NA,NA,"unmatched"
"Don Benito, Badajoz","Don Benito","Badajoz","Extremadura","1005477","Don Benito","Don Benito,Extremadura,Spain","City","name+community"
"Don Álvaro, Badajoz","Don Álvaro","Badajoz","Extremadura",NA,NA,NA,NA,"unmatched"
"Donamaria, Navarra","Donamaria","Navarra","Comunidad Foral de Navarra",NA,NA,NA,NA,"unmatched"
"Doneztebe, Navarra","Doneztebe","Navarra","Comunidad Foral de Navarra",NA,NA,NA,NA,"unmatched"
"Donhierro, Segovia","Donhierro","Segovia","Castilla y León",NA,NA,NA,NA,"unmatched"
"Donjimeno, Ávila","Donjimeno","Ávila","Castilla y León",NA,NA,NA,NA,"unmatched"
"Donostia-San Sebastián, Guipúzcoa","Donostia-San Sebastián","Guipúzcoa","País Vasco","9220425","Donostia / San Sebastian","Donostia / San Sebastian,Basque Country,Spain","Municipality","name+community"
"Donvidas, Ávila","Donvidas","Ávila","Castilla y León",NA,NA,NA,NA,"unmatched"
"Dos Aguas, Valencia","Dos Aguas","Valencia","Comunidad Valenciana",NA,NA,NA,NA,"unmatched"
"Dos Hermanas, Sevilla","Dos Hermanas","Sevilla","Andalucía","9195738","Dos Hermanas","Dos Hermanas,Andalusia,Spain","City","name+community"
"Dos Torres, Córdoba","Dos Torres","Córdoba","Andalucía",NA,NA,NA,NA,"unmatched"
"Dosbarrios, Toledo","Dosbarrios","Toledo","Castilla-La Mancha",NA,NA,NA,NA,"unmatched"
"Dosrius, Barcelona","Dosrius","Barcelona","Cataluña",NA,NA,NA,NA,"unmatched"
"Dozón, Pontevedra","Dozón","Pontevedra","Galicia",NA,NA,NA,NA,"unmatched"
"Doña Mencía, Córdoba","Doña Mencía","Córdoba","Andalucía",NA,NA,NA,NA,"unmatched"
"Doñinos de Ledesma, Salamanca","Doñinos de Ledesma","Salamanca","Castilla y León",NA,NA,NA,NA,"unmatched"
"Doñinos de Salamanca, Salamanca","Doñinos de Salamanca","Salamanca","Castilla y León",NA,NA,NA,NA,"unmatched"
"Driebes, Guadalajara","Driebes","Guadalajara","Castilla-La Mancha",NA,NA,NA,NA,"unmatched"
"Duesaigües, Tarragona","Duesaigües","Tarragona","Cataluña",NA,NA,NA,NA,"unmatched"
"Dueñas, Palencia","Dueñas","Palencia","Castilla y León",NA,NA,NA,NA,"unmatched"
"Dumbría, A Coruña","Dumbría","A Coruña","Galicia",NA,NA,NA,NA,"unmatched"
"Durango, Vizcaya","Durango","Vizcaya","País Vasco","9264153","Durango","Durango,Basque Country,Spain","Municipality","name+community"
"Duruelo de la Sierra, Soria","Duruelo de la Sierra","Soria","Castilla y León",NA,NA,NA,NA,"unmatched"
"Duruelo, Segovia","Duruelo","Segovia","Castilla y León",NA,NA,NA,NA,"unmatched"
"Durón, Guadalajara","Durón","Guadalajara","Castilla-La Mancha",NA,NA,NA,NA,"unmatched"
"Dénia, Alicante","Dénia","Alicante","Comunidad Valenciana","9049053","Denia","Denia,Valencian Community,Spain","City","name+community"
"Dévanos, Soria","Dévanos","Soria","Castilla y León",NA,NA,NA,NA,"unmatched"
"Dílar, Granada","Dílar","Granada","Andalucía",NA,NA,NA,NA,"unmatched"
"Dólar, Granada","Dólar","Granada","Andalucía",NA,NA,NA,NA,"unmatched"
"Dúdar, Granada","Dúdar","Granada","Andalucía",NA,NA,NA,NA,"unmatched"
"Dúrcal, Granada","Dúrcal","Granada","Andalucía","9049056","Durcal","Durcal,Andalusia,Spain","City","name+community"
"Ea, Vizcaya","Ea","Vizcaya","País Vasco",NA,NA,NA,NA,"unmatched"
"Echarri, Navarra","Echarri","Navarra","Comunidad Foral de Navarra",NA,NA,NA,NA,"unmatched"
"Egüés, Navarra","Egüés","Navarra","Comunidad Foral de Navarra",NA,NA,NA,NA,"unmatched"
"Eibar, Guipúzcoa","Eibar","Guipúzcoa","País Vasco","9214386","Eibar","Eibar,Basque Country,Spain","Municipality","name+community"
"Eivissa, Baleares","Eivissa","Baleares","Islas Baleares","1005514","Eivissa","Eivissa,Balearic Islands,Spain","City","name+community"
"Ejea de los Caballeros, Zaragoza","Ejea de los Caballeros","Zaragoza","Aragón",NA,NA,NA,NA,"unmatched"
"Ejeme, Salamanca","Ejeme","Salamanca","Castilla y León",NA,NA,NA,NA,"unmatched"
"Ejulve, Teruel","Ejulve","Teruel","Aragón",NA,NA,NA,NA,"unmatched"
"El Acebrón, Cuenca","El Acebrón","Cuenca","Castilla-La Mancha",NA,NA,NA,NA,"unmatched"
"El Alamús, Lleida","El Alamús","Lleida","Cataluña",NA,NA,NA,NA,"unmatched"
"El Almendro, Huelva","El Almendro","Huelva","Andalucía",NA,NA,NA,NA,"unmatched"
"El Arco, Salamanca","El Arco","Salamanca","Castilla y León",NA,NA,NA,NA,"unmatched"
"El Arenal, Ávila","El Arenal","Ávila","Castilla y León",NA,NA,NA,NA,"unmatched"
"El Astillero, Cantabria","El Astillero","Cantabria","Cantabria","9261506","El Astillero","El Astillero,Cantabria,Spain","Municipality","name+community"
"El Atazar, Madrid","El Atazar","Madrid","Comunidad de Madrid",NA,NA,NA,NA,"unmatched"
"El Ballestero, Albacete","El Ballestero","Albacete","Castilla-La Mancha",NA,NA,NA,NA,"unmatched"
"El Barco de Ávila, Ávila","El Barco de Ávila","Ávila","Castilla y León",NA,NA,NA,NA,"unmatched"
"El Barraco, Ávila","El Barraco","Ávila","Castilla y León",NA,NA,NA,NA,"unmatched"
"El Berrueco, Madrid","El Berrueco","Madrid","Comunidad de Madrid",NA,NA,NA,NA,"unmatched"
"El Boalo, Madrid","El Boalo","Madrid","Comunidad de Madrid",NA,NA,NA,NA,"unmatched"
"El Bodón, Salamanca","El Bodón","Salamanca","Castilla y León",NA,NA,NA,NA,"unmatched"
"El Bohodón, Ávila","El Bohodón","Ávila","Castilla y León",NA,NA,NA,NA,"unmatched"
"El Bonillo, Albacete","El Bonillo","Albacete","Castilla-La Mancha",NA,NA,NA,NA,"unmatched"
"El Borge, Málaga","El Borge","Málaga","Andalucía",NA,NA,NA,NA,"unmatched"
"El Bosque, Cádiz","El Bosque","Cádiz","Andalucía",NA,NA,NA,NA,"unmatched"
"El Bruc, Barcelona","El Bruc","Barcelona","Cataluña",NA,NA,NA,NA,"unmatched"
"El Brull, Barcelona","El Brull","Barcelona","Cataluña",NA,NA,NA,NA,"unmatched"
"El Burgo Ranero, León","El Burgo Ranero","León","Castilla y León",NA,NA,NA,NA,"unmatched"
"El Burgo de Ebro, Zaragoza","El Burgo de Ebro","Zaragoza","Aragón",NA,NA,NA,NA,"unmatched"
"El Burgo, Málaga","El Burgo","Málaga","Andalucía",NA,NA,NA,NA,"unmatched"
"El Buste, Zaragoza","El Buste","Zaragoza","Aragón",NA,NA,NA,NA,"unmatched"
"El Busto, Navarra","El Busto","Navarra","Comunidad Foral de Navarra",NA,NA,NA,NA,"unmatched"
"El Cabaco, Salamanca","El Cabaco","Salamanca","Castilla y León",NA,NA,NA,NA,"unmatched"
"El Campello, Alicante","El Campello","Alicante","Comunidad Valenciana","9207668","El Campello","El Campello,Valencian Community,Spain","Municipality","name+community"
"El Campillo de la Jara, Toledo","El Campillo de la Jara","Toledo","Castilla-La Mancha",NA,NA,NA,NA,"unmatched"
"El Campillo, Huelva","El Campillo","Huelva","Andalucía",NA,NA,NA,NA,"unmatched"
"El Campillo, Valladolid","El Campillo","Valladolid","Castilla y León",NA,NA,NA,NA,"unmatched"
"El Campo de Peñaranda, Salamanca","El Campo de Peñaranda","Salamanca","Castilla y León",NA,NA,NA,NA,"unmatched"
"El Cardoso de la Sierra, Guadalajara","El Cardoso de la Sierra","Guadalajara","Castilla-La Mancha",NA,NA,NA,NA,"unmatched"
"El Carpio de Tajo, Toledo","El Carpio de Tajo","Toledo","Castilla-La Mancha",NA,NA,NA,NA,"unmatched"
"El Carpio, Córdoba","El Carpio","Córdoba","Andalucía",NA,NA,NA,NA,"unmatched"
"El Carrascalejo, Badajoz","El Carrascalejo","Badajoz","Extremadura",NA,NA,NA,NA,"unmatched"
"El Casar de Escalona, Toledo","El Casar de Escalona","Toledo","Castilla-La Mancha",NA,NA,NA,NA,"unmatched"
"El Casar, Guadalajara","El Casar","Guadalajara","Castilla-La Mancha",NA,NA,NA,NA,"unmatched"
"El Castell de Guadalest, Alicante","El Castell de Guadalest","Alicante","Comunidad Valenciana",NA,NA,NA,NA,"unmatched"
"El Castellar, Teruel","El Castellar","Teruel","Aragón",NA,NA,NA,NA,"unmatched"
"El Castillo de las Guardas, Sevilla","El Castillo de las Guardas","Sevilla","Andalucía",NA,NA,NA,NA,"unmatched"
"El Catllar, Tarragona","El Catllar","Tarragona","Cataluña","9208091","El Catllar","El Catllar,Catalonia,Spain","Municipality","name+community"
"El Cañavate, Cuenca","El Cañavate","Cuenca","Castilla-La Mancha",NA,NA,NA,NA,"unmatched"
"El Cerro de Andévalo, Huelva","El Cerro de Andévalo","Huelva","Andalucía",NA,NA,NA,NA,"unmatched"
"El Cerro, Salamanca","El Cerro","Salamanca","Castilla y León",NA,NA,NA,NA,"unmatched"
"El Cogul, Lleida","El Cogul","Lleida","Cataluña",NA,NA,NA,NA,"unmatched"
"El Coronil, Sevilla","El Coronil","Sevilla","Andalucía",NA,NA,NA,NA,"unmatched"
"El Cubillo de Uceda, Guadalajara","El Cubillo de Uceda","Guadalajara","Castilla-La Mancha",NA,NA,NA,NA,"unmatched"
"El Cubo de Don Sancho, Salamanca","El Cubo de Don Sancho","Salamanca","Castilla y León",NA,NA,NA,NA,"unmatched"
"El Cubo de Tierra del Vino, Zamora","El Cubo de Tierra del Vino","Zamora","Castilla y León",NA,NA,NA,NA,"unmatched"
"El Cuervo de Sevilla, Sevilla","El Cuervo de Sevilla","Sevilla","Andalucía","9049057","El Cuervo de Sevilla","El Cuervo de Sevilla,Andalusia,Spain","City","name+community"
"El Cuervo, Teruel","El Cuervo","Teruel","Aragón",NA,NA,NA,NA,"unmatched"
"El Ejido, Almería","El Ejido","Almería","Andalucía","9049058","El Ejido","El Ejido,Andalusia,Spain","City","name+community"
"El Escorial, Madrid","El Escorial","Madrid","Comunidad de Madrid","9251242","El Escorial","El Escorial,Community of Madrid,Spain","City","name+community"
"El Espinar, Segovia","El Espinar","Segovia","Castilla y León",NA,NA,NA,NA,"unmatched"
"El Far d'Empordà, Girona","El Far d'Empordà","Girona","Cataluña",NA,NA,NA,NA,"unmatched"
"El Frago, Zaragoza","El Frago","Zaragoza","Aragón",NA,NA,NA,NA,"unmatched"
"El Franco, Asturias","El Franco","Asturias","Principado de Asturias","9211780","El Franco","El Franco,Asturias,Spain","Municipality","name+community"
"El Frasno, Zaragoza","El Frasno","Zaragoza","Aragón",NA,NA,NA,NA,"unmatched"
"El Fresno, Ávila","El Fresno","Ávila","Castilla y León",NA,NA,NA,NA,"unmatched"
"El Garrobo, Sevilla","El Garrobo","Sevilla","Andalucía",NA,NA,NA,NA,"unmatched"
"El Gastor, Cádiz","El Gastor","Cádiz","Andalucía",NA,NA,NA,NA,"unmatched"
"El Gordo, Cáceres","El Gordo","Cáceres","Extremadura",NA,NA,NA,NA,"unmatched"
"El Grado, Huesca","El Grado","Huesca","Aragón",NA,NA,NA,NA,"unmatched"
"El Granado, Huelva","El Granado","Huelva","Andalucía",NA,NA,NA,NA,"unmatched"
"El Guijo, Córdoba","El Guijo","Córdoba","Andalucía",NA,NA,NA,NA,"unmatched"
"El Herrumblar, Cuenca","El Herrumblar","Cuenca","Castilla-La Mancha",NA,NA,NA,NA,"unmatched"
"El Hito, Cuenca","El Hito","Cuenca","Castilla-La Mancha",NA,NA,NA,NA,"unmatched"
"El Hornillo, Ávila","El Hornillo","Ávila","Castilla y León",NA,NA,NA,NA,"unmatched"
"El Hoyo de Pinares, Ávila","El Hoyo de Pinares","Ávila","Castilla y León",NA,NA,NA,NA,"unmatched"
"El Lloar, Tarragona","El Lloar","Tarragona","Cataluña",NA,NA,NA,NA,"unmatched"
"El Losar del Barco, Ávila","El Losar del Barco","Ávila","Castilla y León",NA,NA,NA,NA,"unmatched"
"El Maderal, Zamora","El Maderal","Zamora","Castilla y León",NA,NA,NA,NA,"unmatched"
"El Madroño, Sevilla","El Madroño","Sevilla","Andalucía",NA,NA,NA,NA,"unmatched"
"El Manzano, Salamanca","El Manzano","Salamanca","Castilla y León",NA,NA,NA,NA,"unmatched"
"El Masnou, Barcelona","El Masnou","Barcelona","Cataluña","9239019","El Masnou","El Masnou,Catalonia,Spain","Municipality","name+community"
"El Masroig, Tarragona","El Masroig","Tarragona","Cataluña",NA,NA,NA,NA,"unmatched"
"El Maíllo, Salamanca","El Maíllo","Salamanca","Castilla y León",NA,NA,NA,NA,"unmatched"
"El Milano, Salamanca","El Milano","Salamanca","Castilla y León",NA,NA,NA,NA,"unmatched"
"El Milà, Tarragona","El Milà","Tarragona","Cataluña","9209266","El Mila","El Mila,Catalonia,Spain","Municipality","name+community"
"El Mirón, Ávila","El Mirón","Ávila","Castilla y León",NA,NA,NA,NA,"unmatched"
"El Molar, Madrid","El Molar","Madrid","Comunidad de Madrid",NA,NA,NA,NA,"unmatched"
"El Molar, Tarragona","El Molar","Tarragona","Cataluña",NA,NA,NA,NA,"unmatched"
"El Montmell, Tarragona","El Montmell","Tarragona","Cataluña",NA,NA,NA,NA,"unmatched"
"El Morell, Tarragona","El Morell","Tarragona","Cataluña",NA,NA,NA,NA,"unmatched"
"El Olivar, Guadalajara","El Olivar","Guadalajara","Castilla-La Mancha",NA,NA,NA,NA,"unmatched"
"El Ordial, Guadalajara","El Ordial","Guadalajara","Castilla-La Mancha",NA,NA,NA,NA,"unmatched"
"El Oso, Ávila","El Oso","Ávila","Castilla y León",NA,NA,NA,NA,"unmatched"
"El Palau d'Anglesola, Lleida","El Palau d'Anglesola","Lleida","Cataluña",NA,NA,NA,NA,"unmatched"
"El Palomar, Valencia","El Palomar","Valencia","Comunidad Valenciana",NA,NA,NA,NA,"unmatched"
"El Papio, Barcelona","El Papio","Barcelona","Cataluña",NA,NA,NA,NA,"unmatched"
"El Parral, Ávila","El Parral","Ávila","Castilla y León",NA,NA,NA,NA,"unmatched"
"El Paso, Santa Cruz de Tenerife","El Paso","Santa Cruz de Tenerife","Islas Canarias",NA,NA,NA,NA,"unmatched"
"El Payo, Salamanca","El Payo","Salamanca","Castilla y León",NA,NA,NA,NA,"unmatched"
"El Pedernoso, Cuenca","El Pedernoso","Cuenca","Castilla-La Mancha",NA,NA,NA,NA,"unmatched"
"El Pedregal, Guadalajara","El Pedregal","Guadalajara","Castilla-La Mancha",NA,NA,NA,NA,"unmatched"
"El Pedroso de la Armuña, Salamanca","El Pedroso de la Armuña","Salamanca","Castilla y León",NA,NA,NA,NA,"unmatched"
"El Pedroso, Sevilla","El Pedroso","Sevilla","Andalucía",NA,NA,NA,NA,"unmatched"
"El Pego, Zamora","El Pego","Zamora","Castilla y León",NA,NA,NA,NA,"unmatched"
"El Peral, Cuenca","El Peral","Cuenca","Castilla-La Mancha",NA,NA,NA,NA,"unmatched"
"El Perdigón, Zamora","El Perdigón","Zamora","Castilla y León",NA,NA,NA,NA,"unmatched"
"El Perelló, Tarragona","El Perelló","Tarragona","Cataluña",NA,NA,NA,NA,"unmatched"
"El Picazo, Cuenca","El Picazo","Cuenca","Castilla-La Mancha",NA,NA,NA,NA,"unmatched"
"El Pinar, Granada","El Pinar","Granada","Andalucía",NA,NA,NA,NA,"unmatched"
"El Pinell de Brai, Tarragona","El Pinell de Brai","Tarragona","Cataluña",NA,NA,NA,NA,"unmatched"
"El Pino de Tormes, Salamanca","El Pino de Tormes","Salamanca","Castilla y León",NA,NA,NA,NA,"unmatched"
"El Piñero, Zamora","El Piñero","Zamora","Castilla y León",NA,NA,NA,NA,"unmatched"
"El Pla de Santa Maria, Tarragona","El Pla de Santa Maria","Tarragona","Cataluña",NA,NA,NA,NA,"unmatched"
"El Pla del Penedès, Barcelona","El Pla del Penedès","Barcelona","Cataluña",NA,NA,NA,NA,"unmatched"
"El Poal, Lleida","El Poal","Lleida","Cataluña",NA,NA,NA,NA,"unmatched"
"El Pobo de Dueñas, Guadalajara","El Pobo de Dueñas","Guadalajara","Castilla-La Mancha",NA,NA,NA,NA,"unmatched"
"El Pobo, Teruel","El Pobo","Teruel","Aragón",NA,NA,NA,NA,"unmatched"
"El Pont d'Armentera, Tarragona","El Pont d'Armentera","Tarragona","Cataluña",NA,NA,NA,NA,"unmatched"
"El Pont de Bar, Lleida","El Pont de Bar","Lleida","Cataluña",NA,NA,NA,NA,"unmatched"
"El Pont de Suert, Lleida","El Pont de Suert","Lleida","Cataluña",NA,NA,NA,NA,"unmatched"
"El Pont de Vilomara i Rocafort, Barcelona","El Pont de Vilomara i Rocafort","Barcelona","Cataluña",NA,NA,NA,NA,"unmatched"
"El Port de la Selva, Girona","El Port de la Selva","Girona","Cataluña",NA,NA,NA,NA,"unmatched"
"El Pozuelo, Cuenca","El Pozuelo","Cuenca","Castilla-La Mancha",NA,NA,NA,NA,"unmatched"
"El Prat de Llobregat, Barcelona","El Prat de Llobregat","Barcelona","Cataluña","9221222","El Prat de Llobregat","El Prat de Llobregat,Catalonia,Spain","Municipality","name+community"
"El Provencio, Cuenca","El Provencio","Cuenca","Castilla-La Mancha",NA,NA,NA,NA,"unmatched"
"El Puente del Arzobispo, Toledo","El Puente del Arzobispo","Toledo","Castilla-La Mancha",NA,NA,NA,NA,"unmatched"
"El Puerto de Santa María, Cádiz","El Puerto de Santa María","Cádiz","Andalucía","1005445","El Puerto de Santa Maria","El Puerto de Santa Maria,Andalusia,Spain","City","name+community"
"El Pueyo de Araguás, Huesca","El Pueyo de Araguás","Huesca","Aragón",NA,NA,NA,NA,"unmatched"
"El Rasillo de Cameros, La Rioja","El Rasillo de Cameros","La Rioja","La Rioja",NA,NA,NA,NA,"unmatched"
"El Real de San Vicente, Toledo","El Real de San Vicente","Toledo","Castilla-La Mancha",NA,NA,NA,NA,"unmatched"
"El Real de la Jara, Sevilla","El Real de la Jara","Sevilla","Andalucía",NA,NA,NA,NA,"unmatched"
"El Recuenco, Guadalajara","El Recuenco","Guadalajara","Castilla-La Mancha",NA,NA,NA,NA,"unmatched"
"El Redal, La Rioja","El Redal","La Rioja","La Rioja",NA,NA,NA,NA,"unmatched"
"El Robledo, Ciudad Real","El Robledo","Ciudad Real","Castilla-La Mancha",NA,NA,NA,NA,"unmatched"
"El Romeral, Toledo","El Romeral","Toledo","Castilla-La Mancha",NA,NA,NA,NA,"unmatched"
"El Ronquillo, Sevilla","El Ronquillo","Sevilla","Andalucía",NA,NA,NA,NA,"unmatched"
"El Rosario, Santa Cruz de Tenerife","El Rosario","Santa Cruz de Tenerife","Islas Canarias","9220569","Municipality of El Rosario","Municipality of El Rosario,Canary Islands,Spain","Municipality","name+community"
"El Rourell, Tarragona","El Rourell","Tarragona","Cataluña",NA,NA,NA,NA,"unmatched"
"El Royo, Soria","El Royo","Soria","Castilla y León",NA,NA,NA,NA,"unmatched"
"El Rubio, Sevilla","El Rubio","Sevilla","Andalucía",NA,NA,NA,NA,"unmatched"
"El Ràfol d'Almúnia, Alicante","El Ràfol d'Almúnia","Alicante","Comunidad Valenciana",NA,NA,NA,NA,"unmatched"
"El Sahugo, Salamanca","El Sahugo","Salamanca","Castilla y León",NA,NA,NA,NA,"unmatched"
"El Saucejo, Sevilla","El Saucejo","Sevilla","Andalucía",NA,NA,NA,NA,"unmatched"
"El Sauzal, Santa Cruz de Tenerife","El Sauzal","Santa Cruz de Tenerife","Islas Canarias",NA,NA,NA,NA,"unmatched"
"El Soleràs, Lleida","El Soleràs","Lleida","Cataluña",NA,NA,NA,NA,"unmatched"
"El Sotillo, Guadalajara","El Sotillo","Guadalajara","Castilla-La Mancha",NA,NA,NA,NA,"unmatched"
"El Tanque, Santa Cruz de Tenerife","El Tanque","Santa Cruz de Tenerife","Islas Canarias",NA,NA,NA,NA,"unmatched"
"El Tejado, Salamanca","El Tejado","Salamanca","Castilla y León",NA,NA,NA,NA,"unmatched"
"El Tiemblo, Ávila","El Tiemblo","Ávila","Castilla y León",NA,NA,NA,NA,"unmatched"
"El Toboso, Toledo","El Toboso","Toledo","Castilla-La Mancha",NA,NA,NA,NA,"unmatched"
"El Tornadizo, Salamanca","El Tornadizo","Salamanca","Castilla y León",NA,NA,NA,NA,"unmatched"
"El Torno, Cáceres","El Torno","Cáceres","Extremadura",NA,NA,NA,NA,"unmatched"
"El Toro, Castellón","El Toro","Castellón","Comunidad Valenciana","9218081","El Toro","El Toro,Valencian Community,Spain","Municipality","name+community"
"El Valle, Granada","El Valle","Granada","Andalucía",NA,NA,NA,NA,"unmatched"
"El Vallecillo, Teruel","El Vallecillo","Teruel","Aragón",NA,NA,NA,NA,"unmatched"
"El Vellón, Madrid","El Vellón","Madrid","Comunidad de Madrid",NA,NA,NA,NA,"unmatched"
"El Vendrell, Tarragona","El Vendrell","Tarragona","Cataluña","9215170","El Vendrell","El Vendrell,Catalonia,Spain","Municipality","name+community"
"El Verger, Alicante","El Verger","Alicante","Comunidad Valenciana",NA,NA,NA,NA,"unmatched"
"El Villar de Arnedo, La Rioja","El Villar de Arnedo","La Rioja","La Rioja",NA,NA,NA,NA,"unmatched"
"El Vilosell, Lleida","El Vilosell","Lleida","Cataluña",NA,NA,NA,NA,"unmatched"
"El Viso de San Juan, Toledo","El Viso de San Juan","Toledo","Castilla-La Mancha",NA,NA,NA,NA,"unmatched"
"El Viso del Alcor, Sevilla","El Viso del Alcor","Sevilla","Andalucía","9049059","El Viso del Alcor","El Viso del Alcor,Andalusia,Spain","City","name+community"
"El Viso, Córdoba","El Viso","Córdoba","Andalucía","9216619","El Viso","El Viso,Andalusia,Spain","Municipality","name+community"
"El Álamo, Madrid","El Álamo","Madrid","Comunidad de Madrid","9228890","El Alamo","El Alamo,Community of Madrid,Spain","Municipality","name+community"
"Elantxobe, Vizcaya","Elantxobe","Vizcaya","País Vasco",NA,NA,NA,NA,"unmatched"
"Elburgo, Álava","Elburgo","Álava","País Vasco",NA,NA,NA,NA,"unmatched"
"Elche de la Sierra, Albacete","Elche de la Sierra","Albacete","Castilla-La Mancha",NA,NA,NA,NA,"unmatched"
"Elche, Alicante","Elche","Alicante","Comunidad Valenciana","1005413","Elx","Elx,Valencian Community,Spain","City","name+community"
"Elciego, Álava","Elciego","Álava","País Vasco",NA,NA,NA,NA,"unmatched"
"Elda, Alicante","Elda","Alicante","Comunidad Valenciana","1005404","Elda","Elda,Valencian Community,Spain","City","name+community"
"Elduain, Guipúzcoa","Elduain","Guipúzcoa","País Vasco",NA,NA,NA,NA,"unmatched"
"Elgeta, Guipúzcoa","Elgeta","Guipúzcoa","País Vasco",NA,NA,NA,NA,"unmatched"
"Elgoibar, Guipúzcoa","Elgoibar","Guipúzcoa","País Vasco","9049060","Elgoibar","Elgoibar,Basque Country,Spain","City","name+community"
"Elgorriaga, Navarra","Elgorriaga","Navarra","Comunidad Foral de Navarra",NA,NA,NA,NA,"unmatched"
"Eljas, Cáceres","Eljas","Cáceres","Extremadura",NA,NA,NA,NA,"unmatched"
"Elorrio, Vizcaya","Elorrio","Vizcaya","País Vasco",NA,NA,NA,NA,"unmatched"
"Els Garidells, Tarragona","Els Garidells","Tarragona","Cataluña",NA,NA,NA,NA,"unmatched"
"Els Guiamets, Tarragona","Els Guiamets","Tarragona","Cataluña",NA,NA,NA,NA,"unmatched"
"Els Hostalets de Pierola, Barcelona","Els Hostalets de Pierola","Barcelona","Cataluña",NA,NA,NA,NA,"unmatched"
"Els Omellons, Lleida","Els Omellons","Lleida","Cataluña",NA,NA,NA,NA,"unmatched"
"Els Omells de na Gaia, Lleida","Els Omells de na Gaia","Lleida","Cataluña",NA,NA,NA,NA,"unmatched"
"Els Pallaresos, Tarragona","Els Pallaresos","Tarragona","Cataluña",NA,NA,NA,NA,"unmatched"
"Els Plans de Sió, Lleida","Els Plans de Sió","Lleida","Cataluña",NA,NA,NA,NA,"unmatched"
"Els Poblets, Alicante","Els Poblets","Alicante","Comunidad Valenciana","9227539","Els Poblets","Els Poblets,Valencian Community,Spain","Municipality","name+community"
"Els Prats de Rei, Barcelona","Els Prats de Rei","Barcelona","Cataluña",NA,NA,NA,NA,"unmatched"
"Els Torms, Lleida","Els Torms","Lleida","Cataluña",NA,NA,NA,NA,"unmatched"
"Elvillar, Álava","Elvillar","Álava","País Vasco",NA,NA,NA,NA,"unmatched"
"Embid de Ariza, Zaragoza","Embid de Ariza","Zaragoza","Aragón",NA,NA,NA,NA,"unmatched"
"Embid, Guadalajara","Embid","Guadalajara","Castilla-La Mancha",NA,NA,NA,NA,"unmatched"
"Emperador, Valencia","Emperador","Valencia","Comunidad Valenciana",NA,NA,NA,NA,"unmatched"
"Encina de San Silvestre, Salamanca","Encina de San Silvestre","Salamanca","Castilla y León",NA,NA,NA,NA,"unmatched"
"Encinacorba, Zaragoza","Encinacorba","Zaragoza","Aragón",NA,NA,NA,NA,"unmatched"
"Encinas Reales, Córdoba","Encinas Reales","Córdoba","Andalucía",NA,NA,NA,NA,"unmatched"
"Encinas de Abajo, Salamanca","Encinas de Abajo","Salamanca","Castilla y León",NA,NA,NA,NA,"unmatched"
"Encinas de Arriba, Salamanca","Encinas de Arriba","Salamanca","Castilla y León",NA,NA,NA,NA,"unmatched"
"Encinas de Esgueva, Valladolid","Encinas de Esgueva","Valladolid","Castilla y León",NA,NA,NA,NA,"unmatched"
"Encinas, Segovia","Encinas","Segovia","Castilla y León",NA,NA,NA,NA,"unmatched"
"Encinasola de los Comendadores, Salamanca","Encinasola de los Comendadores","Salamanca","Castilla y León",NA,NA,NA,NA,"unmatched"
"Encinasola, Huelva","Encinasola","Huelva","Andalucía",NA,NA,NA,NA,"unmatched"
"Encinedo, León","Encinedo","León","Castilla y León",NA,NA,NA,NA,"unmatched"
"Encinillas, Segovia","Encinillas","Segovia","Castilla y León",NA,NA,NA,NA,"unmatched"
"Enciso, La Rioja","Enciso","La Rioja","La Rioja",NA,NA,NA,NA,"unmatched"
"Encío, Burgos","Encío","Burgos","Castilla y León",NA,NA,NA,NA,"unmatched"
"Endrinal, Salamanca","Endrinal","Salamanca","Castilla y León",NA,NA,NA,NA,"unmatched"
"Enguera, Valencia","Enguera","Valencia","Comunidad Valenciana",NA,NA,NA,NA,"unmatched"
"Enguídanos, Cuenca","Enguídanos","Cuenca","Castilla-La Mancha",NA,NA,NA,NA,"unmatched"
"Enix, Almería","Enix","Almería","Andalucía",NA,NA,NA,NA,"unmatched"
"Entrala, Zamora","Entrala","Zamora","Castilla y León",NA,NA,NA,NA,"unmatched"
"Entrambasaguas, Cantabria","Entrambasaguas","Cantabria","Cantabria",NA,NA,NA,NA,"unmatched"
"Entrena, La Rioja","Entrena","La Rioja","La Rioja",NA,NA,NA,NA,"unmatched"
"Entrimo, Ourense","Entrimo","Ourense","Galicia",NA,NA,NA,NA,"unmatched"
"Entrín Bajo, Badajoz","Entrín Bajo","Badajoz","Extremadura",NA,NA,NA,NA,"unmatched"
"Enériz, Navarra","Enériz","Navarra","Comunidad Foral de Navarra",NA,NA,NA,NA,"unmatched"
"Erandio, Vizcaya","Erandio","Vizcaya","País Vasco","9240483","Erandio","Erandio,Basque Country,Spain","Municipality","name+community"
"Eratsun, Navarra","Eratsun","Navarra","Comunidad Foral de Navarra",NA,NA,NA,NA,"unmatched"
"Ereño, Vizcaya","Ereño","Vizcaya","País Vasco",NA,NA,NA,NA,"unmatched"
"Ergoiena, Navarra","Ergoiena","Navarra","Comunidad Foral de Navarra",NA,NA,NA,NA,"unmatched"
"Erla, Zaragoza","Erla","Zaragoza","Aragón",NA,NA,NA,NA,"unmatched"
"Ermua, Vizcaya","Ermua","Vizcaya","País Vasco",NA,NA,NA,NA,"unmatched"
"Errenteria, Guipúzcoa","Errenteria","Guipúzcoa","País Vasco","9215293","Errenteria","Errenteria,Basque Country,Spain","Municipality","name+community"
"Errezil, Guipúzcoa","Errezil","Guipúzcoa","País Vasco",NA,NA,NA,NA,"unmatched"
"Errigoiti, Vizcaya","Errigoiti","Vizcaya","País Vasco",NA,NA,NA,NA,"unmatched"
"Erro, Navarra","Erro","Navarra","Comunidad Foral de Navarra",NA,NA,NA,NA,"unmatched"
"Erustes, Toledo","Erustes","Toledo","Castilla-La Mancha",NA,NA,NA,NA,"unmatched"
"Es Bòrdes, Lleida","Es Bòrdes","Lleida","Cataluña",NA,NA,NA,NA,"unmatched"
"Es Castell, Baleares","Es Castell","Baleares","Islas Baleares","9213962","Es Castell","Es Castell,Balearic Islands,Spain","Municipality","name+community"
"Es Mercadal, Baleares","Es Mercadal","Baleares","Islas Baleares","9214803","Es Mercadal","Es Mercadal,Balearic Islands,Spain","Municipality","name+community"
"Es Migjorn Gran, Baleares","Es Migjorn Gran","Baleares","Islas Baleares","9216554","Es Migjorn Gran","Es Migjorn Gran,Balearic Islands,Spain","Municipality","name+community"
"Escacena del Campo, Huelva","Escacena del Campo","Huelva","Andalucía",NA,NA,NA,NA,"unmatched"
"Escalante, Cantabria","Escalante","Cantabria","Cantabria",NA,NA,NA,NA,"unmatched"
"Escalona del Prado, Segovia","Escalona del Prado","Segovia","Castilla y León",NA,NA,NA,NA,"unmatched"
"Escalona, Toledo","Escalona","Toledo","Castilla-La Mancha",NA,NA,NA,NA,"unmatched"
"Escalonilla, Toledo","Escalonilla","Toledo","Castilla-La Mancha",NA,NA,NA,NA,"unmatched"
"Escamilla, Guadalajara","Escamilla","Guadalajara","Castilla-La Mancha",NA,NA,NA,NA,"unmatched"
"Escarabajosa de Cabezas, Segovia","Escarabajosa de Cabezas","Segovia","Castilla y León",NA,NA,NA,NA,"unmatched"
"Escariche, Guadalajara","Escariche","Guadalajara","Castilla-La Mancha",NA,NA,NA,NA,"unmatched"
"Escatrón, Zaragoza","Escatrón","Zaragoza","Aragón",NA,NA,NA,NA,"unmatched"
"Escañuela, Jaén","Escañuela","Jaén","Andalucía",NA,NA,NA,NA,"unmatched"
"Escobar de Campos, León","Escobar de Campos","León","Castilla y León",NA,NA,NA,NA,"unmatched"
"Escobar de Polendos, Segovia","Escobar de Polendos","Segovia","Castilla y León",NA,NA,NA,NA,"unmatched"
"Escobosa de Almazán, Soria","Escobosa de Almazán","Soria","Castilla y León",NA,NA,NA,NA,"unmatched"
"Escopete, Guadalajara","Escopete","Guadalajara","Castilla-La Mancha",NA,NA,NA,NA,"unmatched"
"Escorca, Baleares","Escorca","Baleares","Islas Baleares","9214107","Escorca","Escorca,Balearic Islands,Spain","Municipality","name+community"
"Escorihuela, Teruel","Escorihuela","Teruel","Aragón",NA,NA,NA,NA,"unmatched"
"Escucha, Teruel","Escucha","Teruel","Aragón",NA,NA,NA,NA,"unmatched"
"Escurial de la Sierra, Salamanca","Escurial de la Sierra","Salamanca","Castilla y León",NA,NA,NA,NA,"unmatched"
"Escurial, Cáceres","Escurial","Cáceres","Extremadura",NA,NA,NA,NA,"unmatched"
"Escúzar, Granada","Escúzar","Granada","Andalucía",NA,NA,NA,NA,"unmatched"
"Esgos, Ourense","Esgos","Ourense","Galicia",NA,NA,NA,NA,"unmatched"
"Esguevillas de Esgueva, Valladolid","Esguevillas de Esgueva","Valladolid","Castilla y León",NA,NA,NA,NA,"unmatched"
"Eskoriatza, Guipúzcoa","Eskoriatza","Guipúzcoa","País Vasco","1005529","Eskoriatza","Eskoriatza,Basque Country,Spain","City","name+community"
"Eskuernaga, Álava","Eskuernaga","Álava","País Vasco",NA,NA,NA,NA,"unmatched"
"Eslava, Navarra","Eslava","Navarra","Comunidad Foral de Navarra",NA,NA,NA,NA,"unmatched"
"Eslida, Castellón","Eslida","Castellón","Comunidad Valenciana",NA,NA,NA,NA,"unmatched"
"Espadaña, Salamanca","Espadaña","Salamanca","Castilla y León",NA,NA,NA,NA,"unmatched"
"Espadañedo, Zamora","Espadañedo","Zamora","Castilla y León",NA,NA,NA,NA,"unmatched"
"Espadilla, Castellón","Espadilla","Castellón","Comunidad Valenciana",NA,NA,NA,NA,"unmatched"
"Esparragalejo, Badajoz","Esparragalejo","Badajoz","Extremadura",NA,NA,NA,NA,"unmatched"
"Esparragosa de Lares, Badajoz","Esparragosa de Lares","Badajoz","Extremadura",NA,NA,NA,NA,"unmatched"
"Esparragosa de la Serena, Badajoz","Esparragosa de la Serena","Badajoz","Extremadura",NA,NA,NA,NA,"unmatched"
"Esparreguera, Barcelona","Esparreguera","Barcelona","Cataluña","9207713","Esparreguera","Esparreguera,Catalonia,Spain","Municipality","name+community"
"Espartinas, Sevilla","Espartinas","Sevilla","Andalucía","9049064","Espartinas","Espartinas,Andalusia,Spain","City","name+community"
"Esparza de Salazar, Navarra","Esparza de Salazar","Navarra","Comunidad Foral de Navarra",NA,NA,NA,NA,"unmatched"
"Espeja de San Marcelino, Soria","Espeja de San Marcelino","Soria","Castilla y León",NA,NA,NA,NA,"unmatched"
"Espeja, Salamanca","Espeja","Salamanca","Castilla y León",NA,NA,NA,NA,"unmatched"
"Espejo, Córdoba","Espejo","Córdoba","Andalucía",NA,NA,NA,NA,"unmatched"
"Espejón, Soria","Espejón","Soria","Castilla y León",NA,NA,NA,NA,"unmatched"
"Espelúy, Jaén","Espelúy","Jaén","Andalucía",NA,NA,NA,NA,"unmatched"
"Espera, Cádiz","Espera","Cádiz","Andalucía",NA,NA,NA,NA,"unmatched"
"Espiel, Córdoba","Espiel","Córdoba","Andalucía",NA,NA,NA,NA,"unmatched"
"Espinelves, Girona","Espinelves","Girona","Cataluña",NA,NA,NA,NA,"unmatched"
"Espino de la Orbada, Salamanca","Espino de la Orbada","Salamanca","Castilla y León",NA,NA,NA,NA,"unmatched"
"Espinosa de Cerrato, Palencia","Espinosa de Cerrato","Palencia","Castilla y León",NA,NA,NA,NA,"unmatched"
"Espinosa de Cervera, Burgos","Espinosa de Cervera","Burgos","Castilla y León",NA,NA,NA,NA,"unmatched"
"Espinosa de Henares, Guadalajara","Espinosa de Henares","Guadalajara","Castilla-La Mancha",NA,NA,NA,NA,"unmatched"
"Espinosa de Villagonzalo, Palencia","Espinosa de Villagonzalo","Palencia","Castilla y León",NA,NA,NA,NA,"unmatched"
"Espinosa de los Caballeros, Ávila","Espinosa de los Caballeros","Ávila","Castilla y León",NA,NA,NA,NA,"unmatched"
"Espinosa de los Monteros, Burgos","Espinosa de los Monteros","Burgos","Castilla y León",NA,NA,NA,NA,"unmatched"
"Espinosa del Camino, Burgos","Espinosa del Camino","Burgos","Castilla y León",NA,NA,NA,NA,"unmatched"
"Espinoso del Rey, Toledo","Espinoso del Rey","Toledo","Castilla-La Mancha",NA,NA,NA,NA,"unmatched"
"Espirdo, Segovia","Espirdo","Segovia","Castilla y León",NA,NA,NA,NA,"unmatched"
"Esplegares, Guadalajara","Esplegares","Guadalajara","Castilla-La Mancha",NA,NA,NA,NA,"unmatched"
"Esplugues de Llobregat, Barcelona","Esplugues de Llobregat","Barcelona","Cataluña","9213562","Municipality of Esplugues de Llobregat","Municipality of Esplugues de Llobregat,Catalonia,Spain","Municipality","name+community"
"Esplús, Huesca","Esplús","Huesca","Aragón",NA,NA,NA,NA,"unmatched"
"Espolla, Girona","Espolla","Girona","Cataluña",NA,NA,NA,NA,"unmatched"
"Esponellà, Girona","Esponellà","Girona","Cataluña",NA,NA,NA,NA,"unmatched"
"Esporles, Baleares","Esporles","Baleares","Islas Baleares","9207264","Esporles","Esporles,Balearic Islands,Spain","Municipality","name+community"
"Espot, Lleida","Espot","Lleida","Cataluña",NA,NA,NA,NA,"unmatched"
"Espronceda, Navarra","Espronceda","Navarra","Comunidad Foral de Navarra",NA,NA,NA,NA,"unmatched"
"Esquivias, Toledo","Esquivias","Toledo","Castilla-La Mancha",NA,NA,NA,NA,"unmatched"
"Establés, Guadalajara","Establés","Guadalajara","Castilla-La Mancha",NA,NA,NA,NA,"unmatched"
"Estada, Huesca","Estada","Huesca","Aragón",NA,NA,NA,NA,"unmatched"
"Estadilla, Huesca","Estadilla","Huesca","Aragón",NA,NA,NA,NA,"unmatched"
"Estamariu, Lleida","Estamariu","Lleida","Cataluña",NA,NA,NA,NA,"unmatched"
"Estaràs, Lleida","Estaràs","Lleida","Cataluña",NA,NA,NA,NA,"unmatched"
"Estella, Navarra","Estella","Navarra","Comunidad Foral de Navarra",NA,NA,NA,NA,"name only (rejected)"
"Estellencs, Baleares","Estellencs","Baleares","Islas Baleares","9211936","Estellencs","Estellencs,Balearic Islands,Spain","Municipality","name+community"
"Estepa de San Juan, Soria","Estepa de San Juan","Soria","Castilla y León",NA,NA,NA,NA,"unmatched"
"Estepa, Sevilla","Estepa","Sevilla","Andalucía","9049068","Estepa","Estepa,Andalusia,Spain","City","name+community"
"Estepona, Málaga","Estepona","Málaga","Andalucía","9049069","Estepona","Estepona,Andalusia,Spain","City","name+community"
"Estercuel, Teruel","Estercuel","Teruel","Aragón",NA,NA,NA,NA,"unmatched"
"Esteribar, Navarra","Esteribar","Navarra","Comunidad Foral de Navarra",NA,NA,NA,NA,"unmatched"
"Esterri d'Àneu, Lleida","Esterri d'Àneu","Lleida","Cataluña",NA,NA,NA,NA,"unmatched"
"Esterri de Cardós, Lleida","Esterri de Cardós","Lleida","Cataluña",NA,NA,NA,NA,"unmatched"
"Estivella, Valencia","Estivella","Valencia","Comunidad Valenciana",NA,NA,NA,NA,"unmatched"
"Estollo, La Rioja","Estollo","La Rioja","La Rioja",NA,NA,NA,NA,"unmatched"
"Estopiñán del Castillo, Huesca","Estopiñán del Castillo","Huesca","Aragón",NA,NA,NA,NA,"unmatched"
"Estremera, Madrid","Estremera","Madrid","Comunidad de Madrid",NA,NA,NA,NA,"unmatched"
"Estriégana, Guadalajara","Estriégana","Guadalajara","Castilla-La Mancha",NA,NA,NA,NA,"unmatched"
"Estubeny, Valencia","Estubeny","Valencia","Comunidad Valenciana",NA,NA,NA,NA,"unmatched"
"Estépar, Burgos","Estépar","Burgos","Castilla y León",NA,NA,NA,NA,"unmatched"
"Etayo, Navarra","Etayo","Navarra","Comunidad Foral de Navarra",NA,NA,NA,NA,"unmatched"
"Etxalar, Navarra","Etxalar","Navarra","Comunidad Foral de Navarra",NA,NA,NA,NA,"unmatched"
"Etxarri-Aranatz, Navarra","Etxarri-Aranatz","Navarra","Comunidad Foral de Navarra",NA,NA,NA,NA,"unmatched"
"Etxauri, Navarra","Etxauri","Navarra","Comunidad Foral de Navarra",NA,NA,NA,NA,"unmatched"
"Etxebarri, Anteiglesia de San Es, Vizcaya","Etxebarri, Anteiglesia de San Es","Vizcaya","País Vasco",NA,NA,NA,NA,"unmatched"
"Etxebarria, Vizcaya","Etxebarria","Vizcaya","País Vasco",NA,NA,NA,NA,"unmatched"
"Eulate, Navarra","Eulate","Navarra","Comunidad Foral de Navarra",NA,NA,NA,NA,"unmatched"
"Ezcabarte, Navarra","Ezcabarte","Navarra","Comunidad Foral de Navarra",NA,NA,NA,NA,"unmatched"
"Ezcaray, La Rioja","Ezcaray","La Rioja","La Rioja",NA,NA,NA,NA,"unmatched"
"Ezcároz, Navarra","Ezcároz","Navarra","Comunidad Foral de Navarra",NA,NA,NA,NA,"unmatched"
"Ezkio-Itsaso, Guipúzcoa","Ezkio-Itsaso","Guipúzcoa","País Vasco",NA,NA,NA,NA,"unmatched"
"Ezkurra, Navarra","Ezkurra","Navarra","Comunidad Foral de Navarra",NA,NA,NA,NA,"unmatched"
"Ezprogui, Navarra","Ezprogui","Navarra","Comunidad Foral de Navarra",NA,NA,NA,NA,"unmatched"
"Fabara, Zaragoza","Fabara","Zaragoza","Aragón",NA,NA,NA,NA,"unmatched"
"Fabero, León","Fabero","León","Castilla y León",NA,NA,NA,NA,"unmatched"
"Facero Aldape (Irañeta y Uharte-, Navarra","Facero Aldape (Irañeta y Uharte-","Navarra","Comunidad Foral de Navarra",NA,NA,NA,NA,"unmatched"
"Facero Arambelza (Arellano, Arró, Navarra","Facero Arambelza (Arellano, Arró","Navarra","Comunidad Foral de Navarra",NA,NA,NA,NA,"unmatched"
"Facero Montejurra de Azqueta y U, Navarra","Facero Montejurra de Azqueta y U","Navarra","Comunidad Foral de Navarra",NA,NA,NA,NA,"unmatched"
"Facería 10, Navarra","Facería 10","Navarra","Comunidad Foral de Navarra",NA,NA,NA,NA,"unmatched"
"Facería 103, Navarra","Facería 103","Navarra","Comunidad Foral de Navarra",NA,NA,NA,NA,"unmatched"
"Facería 104, Navarra","Facería 104","Navarra","Comunidad Foral de Navarra",NA,NA,NA,NA,"unmatched"
"Facería 105, Navarra","Facería 105","Navarra","Comunidad Foral de Navarra",NA,NA,NA,NA,"unmatched"
"Facería 106, Navarra","Facería 106","Navarra","Comunidad Foral de Navarra",NA,NA,NA,NA,"unmatched"
"Facería 11, Navarra","Facería 11","Navarra","Comunidad Foral de Navarra",NA,NA,NA,NA,"unmatched"
"Facería 14, Navarra","Facería 14","Navarra","Comunidad Foral de Navarra",NA,NA,NA,NA,"unmatched"
"Facería 15, Navarra","Facería 15","Navarra","Comunidad Foral de Navarra",NA,NA,NA,NA,"unmatched"
"Facería 16, Navarra","Facería 16","Navarra","Comunidad Foral de Navarra",NA,NA,NA,NA,"unmatched"
"Facería 191, Navarra","Facería 191","Navarra","Comunidad Foral de Navarra",NA,NA,NA,NA,"unmatched"
"Facería 2, Navarra","Facería 2","Navarra","Comunidad Foral de Navarra",NA,NA,NA,NA,"unmatched"
"Facería 21, Navarra","Facería 21","Navarra","Comunidad Foral de Navarra",NA,NA,NA,NA,"unmatched"
"Facería 22, Navarra","Facería 22","Navarra","Comunidad Foral de Navarra",NA,NA,NA,NA,"unmatched"
"Facería 24, Navarra","Facería 24","Navarra","Comunidad Foral de Navarra",NA,NA,NA,NA,"unmatched"
"Facería 26, Navarra","Facería 26","Navarra","Comunidad Foral de Navarra",NA,NA,NA,NA,"unmatched"
"Facería 28, Navarra","Facería 28","Navarra","Comunidad Foral de Navarra",NA,NA,NA,NA,"unmatched"
"Facería 30, Navarra","Facería 30","Navarra","Comunidad Foral de Navarra",NA,NA,NA,NA,"unmatched"
"Facería 32, Navarra","Facería 32","Navarra","Comunidad Foral de Navarra",NA,NA,NA,NA,"unmatched"
"Facería 35, Navarra","Facería 35","Navarra","Comunidad Foral de Navarra",NA,NA,NA,NA,"unmatched"
"Facería 36, Navarra","Facería 36","Navarra","Comunidad Foral de Navarra",NA,NA,NA,NA,"unmatched"
"Facería 37, Navarra","Facería 37","Navarra","Comunidad Foral de Navarra",NA,NA,NA,NA,"unmatched"
"Facería 38, Navarra","Facería 38","Navarra","Comunidad Foral de Navarra",NA,NA,NA,NA,"unmatched"
"Facería 39, Navarra","Facería 39","Navarra","Comunidad Foral de Navarra",NA,NA,NA,NA,"unmatched"
"Facería 40, Navarra","Facería 40","Navarra","Comunidad Foral de Navarra",NA,NA,NA,NA,"unmatched"
"Facería 41, Navarra","Facería 41","Navarra","Comunidad Foral de Navarra",NA,NA,NA,NA,"unmatched"
"Facería 42, Navarra","Facería 42","Navarra","Comunidad Foral de Navarra",NA,NA,NA,NA,"unmatched"
"Facería 43, Navarra","Facería 43","Navarra","Comunidad Foral de Navarra",NA,NA,NA,NA,"unmatched"
"Facería 44, Navarra","Facería 44","Navarra","Comunidad Foral de Navarra",NA,NA,NA,NA,"unmatched"
"Facería 45, Navarra","Facería 45","Navarra","Comunidad Foral de Navarra",NA,NA,NA,NA,"unmatched"
"Facería 50, Navarra","Facería 50","Navarra","Comunidad Foral de Navarra",NA,NA,NA,NA,"unmatched"
"Facería 52, Navarra","Facería 52","Navarra","Comunidad Foral de Navarra",NA,NA,NA,NA,"unmatched"
"Facería 55, Navarra","Facería 55","Navarra","Comunidad Foral de Navarra",NA,NA,NA,NA,"unmatched"
"Facería 56, Navarra","Facería 56","Navarra","Comunidad Foral de Navarra",NA,NA,NA,NA,"unmatched"
"Facería 63, Navarra","Facería 63","Navarra","Comunidad Foral de Navarra",NA,NA,NA,NA,"unmatched"
"Facería 65, Navarra","Facería 65","Navarra","Comunidad Foral de Navarra",NA,NA,NA,NA,"unmatched"
"Facería 70, Navarra","Facería 70","Navarra","Comunidad Foral de Navarra",NA,NA,NA,NA,"unmatched"
"Facería 71, Navarra","Facería 71","Navarra","Comunidad Foral de Navarra",NA,NA,NA,NA,"unmatched"
"Facería 74, Navarra","Facería 74","Navarra","Comunidad Foral de Navarra",NA,NA,NA,NA,"unmatched"
"Facería 76, Navarra","Facería 76","Navarra","Comunidad Foral de Navarra",NA,NA,NA,NA,"unmatched"
"Facería 79, Navarra","Facería 79","Navarra","Comunidad Foral de Navarra",NA,NA,NA,NA,"unmatched"
"Facería 81, Navarra","Facería 81","Navarra","Comunidad Foral de Navarra",NA,NA,NA,NA,"unmatched"
"Facería 82, Navarra","Facería 82","Navarra","Comunidad Foral de Navarra",NA,NA,NA,NA,"unmatched"
"Facería 83, Navarra","Facería 83","Navarra","Comunidad Foral de Navarra",NA,NA,NA,NA,"unmatched"
"Facería 85, Navarra","Facería 85","Navarra","Comunidad Foral de Navarra",NA,NA,NA,NA,"unmatched"
"Facería 86, Navarra","Facería 86","Navarra","Comunidad Foral de Navarra",NA,NA,NA,NA,"unmatched"
"Facería 87, Navarra","Facería 87","Navarra","Comunidad Foral de Navarra",NA,NA,NA,NA,"unmatched"
"Facería 88, Navarra","Facería 88","Navarra","Comunidad Foral de Navarra",NA,NA,NA,NA,"unmatched"
"Facería 9, Navarra","Facería 9","Navarra","Comunidad Foral de Navarra",NA,NA,NA,NA,"unmatched"
"Facería 91, Navarra","Facería 91","Navarra","Comunidad Foral de Navarra",NA,NA,NA,NA,"unmatched"
"Facería Aristregui (Juslapeña) y, Navarra","Facería Aristregui (Juslapeña) y","Navarra","Comunidad Foral de Navarra",NA,NA,NA,NA,"unmatched"
"Facería de Anezcar (Ansoain) y S, Navarra","Facería de Anezcar (Ansoain) y S","Navarra","Comunidad Foral de Navarra",NA,NA,NA,NA,"unmatched"
"Facería de Berriosuso (Ansoain),, Navarra","Facería de Berriosuso (Ansoain),","Navarra","Comunidad Foral de Navarra",NA,NA,NA,NA,"unmatched"
"Facería de Lerga y Ujué, Navarra","Facería de Lerga y Ujué","Navarra","Comunidad Foral de Navarra",NA,NA,NA,NA,"unmatched"
"Facería de Remendia (Junta Gener, Navarra","Facería de Remendia (Junta Gener","Navarra","Comunidad Foral de Navarra",NA,NA,NA,NA,"unmatched"
"Facería de Suarbe (Ultzama) y Be, Navarra","Facería de Suarbe (Ultzama) y Be","Navarra","Comunidad Foral de Navarra",NA,NA,NA,NA,"unmatched"
"Facheca, Alicante","Facheca","Alicante","Comunidad Valenciana",NA,NA,NA,NA,"unmatched"
"Fago, Huesca","Fago","Huesca","Aragón",NA,NA,NA,NA,"unmatched"
"Falces, Navarra","Falces","Navarra","Comunidad Foral de Navarra",NA,NA,NA,NA,"unmatched"
"Falset, Tarragona","Falset","Tarragona","Cataluña",NA,NA,NA,NA,"unmatched"
"Famorca, Alicante","Famorca","Alicante","Comunidad Valenciana",NA,NA,NA,NA,"unmatched"
"Fanlo, Huesca","Fanlo","Huesca","Aragón",NA,NA,NA,NA,"unmatched"
"Fanzara, Castellón","Fanzara","Castellón","Comunidad Valenciana",NA,NA,NA,NA,"unmatched"
"Faraján, Málaga","Faraján","Málaga","Andalucía",NA,NA,NA,NA,"unmatched"
"Faramontanos de Tábara, Zamora","Faramontanos de Tábara","Zamora","Castilla y León",NA,NA,NA,NA,"unmatched"
"Fariza, Zamora","Fariza","Zamora","Castilla y León",NA,NA,NA,NA,"unmatched"
"Farlete, Zaragoza","Farlete","Zaragoza","Aragón",NA,NA,NA,NA,"unmatched"
"Farrera, Lleida","Farrera","Lleida","Cataluña",NA,NA,NA,NA,"unmatched"
"Fasnia, Santa Cruz de Tenerife","Fasnia","Santa Cruz de Tenerife","Islas Canarias",NA,NA,NA,NA,"unmatched"
"Faura, Valencia","Faura","Valencia","Comunidad Valenciana",NA,NA,NA,NA,"unmatched"
"Favara, Valencia","Favara","Valencia","Comunidad Valenciana",NA,NA,NA,NA,"unmatched"
"Fayón, Zaragoza","Fayón","Zaragoza","Aragón",NA,NA,NA,NA,"unmatched"
"Felanitx, Baleares","Felanitx","Baleares","Islas Baleares","9208300","Felanitx","Felanitx,Balearic Islands,Spain","Municipality","name+community"
"Felix, Almería","Felix","Almería","Andalucía",NA,NA,NA,NA,"unmatched"
"Fene, A Coruña","Fene","A Coruña","Galicia","9212492","Fene","Fene,Galicia,Spain","Municipality","name+community"
"Feria, Badajoz","Feria","Badajoz","Extremadura",NA,NA,NA,NA,"unmatched"
"Fermoselle, Zamora","Fermoselle","Zamora","Castilla y León",NA,NA,NA,NA,"unmatched"
"Fernán Caballero, Ciudad Real","Fernán Caballero","Ciudad Real","Castilla-La Mancha",NA,NA,NA,NA,"unmatched"
"Fernán-Núñez, Córdoba","Fernán-Núñez","Córdoba","Andalucía",NA,NA,NA,NA,"unmatched"
"Ferreira, Granada","Ferreira","Granada","Andalucía",NA,NA,NA,NA,"unmatched"
"Ferreras de Abajo, Zamora","Ferreras de Abajo","Zamora","Castilla y León",NA,NA,NA,NA,"unmatched"
"Ferreras de Arriba, Zamora","Ferreras de Arriba","Zamora","Castilla y León",NA,NA,NA,NA,"unmatched"
"Ferreries, Baleares","Ferreries","Baleares","Islas Baleares","9207849","Ferreries","Ferreries,Balearic Islands,Spain","Municipality","name+community"
"Ferreruela de Huerva, Teruel","Ferreruela de Huerva","Teruel","Aragón",NA,NA,NA,NA,"unmatched"
"Ferreruela, Zamora","Ferreruela","Zamora","Castilla y León",NA,NA,NA,NA,"unmatched"
"Ferrol, A Coruña","Ferrol","A Coruña","Galicia","9221900","Ferrol","Ferrol,Galicia,Spain","Municipality","name+community"
"Figaró-Montmany, Barcelona","Figaró-Montmany","Barcelona","Cataluña",NA,NA,NA,NA,"unmatched"
"Figueres, Girona","Figueres","Girona","Cataluña","9196816","Figueres","Figueres,Catalonia,Spain","City","name+community"
"Figuerola del Camp, Tarragona","Figuerola del Camp","Tarragona","Cataluña",NA,NA,NA,NA,"unmatched"
"Figueroles, Castellón","Figueroles","Castellón","Comunidad Valenciana",NA,NA,NA,NA,"unmatched"
"Figueruela de Arriba, Zamora","Figueruela de Arriba","Zamora","Castilla y León",NA,NA,NA,NA,"unmatched"
"Figueruelas, Zaragoza","Figueruelas","Zaragoza","Aragón",NA,NA,NA,NA,"unmatched"
"Fines, Almería","Fines","Almería","Andalucía",NA,NA,NA,NA,"unmatched"
"Finestrat, Alicante","Finestrat","Alicante","Comunidad Valenciana",NA,NA,NA,NA,"unmatched"
"Firgas, Las Palmas","Firgas","Las Palmas","Islas Canarias","9217216","Firgas","Firgas,Canary Islands,Spain","Municipality","name+community"
"Fiscal, Huesca","Fiscal","Huesca","Aragón","9216445","Fiscal","Fiscal,Aragon,Spain","Municipality","name+community"
"Fisterra, A Coruña","Fisterra","A Coruña","Galicia","9212406","Fisterra","Fisterra,Galicia,Spain","Municipality","name+community"
"Fitero, Navarra","Fitero","Navarra","Comunidad Foral de Navarra",NA,NA,NA,NA,"unmatched"
"Fiñana, Almería","Fiñana","Almería","Andalucía",NA,NA,NA,NA,"unmatched"
"Flaçà, Girona","Flaçà","Girona","Cataluña",NA,NA,NA,NA,"unmatched"
"Flix, Tarragona","Flix","Tarragona","Cataluña","9049070","Flix","Flix,Catalonia,Spain","City","name+community"
"Flores de Ávila, Ávila","Flores de Ávila","Ávila","Castilla y León",NA,NA,NA,NA,"unmatched"
"Florida de Liébana, Salamanca","Florida de Liébana","Salamanca","Castilla y León",NA,NA,NA,NA,"unmatched"
"Fogars de Montclús, Barcelona","Fogars de Montclús","Barcelona","Cataluña",NA,NA,NA,NA,"unmatched"
"Fogars de la Selva, Barcelona","Fogars de la Selva","Barcelona","Cataluña",NA,NA,NA,NA,"unmatched"
"Foios, Valencia","Foios","Valencia","Comunidad Valenciana","9243009","Foios","Foios,Valencian Community,Spain","Municipality","name+community"
"Foixà, Girona","Foixà","Girona","Cataluña",NA,NA,NA,NA,"unmatched"
"Folgoso de la Ribera, León","Folgoso de la Ribera","León","Castilla y León",NA,NA,NA,NA,"unmatched"
"Folgoso do Courel, Lugo","Folgoso do Courel","Lugo","Galicia","9211499","Folgoso do Courel","Folgoso do Courel,Galicia,Spain","Municipality","name+community"
"Folgueroles, Barcelona","Folgueroles","Barcelona","Cataluña",NA,NA,NA,NA,"unmatched"
"Fombellida, Valladolid","Fombellida","Valladolid","Castilla y León",NA,NA,NA,NA,"unmatched"
"Fombuena, Zaragoza","Fombuena","Zaragoza","Aragón",NA,NA,NA,NA,"unmatched"
"Fompedraza, Valladolid","Fompedraza","Valladolid","Castilla y León",NA,NA,NA,NA,"unmatched"
"Foncea, La Rioja","Foncea","La Rioja","La Rioja",NA,NA,NA,NA,"unmatched"
"Fondarella, Lleida","Fondarella","Lleida","Cataluña",NA,NA,NA,NA,"unmatched"
"Fondón, Almería","Fondón","Almería","Andalucía",NA,NA,NA,NA,"unmatched"
"Fonelas, Granada","Fonelas","Granada","Andalucía",NA,NA,NA,NA,"unmatched"
"Fonfría, Teruel","Fonfría","Teruel","Aragón",NA,NA,NA,NA,"unmatched"
"Fonfría, Zamora","Fonfría","Zamora","Castilla y León",NA,NA,NA,NA,"unmatched"
"Fonollosa, Barcelona","Fonollosa","Barcelona","Cataluña",NA,NA,NA,NA,"unmatched"
"Font-rubí, Barcelona","Font-rubí","Barcelona","Cataluña",NA,NA,NA,NA,"unmatched"
"Fontanals de Cerdanya, Girona","Fontanals de Cerdanya","Girona","Cataluña",NA,NA,NA,NA,"unmatched"
"Fontanar, Guadalajara","Fontanar","Guadalajara","Castilla-La Mancha",NA,NA,NA,NA,"unmatched"
"Fontanarejo, Ciudad Real","Fontanarejo","Ciudad Real","Castilla-La Mancha",NA,NA,NA,NA,"unmatched"
"Fontanars dels Alforins, Valencia","Fontanars dels Alforins","Valencia","Comunidad Valenciana",NA,NA,NA,NA,"unmatched"
"Fontanilles, Girona","Fontanilles","Girona","Cataluña",NA,NA,NA,NA,"unmatched"
"Fontcoberta, Girona","Fontcoberta","Girona","Cataluña",NA,NA,NA,NA,"unmatched"
"Fontellas, Navarra","Fontellas","Navarra","Comunidad Foral de Navarra",NA,NA,NA,NA,"unmatched"
"Fontihoyuelo, Valladolid","Fontihoyuelo","Valladolid","Castilla y León",NA,NA,NA,NA,"unmatched"
"Fontioso, Burgos","Fontioso","Burgos","Castilla y León",NA,NA,NA,NA,"unmatched"
"Fontiveros, Ávila","Fontiveros","Ávila","Castilla y León",NA,NA,NA,NA,"unmatched"
"Fonz, Huesca","Fonz","Huesca","Aragón",NA,NA,NA,NA,"unmatched"
"Fonzaleche, La Rioja","Fonzaleche","La Rioja","La Rioja",NA,NA,NA,NA,"unmatched"
"Foradada del Toscar, Huesca","Foradada del Toscar","Huesca","Aragón",NA,NA,NA,NA,"unmatched"
"Foradada, Lleida","Foradada","Lleida","Cataluña",NA,NA,NA,NA,"unmatched"
"Forallac, Girona","Forallac","Girona","Cataluña",NA,NA,NA,NA,"unmatched"
"Forcall, Castellón","Forcall","Castellón","Comunidad Valenciana",NA,NA,NA,NA,"unmatched"
"Forcarei, Pontevedra","Forcarei","Pontevedra","Galicia",NA,NA,NA,NA,"unmatched"
"Forfoleda, Salamanca","Forfoleda","Salamanca","Castilla y León",NA,NA,NA,NA,"unmatched"
"Formentera del Segura, Alicante","Formentera del Segura","Alicante","Comunidad Valenciana",NA,NA,NA,NA,"unmatched"
"Formentera, Baleares","Formentera","Baleares","Islas Baleares",NA,NA,NA,NA,"unmatched"
"Formiche Alto, Teruel","Formiche Alto","Teruel","Aragón",NA,NA,NA,NA,"unmatched"
"Fornalutx, Baleares","Fornalutx","Baleares","Islas Baleares","9220753","Fornalutx","Fornalutx,Balearic Islands,Spain","Municipality","name+community"
"Fornells de la Selva, Girona","Fornells de la Selva","Girona","Cataluña",NA,NA,NA,NA,"unmatched"
"Fornelos de Montes, Pontevedra","Fornelos de Montes","Pontevedra","Galicia",NA,NA,NA,NA,"unmatched"
"Fortaleny, Valencia","Fortaleny","Valencia","Comunidad Valenciana",NA,NA,NA,NA,"unmatched"
"Fortanete, Teruel","Fortanete","Teruel","Aragón",NA,NA,NA,NA,"unmatched"
"Fortià, Girona","Fortià","Girona","Cataluña",NA,NA,NA,NA,"unmatched"
"Fortuna, Murcia","Fortuna","Murcia","Región de Murcia",NA,NA,NA,NA,"unmatched"
"Forua, Vizcaya","Forua","Vizcaya","País Vasco",NA,NA,NA,NA,"unmatched"
"Forès, Tarragona","Forès","Tarragona","Cataluña",NA,NA,NA,NA,"unmatched"
"Foz, Lugo","Foz","Lugo","Galicia",NA,NA,NA,NA,"unmatched"
"Foz-Calanda, Teruel","Foz-Calanda","Teruel","Aragón",NA,NA,NA,NA,"unmatched"
"Frades de la Sierra, Salamanca","Frades de la Sierra","Salamanca","Castilla y León",NA,NA,NA,NA,"unmatched"
"Frades, A Coruña","Frades","A Coruña","Galicia",NA,NA,NA,NA,"unmatched"
"Fraga, Huesca","Fraga","Huesca","Aragón","9049071","Fraga","Fraga,Aragon,Spain","City","name+community"
"Frailes, Jaén","Frailes","Jaén","Andalucía",NA,NA,NA,NA,"unmatched"
"Frandovínez, Burgos","Frandovínez","Burgos","Castilla y León",NA,NA,NA,NA,"unmatched"
"Frechilla de Almazán, Soria","Frechilla de Almazán","Soria","Castilla y León",NA,NA,NA,NA,"unmatched"
"Frechilla, Palencia","Frechilla","Palencia","Castilla y León",NA,NA,NA,NA,"unmatched"
"Fregenal de la Sierra, Badajoz","Fregenal de la Sierra","Badajoz","Extremadura",NA,NA,NA,NA,"unmatched"
"Freginals, Tarragona","Freginals","Tarragona","Cataluña",NA,NA,NA,NA,"unmatched"
"Freila, Granada","Freila","Granada","Andalucía",NA,NA,NA,NA,"unmatched"
"Fresneda de Altarejos, Cuenca","Fresneda de Altarejos","Cuenca","Castilla-La Mancha",NA,NA,NA,NA,"unmatched"
"Fresneda de Cuéllar, Segovia","Fresneda de Cuéllar","Segovia","Castilla y León",NA,NA,NA,NA,"unmatched"
"Fresneda de la Sierra Tirón, Burgos","Fresneda de la Sierra Tirón","Burgos","Castilla y León",NA,NA,NA,NA,"unmatched"
"Fresneda de la Sierra, Cuenca","Fresneda de la Sierra","Cuenca","Castilla-La Mancha",NA,NA,NA,NA,"unmatched"
"Fresnedilla, Ávila","Fresnedilla","Ávila","Castilla y León",NA,NA,NA,NA,"unmatched"
"Fresnedillas de la Oliva, Madrid","Fresnedillas de la Oliva","Madrid","Comunidad de Madrid",NA,NA,NA,NA,"unmatched"
"Fresnedoso de Ibor, Cáceres","Fresnedoso de Ibor","Cáceres","Extremadura",NA,NA,NA,NA,"unmatched"
"Fresnedoso, Salamanca","Fresnedoso","Salamanca","Castilla y León",NA,NA,NA,NA,"unmatched"
"Fresneña, Burgos","Fresneña","Burgos","Castilla y León",NA,NA,NA,NA,"unmatched"
"Fresnillo de las Dueñas, Burgos","Fresnillo de las Dueñas","Burgos","Castilla y León",NA,NA,NA,NA,"unmatched"
"Fresno Alhándiga, Salamanca","Fresno Alhándiga","Salamanca","Castilla y León",NA,NA,NA,NA,"unmatched"
"Fresno de Cantespino, Segovia","Fresno de Cantespino","Segovia","Castilla y León",NA,NA,NA,NA,"unmatched"
"Fresno de Caracena, Soria","Fresno de Caracena","Soria","Castilla y León",NA,NA,NA,NA,"unmatched"
"Fresno de Rodilla, Burgos","Fresno de Rodilla","Burgos","Castilla y León",NA,NA,NA,NA,"unmatched"
"Fresno de Río Tirón, Burgos","Fresno de Río Tirón","Burgos","Castilla y León",NA,NA,NA,NA,"unmatched"
"Fresno de Sayago, Zamora","Fresno de Sayago","Zamora","Castilla y León",NA,NA,NA,NA,"unmatched"
"Fresno de Torote, Madrid","Fresno de Torote","Madrid","Comunidad de Madrid",NA,NA,NA,NA,"unmatched"
"Fresno de la Fuente, Segovia","Fresno de la Fuente","Segovia","Castilla y León",NA,NA,NA,NA,"unmatched"
"Fresno de la Polvorosa, Zamora","Fresno de la Polvorosa","Zamora","Castilla y León",NA,NA,NA,NA,"unmatched"
"Fresno de la Ribera, Zamora","Fresno de la Ribera","Zamora","Castilla y León",NA,NA,NA,NA,"unmatched"
"Fresno de la Vega, León","Fresno de la Vega","León","Castilla y León",NA,NA,NA,NA,"unmatched"
"Fresno del Río, Palencia","Fresno del Río","Palencia","Castilla y León",NA,NA,NA,NA,"unmatched"
"Fresno el Viejo, Valladolid","Fresno el Viejo","Valladolid","Castilla y León",NA,NA,NA,NA,"unmatched"
"Friera de Valverde, Zamora","Friera de Valverde","Zamora","Castilla y León",NA,NA,NA,NA,"unmatched"
"Frigiliana, Málaga","Frigiliana","Málaga","Andalucía",NA,NA,NA,NA,"unmatched"
"Friol, Lugo","Friol","Lugo","Galicia","9215972","Friol","Friol,Galicia,Spain","Municipality","name+community"
"Frontera, Santa Cruz de Tenerife","Frontera","Santa Cruz de Tenerife","Islas Canarias",NA,NA,NA,NA,"unmatched"
"Fruiz, Vizcaya","Fruiz","Vizcaya","País Vasco",NA,NA,NA,NA,"unmatched"
"Frumales, Segovia","Frumales","Segovia","Castilla y León",NA,NA,NA,NA,"unmatched"
"Fréscano, Zaragoza","Fréscano","Zaragoza","Aragón",NA,NA,NA,NA,"unmatched"
"Frías de Albarracín, Teruel","Frías de Albarracín","Teruel","Aragón",NA,NA,NA,NA,"unmatched"
"Frías, Burgos","Frías","Burgos","Castilla y León",NA,NA,NA,NA,"unmatched"
"Frómista, Palencia","Frómista","Palencia","Castilla y León",NA,NA,NA,NA,"unmatched"
"Fuembellida, Guadalajara","Fuembellida","Guadalajara","Castilla-La Mancha",NA,NA,NA,NA,"unmatched"
"Fuencaliente de la Palma, Santa Cruz de Tenerife","Fuencaliente de la Palma","Santa Cruz de Tenerife","Islas Canarias",NA,NA,NA,NA,"unmatched"
"Fuencaliente, Ciudad Real","Fuencaliente","Ciudad Real","Castilla-La Mancha",NA,NA,NA,NA,"unmatched"
"Fuencemillán, Guadalajara","Fuencemillán","Guadalajara","Castilla-La Mancha",NA,NA,NA,NA,"unmatched"
"Fuendejalón, Zaragoza","Fuendejalón","Zaragoza","Aragón",NA,NA,NA,NA,"unmatched"
"Fuendetodos, Zaragoza","Fuendetodos","Zaragoza","Aragón",NA,NA,NA,NA,"unmatched"
"Fuenferrada, Teruel","Fuenferrada","Teruel","Aragón",NA,NA,NA,NA,"unmatched"
"Fuengirola, Málaga","Fuengirola","Málaga","Andalucía","9197146","Fuengirola","Fuengirola,Andalusia,Spain","City","name+community"
"Fuenlabrada de los Montes, Badajoz","Fuenlabrada de los Montes","Badajoz","Extremadura",NA,NA,NA,NA,"unmatched"
"Fuenlabrada, Madrid","Fuenlabrada","Madrid","Comunidad de Madrid","9049072","Fuenlabrada","Fuenlabrada,Community of Madrid,Spain","City","name+community"
"Fuenllana, Ciudad Real","Fuenllana","Ciudad Real","Castilla-La Mancha",NA,NA,NA,NA,"unmatched"
"Fuenmayor, La Rioja","Fuenmayor","La Rioja","La Rioja",NA,NA,NA,NA,"unmatched"
"Fuensaldaña, Valladolid","Fuensaldaña","Valladolid","Castilla y León",NA,NA,NA,NA,"unmatched"
"Fuensalida, Toledo","Fuensalida","Toledo","Castilla-La Mancha",NA,NA,NA,NA,"unmatched"
"Fuensanta de Martos, Jaén","Fuensanta de Martos","Jaén","Andalucía",NA,NA,NA,NA,"unmatched"
"Fuensanta, Albacete","Fuensanta","Albacete","Castilla-La Mancha",NA,NA,NA,NA,"unmatched"
"Fuente Encalada, Zamora","Fuente Encalada","Zamora","Castilla y León",NA,NA,NA,NA,"unmatched"
"Fuente Obejuna, Córdoba","Fuente Obejuna","Córdoba","Andalucía",NA,NA,NA,NA,"unmatched"
"Fuente Palmera, Córdoba","Fuente Palmera","Córdoba","Andalucía",NA,NA,NA,NA,"unmatched"
"Fuente Vaqueros, Granada","Fuente Vaqueros","Granada","Andalucía","9213523","Fuente Vaqueros","Fuente Vaqueros,Andalusia,Spain","Municipality","name+community"
"Fuente de Cantos, Badajoz","Fuente de Cantos","Badajoz","Extremadura",NA,NA,NA,NA,"unmatched"
"Fuente de Pedro Naharro, Cuenca","Fuente de Pedro Naharro","Cuenca","Castilla-La Mancha",NA,NA,NA,NA,"unmatched"
"Fuente de Piedra, Málaga","Fuente de Piedra","Málaga","Andalucía",NA,NA,NA,NA,"unmatched"
"Fuente de Santa Cruz, Segovia","Fuente de Santa Cruz","Segovia","Castilla y León",NA,NA,NA,NA,"unmatched"
"Fuente del Arco, Badajoz","Fuente del Arco","Badajoz","Extremadura",NA,NA,NA,NA,"unmatched"
"Fuente del Maestre, Badajoz","Fuente del Maestre","Badajoz","Extremadura",NA,NA,NA,NA,"unmatched"
"Fuente el Fresno, Ciudad Real","Fuente el Fresno","Ciudad Real","Castilla-La Mancha",NA,NA,NA,NA,"unmatched"
"Fuente el Olmo de Fuentidueña, Segovia","Fuente el Olmo de Fuentidueña","Segovia","Castilla y León",NA,NA,NA,NA,"unmatched"
"Fuente el Olmo de Íscar, Segovia","Fuente el Olmo de Íscar","Segovia","Castilla y León",NA,NA,NA,NA,"unmatched"
"Fuente el Saz de Jarama, Madrid","Fuente el Saz de Jarama","Madrid","Comunidad de Madrid",NA,NA,NA,NA,"unmatched"
"Fuente el Saúz, Ávila","Fuente el Saúz","Ávila","Castilla y León",NA,NA,NA,NA,"unmatched"
"Fuente el Sol, Valladolid","Fuente el Sol","Valladolid","Castilla y León",NA,NA,NA,NA,"unmatched"
"Fuente la Lancha, Córdoba","Fuente la Lancha","Córdoba","Andalucía",NA,NA,NA,NA,"unmatched"
"Fuente la Reina, Castellón","Fuente la Reina","Castellón","Comunidad Valenciana",NA,NA,NA,NA,"unmatched"
"Fuente Álamo de Murcia, Murcia","Fuente Álamo de Murcia","Murcia","Región de Murcia",NA,NA,NA,NA,"unmatched"
"Fuente-Olmedo, Valladolid","Fuente-Olmedo","Valladolid","Castilla y León",NA,NA,NA,NA,"unmatched"
"Fuente-Tójar, Córdoba","Fuente-Tójar","Córdoba","Andalucía",NA,NA,NA,NA,"unmatched"
"Fuente-Álamo, Albacete","Fuente-Álamo","Albacete","Castilla-La Mancha",NA,NA,NA,NA,"unmatched"
"Fuentealbilla, Albacete","Fuentealbilla","Albacete","Castilla-La Mancha",NA,NA,NA,NA,"unmatched"
"Fuentearmegil, Soria","Fuentearmegil","Soria","Castilla y León",NA,NA,NA,NA,"unmatched"
"Fuentebureba, Burgos","Fuentebureba","Burgos","Castilla y León",NA,NA,NA,NA,"unmatched"
"Fuentecambrón, Soria","Fuentecambrón","Soria","Castilla y León",NA,NA,NA,NA,"unmatched"
"Fuentecantos, Soria","Fuentecantos","Soria","Castilla y León",NA,NA,NA,NA,"unmatched"
"Fuentecén, Burgos","Fuentecén","Burgos","Castilla y León",NA,NA,NA,NA,"unmatched"
"Fuenteguinaldo, Salamanca","Fuenteguinaldo","Salamanca","Castilla y León",NA,NA,NA,NA,"unmatched"
"Fuenteheridos, Huelva","Fuenteheridos","Huelva","Andalucía",NA,NA,NA,NA,"unmatched"
"Fuentelahiguera de Albatages, Guadalajara","Fuentelahiguera de Albatages","Guadalajara","Castilla-La Mancha",NA,NA,NA,NA,"unmatched"
"Fuentelapeña, Zamora","Fuentelapeña","Zamora","Castilla y León",NA,NA,NA,NA,"unmatched"
"Fuentelcésped, Burgos","Fuentelcésped","Burgos","Castilla y León",NA,NA,NA,NA,"unmatched"
"Fuentelencina, Guadalajara","Fuentelencina","Guadalajara","Castilla-La Mancha",NA,NA,NA,NA,"unmatched"
"Fuentelespino de Haro, Cuenca","Fuentelespino de Haro","Cuenca","Castilla-La Mancha",NA,NA,NA,NA,"unmatched"
"Fuentelespino de Moya, Cuenca","Fuentelespino de Moya","Cuenca","Castilla-La Mancha",NA,NA,NA,NA,"unmatched"
"Fuenteliante, Salamanca","Fuenteliante","Salamanca","Castilla y León",NA,NA,NA,NA,"unmatched"
"Fuentelisendo, Burgos","Fuentelisendo","Burgos","Castilla y León",NA,NA,NA,NA,"unmatched"
"Fuentelmonge, Soria","Fuentelmonge","Soria","Castilla y León",NA,NA,NA,NA,"unmatched"
"Fuentelsaz de Soria, Soria","Fuentelsaz de Soria","Soria","Castilla y León",NA,NA,NA,NA,"unmatched"
"Fuentelsaz, Guadalajara","Fuentelsaz","Guadalajara","Castilla-La Mancha",NA,NA,NA,NA,"unmatched"
"Fuentelviejo, Guadalajara","Fuentelviejo","Guadalajara","Castilla-La Mancha",NA,NA,NA,NA,"unmatched"
"Fuentemolinos, Burgos","Fuentemolinos","Burgos","Castilla y León",NA,NA,NA,NA,"unmatched"
"Fuentenava de Jábaga, Cuenca","Fuentenava de Jábaga","Cuenca","Castilla-La Mancha",NA,NA,NA,NA,"unmatched"
"Fuentenebro, Burgos","Fuentenebro","Burgos","Castilla y León",NA,NA,NA,NA,"unmatched"
"Fuentenovilla, Guadalajara","Fuentenovilla","Guadalajara","Castilla-La Mancha",NA,NA,NA,NA,"unmatched"
"Fuentepelayo, Segovia","Fuentepelayo","Segovia","Castilla y León",NA,NA,NA,NA,"unmatched"
"Fuentepinilla, Soria","Fuentepinilla","Soria","Castilla y León",NA,NA,NA,NA,"unmatched"
"Fuentepiñel, Segovia","Fuentepiñel","Segovia","Castilla y León",NA,NA,NA,NA,"unmatched"
"Fuenterrebollo, Segovia","Fuenterrebollo","Segovia","Castilla y León",NA,NA,NA,NA,"unmatched"
"Fuenterroble de Salvatierra, Salamanca","Fuenterroble de Salvatierra","Salamanca","Castilla y León",NA,NA,NA,NA,"unmatched"
"Fuenterrobles, Valencia","Fuenterrobles","Valencia","Comunidad Valenciana",NA,NA,NA,NA,"unmatched"
"Fuentes Calientes, Teruel","Fuentes Calientes","Teruel","Aragón",NA,NA,NA,NA,"unmatched"
"Fuentes Claras, Teruel","Fuentes Claras","Teruel","Aragón",NA,NA,NA,NA,"unmatched"
"Fuentes de Andalucía, Sevilla","Fuentes de Andalucía","Sevilla","Andalucía",NA,NA,NA,NA,"unmatched"
"Fuentes de Ayódar, Castellón","Fuentes de Ayódar","Castellón","Comunidad Valenciana",NA,NA,NA,NA,"unmatched"
"Fuentes de Año, Ávila","Fuentes de Año","Ávila","Castilla y León",NA,NA,NA,NA,"unmatched"
"Fuentes de Béjar, Salamanca","Fuentes de Béjar","Salamanca","Castilla y León",NA,NA,NA,NA,"unmatched"
"Fuentes de Carbajal, León","Fuentes de Carbajal","León","Castilla y León",NA,NA,NA,NA,"unmatched"
"Fuentes de Ebro, Zaragoza","Fuentes de Ebro","Zaragoza","Aragón",NA,NA,NA,NA,"unmatched"
"Fuentes de Jiloca, Zaragoza","Fuentes de Jiloca","Zaragoza","Aragón",NA,NA,NA,NA,"unmatched"
"Fuentes de León, Badajoz","Fuentes de León","Badajoz","Extremadura",NA,NA,NA,NA,"unmatched"
"Fuentes de Magaña, Soria","Fuentes de Magaña","Soria","Castilla y León",NA,NA,NA,NA,"unmatched"
"Fuentes de Nava, Palencia","Fuentes de Nava","Palencia","Castilla y León",NA,NA,NA,NA,"unmatched"
"Fuentes de Oñoro, Salamanca","Fuentes de Oñoro","Salamanca","Castilla y León",NA,NA,NA,NA,"unmatched"
"Fuentes de Ropel, Zamora","Fuentes de Ropel","Zamora","Castilla y León",NA,NA,NA,NA,"unmatched"
"Fuentes de Rubielos, Teruel","Fuentes de Rubielos","Teruel","Aragón",NA,NA,NA,NA,"unmatched"
"Fuentes de Valdepero, Palencia","Fuentes de Valdepero","Palencia","Castilla y León",NA,NA,NA,NA,"unmatched"
"Fuentes, Cuenca","Fuentes","Cuenca","Castilla-La Mancha",NA,NA,NA,NA,"unmatched"
"Fuentesaúco de Fuentidueña, Segovia","Fuentesaúco de Fuentidueña","Segovia","Castilla y León",NA,NA,NA,NA,"unmatched"
"Fuentesaúco, Zamora","Fuentesaúco","Zamora","Castilla y León",NA,NA,NA,NA,"unmatched"
"Fuentesecas, Zamora","Fuentesecas","Zamora","Castilla y León",NA,NA,NA,NA,"unmatched"
"Fuentesoto, Segovia","Fuentesoto","Segovia","Castilla y León",NA,NA,NA,NA,"unmatched"
"Fuentespalda, Teruel","Fuentespalda","Teruel","Aragón",NA,NA,NA,NA,"unmatched"
"Fuentespina, Burgos","Fuentespina","Burgos","Castilla y León",NA,NA,NA,NA,"unmatched"
"Fuentespreadas, Zamora","Fuentespreadas","Zamora","Castilla y León",NA,NA,NA,NA,"unmatched"
"Fuentestrún, Soria","Fuentestrún","Soria","Castilla y León",NA,NA,NA,NA,"unmatched"
"Fuentidueña de Tajo, Madrid","Fuentidueña de Tajo","Madrid","Comunidad de Madrid",NA,NA,NA,NA,"unmatched"
"Fuentidueña, Segovia","Fuentidueña","Segovia","Castilla y León",NA,NA,NA,NA,"unmatched"
"Fuerte del Rey, Jaén","Fuerte del Rey","Jaén","Andalucía",NA,NA,NA,NA,"unmatched"
"Fuertescusa, Cuenca","Fuertescusa","Cuenca","Castilla-La Mancha",NA,NA,NA,NA,"unmatched"
"Fulleda, Lleida","Fulleda","Lleida","Cataluña",NA,NA,NA,NA,"unmatched"
"Funes, Navarra","Funes","Navarra","Comunidad Foral de Navarra",NA,NA,NA,NA,"unmatched"
"Fustiñana, Navarra","Fustiñana","Navarra","Comunidad Foral de Navarra",NA,NA,NA,NA,"unmatched"
"Férez, Albacete","Férez","Albacete","Castilla-La Mancha",NA,NA,NA,NA,"unmatched"
"Fígols i Alinyà, Lleida","Fígols i Alinyà","Lleida","Cataluña",NA,NA,NA,NA,"unmatched"
"Fígols, Barcelona","Fígols","Barcelona","Cataluña",NA,NA,NA,NA,"unmatched"
"Fórnoles, Teruel","Fórnoles","Teruel","Aragón",NA,NA,NA,NA,"unmatched"
"Gabaldón, Cuenca","Gabaldón","Cuenca","Castilla-La Mancha",NA,NA,NA,NA,"unmatched"
"Gabiria, Guipúzcoa","Gabiria","Guipúzcoa","País Vasco",NA,NA,NA,NA,"unmatched"
"Gaianes, Alicante","Gaianes","Alicante","Comunidad Valenciana",NA,NA,NA,NA,"unmatched"
"Gaibiel, Castellón","Gaibiel","Castellón","Comunidad Valenciana",NA,NA,NA,NA,"unmatched"
"Gaintza, Guipúzcoa","Gaintza","Guipúzcoa","País Vasco",NA,NA,NA,NA,"unmatched"
"Gaià, Barcelona","Gaià","Barcelona","Cataluña",NA,NA,NA,NA,"unmatched"
"Gajanejos, Guadalajara","Gajanejos","Guadalajara","Castilla-La Mancha",NA,NA,NA,NA,"unmatched"
"Gajates, Salamanca","Gajates","Salamanca","Castilla y León",NA,NA,NA,NA,"unmatched"
"Galapagar, Madrid","Galapagar","Madrid","Comunidad de Madrid","9196899","Galapagar","Galapagar,Community of Madrid,Spain","City","name+community"
"Galar, Navarra","Galar","Navarra","Comunidad Foral de Navarra",NA,NA,NA,NA,"name only (rejected)"
"Galaroza, Huelva","Galaroza","Huelva","Andalucía",NA,NA,NA,NA,"unmatched"
"Galbarros, Burgos","Galbarros","Burgos","Castilla y León",NA,NA,NA,NA,"unmatched"
"Galbárruli, La Rioja","Galbárruli","La Rioja","La Rioja",NA,NA,NA,NA,"unmatched"
"Galdakao, Vizcaya","Galdakao","Vizcaya","País Vasco","9239176","Galdakao","Galdakao,Basque Country,Spain","Municipality","name+community"
"Galdames, Vizcaya","Galdames","Vizcaya","País Vasco",NA,NA,NA,NA,"unmatched"
"Galende, Zamora","Galende","Zamora","Castilla y León",NA,NA,NA,NA,"unmatched"
"Galera, Granada","Galera","Granada","Andalucía",NA,NA,NA,NA,"unmatched"
"Galilea, La Rioja","Galilea","La Rioja","La Rioja",NA,NA,NA,NA,"unmatched"
"Galindo y Perahuy, Salamanca","Galindo y Perahuy","Salamanca","Castilla y León",NA,NA,NA,NA,"unmatched"
"Galinduste, Salamanca","Galinduste","Salamanca","Castilla y León",NA,NA,NA,NA,"unmatched"
"Galisancho, Salamanca","Galisancho","Salamanca","Castilla y León",NA,NA,NA,NA,"unmatched"
"Galisteo, Cáceres","Galisteo","Cáceres","Extremadura",NA,NA,NA,NA,"unmatched"
"Gallegos de Altamiros, Ávila","Gallegos de Altamiros","Ávila","Castilla y León",NA,NA,NA,NA,"unmatched"
"Gallegos de Argañán, Salamanca","Gallegos de Argañán","Salamanca","Castilla y León",NA,NA,NA,NA,"unmatched"
"Gallegos de Hornija, Valladolid","Gallegos de Hornija","Valladolid","Castilla y León",NA,NA,NA,NA,"unmatched"
"Gallegos de Sobrinos, Ávila","Gallegos de Sobrinos","Ávila","Castilla y León",NA,NA,NA,NA,"unmatched"
"Gallegos de Solmirón, Salamanca","Gallegos de Solmirón","Salamanca","Castilla y León",NA,NA,NA,NA,"unmatched"
"Gallegos del Pan, Zamora","Gallegos del Pan","Zamora","Castilla y León",NA,NA,NA,NA,"unmatched"
"Gallegos del Río, Zamora","Gallegos del Río","Zamora","Castilla y León",NA,NA,NA,NA,"unmatched"
"Gallegos, Segovia","Gallegos","Segovia","Castilla y León",NA,NA,NA,NA,"unmatched"
"Gallifa, Barcelona","Gallifa","Barcelona","Cataluña",NA,NA,NA,NA,"unmatched"
"Gallinero de Cameros, La Rioja","Gallinero de Cameros","La Rioja","La Rioja",NA,NA,NA,NA,"unmatched"
"Gallipienzo, Navarra","Gallipienzo","Navarra","Comunidad Foral de Navarra",NA,NA,NA,NA,"unmatched"
"Gallocanta, Zaragoza","Gallocanta","Zaragoza","Aragón",NA,NA,NA,NA,"unmatched"
"Gallur, Zaragoza","Gallur","Zaragoza","Aragón",NA,NA,NA,NA,"unmatched"
"Gallués, Navarra","Gallués","Navarra","Comunidad Foral de Navarra",NA,NA,NA,NA,"unmatched"
"Galve de Sorbe, Guadalajara","Galve de Sorbe","Guadalajara","Castilla-La Mancha",NA,NA,NA,NA,"unmatched"
"Galve, Teruel","Galve","Teruel","Aragón",NA,NA,NA,NA,"unmatched"
"Galápagos, Guadalajara","Galápagos","Guadalajara","Castilla-La Mancha",NA,NA,NA,NA,"unmatched"
"Gamiz-Fika, Vizcaya","Gamiz-Fika","Vizcaya","País Vasco",NA,NA,NA,NA,"unmatched"
"Gamones, Zamora","Gamones","Zamora","Castilla y León",NA,NA,NA,NA,"unmatched"
"Gandesa, Tarragona","Gandesa","Tarragona","Cataluña",NA,NA,NA,NA,"unmatched"
"Gandia, Valencia","Gandia","Valencia","Comunidad Valenciana","1005542","Gandia","Gandia,Valencian Community,Spain","City","name+community"
"Garaballa, Cuenca","Garaballa","Cuenca","Castilla-La Mancha",NA,NA,NA,NA,"unmatched"
"Garachico, Santa Cruz de Tenerife","Garachico","Santa Cruz de Tenerife","Islas Canarias",NA,NA,NA,NA,"unmatched"
"Garafía, Santa Cruz de Tenerife","Garafía","Santa Cruz de Tenerife","Islas Canarias",NA,NA,NA,NA,"unmatched"
"Garaioa, Navarra","Garaioa","Navarra","Comunidad Foral de Navarra",NA,NA,NA,NA,"unmatched"
"Garay, Vizcaya","Garay","Vizcaya","País Vasco",NA,NA,NA,NA,"unmatched"
"Garbayuela, Badajoz","Garbayuela","Badajoz","Extremadura",NA,NA,NA,NA,"unmatched"
"Garcia, Tarragona","Garcia","Tarragona","Cataluña",NA,NA,NA,NA,"unmatched"
"Garciaz, Cáceres","Garciaz","Cáceres","Extremadura",NA,NA,NA,NA,"unmatched"
"Garcibuey, Salamanca","Garcibuey","Salamanca","Castilla y León",NA,NA,NA,NA,"unmatched"
"Garcihernández, Salamanca","Garcihernández","Salamanca","Castilla y León",NA,NA,NA,NA,"unmatched"
"Garcillán, Segovia","Garcillán","Segovia","Castilla y León",NA,NA,NA,NA,"unmatched"
"Garciotum, Toledo","Garciotum","Toledo","Castilla-La Mancha",NA,NA,NA,NA,"unmatched"
"Garcirrey, Salamanca","Garcirrey","Salamanca","Castilla y León",NA,NA,NA,NA,"unmatched"
"Garde, Navarra","Garde","Navarra","Comunidad Foral de Navarra",NA,NA,NA,NA,"unmatched"
"Gargallo, Teruel","Gargallo","Teruel","Aragón",NA,NA,NA,NA,"unmatched"
"Garganta de los Montes, Madrid","Garganta de los Montes","Madrid","Comunidad de Madrid",NA,NA,NA,NA,"unmatched"
"Garganta del Villar, Ávila","Garganta del Villar","Ávila","Castilla y León",NA,NA,NA,NA,"unmatched"
"Garganta la Olla, Cáceres","Garganta la Olla","Cáceres","Extremadura",NA,NA,NA,NA,"unmatched"
"Gargantilla del Lozoya y Pinilla, Madrid","Gargantilla del Lozoya y Pinilla","Madrid","Comunidad de Madrid",NA,NA,NA,NA,"unmatched"
"Gargantilla, Cáceres","Gargantilla","Cáceres","Extremadura",NA,NA,NA,NA,"unmatched"
"Gargüera, Cáceres","Gargüera","Cáceres","Extremadura",NA,NA,NA,NA,"unmatched"
"Garlitos, Badajoz","Garlitos","Badajoz","Extremadura",NA,NA,NA,NA,"unmatched"
"Garrafe de Torío, León","Garrafe de Torío","León","Castilla y León",NA,NA,NA,NA,"unmatched"
"Garralda, Navarra","Garralda","Navarra","Comunidad Foral de Navarra",NA,NA,NA,NA,"unmatched"
"Garray, Soria","Garray","Soria","Castilla y León",NA,NA,NA,NA,"unmatched"
"Garrigoles, Girona","Garrigoles","Girona","Cataluña",NA,NA,NA,NA,"unmatched"
"Garriguella, Girona","Garriguella","Girona","Cataluña",NA,NA,NA,NA,"unmatched"
"Garrigàs, Girona","Garrigàs","Girona","Cataluña",NA,NA,NA,NA,"unmatched"
"Garrovillas de Alconétar, Cáceres","Garrovillas de Alconétar","Cáceres","Extremadura",NA,NA,NA,NA,"unmatched"
"Garrucha, Almería","Garrucha","Almería","Andalucía",NA,NA,NA,NA,"unmatched"
"Garvín, Cáceres","Garvín","Cáceres","Extremadura",NA,NA,NA,NA,"unmatched"
"Garínoain, Navarra","Garínoain","Navarra","Comunidad Foral de Navarra",NA,NA,NA,NA,"unmatched"
"Gascones, Madrid","Gascones","Madrid","Comunidad de Madrid",NA,NA,NA,NA,"unmatched"
"Gascueña de Bornova, Guadalajara","Gascueña de Bornova","Guadalajara","Castilla-La Mancha",NA,NA,NA,NA,"unmatched"
"Gascueña, Cuenca","Gascueña","Cuenca","Castilla-La Mancha",NA,NA,NA,NA,"unmatched"
"Gata de Gorgos, Alicante","Gata de Gorgos","Alicante","Comunidad Valenciana",NA,NA,NA,NA,"unmatched"
"Gata, Cáceres","Gata","Cáceres","Extremadura",NA,NA,NA,NA,"unmatched"
"Gatika, Vizcaya","Gatika","Vizcaya","País Vasco",NA,NA,NA,NA,"unmatched"
"Gatón de Campos, Valladolid","Gatón de Campos","Valladolid","Castilla y León",NA,NA,NA,NA,"unmatched"
"Gaucín, Málaga","Gaucín","Málaga","Andalucía",NA,NA,NA,NA,"unmatched"
"Gautegiz Arteaga, Vizcaya","Gautegiz Arteaga","Vizcaya","País Vasco",NA,NA,NA,NA,"unmatched"
"Gavarda, Valencia","Gavarda","Valencia","Comunidad Valenciana",NA,NA,NA,NA,"unmatched"
"Gavet de la Conca, Lleida","Gavet de la Conca","Lleida","Cataluña",NA,NA,NA,NA,"unmatched"
"Gavilanes, Ávila","Gavilanes","Ávila","Castilla y León",NA,NA,NA,NA,"unmatched"
"Gavà, Barcelona","Gavà","Barcelona","Cataluña","9196827","Gava","Gava,Catalonia,Spain","City","name+community"
"Gaztelu, Guipúzcoa","Gaztelu","Guipúzcoa","País Vasco",NA,NA,NA,NA,"unmatched"
"Gea de Albarracín, Teruel","Gea de Albarracín","Teruel","Aragón",NA,NA,NA,NA,"unmatched"
"Gejuelo del Barro, Salamanca","Gejuelo del Barro","Salamanca","Castilla y León",NA,NA,NA,NA,"unmatched"
"Geldo, Castellón","Geldo","Castellón","Comunidad Valenciana",NA,NA,NA,NA,"unmatched"
"Gelida, Barcelona","Gelida","Barcelona","Cataluña",NA,NA,NA,NA,"unmatched"
"Gelsa, Zaragoza","Gelsa","Zaragoza","Aragón",NA,NA,NA,NA,"unmatched"
"Gelves, Sevilla","Gelves","Sevilla","Andalucía","9211974","Gelves","Gelves,Andalusia,Spain","Municipality","name+community"
"Gema, Zamora","Gema","Zamora","Castilla y León",NA,NA,NA,NA,"unmatched"
"Gemuño, Ávila","Gemuño","Ávila","Castilla y León",NA,NA,NA,NA,"unmatched"
"Genalguacil, Málaga","Genalguacil","Málaga","Andalucía",NA,NA,NA,NA,"unmatched"
"Genevilla, Navarra","Genevilla","Navarra","Comunidad Foral de Navarra",NA,NA,NA,NA,"unmatched"
"Genovés, Valencia","Genovés","Valencia","Comunidad Valenciana",NA,NA,NA,NA,"unmatched"
"Ger, Girona","Ger","Girona","Cataluña",NA,NA,NA,NA,"unmatched"
"Gerena, Sevilla","Gerena","Sevilla","Andalucía","9215163","Gerena","Gerena,Andalusia,Spain","Municipality","name+community"
"Geria, Valladolid","Geria","Valladolid","Castilla y León",NA,NA,NA,NA,"unmatched"
"Gerindote, Toledo","Gerindote","Toledo","Castilla-La Mancha",NA,NA,NA,NA,"unmatched"
"Gernika-Lumo, Vizcaya","Gernika-Lumo","Vizcaya","País Vasco","9049073","Gernika-Lumo","Gernika-Lumo,Basque Country,Spain","City","name+community"
"Gestalgar, Valencia","Gestalgar","Valencia","Comunidad Valenciana",NA,NA,NA,NA,"unmatched"
"Getafe, Madrid","Getafe","Madrid","Comunidad de Madrid","1005491","Getafe","Getafe,Community of Madrid,Spain","City","name+community"
"Getaria, Guipúzcoa","Getaria","Guipúzcoa","País Vasco",NA,NA,NA,NA,"unmatched"
"Getxo, Vizcaya","Getxo","Vizcaya","País Vasco","9196150","Getxo","Getxo,Basque Country,Spain","City","name+community"
"Gibraleón, Huelva","Gibraleón","Huelva","Andalucía","9221549","Gibraleon","Gibraleon,Andalusia,Spain","Municipality","name+community"
"Gijón, Asturias","Gijón","Asturias","Principado de Asturias","9208717","Gijon","Gijon,Asturias,Spain","Municipality","name+community"
"Gil García, Ávila","Gil García","Ávila","Castilla y León",NA,NA,NA,NA,"unmatched"
"Gilbuena, Ávila","Gilbuena","Ávila","Castilla y León",NA,NA,NA,NA,"unmatched"
"Gilena, Sevilla","Gilena","Sevilla","Andalucía",NA,NA,NA,NA,"unmatched"
"Gilet, Valencia","Gilet","Valencia","Comunidad Valenciana",NA,NA,NA,NA,"unmatched"
"Gimenells i el Pla de la Font, Lleida","Gimenells i el Pla de la Font","Lleida","Cataluña",NA,NA,NA,NA,"unmatched"
"Gimialcón, Ávila","Gimialcón","Ávila","Castilla y León",NA,NA,NA,NA,"unmatched"
"Gimileo, La Rioja","Gimileo","La Rioja","La Rioja",NA,NA,NA,NA,"unmatched"
"Gines, Sevilla","Gines","Sevilla","Andalucía",NA,NA,NA,NA,"unmatched"
"Ginestar, Tarragona","Ginestar","Tarragona","Cataluña",NA,NA,NA,NA,"unmatched"
"Girona, Girona","Girona","Girona","Cataluña","1005467","Girona","Girona,Girona,Catalonia,Spain","City","name+community"
"Gironella, Barcelona","Gironella","Barcelona","Cataluña","9243217","Gironella","Gironella,Catalonia,Spain","Municipality","name+community"
"Gisclareny, Barcelona","Gisclareny","Barcelona","Cataluña",NA,NA,NA,NA,"unmatched"
"Gistaín, Huesca","Gistaín","Huesca","Aragón",NA,NA,NA,NA,"unmatched"
"Gizaburuaga, Vizcaya","Gizaburuaga","Vizcaya","País Vasco",NA,NA,NA,NA,"unmatched"
"Gobernador, Granada","Gobernador","Granada","Andalucía",NA,NA,NA,NA,"unmatched"
"Godall, Tarragona","Godall","Tarragona","Cataluña",NA,NA,NA,NA,"unmatched"
"Godella, Valencia","Godella","Valencia","Comunidad Valenciana",NA,NA,NA,NA,"unmatched"
"Godelleta, Valencia","Godelleta","Valencia","Comunidad Valenciana","9207310","Godelleta","Godelleta,Valencian Community,Spain","Municipality","name+community"
"Godojos, Zaragoza","Godojos","Zaragoza","Aragón",NA,NA,NA,NA,"unmatched"
"Goizueta, Navarra","Goizueta","Navarra","Comunidad Foral de Navarra",NA,NA,NA,NA,"unmatched"
"Golmayo, Soria","Golmayo","Soria","Castilla y León",NA,NA,NA,NA,"unmatched"
"Golmés, Lleida","Golmés","Lleida","Cataluña",NA,NA,NA,NA,"unmatched"
"Golosalvo, Albacete","Golosalvo","Albacete","Castilla-La Mancha",NA,NA,NA,NA,"unmatched"
"Golpejas, Salamanca","Golpejas","Salamanca","Castilla y León",NA,NA,NA,NA,"unmatched"
"Gombrèn, Girona","Gombrèn","Girona","Cataluña",NA,NA,NA,NA,"unmatched"
"Gomecello, Salamanca","Gomecello","Salamanca","Castilla y León",NA,NA,NA,NA,"unmatched"
"Gomesende, Ourense","Gomesende","Ourense","Galicia",NA,NA,NA,NA,"unmatched"
"Gomezserracín, Segovia","Gomezserracín","Segovia","Castilla y León",NA,NA,NA,NA,"unmatched"
"Gondomar, Pontevedra","Gondomar","Pontevedra","Galicia",NA,NA,NA,NA,"unmatched"
"Gor, Granada","Gor","Granada","Andalucía","9221316","Gor","Gor,Andalusia,Spain","Municipality","name+community"
"Gorafe, Granada","Gorafe","Granada","Andalucía",NA,NA,NA,NA,"unmatched"
"Gordaliza del Pino, León","Gordaliza del Pino","León","Castilla y León",NA,NA,NA,NA,"unmatched"
"Gordexola, Vizcaya","Gordexola","Vizcaya","País Vasco",NA,NA,NA,NA,"unmatched"
"Gordoncillo, León","Gordoncillo","León","Castilla y León",NA,NA,NA,NA,"unmatched"
"Gorga, Alicante","Gorga","Alicante","Comunidad Valenciana",NA,NA,NA,NA,"unmatched"
"Gorliz, Vizcaya","Gorliz","Vizcaya","País Vasco",NA,NA,NA,NA,"unmatched"
"Gormaz, Soria","Gormaz","Soria","Castilla y León",NA,NA,NA,NA,"unmatched"
"Gotarrendura, Ávila","Gotarrendura","Ávila","Castilla y León",NA,NA,NA,NA,"unmatched"
"Gotor, Zaragoza","Gotor","Zaragoza","Aragón",NA,NA,NA,NA,"unmatched"
"Gozón, Asturias","Gozón","Asturias","Principado de Asturias","9259551","Gozon","Gozon,Asturias,Spain","Municipality","name+community"
"Goñi, Navarra","Goñi","Navarra","Comunidad Foral de Navarra",NA,NA,NA,NA,"unmatched"
"Gradefes, León","Gradefes","León","Castilla y León",NA,NA,NA,NA,"unmatched"
"Grado, Asturias","Grado","Asturias","Principado de Asturias","9210641","Grado","Grado,Asturias,Spain","Municipality","name+community"
"Graja de Campalbo, Cuenca","Graja de Campalbo","Cuenca","Castilla-La Mancha",NA,NA,NA,NA,"unmatched"
"Graja de Iniesta, Cuenca","Graja de Iniesta","Cuenca","Castilla-La Mancha",NA,NA,NA,NA,"unmatched"
"Grajal de Campos, León","Grajal de Campos","León","Castilla y León",NA,NA,NA,NA,"unmatched"
"Grajera, Segovia","Grajera","Segovia","Castilla y León",NA,NA,NA,NA,"unmatched"
"Granada, Granada","Granada","Granada","Andalucía","9215194","Municipality of Granada","Municipality of Granada,Andalusia,Spain","Municipality","name+community"
"Granadilla de Abona, Santa Cruz de Tenerife","Granadilla de Abona","Santa Cruz de Tenerife","Islas Canarias","9221789","Granadilla de Abona","Granadilla de Abona,Canary Islands,Spain","Municipality","name+community"
"Grandas de Salime, Asturias","Grandas de Salime","Asturias","Principado de Asturias",NA,NA,NA,NA,"unmatched"
"Grandes y San Martín, Ávila","Grandes y San Martín","Ávila","Castilla y León",NA,NA,NA,NA,"unmatched"
"Granera, Barcelona","Granera","Barcelona","Cataluña",NA,NA,NA,NA,"unmatched"
"Granja de Moreruela, Zamora","Granja de Moreruela","Zamora","Castilla y León",NA,NA,NA,NA,"unmatched"
"Granja de Rocamora, Alicante","Granja de Rocamora","Alicante","Comunidad Valenciana",NA,NA,NA,NA,"unmatched"
"Granja de Torrehermosa, Badajoz","Granja de Torrehermosa","Badajoz","Extremadura",NA,NA,NA,NA,"unmatched"
"Granollers, Barcelona","Granollers","Barcelona","Cataluña","1005469","Granollers","Granollers,Catalonia,Spain","City","name+community"
"Granucillo, Zamora","Granucillo","Zamora","Castilla y León",NA,NA,NA,NA,"unmatched"
"Granyanella, Lleida","Granyanella","Lleida","Cataluña",NA,NA,NA,NA,"unmatched"
"Granyena de Segarra, Lleida","Granyena de Segarra","Lleida","Cataluña",NA,NA,NA,NA,"unmatched"
"Granyena de les Garrigues, Lleida","Granyena de les Garrigues","Lleida","Cataluña",NA,NA,NA,NA,"unmatched"
"Granátula de Calatrava, Ciudad Real","Granátula de Calatrava","Ciudad Real","Castilla-La Mancha",NA,NA,NA,NA,"unmatched"
"Gratallops, Tarragona","Gratallops","Tarragona","Cataluña",NA,NA,NA,NA,"unmatched"
"Graus, Huesca","Graus","Huesca","Aragón",NA,NA,NA,NA,"unmatched"
"Grazalema, Cádiz","Grazalema","Cádiz","Andalucía",NA,NA,NA,NA,"unmatched"
"Grañén, Huesca","Grañén","Huesca","Aragón",NA,NA,NA,NA,"unmatched"
"Grañón, La Rioja","Grañón","La Rioja","La Rioja",NA,NA,NA,NA,"unmatched"
"Griegos, Teruel","Griegos","Teruel","Aragón",NA,NA,NA,NA,"unmatched"
"Grijalba, Burgos","Grijalba","Burgos","Castilla y León",NA,NA,NA,NA,"unmatched"
"Grijota, Palencia","Grijota","Palencia","Castilla y León",NA,NA,NA,NA,"unmatched"
"Grisaleña, Burgos","Grisaleña","Burgos","Castilla y León",NA,NA,NA,NA,"unmatched"
"Grisel, Zaragoza","Grisel","Zaragoza","Aragón",NA,NA,NA,NA,"unmatched"
"Grisén, Zaragoza","Grisén","Zaragoza","Aragón",NA,NA,NA,NA,"unmatched"
"Griñón, Madrid","Griñón","Madrid","Comunidad de Madrid","9230020","Grinon","Grinon,Community of Madrid,Spain","Municipality","name+community"
"Grávalos, La Rioja","Grávalos","La Rioja","La Rioja",NA,NA,NA,NA,"unmatched"
"Guadahortuna, Granada","Guadahortuna","Granada","Andalucía",NA,NA,NA,NA,"unmatched"
"Guadalajara, Guadalajara","Guadalajara","Guadalajara","Castilla-La Mancha","1005459","Guadalajara","Guadalajara,Castile-La Mancha,Spain","City","name+community"
"Guadalaviar, Teruel","Guadalaviar","Teruel","Aragón",NA,NA,NA,NA,"unmatched"
"Guadalcanal, Sevilla","Guadalcanal","Sevilla","Andalucía",NA,NA,NA,NA,"unmatched"
"Guadalcázar, Córdoba","Guadalcázar","Córdoba","Andalucía",NA,NA,NA,NA,"unmatched"
"Guadalix de la Sierra, Madrid","Guadalix de la Sierra","Madrid","Comunidad de Madrid",NA,NA,NA,NA,"unmatched"
"Guadalmez, Ciudad Real","Guadalmez","Ciudad Real","Castilla-La Mancha",NA,NA,NA,NA,"unmatched"
"Guadalupe, Cáceres","Guadalupe","Cáceres","Extremadura",NA,NA,NA,NA,"unmatched"
"Guadamur, Toledo","Guadamur","Toledo","Castilla-La Mancha",NA,NA,NA,NA,"unmatched"
"Guadarrama, Madrid","Guadarrama","Madrid","Comunidad de Madrid","9216156","Guadarrama","Guadarrama,Community of Madrid,Spain","City","name+community"
"Guadasequies, Valencia","Guadasequies","Valencia","Comunidad Valenciana",NA,NA,NA,NA,"unmatched"
"Guadassuar, Valencia","Guadassuar","Valencia","Comunidad Valenciana",NA,NA,NA,NA,"unmatched"
"Guadix, Granada","Guadix","Granada","Andalucía",NA,NA,NA,NA,"unmatched"
"Guadramiro, Salamanca","Guadramiro","Salamanca","Castilla y León",NA,NA,NA,NA,"unmatched"
"Gualba, Barcelona","Gualba","Barcelona","Cataluña",NA,NA,NA,NA,"unmatched"
"Gualchos, Granada","Gualchos","Granada","Andalucía","9248719","Gualchos","Gualchos,Andalusia,Spain","Municipality","name+community"
"Gualta, Girona","Gualta","Girona","Cataluña",NA,NA,NA,NA,"unmatched"
"Guardamar de la Safor, Valencia","Guardamar de la Safor","Valencia","Comunidad Valenciana",NA,NA,NA,NA,"unmatched"
"Guardamar del Segura, Alicante","Guardamar del Segura","Alicante","Comunidad Valenciana","9049075","Guardamar del Segura","Guardamar del Segura,Valencian Community,Spain","City","name+community"
"Guardiola de Berguedà, Barcelona","Guardiola de Berguedà","Barcelona","Cataluña",NA,NA,NA,NA,"unmatched"
"Guardo, Palencia","Guardo","Palencia","Castilla y León",NA,NA,NA,NA,"unmatched"
"Guareña, Badajoz","Guareña","Badajoz","Extremadura",NA,NA,NA,NA,"unmatched"
"Guaro, Málaga","Guaro","Málaga","Andalucía",NA,NA,NA,NA,"unmatched"
"Guarrate, Zamora","Guarrate","Zamora","Castilla y León",NA,NA,NA,NA,"unmatched"
"Guarromán, Jaén","Guarromán","Jaén","Andalucía",NA,NA,NA,NA,"unmatched"
"Guaza de Campos, Palencia","Guaza de Campos","Palencia","Castilla y León",NA,NA,NA,NA,"unmatched"
"Guesálaz, Navarra","Guesálaz","Navarra","Comunidad Foral de Navarra",NA,NA,NA,NA,"unmatched"
"Guijo de Coria, Cáceres","Guijo de Coria","Cáceres","Extremadura",NA,NA,NA,NA,"unmatched"
"Guijo de Galisteo, Cáceres","Guijo de Galisteo","Cáceres","Extremadura",NA,NA,NA,NA,"unmatched"
"Guijo de Granadilla, Cáceres","Guijo de Granadilla","Cáceres","Extremadura",NA,NA,NA,NA,"unmatched"
"Guijo de Santa Bárbara, Cáceres","Guijo de Santa Bárbara","Cáceres","Extremadura",NA,NA,NA,NA,"unmatched"
"Guijo de Ávila, Salamanca","Guijo de Ávila","Salamanca","Castilla y León",NA,NA,NA,NA,"unmatched"
"Guijuelo, Salamanca","Guijuelo","Salamanca","Castilla y León",NA,NA,NA,NA,"unmatched"
"Guillena, Sevilla","Guillena","Sevilla","Andalucía",NA,NA,NA,NA,"unmatched"
"Guils de Cerdanya, Girona","Guils de Cerdanya","Girona","Cataluña",NA,NA,NA,NA,"unmatched"
"Guimerà, Lleida","Guimerà","Lleida","Cataluña",NA,NA,NA,NA,"unmatched"
"Guirguillano, Navarra","Guirguillano","Navarra","Comunidad Foral de Navarra",NA,NA,NA,NA,"unmatched"
"Guisando, Ávila","Guisando","Ávila","Castilla y León",NA,NA,NA,NA,"unmatched"
"Guissona, Lleida","Guissona","Lleida","Cataluña","9049076","Guissona","Guissona,Catalonia,Spain","City","name+community"
"Guitiriz, Lugo","Guitiriz","Lugo","Galicia",NA,NA,NA,NA,"unmatched"
"Guixers, Lleida","Guixers","Lleida","Cataluña","9212649","Guixers","Guixers,Catalonia,Spain","Municipality","name+community"
"Gumiel de Izán, Burgos","Gumiel de Izán","Burgos","Castilla y León",NA,NA,NA,NA,"unmatched"
"Gumiel de Mercado, Burgos","Gumiel de Mercado","Burgos","Castilla y León",NA,NA,NA,NA,"unmatched"
"Guntín, Lugo","Guntín","Lugo","Galicia",NA,NA,NA,NA,"unmatched"
"Gurb, Barcelona","Gurb","Barcelona","Cataluña","9256617","Gurb","Gurb,Catalonia,Spain","Municipality","name+community"
"Guriezo, Cantabria","Guriezo","Cantabria","Cantabria",NA,NA,NA,NA,"unmatched"
"Gurrea de Gállego, Huesca","Gurrea de Gállego","Huesca","Aragón",NA,NA,NA,NA,"unmatched"
"Gusendos de los Oteros, León","Gusendos de los Oteros","León","Castilla y León",NA,NA,NA,NA,"unmatched"
"Gutierre-Muñoz, Ávila","Gutierre-Muñoz","Ávila","Castilla y León",NA,NA,NA,NA,"unmatched"
"Guía de Isora, Santa Cruz de Tenerife","Guía de Isora","Santa Cruz de Tenerife","Islas Canarias",NA,NA,NA,NA,"unmatched"
"Gádor, Almería","Gádor","Almería","Andalucía",NA,NA,NA,NA,"unmatched"
"Gáldar, Las Palmas","Gáldar","Las Palmas","Islas Canarias","9222166","Galdar","Galdar,Canary Islands,Spain","Municipality","name+community"
"Gálvez, Toledo","Gálvez","Toledo","Castilla-La Mancha",NA,NA,NA,NA,"unmatched"
"Gátova, Valencia","Gátova","Valencia","Comunidad Valenciana",NA,NA,NA,NA,"unmatched"
"Génave, Jaén","Génave","Jaén","Andalucía",NA,NA,NA,NA,"unmatched"
"Gérgal, Almería","Gérgal","Almería","Andalucía",NA,NA,NA,NA,"unmatched"
"Gójar, Granada","Gójar","Granada","Andalucía","9241139","Gojar","Gojar,Andalusia,Spain","Municipality","name+community"
"Gómara, Soria","Gómara","Soria","Castilla y León",NA,NA,NA,NA,"unmatched"
"Gósol, Lleida","Gósol","Lleida","Cataluña",NA,NA,NA,NA,"unmatched"
"Gúdar, Teruel","Gúdar","Teruel","Aragón",NA,NA,NA,NA,"unmatched"
"Gúeñes, Vizcaya","Gúeñes","Vizcaya","País Vasco",NA,NA,NA,NA,"unmatched"
"Güejar Sierra, Granada","Güejar Sierra","Granada","Andalucía",NA,NA,NA,NA,"unmatched"
"Güesa, Navarra","Güesa","Navarra","Comunidad Foral de Navarra",NA,NA,NA,NA,"unmatched"
"Güevéjar, Granada","Güevéjar","Granada","Andalucía",NA,NA,NA,NA,"unmatched"
"Güímar, Santa Cruz de Tenerife","Güímar","Santa Cruz de Tenerife","Islas Canarias",NA,NA,NA,NA,"unmatched"
"Hacinas, Burgos","Hacinas","Burgos","Castilla y León",NA,NA,NA,NA,"unmatched"
"Harana, Álava","Harana","Álava","País Vasco",NA,NA,NA,NA,"unmatched"
"Haro, La Rioja","Haro","La Rioja","La Rioja","9049077","Haro","Haro,La Rioja,Spain","City","name+community"
"Haría, Las Palmas","Haría","Las Palmas","Islas Canarias",NA,NA,NA,NA,"unmatched"
"Haza, Burgos","Haza","Burgos","Castilla y León",NA,NA,NA,NA,"unmatched"
"Hazas de Cesto, Cantabria","Hazas de Cesto","Cantabria","Cantabria",NA,NA,NA,NA,"unmatched"
"Helechosa de los Montes, Badajoz","Helechosa de los Montes","Badajoz","Extremadura",NA,NA,NA,NA,"unmatched"
"Hellín, Albacete","Hellín","Albacete","Castilla-La Mancha","9215298","Hellin","Hellin,Castile-La Mancha,Spain","Municipality","name+community"
"Henarejos, Cuenca","Henarejos","Cuenca","Castilla-La Mancha",NA,NA,NA,NA,"unmatched"
"Henche, Guadalajara","Henche","Guadalajara","Castilla-La Mancha",NA,NA,NA,NA,"unmatched"
"Heras de Ayuso, Guadalajara","Heras de Ayuso","Guadalajara","Castilla-La Mancha",NA,NA,NA,NA,"unmatched"
"Herbés, Castellón","Herbés","Castellón","Comunidad Valenciana",NA,NA,NA,NA,"unmatched"
"Herce, La Rioja","Herce","La Rioja","La Rioja",NA,NA,NA,NA,"unmatched"
"Herencia, Ciudad Real","Herencia","Ciudad Real","Castilla-La Mancha",NA,NA,NA,NA,"unmatched"
"Herguijuela de Ciudad Rodrigo, Salamanca","Herguijuela de Ciudad Rodrigo","Salamanca","Castilla y León",NA,NA,NA,NA,"unmatched"
"Herguijuela de la Sierra, Salamanca","Herguijuela de la Sierra","Salamanca","Castilla y León",NA,NA,NA,NA,"unmatched"
"Herguijuela del Campo, Salamanca","Herguijuela del Campo","Salamanca","Castilla y León",NA,NA,NA,NA,"unmatched"
"Herguijuela, Cáceres","Herguijuela","Cáceres","Extremadura",NA,NA,NA,NA,"unmatched"
"Hermandad de Campoo de Suso, Cantabria","Hermandad de Campoo de Suso","Cantabria","Cantabria",NA,NA,NA,NA,"unmatched"
"Hermigua, Santa Cruz de Tenerife","Hermigua","Santa Cruz de Tenerife","Islas Canarias",NA,NA,NA,NA,"unmatched"
"Hermisende, Zamora","Hermisende","Zamora","Castilla y León",NA,NA,NA,NA,"unmatched"
"Hernani, Guipúzcoa","Hernani","Guipúzcoa","País Vasco","9207449","Hernani","Hernani,Basque Country,Spain","Municipality","name+community"
"Hernansancho, Ávila","Hernansancho","Ávila","Castilla y León",NA,NA,NA,NA,"unmatched"
"Hernialde, Guipúzcoa","Hernialde","Guipúzcoa","País Vasco",NA,NA,NA,NA,"unmatched"
"Hernán-Pérez, Cáceres","Hernán-Pérez","Cáceres","Extremadura",NA,NA,NA,NA,"unmatched"
"Herradón de Pinares, Ávila","Herradón de Pinares","Ávila","Castilla y León",NA,NA,NA,NA,"unmatched"
"Herramélluri, La Rioja","Herramélluri","La Rioja","La Rioja",NA,NA,NA,NA,"unmatched"
"Herrera de Alcántara, Cáceres","Herrera de Alcántara","Cáceres","Extremadura",NA,NA,NA,NA,"unmatched"
"Herrera de Pisuerga, Palencia","Herrera de Pisuerga","Palencia","Castilla y León",NA,NA,NA,NA,"unmatched"
"Herrera de Soria, Soria","Herrera de Soria","Soria","Castilla y León",NA,NA,NA,NA,"unmatched"
"Herrera de Valdecañas, Palencia","Herrera de Valdecañas","Palencia","Castilla y León",NA,NA,NA,NA,"unmatched"
"Herrera de los Navarros, Zaragoza","Herrera de los Navarros","Zaragoza","Aragón",NA,NA,NA,NA,"unmatched"
"Herrera del Duque, Badajoz","Herrera del Duque","Badajoz","Extremadura",NA,NA,NA,NA,"unmatched"
"Herrera, Sevilla","Herrera","Sevilla","Andalucía","9212060","Herrera","Herrera,Andalusia,Spain","Municipality","name+community"
"Herreros de Suso, Ávila","Herreros de Suso","Ávila","Castilla y León",NA,NA,NA,NA,"unmatched"
"Herreruela de Oropesa, Toledo","Herreruela de Oropesa","Toledo","Castilla-La Mancha",NA,NA,NA,NA,"unmatched"
"Herreruela, Cáceres","Herreruela","Cáceres","Extremadura",NA,NA,NA,NA,"unmatched"
"Herrería, Guadalajara","Herrería","Guadalajara","Castilla-La Mancha",NA,NA,NA,NA,"unmatched"
"Herrerías, Cantabria","Herrerías","Cantabria","Cantabria",NA,NA,NA,NA,"unmatched"
"Herrín de Campos, Valladolid","Herrín de Campos","Valladolid","Castilla y León",NA,NA,NA,NA,"unmatched"
"Hervás, Cáceres","Hervás","Cáceres","Extremadura",NA,NA,NA,NA,"unmatched"
"Hervías, La Rioja","Hervías","La Rioja","La Rioja",NA,NA,NA,NA,"unmatched"
"Hiendelaencina, Guadalajara","Hiendelaencina","Guadalajara","Castilla-La Mancha",NA,NA,NA,NA,"unmatched"
"Higuera de Calatrava, Jaén","Higuera de Calatrava","Jaén","Andalucía",NA,NA,NA,NA,"unmatched"
"Higuera de Llerena, Badajoz","Higuera de Llerena","Badajoz","Extremadura",NA,NA,NA,NA,"unmatched"
"Higuera de Vargas, Badajoz","Higuera de Vargas","Badajoz","Extremadura",NA,NA,NA,NA,"unmatched"
"Higuera de la Serena, Badajoz","Higuera de la Serena","Badajoz","Extremadura",NA,NA,NA,NA,"unmatched"
"Higuera de la Sierra, Huelva","Higuera de la Sierra","Huelva","Andalucía",NA,NA,NA,NA,"unmatched"
"Higuera de las Dueñas, Ávila","Higuera de las Dueñas","Ávila","Castilla y León",NA,NA,NA,NA,"unmatched"
"Higuera la Real, Badajoz","Higuera la Real","Badajoz","Extremadura",NA,NA,NA,NA,"unmatched"
"Higuera, Cáceres","Higuera","Cáceres","Extremadura",NA,NA,NA,NA,"unmatched"
"Higueras, Castellón","Higueras","Castellón","Comunidad Valenciana",NA,NA,NA,NA,"unmatched"
"Higueruela, Albacete","Higueruela","Albacete","Castilla-La Mancha",NA,NA,NA,NA,"unmatched"
"Higueruelas, Valencia","Higueruelas","Valencia","Comunidad Valenciana",NA,NA,NA,NA,"unmatched"
"Hijes, Guadalajara","Hijes","Guadalajara","Castilla-La Mancha",NA,NA,NA,NA,"unmatched"
"Hinojal, Cáceres","Hinojal","Cáceres","Extremadura",NA,NA,NA,NA,"unmatched"
"Hinojales, Huelva","Hinojales","Huelva","Andalucía",NA,NA,NA,NA,"unmatched"
"Hinojares, Jaén","Hinojares","Jaén","Andalucía",NA,NA,NA,NA,"unmatched"
"Hinojos, Huelva","Hinojos","Huelva","Andalucía",NA,NA,NA,NA,"unmatched"
"Hinojosa de Duero, Salamanca","Hinojosa de Duero","Salamanca","Castilla y León",NA,NA,NA,NA,"unmatched"
"Hinojosa de Jarque, Teruel","Hinojosa de Jarque","Teruel","Aragón",NA,NA,NA,NA,"unmatched"
"Hinojosa de San Vicente, Toledo","Hinojosa de San Vicente","Toledo","Castilla-La Mancha",NA,NA,NA,NA,"unmatched"
"Hinojosa del Campo, Soria","Hinojosa del Campo","Soria","Castilla y León",NA,NA,NA,NA,"unmatched"
"Hinojosa del Duque, Córdoba","Hinojosa del Duque","Córdoba","Andalucía",NA,NA,NA,NA,"unmatched"
"Hinojosa del Valle, Badajoz","Hinojosa del Valle","Badajoz","Extremadura",NA,NA,NA,NA,"unmatched"
"Hinojosas de Calatrava, Ciudad Real","Hinojosas de Calatrava","Ciudad Real","Castilla-La Mancha",NA,NA,NA,NA,"unmatched"
"Hiriberri, Navarra","Hiriberri","Navarra","Comunidad Foral de Navarra",NA,NA,NA,NA,"unmatched"
"Hita, Guadalajara","Hita","Guadalajara","Castilla-La Mancha",NA,NA,NA,NA,"unmatched"
"Holguera, Cáceres","Holguera","Cáceres","Extremadura",NA,NA,NA,NA,"unmatched"
"Hombrados, Guadalajara","Hombrados","Guadalajara","Castilla-La Mancha",NA,NA,NA,NA,"unmatched"
"Hondarribia, Guipúzcoa","Hondarribia","Guipúzcoa","País Vasco","9254627","Hondarribia","Hondarribia,Basque Country,Spain","Municipality","name+community"
"Hondón de las Nieves, Alicante","Hondón de las Nieves","Alicante","Comunidad Valenciana",NA,NA,NA,NA,"unmatched"
"Hondón de los Frailes, Alicante","Hondón de los Frailes","Alicante","Comunidad Valenciana",NA,NA,NA,NA,"unmatched"
"Honrubia de la Cuesta, Segovia","Honrubia de la Cuesta","Segovia","Castilla y León",NA,NA,NA,NA,"unmatched"
"Honrubia, Cuenca","Honrubia","Cuenca","Castilla-La Mancha",NA,NA,NA,NA,"unmatched"
"Hontalbilla, Segovia","Hontalbilla","Segovia","Castilla y León",NA,NA,NA,NA,"unmatched"
"Hontanar, Toledo","Hontanar","Toledo","Castilla-La Mancha",NA,NA,NA,NA,"unmatched"
"Hontanares de Eresma, Segovia","Hontanares de Eresma","Segovia","Castilla y León",NA,NA,NA,NA,"unmatched"
"Hontanas, Burgos","Hontanas","Burgos","Castilla y León",NA,NA,NA,NA,"unmatched"
"Hontanaya, Cuenca","Hontanaya","Cuenca","Castilla-La Mancha",NA,NA,NA,NA,"unmatched"
"Hontangas, Burgos","Hontangas","Burgos","Castilla y León",NA,NA,NA,NA,"unmatched"
"Hontecillas, Cuenca","Hontecillas","Cuenca","Castilla-La Mancha",NA,NA,NA,NA,"unmatched"
"Hontoba, Guadalajara","Hontoba","Guadalajara","Castilla-La Mancha",NA,NA,NA,NA,"unmatched"
"Hontoria de Cerrato, Palencia","Hontoria de Cerrato","Palencia","Castilla y León",NA,NA,NA,NA,"unmatched"
"Hontoria de Valdearados, Burgos","Hontoria de Valdearados","Burgos","Castilla y León",NA,NA,NA,NA,"unmatched"
"Hontoria de la Cantera, Burgos","Hontoria de la Cantera","Burgos","Castilla y León",NA,NA,NA,NA,"unmatched"
"Hontoria del Pinar, Burgos","Hontoria del Pinar","Burgos","Castilla y León",NA,NA,NA,NA,"unmatched"
"Horcajo Medianero, Salamanca","Horcajo Medianero","Salamanca","Castilla y León",NA,NA,NA,NA,"unmatched"
"Horcajo de Montemayor, Salamanca","Horcajo de Montemayor","Salamanca","Castilla y León",NA,NA,NA,NA,"unmatched"
"Horcajo de Santiago, Cuenca","Horcajo de Santiago","Cuenca","Castilla-La Mancha","9213431","Horcajo de Santiago","Horcajo de Santiago,Castile-La Mancha,Spain","Municipality","name+community"
"Horcajo de la Sierra, Madrid","Horcajo de la Sierra","Madrid","Comunidad de Madrid",NA,NA,NA,NA,"unmatched"
"Horcajo de las Torres, Ávila","Horcajo de las Torres","Ávila","Castilla y León",NA,NA,NA,NA,"unmatched"
"Horcajo de los Montes, Ciudad Real","Horcajo de los Montes","Ciudad Real","Castilla-La Mancha",NA,NA,NA,NA,"unmatched"
"Horcajuelo de la Sierra, Madrid","Horcajuelo de la Sierra","Madrid","Comunidad de Madrid",NA,NA,NA,NA,"unmatched"
"Horche, Guadalajara","Horche","Guadalajara","Castilla-La Mancha",NA,NA,NA,NA,"unmatched"
"Hormigos, Toledo","Hormigos","Toledo","Castilla-La Mancha",NA,NA,NA,NA,"unmatched"
"Hormilla, La Rioja","Hormilla","La Rioja","La Rioja",NA,NA,NA,NA,"unmatched"
"Hormilleja, La Rioja","Hormilleja","La Rioja","La Rioja",NA,NA,NA,NA,"unmatched"
"Hornachos, Badajoz","Hornachos","Badajoz","Extremadura",NA,NA,NA,NA,"unmatched"
"Hornachuelos, Córdoba","Hornachuelos","Córdoba","Andalucía",NA,NA,NA,NA,"unmatched"
"Hornillos de Cameros, La Rioja","Hornillos de Cameros","La Rioja","La Rioja",NA,NA,NA,NA,"unmatched"
"Hornillos de Cerrato, Palencia","Hornillos de Cerrato","Palencia","Castilla y León",NA,NA,NA,NA,"unmatched"
"Hornillos de Eresma, Valladolid","Hornillos de Eresma","Valladolid","Castilla y León",NA,NA,NA,NA,"unmatched"
"Hornillos del Camino, Burgos","Hornillos del Camino","Burgos","Castilla y León",NA,NA,NA,NA,"unmatched"
"Hornos de Moncalvillo, La Rioja","Hornos de Moncalvillo","La Rioja","La Rioja",NA,NA,NA,NA,"unmatched"
"Hornos, Jaén","Hornos","Jaén","Andalucía",NA,NA,NA,NA,"unmatched"
"Horta de Sant Joan, Tarragona","Horta de Sant Joan","Tarragona","Cataluña",NA,NA,NA,NA,"unmatched"
"Hortezuela de Océn, Guadalajara","Hortezuela de Océn","Guadalajara","Castilla-La Mancha",NA,NA,NA,NA,"unmatched"
"Hortigüela, Burgos","Hortigüela","Burgos","Castilla y León",NA,NA,NA,NA,"unmatched"
"Hospital de Órbigo, León","Hospital de Órbigo","León","Castilla y León",NA,NA,NA,NA,"unmatched"
"Hostalric, Girona","Hostalric","Girona","Cataluña",NA,NA,NA,NA,"unmatched"
"Hoya-Gonzalo, Albacete","Hoya-Gonzalo","Albacete","Castilla-La Mancha",NA,NA,NA,NA,"unmatched"
"Hoyales de Roa, Burgos","Hoyales de Roa","Burgos","Castilla y León",NA,NA,NA,NA,"unmatched"
"Hoyo de Manzanares, Madrid","Hoyo de Manzanares","Madrid","Comunidad de Madrid",NA,NA,NA,NA,"unmatched"
"Hoyocasero, Ávila","Hoyocasero","Ávila","Castilla y León",NA,NA,NA,NA,"unmatched"
"Hoyorredondo, Ávila","Hoyorredondo","Ávila","Castilla y León",NA,NA,NA,NA,"unmatched"
"Hoyos de Miguel Muñoz, Ávila","Hoyos de Miguel Muñoz","Ávila","Castilla y León",NA,NA,NA,NA,"unmatched"
"Hoyos del Collado, Ávila","Hoyos del Collado","Ávila","Castilla y León",NA,NA,NA,NA,"unmatched"
"Hoyos del Espino, Ávila","Hoyos del Espino","Ávila","Castilla y León",NA,NA,NA,NA,"unmatched"
"Hoyos, Cáceres","Hoyos","Cáceres","Extremadura",NA,NA,NA,NA,"unmatched"
"Hoz de Jaca, Huesca","Hoz de Jaca","Huesca","Aragón",NA,NA,NA,NA,"unmatched"
"Hoz y Costean, Huesca","Hoz y Costean","Huesca","Aragón",NA,NA,NA,NA,"unmatched"
"Huarte, Navarra","Huarte","Navarra","Comunidad Foral de Navarra",NA,NA,NA,NA,"name only (rejected)"
"Huecas, Toledo","Huecas","Toledo","Castilla-La Mancha",NA,NA,NA,NA,"unmatched"
"Huelma, Jaén","Huelma","Jaén","Andalucía",NA,NA,NA,NA,"unmatched"
"Huelva, Huelva","Huelva","Huelva","Andalucía","1005415","Huelva","Huelva,Andalusia,Spain","City","name+community"
"Huelves, Cuenca","Huelves","Cuenca","Castilla-La Mancha",NA,NA,NA,NA,"unmatched"
"Huerta de Arriba, Burgos","Huerta de Arriba","Burgos","Castilla y León",NA,NA,NA,NA,"unmatched"
"Huerta de Rey, Burgos","Huerta de Rey","Burgos","Castilla y León",NA,NA,NA,NA,"unmatched"
"Huerta de Valdecarábanos, Toledo","Huerta de Valdecarábanos","Toledo","Castilla-La Mancha",NA,NA,NA,NA,"unmatched"
"Huerta de la Obispalía, Cuenca","Huerta de la Obispalía","Cuenca","Castilla-La Mancha",NA,NA,NA,NA,"unmatched"
"Huerta del Marquesado, Cuenca","Huerta del Marquesado","Cuenca","Castilla-La Mancha",NA,NA,NA,NA,"unmatched"
"Huerta, Salamanca","Huerta","Salamanca","Castilla y León",NA,NA,NA,NA,"unmatched"
"Huertahernando, Guadalajara","Huertahernando","Guadalajara","Castilla-La Mancha",NA,NA,NA,NA,"unmatched"
"Huerto, Huesca","Huerto","Huesca","Aragón",NA,NA,NA,NA,"unmatched"
"Huesa del Común, Teruel","Huesa del Común","Teruel","Aragón",NA,NA,NA,NA,"unmatched"
"Huesa, Jaén","Huesa","Jaén","Andalucía",NA,NA,NA,NA,"unmatched"
"Huesca, Huesca","Huesca","Huesca","Aragón","9049080","Huesca","Huesca,Aragon,Spain","City","name+community"
"Huete, Cuenca","Huete","Cuenca","Castilla-La Mancha",NA,NA,NA,NA,"unmatched"
"Hueva, Guadalajara","Hueva","Guadalajara","Castilla-La Mancha",NA,NA,NA,NA,"unmatched"
"Humada, Burgos","Humada","Burgos","Castilla y León",NA,NA,NA,NA,"unmatched"
"Humanes de Madrid, Madrid","Humanes de Madrid","Madrid","Comunidad de Madrid","9232020","Humanes de Madrid","Humanes de Madrid,Community of Madrid,Spain","Municipality","name+community"
"Humanes, Guadalajara","Humanes","Guadalajara","Castilla-La Mancha",NA,NA,NA,NA,"unmatched"
"Humilladero, Málaga","Humilladero","Málaga","Andalucía",NA,NA,NA,NA,"unmatched"
"Hurones, Burgos","Hurones","Burgos","Castilla y León",NA,NA,NA,NA,"unmatched"
"Hurtumpascual, Ávila","Hurtumpascual","Ávila","Castilla y León",NA,NA,NA,NA,"unmatched"
"Husillos, Palencia","Husillos","Palencia","Castilla y León",NA,NA,NA,NA,"unmatched"
"Huécija, Almería","Huécija","Almería","Andalucía",NA,NA,NA,NA,"unmatched"
"Huélaga, Cáceres","Huélaga","Cáceres","Extremadura",NA,NA,NA,NA,"unmatched"
"Huélago, Granada","Huélago","Granada","Andalucía",NA,NA,NA,NA,"unmatched"
"Huélamo, Cuenca","Huélamo","Cuenca","Castilla-La Mancha",NA,NA,NA,NA,"unmatched"
"Huéneja, Granada","Huéneja","Granada","Andalucía",NA,NA,NA,NA,"unmatched"
"Huércal de Almería, Almería","Huércal de Almería","Almería","Andalucía",NA,NA,NA,NA,"unmatched"
"Huércal-Overa, Almería","Huércal-Overa","Almería","Andalucía","9208961","Huercal-Overa","Huercal-Overa,Andalusia,Spain","Municipality","name+community"
"Huércanos, La Rioja","Huércanos","La Rioja","La Rioja",NA,NA,NA,NA,"unmatched"
"Huérguina, Cuenca","Huérguina","Cuenca","Castilla-La Mancha",NA,NA,NA,NA,"unmatched"
"Huérmeces del Cerro, Guadalajara","Huérmeces del Cerro","Guadalajara","Castilla-La Mancha",NA,NA,NA,NA,"unmatched"
"Huérmeces, Burgos","Huérmeces","Burgos","Castilla y León",NA,NA,NA,NA,"unmatched"
"Huéscar, Granada","Huéscar","Granada","Andalucía","9217709","Huescar","Huescar,Andalusia,Spain","Municipality","name+community"
"Huétor Tájar, Granada","Huétor Tájar","Granada","Andalucía","9254321","Huetor Tajar","Huetor Tajar,Andalusia,Spain","Municipality","name+community"
"Huétor Vega, Granada","Huétor Vega","Granada","Andalucía",NA,NA,NA,NA,"unmatched"
"Huétor de Santillán, Granada","Huétor de Santillán","Granada","Andalucía",NA,NA,NA,NA,"unmatched"
"Huévar del Aljarafe, Sevilla","Huévar del Aljarafe","Sevilla","Andalucía",NA,NA,NA,NA,"unmatched"
"Hérmedes de Cerrato, Palencia","Hérmedes de Cerrato","Palencia","Castilla y León",NA,NA,NA,NA,"unmatched"
"Híjar, Teruel","Híjar","Teruel","Aragón",NA,NA,NA,NA,"unmatched"
"Ibahernando, Cáceres","Ibahernando","Cáceres","Extremadura",NA,NA,NA,NA,"unmatched"
"Ibargoiti, Navarra","Ibargoiti","Navarra","Comunidad Foral de Navarra",NA,NA,NA,NA,"unmatched"
"Ibarra, Guipúzcoa","Ibarra","Guipúzcoa","País Vasco",NA,NA,NA,NA,"unmatched"
"Ibarrangelu, Vizcaya","Ibarrangelu","Vizcaya","País Vasco",NA,NA,NA,NA,"unmatched"
"Ibdes, Zaragoza","Ibdes","Zaragoza","Aragón",NA,NA,NA,NA,"unmatched"
"Ibeas de Juarros, Burgos","Ibeas de Juarros","Burgos","Castilla y León",NA,NA,NA,NA,"unmatched"
"Ibi, Alicante","Ibi","Alicante","Comunidad Valenciana","9049082","Ibi","Ibi,Valencian Community,Spain","City","name+community"
"Ibias, Asturias","Ibias","Asturias","Principado de Asturias",NA,NA,NA,NA,"unmatched"
"Ibieca, Huesca","Ibieca","Huesca","Aragón",NA,NA,NA,NA,"unmatched"
"Ibrillos, Burgos","Ibrillos","Burgos","Castilla y León",NA,NA,NA,NA,"unmatched"
"Ibros, Jaén","Ibros","Jaén","Andalucía",NA,NA,NA,NA,"unmatched"
"Icod de los Vinos, Santa Cruz de Tenerife","Icod de los Vinos","Santa Cruz de Tenerife","Islas Canarias","9207722","Icod de los Vinos","Icod de los Vinos,Canary Islands,Spain","Municipality","name+community"
"Idiazabal, Guipúzcoa","Idiazabal","Guipúzcoa","País Vasco",NA,NA,NA,NA,"unmatched"
"Igantzi, Navarra","Igantzi","Navarra","Comunidad Foral de Navarra",NA,NA,NA,NA,"unmatched"
"Igea, La Rioja","Igea","La Rioja","La Rioja",NA,NA,NA,NA,"unmatched"
"Iglesiarrubia, Burgos","Iglesiarrubia","Burgos","Castilla y León",NA,NA,NA,NA,"unmatched"
"Iglesias, Burgos","Iglesias","Burgos","Castilla y León",NA,NA,NA,NA,"unmatched"
"Igorre, Vizcaya","Igorre","Vizcaya","País Vasco",NA,NA,NA,NA,"unmatched"
"Igriés, Huesca","Igriés","Huesca","Aragón",NA,NA,NA,NA,"unmatched"
"Igualada, Barcelona","Igualada","Barcelona","Cataluña","1005429","Igualada","Igualada,Catalonia,Spain","City","name+community"
"Igualeja, Málaga","Igualeja","Málaga","Andalucía",NA,NA,NA,NA,"unmatched"
"Igúzquiza, Navarra","Igúzquiza","Navarra","Comunidad Foral de Navarra",NA,NA,NA,NA,"unmatched"
"Igüeña, León","Igüeña","León","Castilla y León",NA,NA,NA,NA,"unmatched"
"Ikaztegieta, Guipúzcoa","Ikaztegieta","Guipúzcoa","País Vasco",NA,NA,NA,NA,"unmatched"
"Ilche, Huesca","Ilche","Huesca","Aragón",NA,NA,NA,NA,"unmatched"
"Illana, Guadalajara","Illana","Guadalajara","Castilla-La Mancha",NA,NA,NA,NA,"unmatched"
"Illano, Asturias","Illano","Asturias","Principado de Asturias",NA,NA,NA,NA,"unmatched"
"Illar, Almería","Illar","Almería","Andalucía",NA,NA,NA,NA,"unmatched"
"Illas, Asturias","Illas","Asturias","Principado de Asturias",NA,NA,NA,NA,"unmatched"
"Illescas, Toledo","Illescas","Toledo","Castilla-La Mancha","9219145","Illescas","Illescas,Castile-La Mancha,Spain","Municipality","name+community"
"Illora, Granada","Illora","Granada","Andalucía",NA,NA,NA,NA,"unmatched"
"Illueca, Zaragoza","Illueca","Zaragoza","Aragón",NA,NA,NA,NA,"unmatched"
"Illán de Vacas, Toledo","Illán de Vacas","Toledo","Castilla-La Mancha",NA,NA,NA,NA,"unmatched"
"Imotz, Navarra","Imotz","Navarra","Comunidad Foral de Navarra",NA,NA,NA,NA,"unmatched"
"Inca, Baleares","Inca","Baleares","Islas Baleares","9213047","Inca","Inca,Balearic Islands,Spain","Municipality","name+community"
"Ingenio, Las Palmas","Ingenio","Las Palmas","Islas Canarias",NA,NA,NA,NA,"unmatched"
"Iniesta, Cuenca","Iniesta","Cuenca","Castilla-La Mancha",NA,NA,NA,NA,"unmatched"
"Iniéstola, Guadalajara","Iniéstola","Guadalajara","Castilla-La Mancha",NA,NA,NA,NA,"unmatched"
"Instinción, Almería","Instinción","Almería","Andalucía",NA,NA,NA,NA,"unmatched"
"Irañeta, Navarra","Irañeta","Navarra","Comunidad Foral de Navarra",NA,NA,NA,NA,"unmatched"
"Irixoa, A Coruña","Irixoa","A Coruña","Galicia",NA,NA,NA,NA,"unmatched"
"Iruelos, Salamanca","Iruelos","Salamanca","Castilla y León",NA,NA,NA,NA,"unmatched"
"Irueste, Guadalajara","Irueste","Guadalajara","Castilla-La Mancha",NA,NA,NA,NA,"unmatched"
"Irun, Guipúzcoa","Irun","Guipúzcoa","País Vasco","9049086","Irun","Irun,Basque Country,Spain","City","name+community"
"Irura, Guipúzcoa","Irura","Guipúzcoa","País Vasco",NA,NA,NA,NA,"unmatched"
"Iruraiz-Gauna, Álava","Iruraiz-Gauna","Álava","País Vasco",NA,NA,NA,NA,"unmatched"
"Irurtzun, Navarra","Irurtzun","Navarra","Comunidad Foral de Navarra",NA,NA,NA,NA,"unmatched"
"Iruña Oka, Álava","Iruña Oka","Álava","País Vasco",NA,NA,NA,NA,"unmatched"
"Isaba, Navarra","Isaba","Navarra","Comunidad Foral de Navarra",NA,NA,NA,NA,"unmatched"
"Isar, Burgos","Isar","Burgos","Castilla y León",NA,NA,NA,NA,"unmatched"
"Isla Cristina, Huelva","Isla Cristina","Huelva","Andalucía",NA,NA,NA,NA,"unmatched"
"Isla Mayor, Sevilla","Isla Mayor","Sevilla","Andalucía",NA,NA,NA,NA,"unmatched"
"Isona i Conca Dellà, Lleida","Isona i Conca Dellà","Lleida","Cataluña",NA,NA,NA,NA,"unmatched"
"Ispaster, Vizcaya","Ispaster","Vizcaya","País Vasco",NA,NA,NA,NA,"unmatched"
"Istán, Málaga","Istán","Málaga","Andalucía",NA,NA,NA,NA,"unmatched"
"Isuerre, Zaragoza","Isuerre","Zaragoza","Aragón",NA,NA,NA,NA,"unmatched"
"Isábena, Huesca","Isábena","Huesca","Aragón",NA,NA,NA,NA,"unmatched"
"Isòvol, Girona","Isòvol","Girona","Cataluña",NA,NA,NA,NA,"unmatched"
"Itero de la Vega, Palencia","Itero de la Vega","Palencia","Castilla y León",NA,NA,NA,NA,"unmatched"
"Itero del Castillo, Burgos","Itero del Castillo","Burgos","Castilla y León",NA,NA,NA,NA,"unmatched"
"Itrabo, Granada","Itrabo","Granada","Andalucía",NA,NA,NA,NA,"unmatched"
"Itsasondo, Guipúzcoa","Itsasondo","Guipúzcoa","País Vasco",NA,NA,NA,NA,"unmatched"
"Ituero de Azaba, Salamanca","Ituero de Azaba","Salamanca","Castilla y León",NA,NA,NA,NA,"unmatched"
"Ituero y Lama, Segovia","Ituero y Lama","Segovia","Castilla y León",NA,NA,NA,NA,"unmatched"
"Ituren, Navarra","Ituren","Navarra","Comunidad Foral de Navarra",NA,NA,NA,NA,"unmatched"
"Iturmendi, Navarra","Iturmendi","Navarra","Comunidad Foral de Navarra",NA,NA,NA,NA,"unmatched"
"Iurreta, Vizcaya","Iurreta","Vizcaya","País Vasco",NA,NA,NA,NA,"unmatched"
"Ivars d'Urgell, Lleida","Ivars d'Urgell","Lleida","Cataluña",NA,NA,NA,NA,"unmatched"
"Ivars de Noguera, Lleida","Ivars de Noguera","Lleida","Cataluña",NA,NA,NA,NA,"unmatched"
"Ivorra, Lleida","Ivorra","Lleida","Cataluña",NA,NA,NA,NA,"unmatched"
"Iza, Navarra","Iza","Navarra","Comunidad Foral de Navarra",NA,NA,NA,NA,"unmatched"
"Izagaondoa, Navarra","Izagaondoa","Navarra","Comunidad Foral de Navarra",NA,NA,NA,NA,"unmatched"
"Izagre, León","Izagre","León","Castilla y León",NA,NA,NA,NA,"unmatched"
"Izalzu, Navarra","Izalzu","Navarra","Comunidad Foral de Navarra",NA,NA,NA,NA,"unmatched"
"Iznalloz, Granada","Iznalloz","Granada","Andalucía",NA,NA,NA,NA,"unmatched"
"Iznate, Málaga","Iznate","Málaga","Andalucía",NA,NA,NA,NA,"unmatched"
"Iznatoraf, Jaén","Iznatoraf","Jaén","Andalucía",NA,NA,NA,NA,"unmatched"
"Iznájar, Córdoba","Iznájar","Córdoba","Andalucía",NA,NA,NA,NA,"unmatched"
"Izurtza, Vizcaya","Izurtza","Vizcaya","País Vasco",NA,NA,NA,NA,"unmatched"
"Jabaloyas, Teruel","Jabaloyas","Teruel","Aragón",NA,NA,NA,NA,"unmatched"
"Jabalquinto, Jaén","Jabalquinto","Jaén","Andalucía",NA,NA,NA,NA,"unmatched"
"Jabugo, Huelva","Jabugo","Huelva","Andalucía",NA,NA,NA,NA,"unmatched"
"Jaca, Huesca","Jaca","Huesca","Aragón","9049087","Jaca","Jaca,Aragon,Spain","City","name+community"
"Jacarilla, Alicante","Jacarilla","Alicante","Comunidad Valenciana",NA,NA,NA,NA,"unmatched"
"Jadraque, Guadalajara","Jadraque","Guadalajara","Castilla-La Mancha",NA,NA,NA,NA,"unmatched"
"Jafre, Girona","Jafre","Girona","Cataluña",NA,NA,NA,NA,"unmatched"
"Jalance, Valencia","Jalance","Valencia","Comunidad Valenciana",NA,NA,NA,NA,"unmatched"
"Jalón de Cameros, La Rioja","Jalón de Cameros","La Rioja","La Rioja",NA,NA,NA,NA,"unmatched"
"Jalón, Alicante","Jalón","Alicante","Comunidad Valenciana",NA,NA,NA,NA,"unmatched"
"Jambrina, Zamora","Jambrina","Zamora","Castilla y León",NA,NA,NA,NA,"unmatched"
"Jamilena, Jaén","Jamilena","Jaén","Andalucía",NA,NA,NA,NA,"unmatched"
"Jaraba, Zaragoza","Jaraba","Zaragoza","Aragón",NA,NA,NA,NA,"unmatched"
"Jarafuel, Valencia","Jarafuel","Valencia","Comunidad Valenciana",NA,NA,NA,NA,"unmatched"
"Jaraicejo, Cáceres","Jaraicejo","Cáceres","Extremadura",NA,NA,NA,NA,"unmatched"
"Jaramillo Quemado, Burgos","Jaramillo Quemado","Burgos","Castilla y León",NA,NA,NA,NA,"unmatched"
"Jaramillo de la Fuente, Burgos","Jaramillo de la Fuente","Burgos","Castilla y León",NA,NA,NA,NA,"unmatched"
"Jarandilla de la Vera, Cáceres","Jarandilla de la Vera","Cáceres","Extremadura",NA,NA,NA,NA,"unmatched"
"Jaraíz de la Vera, Cáceres","Jaraíz de la Vera","Cáceres","Extremadura",NA,NA,NA,NA,"unmatched"
"Jarilla, Cáceres","Jarilla","Cáceres","Extremadura",NA,NA,NA,NA,"unmatched"
"Jarque de la Val, Teruel","Jarque de la Val","Teruel","Aragón",NA,NA,NA,NA,"unmatched"
"Jarque, Zaragoza","Jarque","Zaragoza","Aragón",NA,NA,NA,NA,"unmatched"
"Jasa, Huesca","Jasa","Huesca","Aragón",NA,NA,NA,NA,"unmatched"
"Jatiel, Teruel","Jatiel","Teruel","Aragón",NA,NA,NA,NA,"unmatched"
"Jaulín, Zaragoza","Jaulín","Zaragoza","Aragón",NA,NA,NA,NA,"unmatched"
"Jaurrieta, Navarra","Jaurrieta","Navarra","Comunidad Foral de Navarra",NA,NA,NA,NA,"unmatched"
"Javier, Navarra","Javier","Navarra","Comunidad Foral de Navarra",NA,NA,NA,NA,"unmatched"
"Jayena, Granada","Jayena","Granada","Andalucía",NA,NA,NA,NA,"unmatched"
"Jaén, Jaén","Jaén","Jaén","Andalucía","9212437","Jaen","Jaen,Andalusia,Spain","Municipality","name+community"
"Jerez de la Frontera, Cádiz","Jerez de la Frontera","Cádiz","Andalucía","9049089","Jerez de la Frontera","Jerez de la Frontera,Andalusia,Spain","City","name+community"
"Jerez de los Caballeros, Badajoz","Jerez de los Caballeros","Badajoz","Extremadura",NA,NA,NA,NA,"unmatched"
"Jerez del Marquesado, Granada","Jerez del Marquesado","Granada","Andalucía",NA,NA,NA,NA,"unmatched"
"Jerte, Cáceres","Jerte","Cáceres","Extremadura",NA,NA,NA,NA,"unmatched"
"Jete, Granada","Jete","Granada","Andalucía",NA,NA,NA,NA,"unmatched"
"Jijona, Alicante","Jijona","Alicante","Comunidad Valenciana",NA,NA,NA,NA,"unmatched"
"Jimena de la Frontera, Cádiz","Jimena de la Frontera","Cádiz","Andalucía",NA,NA,NA,NA,"unmatched"
"Jimena, Jaén","Jimena","Jaén","Andalucía",NA,NA,NA,NA,"unmatched"
"Jimera de Líbar, Málaga","Jimera de Líbar","Málaga","Andalucía",NA,NA,NA,NA,"unmatched"
"Jirueque, Guadalajara","Jirueque","Guadalajara","Castilla-La Mancha",NA,NA,NA,NA,"unmatched"
"Joarilla de las Matas, León","Joarilla de las Matas","León","Castilla y León",NA,NA,NA,NA,"unmatched"
"Jorba, Barcelona","Jorba","Barcelona","Cataluña",NA,NA,NA,NA,"unmatched"
"Jorcas, Teruel","Jorcas","Teruel","Aragón",NA,NA,NA,NA,"unmatched"
"Jorquera, Albacete","Jorquera","Albacete","Castilla-La Mancha",NA,NA,NA,NA,"unmatched"
"Josa i Tuixén, Lleida","Josa i Tuixén","Lleida","Cataluña",NA,NA,NA,NA,"unmatched"
"Josa, Teruel","Josa","Teruel","Aragón",NA,NA,NA,NA,"unmatched"
"Juarros de Riomoros, Segovia","Juarros de Riomoros","Segovia","Castilla y León",NA,NA,NA,NA,"unmatched"
"Juarros de Voltoya, Segovia","Juarros de Voltoya","Segovia","Castilla y León",NA,NA,NA,NA,"unmatched"
"Jubrique, Málaga","Jubrique","Málaga","Andalucía",NA,NA,NA,NA,"unmatched"
"Juià, Girona","Juià","Girona","Cataluña",NA,NA,NA,NA,"unmatched"
"Jumilla, Murcia","Jumilla","Murcia","Región de Murcia","9049091","Jumilla","Jumilla,Region of Murcia,Spain","City","name+community"
"Jun, Granada","Jun","Granada","Andalucía",NA,NA,NA,NA,"unmatched"
"Junciana, Ávila","Junciana","Ávila","Castilla y León",NA,NA,NA,NA,"unmatched"
"Juncosa, Lleida","Juncosa","Lleida","Cataluña",NA,NA,NA,NA,"unmatched"
"Juneda, Lleida","Juneda","Lleida","Cataluña",NA,NA,NA,NA,"unmatched"
"Junta de Traslaloma, Burgos","Junta de Traslaloma","Burgos","Castilla y León","9216721","Junta de Traslaloma","Junta de Traslaloma,Castile and Leon,Spain","Municipality","name+community"
"Junta de Villalba de Losa, Burgos","Junta de Villalba de Losa","Burgos","Castilla y León",NA,NA,NA,NA,"unmatched"
"Jurisdicción Macomunada de El Bo, Madrid","Jurisdicción Macomunada de El Bo","Madrid","Comunidad de Madrid",NA,NA,NA,NA,"unmatched"
"Jurisdicción Mancomunada de Basc, Burgos","Jurisdicción Mancomunada de Basc","Burgos","Castilla y León",NA,NA,NA,NA,"unmatched"
"Jurisdicción Mancomunada de Cerd, Madrid","Jurisdicción Mancomunada de Cerd","Madrid","Comunidad de Madrid",NA,NA,NA,NA,"unmatched"
"Jurisdicción de Lara, Burgos","Jurisdicción de Lara","Burgos","Castilla y León",NA,NA,NA,NA,"unmatched"
"Jurisdicción de San Zadornil, Burgos","Jurisdicción de San Zadornil","Burgos","Castilla y León",NA,NA,NA,NA,"unmatched"
"Jurisdicción de Segura de los Ba, Teruel","Jurisdicción de Segura de los Ba","Teruel","Aragón",NA,NA,NA,NA,"unmatched"
"Juslapeña, Navarra","Juslapeña","Navarra","Comunidad Foral de Navarra",NA,NA,NA,NA,"unmatched"
"Justel, Zamora","Justel","Zamora","Castilla y León",NA,NA,NA,NA,"unmatched"
"Juviles, Granada","Juviles","Granada","Andalucía",NA,NA,NA,NA,"unmatched"
"Juzbado, Salamanca","Juzbado","Salamanca","Castilla y León",NA,NA,NA,NA,"unmatched"
"Jávea, Alicante","Jávea","Alicante","Comunidad Valenciana",NA,NA,NA,NA,"unmatched"
"Jérica, Castellón","Jérica","Castellón","Comunidad Valenciana",NA,NA,NA,NA,"unmatched"
"Jódar, Jaén","Jódar","Jaén","Andalucía","9049090","Jodar","Jodar,Andalusia,Spain","City","name+community"
"Júzcar, Málaga","Júzcar","Málaga","Andalucía",NA,NA,NA,NA,"unmatched"
"Kanpezu, Álava","Kanpezu","Álava","País Vasco",NA,NA,NA,NA,"unmatched"
"Karrantza Harana, Vizcaya","Karrantza Harana","Vizcaya","País Vasco",NA,NA,NA,NA,"unmatched"
"Kortezubi, Vizcaya","Kortezubi","Vizcaya","País Vasco",NA,NA,NA,NA,"unmatched"
"Kripan, Álava","Kripan","Álava","País Vasco",NA,NA,NA,NA,"unmatched"
"Kuartango, Álava","Kuartango","Álava","País Vasco",NA,NA,NA,NA,"unmatched"
"L'Albagés, Lleida","L'Albagés","Lleida","Cataluña",NA,NA,NA,NA,"unmatched"
"L'Albi, Lleida","L'Albi","Lleida","Cataluña",NA,NA,NA,NA,"unmatched"
"L'Albiol, Tarragona","L'Albiol","Tarragona","Cataluña",NA,NA,NA,NA,"unmatched"
"L'Alcora, Castellón","L'Alcora","Castellón","Comunidad Valenciana","9215991","L'Alcora","L'Alcora,Valencian Community,Spain","Municipality","name+community"
"L'Alcúdia de Crespins, Valencia","L'Alcúdia de Crespins","Valencia","Comunidad Valenciana",NA,NA,NA,NA,"unmatched"
"L'Alcúdia, Valencia","L'Alcúdia","Valencia","Comunidad Valenciana","9049092","L'Alcudia","L'Alcudia,Valencian Community,Spain","City","name+community"
"L'Aldea, Tarragona","L'Aldea","Tarragona","Cataluña",NA,NA,NA,NA,"unmatched"
"L'Aleixar, Tarragona","L'Aleixar","Tarragona","Cataluña","9218971","L'Aleixar","L'Aleixar,Catalonia,Spain","Municipality","name+community"
"L'Alfàs del Pi, Alicante","L'Alfàs del Pi","Alicante","Comunidad Valenciana",NA,NA,NA,NA,"unmatched"
"L'Alqueria d'Asnar, Alicante","L'Alqueria d'Asnar","Alicante","Comunidad Valenciana",NA,NA,NA,NA,"unmatched"
"L'Ametlla de Mar, Tarragona","L'Ametlla de Mar","Tarragona","Cataluña",NA,NA,NA,NA,"unmatched"
"L'Ametlla del Vallès, Barcelona","L'Ametlla del Vallès","Barcelona","Cataluña","9223631","L'Ametlla del Valles","L'Ametlla del Valles,Catalonia,Spain","City","name+community"
"L'Ampolla, Tarragona","L'Ampolla","Tarragona","Cataluña",NA,NA,NA,NA,"unmatched"
"L'Arboç, Tarragona","L'Arboç","Tarragona","Cataluña",NA,NA,NA,NA,"unmatched"
"L'Argentera, Tarragona","L'Argentera","Tarragona","Cataluña",NA,NA,NA,NA,"unmatched"
"L'Armentera, Girona","L'Armentera","Girona","Cataluña",NA,NA,NA,NA,"unmatched"
"L'Eliana, Valencia","L'Eliana","Valencia","Comunidad Valenciana","9229332","L'Eliana","L'Eliana,Valencian Community,Spain","Municipality","name+community"
"L'Escala, Girona","L'Escala","Girona","Cataluña","9049093","L'Escala","L'Escala,Catalonia,Spain","City","name+community"
"L'Espluga Calba, Lleida","L'Espluga Calba","Lleida","Cataluña",NA,NA,NA,NA,"unmatched"
"L'Espluga de Francolí| Espluga d, Tarragona","L'Espluga de Francolí| Espluga d","Tarragona","Cataluña",NA,NA,NA,NA,"unmatched"
"L'Espunyola, Barcelona","L'Espunyola","Barcelona","Cataluña",NA,NA,NA,NA,"unmatched"
"L'Estany, Barcelona","L'Estany","Barcelona","Cataluña",NA,NA,NA,NA,"unmatched"
"L'Hospitalet de Llobregat, Barcelona","L'Hospitalet de Llobregat","Barcelona","Cataluña","9260878","L'Hospitalet de Llobregat","L'Hospitalet de Llobregat,Catalonia,Spain","Municipality","name+community"
"L'Olleria, Valencia","L'Olleria","Valencia","Comunidad Valenciana","9228280","L'Olleria","L'Olleria,Valencian Community,Spain","Municipality","name+community"
"L'Ènova, Valencia","L'Ènova","Valencia","Comunidad Valenciana",NA,NA,NA,NA,"unmatched"
"La Acebeda, Madrid","La Acebeda","Madrid","Comunidad de Madrid",NA,NA,NA,NA,"unmatched"
"La Adrada, Ávila","La Adrada","Ávila","Castilla y León",NA,NA,NA,NA,"unmatched"
"La Alameda de Gardón, Salamanca","La Alameda de Gardón","Salamanca","Castilla y León",NA,NA,NA,NA,"unmatched"
"La Alamedilla, Salamanca","La Alamedilla","Salamanca","Castilla y León",NA,NA,NA,NA,"unmatched"
"La Alberca de Záncara, Cuenca","La Alberca de Záncara","Cuenca","Castilla-La Mancha",NA,NA,NA,NA,"unmatched"
"La Alberca, Salamanca","La Alberca","Salamanca","Castilla y León",NA,NA,NA,NA,"unmatched"
"La Alberguería de Argañán, Salamanca","La Alberguería de Argañán","Salamanca","Castilla y León",NA,NA,NA,NA,"unmatched"
"La Albuera, Badajoz","La Albuera","Badajoz","Extremadura",NA,NA,NA,NA,"unmatched"
"La Aldea del Obispo, Cáceres","La Aldea del Obispo","Cáceres","Extremadura",NA,NA,NA,NA,"unmatched"
"La Aldehuela, Ávila","La Aldehuela","Ávila","Castilla y León",NA,NA,NA,NA,"unmatched"
"La Algaba, Sevilla","La Algaba","Sevilla","Andalucía","9049095","La Algaba","La Algaba,Andalusia,Spain","City","name+community"
"La Almarcha, Cuenca","La Almarcha","Cuenca","Castilla-La Mancha",NA,NA,NA,NA,"unmatched"
"La Almolda, Zaragoza","La Almolda","Zaragoza","Aragón",NA,NA,NA,NA,"unmatched"
"La Almunia de Doña Godina, Zaragoza","La Almunia de Doña Godina","Zaragoza","Aragón",NA,NA,NA,NA,"unmatched"
"La Antigua, León","La Antigua","León","Castilla y León",NA,NA,NA,NA,"unmatched"
"La Atalaya, Salamanca","La Atalaya","Salamanca","Castilla y León",NA,NA,NA,NA,"unmatched"
"La Baronia de Rialb, Lleida","La Baronia de Rialb","Lleida","Cataluña",NA,NA,NA,NA,"unmatched"
"La Bastida, Salamanca","La Bastida","Salamanca","Castilla y León",NA,NA,NA,NA,"unmatched"
"La Bañeza, León","La Bañeza","León","Castilla y León","9240753","La Baneza","La Baneza,Castile and Leon,Spain","City","name+community"
"La Bisbal d'Emporda, Girona","La Bisbal d'Emporda","Girona","Cataluña",NA,NA,NA,NA,"unmatched"
"La Bisbal de Falset, Tarragona","La Bisbal de Falset","Tarragona","Cataluña",NA,NA,NA,NA,"unmatched"
"La Bisbal del Penedès, Tarragona","La Bisbal del Penedès","Tarragona","Cataluña",NA,NA,NA,NA,"unmatched"
"La Bodera, Guadalajara","La Bodera","Guadalajara","Castilla-La Mancha",NA,NA,NA,NA,"unmatched"
"La Bouza, Salamanca","La Bouza","Salamanca","Castilla y León",NA,NA,NA,NA,"unmatched"
"La Bóveda de Toro, Zamora","La Bóveda de Toro","Zamora","Castilla y León",NA,NA,NA,NA,"unmatched"
"La Cabeza de Béjar, Salamanca","La Cabeza de Béjar","Salamanca","Castilla y León",NA,NA,NA,NA,"unmatched"
"La Cabrera, Madrid","La Cabrera","Madrid","Comunidad de Madrid",NA,NA,NA,NA,"unmatched"
"La Calahorra, Granada","La Calahorra","Granada","Andalucía",NA,NA,NA,NA,"unmatched"
"La Calzada de Béjar, Salamanca","La Calzada de Béjar","Salamanca","Castilla y León",NA,NA,NA,NA,"unmatched"
"La Campana, Sevilla","La Campana","Sevilla","Andalucía",NA,NA,NA,NA,"unmatched"
"La Carlota, Córdoba","La Carlota","Córdoba","Andalucía","9222457","La Carlota","La Carlota,Andalusia,Spain","Municipality","name+community"
"La Carolina, Jaén","La Carolina","Jaén","Andalucía","9049098","La Carolina","La Carolina,Andalusia,Spain","City","name+community"
"La Carrera, Ávila","La Carrera","Ávila","Castilla y León",NA,NA,NA,NA,"unmatched"
"La Cañada de Verich, Teruel","La Cañada de Verich","Teruel","Aragón",NA,NA,NA,NA,"unmatched"
"La Cellera de Ter, Girona","La Cellera de Ter","Girona","Cataluña",NA,NA,NA,NA,"unmatched"
"La Cerollera, Teruel","La Cerollera","Teruel","Aragón",NA,NA,NA,NA,"unmatched"
"La Cierva, Cuenca","La Cierva","Cuenca","Castilla-La Mancha",NA,NA,NA,NA,"unmatched"
"La Codosera, Badajoz","La Codosera","Badajoz","Extremadura",NA,NA,NA,NA,"unmatched"
"La Codoñera, Teruel","La Codoñera","Teruel","Aragón",NA,NA,NA,NA,"unmatched"
"La Colilla, Ávila","La Colilla","Ávila","Castilla y León",NA,NA,NA,NA,"unmatched"
"La Coma i la Pedra, Lleida","La Coma i la Pedra","Lleida","Cataluña",NA,NA,NA,NA,"unmatched"
"La Coronada, Badajoz","La Coronada","Badajoz","Extremadura",NA,NA,NA,NA,"unmatched"
"La Cuba, Teruel","La Cuba","Teruel","Aragón",NA,NA,NA,NA,"unmatched"
"La Cueva de Roa, Burgos","La Cueva de Roa","Burgos","Castilla y León",NA,NA,NA,NA,"unmatched"
"La Cumbre, Cáceres","La Cumbre","Cáceres","Extremadura",NA,NA,NA,NA,"unmatched"
"La Encina, Salamanca","La Encina","Salamanca","Castilla y León",NA,NA,NA,NA,"unmatched"
"La Ercina, León","La Ercina","León","Castilla y León",NA,NA,NA,NA,"unmatched"
"La Estrella, Toledo","La Estrella","Toledo","Castilla-La Mancha",NA,NA,NA,NA,"unmatched"
"La Fatarella, Tarragona","La Fatarella","Tarragona","Cataluña",NA,NA,NA,NA,"unmatched"
"La Febró, Tarragona","La Febró","Tarragona","Cataluña",NA,NA,NA,NA,"unmatched"
"La Figuera, Tarragona","La Figuera","Tarragona","Cataluña",NA,NA,NA,NA,"unmatched"
"La Floresta, Lleida","La Floresta","Lleida","Cataluña",NA,NA,NA,NA,"unmatched"
"La Font d'En Carròs, Valencia","La Font d'En Carròs","Valencia","Comunidad Valenciana",NA,NA,NA,NA,"unmatched"
"La Font de la Figuera, Valencia","La Font de la Figuera","Valencia","Comunidad Valenciana",NA,NA,NA,NA,"unmatched"
"La Fregeneda, Salamanca","La Fregeneda","Salamanca","Castilla y León",NA,NA,NA,NA,"unmatched"
"La Fresneda, Teruel","La Fresneda","Teruel","Aragón",NA,NA,NA,NA,"unmatched"
"La Frontera, Cuenca","La Frontera","Cuenca","Castilla-La Mancha",NA,NA,NA,NA,"unmatched"
"La Fuente de San Esteban, Salamanca","La Fuente de San Esteban","Salamanca","Castilla y León",NA,NA,NA,NA,"unmatched"
"La Fueva, Huesca","La Fueva","Huesca","Aragón",NA,NA,NA,NA,"unmatched"
"La Fuliola, Lleida","La Fuliola","Lleida","Cataluña",NA,NA,NA,NA,"unmatched"
"La Galera, Tarragona","La Galera","Tarragona","Cataluña",NA,NA,NA,NA,"unmatched"
"La Gallega, Burgos","La Gallega","Burgos","Castilla y León",NA,NA,NA,NA,"unmatched"
"La Garganta, Cáceres","La Garganta","Cáceres","Extremadura",NA,NA,NA,NA,"unmatched"
"La Garriga, Barcelona","La Garriga","Barcelona","Cataluña","9217822","La Garriga","La Garriga,Catalonia,Spain","City","name+community"
"La Garrovilla, Badajoz","La Garrovilla","Badajoz","Extremadura",NA,NA,NA,NA,"unmatched"
"La Ginebrosa, Teruel","La Ginebrosa","Teruel","Aragón",NA,NA,NA,NA,"unmatched"
"La Gineta, Albacete","La Gineta","Albacete","Castilla-La Mancha",NA,NA,NA,NA,"unmatched"
"La Granada de Río-Tinto, Huelva","La Granada de Río-Tinto","Huelva","Andalucía",NA,NA,NA,NA,"unmatched"
"La Granada, Barcelona","La Granada","Barcelona","Cataluña",NA,NA,NA,NA,"unmatched"
"La Granadella, Lleida","La Granadella","Lleida","Cataluña",NA,NA,NA,NA,"unmatched"
"La Granja d'Escarp, Lleida","La Granja d'Escarp","Lleida","Cataluña",NA,NA,NA,NA,"unmatched"
"La Granja de la Costera, Valencia","La Granja de la Costera","Valencia","Comunidad Valenciana",NA,NA,NA,NA,"unmatched"
"La Granja, Cáceres","La Granja","Cáceres","Extremadura",NA,NA,NA,NA,"unmatched"
"La Granjuela, Córdoba","La Granjuela","Córdoba","Andalucía",NA,NA,NA,NA,"unmatched"
"La Guancha, Santa Cruz de Tenerife","La Guancha","Santa Cruz de Tenerife","Islas Canarias",NA,NA,NA,NA,"unmatched"
"La Guardia de Jaén, Jaén","La Guardia de Jaén","Jaén","Andalucía",NA,NA,NA,NA,"unmatched"
"La Guardia, Toledo","La Guardia","Toledo","Castilla-La Mancha",NA,NA,NA,NA,"unmatched"
"La Guingueta d'Àneu, Lleida","La Guingueta d'Àneu","Lleida","Cataluña",NA,NA,NA,NA,"unmatched"
"La Haba, Badajoz","La Haba","Badajoz","Extremadura",NA,NA,NA,NA,"unmatched"
"La Herrera, Albacete","La Herrera","Albacete","Castilla-La Mancha",NA,NA,NA,NA,"unmatched"
"La Hija de Dios, Ávila","La Hija de Dios","Ávila","Castilla y León",NA,NA,NA,NA,"unmatched"
"La Hiniesta, Zamora","La Hiniesta","Zamora","Castilla y León",NA,NA,NA,NA,"unmatched"
"La Hinojosa, Cuenca","La Hinojosa","Cuenca","Castilla-La Mancha",NA,NA,NA,NA,"unmatched"
"La Hiruela, Madrid","La Hiruela","Madrid","Comunidad de Madrid",NA,NA,NA,NA,"unmatched"
"La Horcajada, Ávila","La Horcajada","Ávila","Castilla y León",NA,NA,NA,NA,"unmatched"
"La Horra, Burgos","La Horra","Burgos","Castilla y León",NA,NA,NA,NA,"unmatched"
"La Hoya, Salamanca","La Hoya","Salamanca","Castilla y León",NA,NA,NA,NA,"unmatched"
"La Hoz de la Vieja, Teruel","La Hoz de la Vieja","Teruel","Aragón",NA,NA,NA,NA,"unmatched"
"La Huerce, Guadalajara","La Huerce","Guadalajara","Castilla-La Mancha",NA,NA,NA,NA,"unmatched"
"La Iglesuela del Cid, Teruel","La Iglesuela del Cid","Teruel","Aragón",NA,NA,NA,NA,"unmatched"
"La Iglesuela, Toledo","La Iglesuela","Toledo","Castilla-La Mancha",NA,NA,NA,NA,"unmatched"
"La Iruela, Jaén","La Iruela","Jaén","Andalucía",NA,NA,NA,NA,"unmatched"
"La Jana, Castellón","La Jana","Castellón","Comunidad Valenciana",NA,NA,NA,NA,"unmatched"
"La Jonquera, Girona","La Jonquera","Girona","Cataluña",NA,NA,NA,NA,"unmatched"
"La JoyosaJ, Zaragoza","La JoyosaJ","Zaragoza","Aragón",NA,NA,NA,NA,"unmatched"
"La Lantejuela, Sevilla","La Lantejuela","Sevilla","Andalucía",NA,NA,NA,NA,"unmatched"
"La Lapa, Badajoz","La Lapa","Badajoz","Extremadura",NA,NA,NA,NA,"unmatched"
"La Lastrilla, Segovia","La Lastrilla","Segovia","Castilla y León",NA,NA,NA,NA,"unmatched"
"La Llacuna, Barcelona","La Llacuna","Barcelona","Cataluña",NA,NA,NA,NA,"unmatched"
"La Llagosta, Barcelona","La Llagosta","Barcelona","Cataluña",NA,NA,NA,NA,"unmatched"
"La Llosa de Ranes, Valencia","La Llosa de Ranes","Valencia","Comunidad Valenciana",NA,NA,NA,NA,"unmatched"
"La Llosa, Castellón","La Llosa","Castellón","Comunidad Valenciana",NA,NA,NA,NA,"unmatched"
"La Losa, Segovia","La Losa","Segovia","Castilla y León",NA,NA,NA,NA,"unmatched"
"La Losilla, Soria","La Losilla","Soria","Castilla y León",NA,NA,NA,NA,"unmatched"
"La Luisiana, Sevilla","La Luisiana","Sevilla","Andalucía",NA,NA,NA,NA,"unmatched"
"La Línea de la Concepción, Cádiz","La Línea de la Concepción","Cádiz","Andalucía","9049099","La Linea de la Concepcion","La Linea de la Concepcion,Andalusia,Spain","City","name+community"
"La Malahá, Granada","La Malahá","Granada","Andalucía",NA,NA,NA,NA,"unmatched"
"La Mancomunitat dels Quatre Pobl, Lleida","La Mancomunitat dels Quatre Pobl","Lleida","Cataluña",NA,NA,NA,NA,"unmatched"
"La Masó, Tarragona","La Masó","Tarragona","Cataluña",NA,NA,NA,NA,"unmatched"
"La Mata de Ledesma, Salamanca","La Mata de Ledesma","Salamanca","Castilla y León",NA,NA,NA,NA,"unmatched"
"La Mata de Morella, Castellón","La Mata de Morella","Castellón","Comunidad Valenciana",NA,NA,NA,NA,"unmatched"
"La Mata de los Olmos, Teruel","La Mata de los Olmos","Teruel","Aragón",NA,NA,NA,NA,"unmatched"
"La Mata, Toledo","La Mata","Toledo","Castilla-La Mancha",NA,NA,NA,NA,"unmatched"
"La Matanza de Acentejo, Santa Cruz de Tenerife","La Matanza de Acentejo","Santa Cruz de Tenerife","Islas Canarias","9257291","La Matanza de Acentejo","La Matanza de Acentejo,Canary Islands,Spain","City","name+community"
"La Matilla, Segovia","La Matilla","Segovia","Castilla y León",NA,NA,NA,NA,"unmatched"
"La Maya, Salamanca","La Maya","Salamanca","Castilla y León",NA,NA,NA,NA,"unmatched"
"La Mierla, Guadalajara","La Mierla","Guadalajara","Castilla-La Mancha",NA,NA,NA,NA,"unmatched"
"La Miñosa, Guadalajara","La Miñosa","Guadalajara","Castilla-La Mancha",NA,NA,NA,NA,"unmatched"
"La Mojonera, Almería","La Mojonera","Almería","Andalucía",NA,NA,NA,NA,"unmatched"
"La Molsosa, Lleida","La Molsosa","Lleida","Cataluña",NA,NA,NA,NA,"unmatched"
"La Morera de Montsant, Tarragona","La Morera de Montsant","Tarragona","Cataluña",NA,NA,NA,NA,"unmatched"
"La Morera, Badajoz","La Morera","Badajoz","Extremadura",NA,NA,NA,NA,"unmatched"
"La Mudarra, Valladolid","La Mudarra","Valladolid","Castilla y León",NA,NA,NA,NA,"unmatched"
"La Muela, Zaragoza","La Muela","Zaragoza","Aragón",NA,NA,NA,NA,"unmatched"
"La Nava de Ricomalillo, Toledo","La Nava de Ricomalillo","Toledo","Castilla-La Mancha",NA,NA,NA,NA,"unmatched"
"La Nava de Santiago, Badajoz","La Nava de Santiago","Badajoz","Extremadura",NA,NA,NA,NA,"unmatched"
"La Nava, Huelva","La Nava","Huelva","Andalucía",NA,NA,NA,NA,"unmatched"
"La Nou de Berguedà, Barcelona","La Nou de Berguedà","Barcelona","Cataluña",NA,NA,NA,NA,"unmatched"
"La Nou de Gaià, Tarragona","La Nou de Gaià","Tarragona","Cataluña","9207132","La Nou de Gaia","La Nou de Gaia,Catalonia,Spain","Municipality","name+community"
"La Nucia, Alicante","La Nucia","Alicante","Comunidad Valenciana",NA,NA,NA,NA,"unmatched"
"La Oliva, Las Palmas","La Oliva","Las Palmas","Islas Canarias",NA,NA,NA,NA,"unmatched"
"La Olmeda de Jadraque, Guadalajara","La Olmeda de Jadraque","Guadalajara","Castilla-La Mancha",NA,NA,NA,NA,"unmatched"
"La Orbada, Salamanca","La Orbada","Salamanca","Castilla y León",NA,NA,NA,NA,"unmatched"
"La Orotava, Santa Cruz de Tenerife","La Orotava","Santa Cruz de Tenerife","Islas Canarias","9219987","La Orotava","La Orotava,Canary Islands,Spain","Municipality","name+community"
"La Palma d'Ebre, Tarragona","La Palma d'Ebre","Tarragona","Cataluña","1005470","La Palma d'Ebre","La Palma d'Ebre,Catalonia,Spain","City","name+community"
"La Palma de Cervelló, Barcelona","La Palma de Cervelló","Barcelona","Cataluña",NA,NA,NA,NA,"unmatched"
"La Palma del Condado, Huelva","La Palma del Condado","Huelva","Andalucía","9237421","La Palma del Condado","La Palma del Condado,Andalusia,Spain","Municipality","name+community"
"La Parra de las Vegas, Cuenca","La Parra de las Vegas","Cuenca","Castilla-La Mancha",NA,NA,NA,NA,"unmatched"
"La Parra, Badajoz","La Parra","Badajoz","Extremadura",NA,NA,NA,NA,"unmatched"
"La Parrilla, Valladolid","La Parrilla","Valladolid","Castilla y León",NA,NA,NA,NA,"unmatched"
"La Pedraja de Portillo, Valladolid","La Pedraja de Portillo","Valladolid","Castilla y León",NA,NA,NA,NA,"unmatched"
"La Pera, Girona","La Pera","Girona","Cataluña",NA,NA,NA,NA,"unmatched"
"La Peraleja, Cuenca","La Peraleja","Cuenca","Castilla-La Mancha",NA,NA,NA,NA,"unmatched"
"La Pernía, Palencia","La Pernía","Palencia","Castilla y León",NA,NA,NA,NA,"unmatched"
"La Pesga, Cáceres","La Pesga","Cáceres","Extremadura",NA,NA,NA,NA,"unmatched"
"La Pesquera, Cuenca","La Pesquera","Cuenca","Castilla-La Mancha",NA,NA,NA,NA,"unmatched"
"La Peza, Granada","La Peza","Granada","Andalucía",NA,NA,NA,NA,"unmatched"
"La Peña, Salamanca","La Peña","Salamanca","Castilla y León","9208798","La Pena","La Pena,Castile and Leon,Spain","Municipality","name+community"
"La Pobla Llarga, Valencia","La Pobla Llarga","Valencia","Comunidad Valenciana","9234186","La Pobla Llarga","La Pobla Llarga,Valencian Community,Spain","Municipality","name+community"
"La Pobla Tornesa, Castellón","La Pobla Tornesa","Castellón","Comunidad Valenciana",NA,NA,NA,NA,"unmatched"
"La Pobla de Benifassà, Castellón","La Pobla de Benifassà","Castellón","Comunidad Valenciana",NA,NA,NA,NA,"unmatched"
"La Pobla de Claramunt, Barcelona","La Pobla de Claramunt","Barcelona","Cataluña",NA,NA,NA,NA,"unmatched"
"La Pobla de Cérvoles, Lleida","La Pobla de Cérvoles","Lleida","Cataluña",NA,NA,NA,NA,"unmatched"
"La Pobla de Farnals, Valencia","La Pobla de Farnals","Valencia","Comunidad Valenciana","9224096","La Pobla de Farnals","La Pobla de Farnals,Valencian Community,Spain","Municipality","name+community"
"La Pobla de Lillet, Barcelona","La Pobla de Lillet","Barcelona","Cataluña",NA,NA,NA,NA,"unmatched"
"La Pobla de Mafumet, Tarragona","La Pobla de Mafumet","Tarragona","Cataluña","9209426","La Pobla de Mafumet","La Pobla de Mafumet,Catalonia,Spain","Municipality","name+community"
"La Pobla de Massaluca, Tarragona","La Pobla de Massaluca","Tarragona","Cataluña",NA,NA,NA,NA,"unmatched"
"La Pobla de Montornès, Tarragona","La Pobla de Montornès","Tarragona","Cataluña","9219601","La Pobla de Montornes","La Pobla de Montornes,Catalonia,Spain","Municipality","name+community"
"La Pobla de Segur, Lleida","La Pobla de Segur","Lleida","Cataluña",NA,NA,NA,NA,"unmatched"
"La Pobla de Vallbona, Valencia","La Pobla de Vallbona","Valencia","Comunidad Valenciana","9049101","La Pobla de Vallbona","La Pobla de Vallbona,Valencian Community,Spain","City","name+community"
"La Pobla del Duc, Valencia","La Pobla del Duc","Valencia","Comunidad Valenciana",NA,NA,NA,NA,"unmatched"
"La Pola de Gordón, León","La Pola de Gordón","León","Castilla y León",NA,NA,NA,NA,"unmatched"
"La Portella, Lleida","La Portella","Lleida","Cataluña",NA,NA,NA,NA,"unmatched"
"La Portellada, Teruel","La Portellada","Teruel","Aragón",NA,NA,NA,NA,"unmatched"
"La Puebla de Alfindén, Zaragoza","La Puebla de Alfindén","Zaragoza","Aragón",NA,NA,NA,NA,"unmatched"
"La Puebla de Almoradiel, Toledo","La Puebla de Almoradiel","Toledo","Castilla-La Mancha",NA,NA,NA,NA,"unmatched"
"La Puebla de Arganzón, Burgos","La Puebla de Arganzón","Burgos","Castilla y León",NA,NA,NA,NA,"unmatched"
"La Puebla de Castro, Huesca","La Puebla de Castro","Huesca","Aragón",NA,NA,NA,NA,"unmatched"
"La Puebla de Cazalla, Sevilla","La Puebla de Cazalla","Sevilla","Andalucía","9049102","La Puebla de Cazalla","La Puebla de Cazalla,Andalusia,Spain","City","name+community"
"La Puebla de Híjar, Teruel","La Puebla de Híjar","Teruel","Aragón",NA,NA,NA,NA,"unmatched"
"La Puebla de Montalbán, Toledo","La Puebla de Montalbán","Toledo","Castilla-La Mancha",NA,NA,NA,NA,"unmatched"
"La Puebla de Valdavia, Palencia","La Puebla de Valdavia","Palencia","Castilla y León",NA,NA,NA,NA,"unmatched"
"La Puebla de Valverde, Teruel","La Puebla de Valverde","Teruel","Aragón",NA,NA,NA,NA,"unmatched"
"La Puebla de los Infantes, Sevilla","La Puebla de los Infantes","Sevilla","Andalucía",NA,NA,NA,NA,"unmatched"
"La Puebla del Río, Sevilla","La Puebla del Río","Sevilla","Andalucía",NA,NA,NA,NA,"unmatched"
"La Pueblanueva, Toledo","La Pueblanueva","Toledo","Castilla-La Mancha",NA,NA,NA,NA,"unmatched"
"La Puerta de Segura, Jaén","La Puerta de Segura","Jaén","Andalucía",NA,NA,NA,NA,"unmatched"
"La Póveda de Soria, Soria","La Póveda de Soria","Soria","Castilla y León",NA,NA,NA,NA,"unmatched"
"La Quar, Barcelona","La Quar","Barcelona","Cataluña",NA,NA,NA,NA,"unmatched"
"La Rambla, Córdoba","La Rambla","Córdoba","Andalucía","9049103","La Rambla","La Rambla,Andalusia,Spain","City","name+community"
"La Recueja, Albacete","La Recueja","Albacete","Castilla-La Mancha",NA,NA,NA,NA,"unmatched"
"La Redonda, Salamanca","La Redonda","Salamanca","Castilla y León",NA,NA,NA,NA,"unmatched"
"La Revilla y Ahedo, Burgos","La Revilla y Ahedo","Burgos","Castilla y León",NA,NA,NA,NA,"unmatched"
"La Riba de Escalote, Soria","La Riba de Escalote","Soria","Castilla y León",NA,NA,NA,NA,"unmatched"
"La Riba, Tarragona","La Riba","Tarragona","Cataluña","9208431","La Riba","La Riba,Catalonia,Spain","Municipality","name+community"
"La Riera de Gaià, Tarragona","La Riera de Gaià","Tarragona","Cataluña",NA,NA,NA,NA,"unmatched"
"La Rinconada de la Sierra, Salamanca","La Rinconada de la Sierra","Salamanca","Castilla y León",NA,NA,NA,NA,"unmatched"
"La Rinconada, Sevilla","La Rinconada","Sevilla","Andalucía","9049104","La Rinconada","La Rinconada,Andalusia,Spain","City","name+community"
"La Robla, León","La Robla","León","Castilla y León",NA,NA,NA,NA,"unmatched"
"La Roca de la Sierra, Badajoz","La Roca de la Sierra","Badajoz","Extremadura",NA,NA,NA,NA,"unmatched"
"La Roca del Vallès, Barcelona","La Roca del Vallès","Barcelona","Cataluña","9251498","Municipality of La Roca del Valles","Municipality of La Roca del Valles,Catalonia,Spain","Municipality","name+community"
"La Roda de Andalucía, Sevilla","La Roda de Andalucía","Sevilla","Andalucía",NA,NA,NA,NA,"unmatched"
"La Roda, Albacete","La Roda","Albacete","Castilla-La Mancha","9235979","La Roda","La Roda,Castile-La Mancha,Spain","City","name+community"
"La Romana, Alicante","La Romana","Alicante","Comunidad Valenciana",NA,NA,NA,NA,"unmatched"
"La Sagrada, Salamanca","La Sagrada","Salamanca","Castilla y León",NA,NA,NA,NA,"unmatched"
"La Salzadella, Castellón","La Salzadella","Castellón","Comunidad Valenciana",NA,NA,NA,NA,"unmatched"
"La Seca, Valladolid","La Seca","Valladolid","Castilla y León",NA,NA,NA,NA,"unmatched"
"La Secuita, Tarragona","La Secuita","Tarragona","Cataluña",NA,NA,NA,NA,"unmatched"
"La Selva de Mar, Girona","La Selva de Mar","Girona","Cataluña",NA,NA,NA,NA,"unmatched"
"La Selva del Camp, Tarragona","La Selva del Camp","Tarragona","Cataluña","9221801","La Selva del Camp","La Selva del Camp,Catalonia,Spain","Municipality","name+community"
"La Sentiu de Sió, Lleida","La Sentiu de Sió","Lleida","Cataluña",NA,NA,NA,NA,"unmatched"
"La Sequera de Haza, Burgos","La Sequera de Haza","Burgos","Castilla y León",NA,NA,NA,NA,"unmatched"
"La Serna del Monte, Madrid","La Serna del Monte","Madrid","Comunidad de Madrid",NA,NA,NA,NA,"unmatched"
"La Serna, Palencia","La Serna","Palencia","Castilla y León",NA,NA,NA,NA,"unmatched"
"La Serrada, Ávila","La Serrada","Ávila","Castilla y León",NA,NA,NA,NA,"unmatched"
"La Seu d'Urgell, Lleida","La Seu d'Urgell","Lleida","Cataluña",NA,NA,NA,NA,"unmatched"
"La Sierpe, Salamanca","La Sierpe","Salamanca","Castilla y León",NA,NA,NA,NA,"unmatched"
"La Solana, Ciudad Real","La Solana","Ciudad Real","Castilla-La Mancha","9049105","La Solana","La Solana,Castile-La Mancha,Spain","City","name+community"
"La Sotonera, Huesca","La Sotonera","Huesca","Aragón",NA,NA,NA,NA,"unmatched"
"La Sénia, Tarragona","La Sénia","Tarragona","Cataluña",NA,NA,NA,NA,"unmatched"
"La Taha, Granada","La Taha","Granada","Andalucía",NA,NA,NA,NA,"unmatched"
"La Tala, Salamanca","La Tala","Salamanca","Castilla y León",NA,NA,NA,NA,"unmatched"
"La Tallada d'Empordà, Girona","La Tallada d'Empordà","Girona","Cataluña",NA,NA,NA,NA,"unmatched"
"La Toba, Guadalajara","La Toba","Guadalajara","Castilla-La Mancha",NA,NA,NA,NA,"unmatched"
"La Torre d'En Besora, Castellón","La Torre d'En Besora","Castellón","Comunidad Valenciana",NA,NA,NA,NA,"unmatched"
"La Torre de Cabdella, Lleida","La Torre de Cabdella","Lleida","Cataluña",NA,NA,NA,NA,"unmatched"
"La Torre de Claramunt, Barcelona","La Torre de Claramunt","Barcelona","Cataluña",NA,NA,NA,NA,"unmatched"
"La Torre de Esteban Hambrán, Toledo","La Torre de Esteban Hambrán","Toledo","Castilla-La Mancha",NA,NA,NA,NA,"unmatched"
"La Torre de Fontaubella, Tarragona","La Torre de Fontaubella","Tarragona","Cataluña",NA,NA,NA,NA,"unmatched"
"La Torre de l'Espanyol, Tarragona","La Torre de l'Espanyol","Tarragona","Cataluña",NA,NA,NA,NA,"unmatched"
"La Torre del Valle, Zamora","La Torre del Valle","Zamora","Castilla y León",NA,NA,NA,NA,"unmatched"
"La Torre, Ávila","La Torre","Ávila","Castilla y León",NA,NA,NA,NA,"unmatched"
"La Unión de Campos, Valladolid","La Unión de Campos","Valladolid","Castilla y León",NA,NA,NA,NA,"unmatched"
"La Unión, Murcia","La Unión","Murcia","Región de Murcia","9260084","La Union","La Union,Region of Murcia,Spain","City","name+community"
"La Vajol, Girona","La Vajol","Girona","Cataluña",NA,NA,NA,NA,"unmatched"
"La Vall d'Alcalà, Alicante","La Vall d'Alcalà","Alicante","Comunidad Valenciana",NA,NA,NA,NA,"unmatched"
"La Vall d'Uixó, Castellón","La Vall d'Uixó","Castellón","Comunidad Valenciana","9049106","La Vall d'Uixo","La Vall d'Uixo,Valencian Community,Spain","City","name+community"
"La Vall d'en Bas, Girona","La Vall d'en Bas","Girona","Cataluña",NA,NA,NA,NA,"unmatched"
"La Vall de Bianya, Girona","La Vall de Bianya","Girona","Cataluña",NA,NA,NA,NA,"unmatched"
"La Vall de Boí, Lleida","La Vall de Boí","Lleida","Cataluña",NA,NA,NA,NA,"unmatched"
"La Vall de Laguar, Alicante","La Vall de Laguar","Alicante","Comunidad Valenciana",NA,NA,NA,NA,"unmatched"
"La Vansa i Fórnols, Lleida","La Vansa i Fórnols","Lleida","Cataluña",NA,NA,NA,NA,"unmatched"
"La Vecilla, León","La Vecilla","León","Castilla y León",NA,NA,NA,NA,"unmatched"
"La Vellés, Salamanca","La Vellés","Salamanca","Castilla y León",NA,NA,NA,NA,"unmatched"
"La Victoria de Acentejo, Santa Cruz de Tenerife","La Victoria de Acentejo","Santa Cruz de Tenerife","Islas Canarias",NA,NA,NA,NA,"unmatched"
"La Victoria, Córdoba","La Victoria","Córdoba","Andalucía",NA,NA,NA,NA,"unmatched"
"La Vid de Bureba, Burgos","La Vid de Bureba","Burgos","Castilla y León",NA,NA,NA,NA,"unmatched"
"La Vid de Ojeda, Palencia","La Vid de Ojeda","Palencia","Castilla y León",NA,NA,NA,NA,"unmatched"
"La Vid y Barrios, Burgos","La Vid y Barrios","Burgos","Castilla y León",NA,NA,NA,NA,"unmatched"
"La Vilavella, Castellón","La Vilavella","Castellón","Comunidad Valenciana",NA,NA,NA,NA,"unmatched"
"La Vilella Alta, Tarragona","La Vilella Alta","Tarragona","Cataluña",NA,NA,NA,NA,"unmatched"
"La Vilella Baixa, Tarragona","La Vilella Baixa","Tarragona","Cataluña",NA,NA,NA,NA,"unmatched"
"La Villa de Don Fadrique, Toledo","La Villa de Don Fadrique","Toledo","Castilla-La Mancha",NA,NA,NA,NA,"unmatched"
"La Vilueña, Zaragoza","La Vilueña","Zaragoza","Aragón",NA,NA,NA,NA,"unmatched"
"La Vídola, Salamanca","La Vídola","Salamanca","Castilla y León",NA,NA,NA,NA,"unmatched"
"La Yesa, Valencia","La Yesa","Valencia","Comunidad Valenciana",NA,NA,NA,NA,"unmatched"
"La Yunta, Guadalajara","La Yunta","Guadalajara","Castilla-La Mancha",NA,NA,NA,NA,"unmatched"
"La Zaida, Zaragoza","La Zaida","Zaragoza","Aragón",NA,NA,NA,NA,"unmatched"
"La Zarza de Pumareda, Salamanca","La Zarza de Pumareda","Salamanca","Castilla y León",NA,NA,NA,NA,"unmatched"
"La Zarza, Badajoz","La Zarza","Badajoz","Extremadura",NA,NA,NA,NA,"unmatched"
"La Zarza, Valladolid","La Zarza","Valladolid","Castilla y León",NA,NA,NA,NA,"unmatched"
"La Zoma, Teruel","La Zoma","Teruel","Aragón",NA,NA,NA,NA,"unmatched"
"La Zubia, Granada","La Zubia","Granada","Andalucía","9223905","La Zubia","La Zubia,Andalusia,Spain","Municipality","name+community"
"Labajos, Segovia","Labajos","Segovia","Castilla y León",NA,NA,NA,NA,"unmatched"
"Labastida, Álava","Labastida","Álava","País Vasco",NA,NA,NA,NA,"unmatched"
"Labuerda, Huesca","Labuerda","Huesca","Aragón",NA,NA,NA,NA,"unmatched"
"Ladrillar, Cáceres","Ladrillar","Cáceres","Extremadura",NA,NA,NA,NA,"unmatched"
"Lagartera, Toledo","Lagartera","Toledo","Castilla-La Mancha",NA,NA,NA,NA,"unmatched"
"Lagartos, Palencia","Lagartos","Palencia","Castilla y León",NA,NA,NA,NA,"unmatched"
"Lagata, Zaragoza","Lagata","Zaragoza","Aragón",NA,NA,NA,NA,"unmatched"
"Lagrán, Álava","Lagrán","Álava","País Vasco",NA,NA,NA,NA,"unmatched"
"Laguardia, Álava","Laguardia","Álava","País Vasco",NA,NA,NA,NA,"unmatched"
"Lagueruela, Teruel","Lagueruela","Teruel","Aragón",NA,NA,NA,NA,"unmatched"
"Laguna Dalga, León","Laguna Dalga","León","Castilla y León",NA,NA,NA,NA,"unmatched"
"Laguna de Cameros, La Rioja","Laguna de Cameros","La Rioja","La Rioja",NA,NA,NA,NA,"unmatched"
"Laguna de Contreras, Segovia","Laguna de Contreras","Segovia","Castilla y León",NA,NA,NA,NA,"unmatched"
"Laguna de Duero, Valladolid","Laguna de Duero","Valladolid","Castilla y León",NA,NA,NA,NA,"unmatched"
"Laguna de Negrillos, León","Laguna de Negrillos","León","Castilla y León",NA,NA,NA,NA,"unmatched"
"Laguna del Marquesado, Cuenca","Laguna del Marquesado","Cuenca","Castilla-La Mancha",NA,NA,NA,NA,"unmatched"
"Lagunaseca, Cuenca","Lagunaseca","Cuenca","Castilla-La Mancha",NA,NA,NA,NA,"unmatched"
"Lagunilla del Jubera, La Rioja","Lagunilla del Jubera","La Rioja","La Rioja",NA,NA,NA,NA,"unmatched"
"Lagunilla, Salamanca","Lagunilla","Salamanca","Castilla y León",NA,NA,NA,NA,"unmatched"
"Lahiguera, Jaén","Lahiguera","Jaén","Andalucía",NA,NA,NA,NA,"unmatched"
"Lakuntza, Navarra","Lakuntza","Navarra","Comunidad Foral de Navarra",NA,NA,NA,NA,"unmatched"
"Laluenga, Huesca","Laluenga","Huesca","Aragón",NA,NA,NA,NA,"unmatched"
"Lalueza, Huesca","Lalueza","Huesca","Aragón",NA,NA,NA,NA,"unmatched"
"Lalín, Pontevedra","Lalín","Pontevedra","Galicia",NA,NA,NA,NA,"unmatched"
"Lamasón, Cantabria","Lamasón","Cantabria","Cantabria",NA,NA,NA,NA,"unmatched"
"Lana, Navarra","Lana","Navarra","Comunidad Foral de Navarra",NA,NA,NA,NA,"unmatched"
"Lanaja, Huesca","Lanaja","Huesca","Aragón",NA,NA,NA,NA,"unmatched"
"Lanciego, Álava","Lanciego","Álava","País Vasco",NA,NA,NA,NA,"unmatched"
"Landete, Cuenca","Landete","Cuenca","Castilla-La Mancha",NA,NA,NA,NA,"unmatched"
"Lanestosa, Vizcaya","Lanestosa","Vizcaya","País Vasco",NA,NA,NA,NA,"unmatched"
"Langa de Duero, Soria","Langa de Duero","Soria","Castilla y León",NA,NA,NA,NA,"unmatched"
"Langa del Castillo, Zaragoza","Langa del Castillo","Zaragoza","Aragón",NA,NA,NA,NA,"unmatched"
"Langa, Ávila","Langa","Ávila","Castilla y León",NA,NA,NA,NA,"unmatched"
"Langayo, Valladolid","Langayo","Valladolid","Castilla y León",NA,NA,NA,NA,"unmatched"
"Langreo, Asturias","Langreo","Asturias","Principado de Asturias","9207664","Langreo","Langreo,Asturias,Spain","Municipality","name+community"
"Languilla, Segovia","Languilla","Segovia","Castilla y León",NA,NA,NA,NA,"unmatched"
"Lanjarón, Granada","Lanjarón","Granada","Andalucía",NA,NA,NA,NA,"unmatched"
"Lantadilla, Palencia","Lantadilla","Palencia","Castilla y León",NA,NA,NA,NA,"unmatched"
"Lantarón, Álava","Lantarón","Álava","País Vasco",NA,NA,NA,NA,"unmatched"
"Lanteira, Granada","Lanteira","Granada","Andalucía",NA,NA,NA,NA,"unmatched"
"Lantz, Navarra","Lantz","Navarra","Comunidad Foral de Navarra",NA,NA,NA,NA,"unmatched"
"Lanzahíta, Ávila","Lanzahíta","Ávila","Castilla y León",NA,NA,NA,NA,"unmatched"
"Lanzuela, Teruel","Lanzuela","Teruel","Aragón",NA,NA,NA,NA,"unmatched"
"Laperdiguera, Huesca","Laperdiguera","Huesca","Aragón",NA,NA,NA,NA,"unmatched"
"Lapoblación, Navarra","Lapoblación","Navarra","Comunidad Foral de Navarra",NA,NA,NA,NA,"unmatched"
"Lapuebla de Labarca, Álava","Lapuebla de Labarca","Álava","País Vasco",NA,NA,NA,NA,"unmatched"
"Lardero, La Rioja","Lardero","La Rioja","La Rioja",NA,NA,NA,NA,"unmatched"
"Laredo, Cantabria","Laredo","Cantabria","Cantabria","9236191","Laredo","Laredo,Cantabria,Spain","Municipality","name+community"
"Larouco, Ourense","Larouco","Ourense","Galicia",NA,NA,NA,NA,"unmatched"
"Laroya, Almería","Laroya","Almería","Andalucía",NA,NA,NA,NA,"unmatched"
"Larrabetzu, Vizcaya","Larrabetzu","Vizcaya","País Vasco",NA,NA,NA,NA,"unmatched"
"Larraga, Navarra","Larraga","Navarra","Comunidad Foral de Navarra",NA,NA,NA,NA,"unmatched"
"Larraona, Navarra","Larraona","Navarra","Comunidad Foral de Navarra",NA,NA,NA,NA,"unmatched"
"Larraul, Guipúzcoa","Larraul","Guipúzcoa","País Vasco",NA,NA,NA,NA,"unmatched"
"Larraun, Navarra","Larraun","Navarra","Comunidad Foral de Navarra",NA,NA,NA,NA,"unmatched"
"Larrodrigo, Salamanca","Larrodrigo","Salamanca","Castilla y León",NA,NA,NA,NA,"unmatched"
"Larva, Jaén","Larva","Jaén","Andalucía",NA,NA,NA,NA,"unmatched"
"Las Aldehuelas, Soria","Las Aldehuelas","Soria","Castilla y León",NA,NA,NA,NA,"unmatched"
"Las Berlanas, Ávila","Las Berlanas","Ávila","Castilla y León",NA,NA,NA,NA,"unmatched"
"Las Cabezas de San Juan, Sevilla","Las Cabezas de San Juan","Sevilla","Andalucía",NA,NA,NA,NA,"unmatched"
"Las Casas del Conde, Salamanca","Las Casas del Conde","Salamanca","Castilla y León",NA,NA,NA,NA,"unmatched"
"Las Cuerlas, Zaragoza","Las Cuerlas","Zaragoza","Aragón",NA,NA,NA,NA,"unmatched"
"Las Gabias, Granada","Las Gabias","Granada","Andalucía","9230048","Las Gabias","Las Gabias,Andalusia,Spain","Municipality","name+community"
"Las Herencias, Toledo","Las Herencias","Toledo","Castilla-La Mancha",NA,NA,NA,NA,"unmatched"
"Las Hormazas, Burgos","Las Hormazas","Burgos","Castilla y León",NA,NA,NA,NA,"unmatched"
"Las Inviernas, Guadalajara","Las Inviernas","Guadalajara","Castilla-La Mancha",NA,NA,NA,NA,"unmatched"
"Las Labores, Ciudad Real","Las Labores","Ciudad Real","Castilla-La Mancha",NA,NA,NA,NA,"unmatched"
"Las Majadas, Cuenca","Las Majadas","Cuenca","Castilla-La Mancha",NA,NA,NA,NA,"unmatched"
"Las Mesas, Cuenca","Las Mesas","Cuenca","Castilla-La Mancha",NA,NA,NA,NA,"unmatched"
"Las Navas de Jadraque, Guadalajara","Las Navas de Jadraque","Guadalajara","Castilla-La Mancha",NA,NA,NA,NA,"unmatched"
"Las Navas de la Concepción, Sevilla","Las Navas de la Concepción","Sevilla","Andalucía",NA,NA,NA,NA,"unmatched"
"Las Navas del Marqués, Ávila","Las Navas del Marqués","Ávila","Castilla y León",NA,NA,NA,NA,"unmatched"
"Las Omañas, León","Las Omañas","León","Castilla y León",NA,NA,NA,NA,"unmatched"
"Las Palmas de Gran Canaria, Las Palmas","Las Palmas de Gran Canaria","Las Palmas","Islas Canarias","9248572","Las Palmas de Gran Canaria","Las Palmas de Gran Canaria,Canary Islands,Spain","Municipality","name+community"
"Las Parras de Castellote, Teruel","Las Parras de Castellote","Teruel","Aragón",NA,NA,NA,NA,"unmatched"
"Las Pedrosas, Zaragoza","Las Pedrosas","Zaragoza","Aragón",NA,NA,NA,NA,"unmatched"
"Las Pedroñeras, Cuenca","Las Pedroñeras","Cuenca","Castilla-La Mancha",NA,NA,NA,NA,"unmatched"
"Las Peñas de Riglos, Huesca","Las Peñas de Riglos","Huesca","Aragón","9212167","Las Penas de Riglos","Las Penas de Riglos,Aragon,Spain","Municipality","name+community"
"Las Quintanillas, Burgos","Las Quintanillas","Burgos","Castilla y León",NA,NA,NA,NA,"unmatched"
"Las Regueras, Asturias","Las Regueras","Asturias","Principado de Asturias",NA,NA,NA,NA,"unmatched"
"Las Rozas de Madrid, Madrid","Las Rozas de Madrid","Madrid","Comunidad de Madrid","9220905","Municipality of Las Rozas de Madrid","Municipality of Las Rozas de Madrid,Community of Madrid,Spain","Municipality","name+community"
"Las Rozas de Valdearroyo, Cantabria","Las Rozas de Valdearroyo","Cantabria","Cantabria",NA,NA,NA,NA,"unmatched"
"Las Torres de Cotillas, Murcia","Las Torres de Cotillas","Murcia","Región de Murcia","9211230","Las Torres de Cotillas","Las Torres de Cotillas,Region of Murcia,Spain","Municipality","name+community"
"Las Tres Villas, Almería","Las Tres Villas","Almería","Andalucía",NA,NA,NA,NA,"unmatched"
"Las Valeras, Cuenca","Las Valeras","Cuenca","Castilla-La Mancha",NA,NA,NA,NA,"unmatched"
"Las Veguillas, Salamanca","Las Veguillas","Salamanca","Castilla y León",NA,NA,NA,NA,"unmatched"
"Las Ventas con Peña Aguilera, Toledo","Las Ventas con Peña Aguilera","Toledo","Castilla-La Mancha",NA,NA,NA,NA,"unmatched"
"Las Ventas de Retamosa, Toledo","Las Ventas de Retamosa","Toledo","Castilla-La Mancha",NA,NA,NA,NA,"unmatched"
"Las Ventas de San Julián, Toledo","Las Ventas de San Julián","Toledo","Castilla-La Mancha",NA,NA,NA,NA,"unmatched"
"Lasarte-Oria, Guipúzcoa","Lasarte-Oria","Guipúzcoa","País Vasco","9217150","Lasarte-Oria","Lasarte-Oria,Basque Country,Spain","Municipality","name+community"
"Lascellas-Ponzano, Huesca","Lascellas-Ponzano","Huesca","Aragón",NA,NA,NA,NA,"unmatched"
"Lascuarre (Sagarras Altas), Huesca","Lascuarre (Sagarras Altas)","Huesca","Aragón",NA,NA,NA,NA,"unmatched"
"Lascuarre, Huesca","Lascuarre","Huesca","Aragón",NA,NA,NA,NA,"unmatched"
"Laspaúles, Huesca","Laspaúles","Huesca","Aragón","9215346","Laspaules","Laspaules,Aragon,Spain","Municipality","name+community"
"Laspuña, Huesca","Laspuña","Huesca","Aragón",NA,NA,NA,NA,"unmatched"
"Lastras de Cuéllar, Segovia","Lastras de Cuéllar","Segovia","Castilla y León",NA,NA,NA,NA,"unmatched"
"Lastras del Pozo, Segovia","Lastras del Pozo","Segovia","Castilla y León",NA,NA,NA,NA,"unmatched"
"Laukiz, Vizcaya","Laukiz","Vizcaya","País Vasco",NA,NA,NA,NA,"unmatched"
"Laviana, Asturias","Laviana","Asturias","Principado de Asturias",NA,NA,NA,NA,"unmatched"
"Laxe, A Coruña","Laxe","A Coruña","Galicia",NA,NA,NA,NA,"unmatched"
"Layana, Zaragoza","Layana","Zaragoza","Aragón",NA,NA,NA,NA,"unmatched"
"Layos, Toledo","Layos","Toledo","Castilla-La Mancha",NA,NA,NA,NA,"unmatched"
"Laza, Ourense","Laza","Ourense","Galicia",NA,NA,NA,NA,"unmatched"
"Lazagurría, Navarra","Lazagurría","Navarra","Comunidad Foral de Navarra",NA,NA,NA,NA,"unmatched"
"Lazkao, Guipúzcoa","Lazkao","Guipúzcoa","País Vasco",NA,NA,NA,NA,"unmatched"
"Leaburu, Guipúzcoa","Leaburu","Guipúzcoa","País Vasco",NA,NA,NA,NA,"unmatched"
"Leache, Navarra","Leache","Navarra","Comunidad Foral de Navarra",NA,NA,NA,NA,"unmatched"
"Lebrija, Sevilla","Lebrija","Sevilla","Andalucía","9049109","Lebrija","Lebrija,Andalusia,Spain","City","name+community"
"Lechón, Zaragoza","Lechón","Zaragoza","Aragón",NA,NA,NA,NA,"unmatched"
"Leciñena, Zaragoza","Leciñena","Zaragoza","Aragón",NA,NA,NA,NA,"unmatched"
"Lecrín, Granada","Lecrín","Granada","Andalucía",NA,NA,NA,NA,"unmatched"
"Ledanca, Guadalajara","Ledanca","Guadalajara","Castilla-La Mancha",NA,NA,NA,NA,"unmatched"
"Ledanía de Barbadillo del Mercad, Burgos","Ledanía de Barbadillo del Mercad","Burgos","Castilla y León",NA,NA,NA,NA,"unmatched"
"Ledanía de Hacinas, Salas de los, Burgos","Ledanía de Hacinas, Salas de los","Burgos","Castilla y León",NA,NA,NA,NA,"unmatched"
"Ledaña, Cuenca","Ledaña","Cuenca","Castilla-La Mancha",NA,NA,NA,NA,"unmatched"
"Ledesma de la Cogolla, La Rioja","Ledesma de la Cogolla","La Rioja","La Rioja",NA,NA,NA,NA,"unmatched"
"Ledesma, Salamanca","Ledesma","Salamanca","Castilla y León",NA,NA,NA,NA,"unmatched"
"Ledigos, Palencia","Ledigos","Palencia","Castilla y León",NA,NA,NA,NA,"unmatched"
"Ledrada, Salamanca","Ledrada","Salamanca","Castilla y León",NA,NA,NA,NA,"unmatched"
"Leganiel, Cuenca","Leganiel","Cuenca","Castilla-La Mancha",NA,NA,NA,NA,"unmatched"
"Leganés, Madrid","Leganés","Madrid","Comunidad de Madrid","1005492","Leganes","Leganes,Community of Madrid,Spain","City","name+community"
"Legarda, Navarra","Legarda","Navarra","Comunidad Foral de Navarra",NA,NA,NA,NA,"unmatched"
"Legaria, Navarra","Legaria","Navarra","Comunidad Foral de Navarra",NA,NA,NA,NA,"unmatched"
"Legazpi, Guipúzcoa","Legazpi","Guipúzcoa","País Vasco","9219825","Legazpi","Legazpi,Basque Country,Spain","Municipality","name+community"
"Legorreta, Guipúzcoa","Legorreta","Guipúzcoa","País Vasco",NA,NA,NA,NA,"unmatched"
"Legutiano, Álava","Legutiano","Álava","País Vasco",NA,NA,NA,NA,"unmatched"
"Leintz-Gatzaga, Guipúzcoa","Leintz-Gatzaga","Guipúzcoa","País Vasco",NA,NA,NA,NA,"unmatched"
"Leioa, Vizcaya","Leioa","Vizcaya","País Vasco","9049110","Leioa","Leioa,Basque Country,Spain","City","name+community"
"Leiro, Ourense","Leiro","Ourense","Galicia",NA,NA,NA,NA,"unmatched"
"Leitza, Navarra","Leitza","Navarra","Comunidad Foral de Navarra",NA,NA,NA,NA,"unmatched"
"Leiva, La Rioja","Leiva","La Rioja","La Rioja",NA,NA,NA,NA,"unmatched"
"Lekeitio, Vizcaya","Lekeitio","Vizcaya","País Vasco",NA,NA,NA,NA,"unmatched"
"Lekunberri, Navarra","Lekunberri","Navarra","Comunidad Foral de Navarra",NA,NA,NA,NA,"unmatched"
"Lemoa, Vizcaya","Lemoa","Vizcaya","País Vasco",NA,NA,NA,NA,"unmatched"
"Lemoiz, Vizcaya","Lemoiz","Vizcaya","País Vasco",NA,NA,NA,NA,"unmatched"
"Lena, Asturias","Lena","Asturias","Principado de Asturias","9207128","Lena","Lena,Asturias,Spain","Municipality","name+community"
"Lentegí, Granada","Lentegí","Granada","Andalucía",NA,NA,NA,NA,"unmatched"
"Leoz, Navarra","Leoz","Navarra","Comunidad Foral de Navarra",NA,NA,NA,NA,"unmatched"
"Lepe, Huelva","Lepe","Huelva","Andalucía","9242950","Lepe","Lepe,Andalusia,Spain","Municipality","name+community"
"Lerga, Navarra","Lerga","Navarra","Comunidad Foral de Navarra",NA,NA,NA,NA,"unmatched"
"Lerma, Burgos","Lerma","Burgos","Castilla y León",NA,NA,NA,NA,"unmatched"
"Lerín, Navarra","Lerín","Navarra","Comunidad Foral de Navarra",NA,NA,NA,NA,"unmatched"
"Les Avellanes i Santa Linya, Lleida","Les Avellanes i Santa Linya","Lleida","Cataluña",NA,NA,NA,NA,"unmatched"
"Les Borges Blanques, Lleida","Les Borges Blanques","Lleida","Cataluña",NA,NA,NA,NA,"unmatched"
"Les Borges del Camp, Tarragona","Les Borges del Camp","Tarragona","Cataluña","9216969","Les Borges del Camp","Les Borges del Camp,Catalonia,Spain","Municipality","name+community"
"Les Cabanyes, Barcelona","Les Cabanyes","Barcelona","Cataluña",NA,NA,NA,NA,"unmatched"
"Les Coves de Vinromà, Castellón","Les Coves de Vinromà","Castellón","Comunidad Valenciana",NA,NA,NA,NA,"unmatched"
"Les Franqueses del Vallès, Barcelona","Les Franqueses del Vallès","Barcelona","Cataluña","9215709","Les Franqueses del Valles","Les Franqueses del Valles,Catalonia,Spain","Municipality","name+community"
"Les Llosses, Girona","Les Llosses","Girona","Cataluña",NA,NA,NA,NA,"unmatched"
"Les Masies de Roda, Barcelona","Les Masies de Roda","Barcelona","Cataluña",NA,NA,NA,NA,"unmatched"
"Les Masies de Voltregà, Barcelona","Les Masies de Voltregà","Barcelona","Cataluña",NA,NA,NA,NA,"unmatched"
"Les Oluges, Lleida","Les Oluges","Lleida","Cataluña",NA,NA,NA,NA,"unmatched"
"Les Piles, Tarragona","Les Piles","Tarragona","Cataluña",NA,NA,NA,NA,"unmatched"
"Les Planes d'Hostoles, Girona","Les Planes d'Hostoles","Girona","Cataluña",NA,NA,NA,NA,"unmatched"
"Les Preses, Girona","Les Preses","Girona","Cataluña",NA,NA,NA,NA,"unmatched"
"Les Useras, Castellón","Les Useras","Castellón","Comunidad Valenciana",NA,NA,NA,NA,"unmatched"
"Les Valls d'Aguilar, Lleida","Les Valls d'Aguilar","Lleida","Cataluña",NA,NA,NA,NA,"unmatched"
"Les Valls de Valira, Lleida","Les Valls de Valira","Lleida","Cataluña",NA,NA,NA,NA,"unmatched"
"Les, Lleida","Les","Lleida","Cataluña",NA,NA,NA,NA,"unmatched"
"Lesaka, Navarra","Lesaka","Navarra","Comunidad Foral de Navarra",NA,NA,NA,NA,"unmatched"
"Letur, Albacete","Letur","Albacete","Castilla-La Mancha",NA,NA,NA,NA,"unmatched"
"Letux, Zaragoza","Letux","Zaragoza","Aragón",NA,NA,NA,NA,"unmatched"
"Leza de Río Leza, La Rioja","Leza de Río Leza","La Rioja","La Rioja",NA,NA,NA,NA,"unmatched"
"Leza, Álava","Leza","Álava","País Vasco",NA,NA,NA,NA,"unmatched"
"Lezama, Vizcaya","Lezama","Vizcaya","País Vasco",NA,NA,NA,NA,"unmatched"
"Lezo, Guipúzcoa","Lezo","Guipúzcoa","País Vasco","9256865","Lezo","Lezo,Basque Country,Spain","Municipality","name+community"
"Lezuza, Albacete","Lezuza","Albacete","Castilla-La Mancha",NA,NA,NA,NA,"unmatched"
"Lezáun, Navarra","Lezáun","Navarra","Comunidad Foral de Navarra",NA,NA,NA,NA,"unmatched"
"León, León","León","León","Castilla y León","1005452","Leon","Leon,Castile and Leon,Spain","City","name+community"
"Librilla, Murcia","Librilla","Murcia","Región de Murcia",NA,NA,NA,NA,"unmatched"
"Libros, Teruel","Libros","Teruel","Aragón",NA,NA,NA,NA,"unmatched"
"Liceras, Soria","Liceras","Soria","Castilla y León",NA,NA,NA,NA,"unmatched"
"Lidón, Teruel","Lidón","Teruel","Aragón",NA,NA,NA,NA,"unmatched"
"Liendo, Cantabria","Liendo","Cantabria","Cantabria",NA,NA,NA,NA,"unmatched"
"Lillo, Toledo","Lillo","Toledo","Castilla-La Mancha",NA,NA,NA,NA,"unmatched"
"Limpias, Cantabria","Limpias","Cantabria","Cantabria",NA,NA,NA,NA,"unmatched"
"Linares de Mora, Teruel","Linares de Mora","Teruel","Aragón",NA,NA,NA,NA,"unmatched"
"Linares de Riofrío, Salamanca","Linares de Riofrío","Salamanca","Castilla y León",NA,NA,NA,NA,"unmatched"
"Linares de la Sierra, Huelva","Linares de la Sierra","Huelva","Andalucía",NA,NA,NA,NA,"unmatched"
"Linares, Jaén","Linares","Jaén","Andalucía","9210404","Linares","Linares,Andalusia,Spain","Municipality","name+community"
"Linyola, Lleida","Linyola","Lleida","Cataluña",NA,NA,NA,NA,"unmatched"
"Litago, Zaragoza","Litago","Zaragoza","Aragón",NA,NA,NA,NA,"unmatched"
"Lituénigo, Zaragoza","Lituénigo","Zaragoza","Aragón",NA,NA,NA,NA,"unmatched"
"Lizartza, Guipúzcoa","Lizartza","Guipúzcoa","País Vasco",NA,NA,NA,NA,"unmatched"
"Lizoáin, Navarra","Lizoáin","Navarra","Comunidad Foral de Navarra",NA,NA,NA,NA,"unmatched"
"Liédena, Navarra","Liédena","Navarra","Comunidad Foral de Navarra",NA,NA,NA,NA,"unmatched"
"Liérganes, Cantabria","Liérganes","Cantabria","Cantabria",NA,NA,NA,NA,"unmatched"
"Liétor, Albacete","Liétor","Albacete","Castilla-La Mancha",NA,NA,NA,NA,"unmatched"
"Lladorre, Lleida","Lladorre","Lleida","Cataluña",NA,NA,NA,NA,"unmatched"
"Lladurs, Lleida","Lladurs","Lleida","Cataluña",NA,NA,NA,NA,"unmatched"
"Lladó, Girona","Lladó","Girona","Cataluña",NA,NA,NA,NA,"unmatched"
"Llagostera, Girona","Llagostera","Girona","Cataluña","9251534","Llagostera","Llagostera,Catalonia,Spain","City","name+community"
"Llamas de la Ribera, León","Llamas de la Ribera","León","Castilla y León",NA,NA,NA,NA,"unmatched"
"Llambilles, Girona","Llambilles","Girona","Cataluña",NA,NA,NA,NA,"unmatched"
"Llanars, Girona","Llanars","Girona","Cataluña",NA,NA,NA,NA,"unmatched"
"Llanera de Ranes, Valencia","Llanera de Ranes","Valencia","Comunidad Valenciana",NA,NA,NA,NA,"unmatched"
"Llanera, Asturias","Llanera","Asturias","Principado de Asturias",NA,NA,NA,NA,"unmatched"
"Llanes, Asturias","Llanes","Asturias","Principado de Asturias","9212643","Llanes","Llanes,Asturias,Spain","Municipality","name+community"
"Llano de Bureba, Burgos","Llano de Bureba","Burgos","Castilla y León",NA,NA,NA,NA,"unmatched"
"Llano de Olmedo, Valladolid","Llano de Olmedo","Valladolid","Castilla y León",NA,NA,NA,NA,"unmatched"
"Llanos del Caudillo, Ciudad Real","Llanos del Caudillo","Ciudad Real","Castilla-La Mancha",NA,NA,NA,NA,"unmatched"
"Llançà, Girona","Llançà","Girona","Cataluña","9214162","Llanca","Llanca,Catalonia,Spain","Municipality","name+community"
"Llardecans, Lleida","Llardecans","Lleida","Cataluña",NA,NA,NA,NA,"unmatched"
"Llaurí, Valencia","Llaurí","Valencia","Comunidad Valenciana",NA,NA,NA,NA,"unmatched"
"Llavorsí, Lleida","Llavorsí","Lleida","Cataluña",NA,NA,NA,NA,"unmatched"
"Lledó, Teruel","Lledó","Teruel","Aragón",NA,NA,NA,NA,"unmatched"
"Lleida, Lleida","Lleida","Lleida","Cataluña","9217269","Lleida","Lleida,Catalonia,Spain","Municipality","name+community"
"Llera, Badajoz","Llera","Badajoz","Extremadura",NA,NA,NA,NA,"unmatched"
"Llerena, Badajoz","Llerena","Badajoz","Extremadura",NA,NA,NA,NA,"unmatched"
"Llers, Girona","Llers","Girona","Cataluña",NA,NA,NA,NA,"unmatched"
"Lles de Cerdanya, Lleida","Lles de Cerdanya","Lleida","Cataluña",NA,NA,NA,NA,"unmatched"
"Llimiana, Lleida","Llimiana","Lleida","Cataluña",NA,NA,NA,NA,"unmatched"
"Llinars del Vallès, Barcelona","Llinars del Vallès","Barcelona","Cataluña","9218174","Llinars del Valles","Llinars del Valles,Catalonia,Spain","Municipality","name+community"
"Lliçà d'Amunt, Barcelona","Lliçà d'Amunt","Barcelona","Cataluña",NA,NA,NA,NA,"unmatched"
"Lliçà de Vall, Barcelona","Lliçà de Vall","Barcelona","Cataluña","9260875","Llica de Vall","Llica de Vall,Catalonia,Spain","Municipality","name+community"
"Llobera, Lleida","Llobera","Lleida","Cataluña",NA,NA,NA,NA,"unmatched"
"Llocnou d'En Fenollet, Valencia","Llocnou d'En Fenollet","Valencia","Comunidad Valenciana",NA,NA,NA,NA,"unmatched"
"Llocnou de Sant Jeroni, Valencia","Llocnou de Sant Jeroni","Valencia","Comunidad Valenciana",NA,NA,NA,NA,"unmatched"
"Llodio, Álava","Llodio","Álava","País Vasco",NA,NA,NA,NA,"unmatched"
"Llombai, Valencia","Llombai","Valencia","Comunidad Valenciana",NA,NA,NA,NA,"unmatched"
"Llorac, Tarragona","Llorac","Tarragona","Cataluña",NA,NA,NA,NA,"unmatched"
"Llorenç del Penedès, Tarragona","Llorenç del Penedès","Tarragona","Cataluña",NA,NA,NA,NA,"unmatched"
"Lloret de Mar, Girona","Lloret de Mar","Girona","Cataluña","9196072","Lloret de Mar","Lloret de Mar,Catalonia,Spain","City","name+community"
"Lloret de Vistalegre, Baleares","Lloret de Vistalegre","Baleares","Islas Baleares","9212496","Lloret de Vistalegre","Lloret de Vistalegre,Balearic Islands,Spain","Municipality","name+community"
"Lloseta, Baleares","Lloseta","Baleares","Islas Baleares","9213242","Lloseta","Lloseta,Balearic Islands,Spain","Municipality","name+community"
"Llubí, Baleares","Llubí","Baleares","Islas Baleares","9208517","Llubi","Llubi,Balearic Islands,Spain","Municipality","name+community"
"Llucmajor, Baleares","Llucmajor","Baleares","Islas Baleares","9219582","Llucmajor","Llucmajor,Balearic Islands,Spain","Municipality","name+community"
"Llutxent, Valencia","Llutxent","Valencia","Comunidad Valenciana",NA,NA,NA,NA,"unmatched"
"Lluçà, Barcelona","Lluçà","Barcelona","Cataluña",NA,NA,NA,NA,"unmatched"
"Llíber, Alicante","Llíber","Alicante","Comunidad Valenciana",NA,NA,NA,NA,"unmatched"
"Llíria, Valencia","Llíria","Valencia","Comunidad Valenciana","9208999","Lliria","Lliria,Valencian Community,Spain","Municipality","name+community"
"Llívia, Girona","Llívia","Girona","Cataluña",NA,NA,NA,NA,"unmatched"
"Loarre, Huesca","Loarre","Huesca","Aragón",NA,NA,NA,NA,"unmatched"
"Lobeira, Ourense","Lobeira","Ourense","Galicia",NA,NA,NA,NA,"unmatched"
"Lobera de Onsella, Zaragoza","Lobera de Onsella","Zaragoza","Aragón",NA,NA,NA,NA,"unmatched"
"Lobios, Ourense","Lobios","Ourense","Galicia",NA,NA,NA,NA,"unmatched"
"Lobras, Granada","Lobras","Granada","Andalucía",NA,NA,NA,NA,"unmatched"
"Lobón, Badajoz","Lobón","Badajoz","Extremadura",NA,NA,NA,NA,"unmatched"
"Lodosa, Navarra","Lodosa","Navarra","Comunidad Foral de Navarra",NA,NA,NA,NA,"unmatched"
"Loeches, Madrid","Loeches","Madrid","Comunidad de Madrid",NA,NA,NA,NA,"unmatched"
"Logrosán, Cáceres","Logrosán","Cáceres","Extremadura",NA,NA,NA,NA,"unmatched"
"Logroño, La Rioja","Logroño","La Rioja","La Rioja","1005485","Logrono","Logrono,La Rioja,Spain","City","name+community"
"Loiu, Vizcaya","Loiu","Vizcaya","País Vasco","9242859","Loiu","Loiu,Basque Country,Spain","Municipality","name+community"
"Loja, Granada","Loja","Granada","Andalucía","9049116","Loja","Loja,Andalusia,Spain","City","name+community"
"Loma de Ucieza, Palencia","Loma de Ucieza","Palencia","Castilla y León",NA,NA,NA,NA,"unmatched"
"Lomas, Palencia","Lomas","Palencia","Castilla y León",NA,NA,NA,NA,"unmatched"
"Lominchar, Toledo","Lominchar","Toledo","Castilla-La Mancha",NA,NA,NA,NA,"unmatched"
"Lomoviejo, Valladolid","Lomoviejo","Valladolid","Castilla y León",NA,NA,NA,NA,"unmatched"
"Longares, Zaragoza","Longares","Zaragoza","Aragón",NA,NA,NA,NA,"unmatched"
"Longás, Zaragoza","Longás","Zaragoza","Aragón",NA,NA,NA,NA,"unmatched"
"Lopera, Jaén","Lopera","Jaén","Andalucía",NA,NA,NA,NA,"unmatched"
"Loporzano, Huesca","Loporzano","Huesca","Aragón",NA,NA,NA,NA,"unmatched"
"Lora de Estepa, Sevilla","Lora de Estepa","Sevilla","Andalucía",NA,NA,NA,NA,"unmatched"
"Lora del Río, Sevilla","Lora del Río","Sevilla","Andalucía","9049117","Lora del Rio","Lora del Rio,Andalusia,Spain","City","name+community"
"Loranca de Tajuña, Guadalajara","Loranca de Tajuña","Guadalajara","Castilla-La Mancha",NA,NA,NA,NA,"unmatched"
"Lorca, Murcia","Lorca","Murcia","Región de Murcia","1005500","Lorca","Lorca,Region of Murcia,Spain","City","name+community"
"Lorcha, Alicante","Lorcha","Alicante","Comunidad Valenciana",NA,NA,NA,NA,"unmatched"
"Loriguilla, Valencia","Loriguilla","Valencia","Comunidad Valenciana",NA,NA,NA,NA,"unmatched"
"Lorquí, Murcia","Lorquí","Murcia","Región de Murcia",NA,NA,NA,NA,"unmatched"
"Los Alcázares, Murcia","Los Alcázares","Murcia","Región de Murcia","9214789","Los Alcazares","Los Alcazares,Region of Murcia,Spain","City","name+community"
"Los Altos, Burgos","Los Altos","Burgos","Castilla y León","9217283","Los Altos","Los Altos,Castile and Leon,Spain","Municipality","name+community"
"Los Arcos, Navarra","Los Arcos","Navarra","Comunidad Foral de Navarra",NA,NA,NA,NA,"unmatched"
"Los Ausines, Burgos","Los Ausines","Burgos","Castilla y León",NA,NA,NA,NA,"unmatched"
"Los Balbases, Burgos","Los Balbases","Burgos","Castilla y León",NA,NA,NA,NA,"unmatched"
"Los Barrios de Bureba, Burgos","Los Barrios de Bureba","Burgos","Castilla y León",NA,NA,NA,NA,"unmatched"
"Los Barrios de Luna, León","Los Barrios de Luna","León","Castilla y León",NA,NA,NA,NA,"unmatched"
"Los Barrios, Cádiz","Los Barrios","Cádiz","Andalucía","9049118","Los Barrios","Los Barrios,Andalusia,Spain","City","name+community"
"Los Blázque, Córdoba","Los Blázque","Córdoba","Andalucía",NA,NA,NA,NA,"unmatched"
"Los Cerralbos, Toledo","Los Cerralbos","Toledo","Castilla-La Mancha",NA,NA,NA,NA,"unmatched"
"Los Corrales de Buelna, Cantabria","Los Corrales de Buelna","Cantabria","Cantabria","9049119","Los Corrales de Buelna","Los Corrales de Buelna,Cantabria,Spain","City","name+community"
"Los Corrales, Sevilla","Los Corrales","Sevilla","Andalucía",NA,NA,NA,NA,"unmatched"
"Los Cortijos, Ciudad Real","Los Cortijos","Ciudad Real","Castilla-La Mancha",NA,NA,NA,NA,"unmatched"
"Los Fayos, Zaragoza","Los Fayos","Zaragoza","Aragón",NA,NA,NA,NA,"unmatched"
"Los Gallardos, Almería","Los Gallardos","Almería","Andalucía",NA,NA,NA,NA,"unmatched"
"Los Guajares, Granada","Los Guajares","Granada","Andalucía",NA,NA,NA,NA,"unmatched"
"Los Hinojosos, Cuenca","Los Hinojosos","Cuenca","Castilla-La Mancha",NA,NA,NA,NA,"unmatched"
"Los Huertos, Segovia","Los Huertos","Segovia","Castilla y León",NA,NA,NA,NA,"unmatched"
"Los Llanos de Aridane, Santa Cruz de Tenerife","Los Llanos de Aridane","Santa Cruz de Tenerife","Islas Canarias","9214155","Los Llanos de Aridane","Los Llanos de Aridane,Canary Islands,Spain","Municipality","name+community"
"Los Llanos de Tormes, Ávila","Los Llanos de Tormes","Ávila","Castilla y León",NA,NA,NA,NA,"unmatched"
"Los Marines, Huelva","Los Marines","Huelva","Andalucía",NA,NA,NA,NA,"unmatched"
"Los Molares, Sevilla","Los Molares","Sevilla","Andalucía",NA,NA,NA,NA,"unmatched"
"Los Molinos, Madrid","Los Molinos","Madrid","Comunidad de Madrid","9236389","Los Molinos","Los Molinos,Community of Madrid,Spain","City","name+community"
"Los Montesinos, Alicante","Los Montesinos","Alicante","Comunidad Valenciana","9246206","Los Montesinos","Los Montesinos,Valencian Community,Spain","Municipality","name+community"
"Los Navalmorales, Toledo","Los Navalmorales","Toledo","Castilla-La Mancha",NA,NA,NA,NA,"unmatched"
"Los Navalucillos, Toledo","Los Navalucillos","Toledo","Castilla-La Mancha",NA,NA,NA,NA,"unmatched"
"Los Olmos, Teruel","Los Olmos","Teruel","Aragón",NA,NA,NA,NA,"unmatched"
"Los Palacios y Villafranca, Sevilla","Los Palacios y Villafranca","Sevilla","Andalucía","9049120","Los Palacios y Villafranca","Los Palacios y Villafranca,Andalusia,Spain","City","name+community"
"Los Pintanos, Zaragoza","Los Pintanos","Zaragoza","Aragón",NA,NA,NA,NA,"unmatched"
"Los Pozuelos de Calatrava, Ciudad Real","Los Pozuelos de Calatrava","Ciudad Real","Castilla-La Mancha",NA,NA,NA,NA,"unmatched"
"Los Realejos, Santa Cruz de Tenerife","Los Realejos","Santa Cruz de Tenerife","Islas Canarias","9211799","Los Realejos","Los Realejos,Canary Islands,Spain","City","name+community"
"Los Rábanos, Soria","Los Rábanos","Soria","Castilla y León",NA,NA,NA,NA,"unmatched"
"Los Santos de Maimona, Badajoz","Los Santos de Maimona","Badajoz","Extremadura",NA,NA,NA,NA,"unmatched"
"Los Santos de la Humosa, Madrid","Los Santos de la Humosa","Madrid","Comunidad de Madrid",NA,NA,NA,NA,"unmatched"
"Los Santos, Salamanca","Los Santos","Salamanca","Castilla y León",NA,NA,NA,NA,"unmatched"
"Los Silos, Santa Cruz de Tenerife","Los Silos","Santa Cruz de Tenerife","Islas Canarias",NA,NA,NA,NA,"unmatched"
"Los Tojos, Cantabria","Los Tojos","Cantabria","Cantabria",NA,NA,NA,NA,"unmatched"
"Los Valdecolmenas, Cuenca","Los Valdecolmenas","Cuenca","Castilla-La Mancha",NA,NA,NA,NA,"unmatched"
"Los Villares de Soria, Soria","Los Villares de Soria","Soria","Castilla y León",NA,NA,NA,NA,"unmatched"
"Los Villares, Jaén","Los Villares","Jaén","Andalucía",NA,NA,NA,NA,"unmatched"
"Los Yébenes, Toledo","Los Yébenes","Toledo","Castilla-La Mancha",NA,NA,NA,NA,"unmatched"
"Losa del Obispo, Valencia","Losa del Obispo","Valencia","Comunidad Valenciana",NA,NA,NA,NA,"unmatched"
"Losacino, Zamora","Losacino","Zamora","Castilla y León",NA,NA,NA,NA,"unmatched"
"Losacio, Zamora","Losacio","Zamora","Castilla y León",NA,NA,NA,NA,"unmatched"
"Losar de la Vera, Cáceres","Losar de la Vera","Cáceres","Extremadura",NA,NA,NA,NA,"unmatched"
"Loscorrales, Huesca","Loscorrales","Huesca","Aragón",NA,NA,NA,NA,"unmatched"
"Loscos, Teruel","Loscos","Teruel","Aragón",NA,NA,NA,NA,"unmatched"
"Lourenzá, Lugo","Lourenzá","Lugo","Galicia",NA,NA,NA,NA,"unmatched"
"Lousame, A Coruña","Lousame","A Coruña","Galicia",NA,NA,NA,NA,"unmatched"
"Lozoya, Madrid","Lozoya","Madrid","Comunidad de Madrid",NA,NA,NA,NA,"unmatched"
"Lozoyuela-Navas-Sieteiglesias, Madrid","Lozoyuela-Navas-Sieteiglesias","Madrid","Comunidad de Madrid",NA,NA,NA,NA,"unmatched"
"Lubián, Zamora","Lubián","Zamora","Castilla y León",NA,NA,NA,NA,"unmatched"
"Lubrín, Almería","Lubrín","Almería","Andalucía",NA,NA,NA,NA,"unmatched"
"Lucainena de las Torres, Almería","Lucainena de las Torres","Almería","Andalucía",NA,NA,NA,NA,"unmatched"
"Lucena de Jalón, Zaragoza","Lucena de Jalón","Zaragoza","Aragón",NA,NA,NA,NA,"unmatched"
"Lucena del Cid, Castellón","Lucena del Cid","Castellón","Comunidad Valenciana",NA,NA,NA,NA,"unmatched"
"Lucena del Puerto, Huelva","Lucena del Puerto","Huelva","Andalucía",NA,NA,NA,NA,"unmatched"
"Lucena, Córdoba","Lucena","Córdoba","Andalucía","9049121","Lucena","Lucena,Andalusia,Spain","City","name+community"
"Luceni, Zaragoza","Luceni","Zaragoza","Aragón",NA,NA,NA,NA,"unmatched"
"Luciana, Ciudad Real","Luciana","Ciudad Real","Castilla-La Mancha",NA,NA,NA,NA,"unmatched"
"Lucillo, León","Lucillo","León","Castilla y León",NA,NA,NA,NA,"unmatched"
"Lucillos, Toledo","Lucillos","Toledo","Castilla-La Mancha",NA,NA,NA,NA,"unmatched"
"Ludiente, Castellón","Ludiente","Castellón","Comunidad Valenciana",NA,NA,NA,NA,"unmatched"
"Luelmo, Zamora","Luelmo","Zamora","Castilla y León",NA,NA,NA,NA,"unmatched"
"Luena, Cantabria","Luena","Cantabria","Cantabria",NA,NA,NA,NA,"unmatched"
"Luesia, Zaragoza","Luesia","Zaragoza","Aragón",NA,NA,NA,NA,"unmatched"
"Luesma, Zaragoza","Luesma","Zaragoza","Aragón",NA,NA,NA,NA,"unmatched"
"Lugar Nuevo de la Corona, Valencia","Lugar Nuevo de la Corona","Valencia","Comunidad Valenciana",NA,NA,NA,NA,"unmatched"
"Lugo, Lugo","Lugo","Lugo","Galicia","9220439","Lugo","Lugo,Galicia,Spain","Municipality","name+community"
"Lugros, Granada","Lugros","Granada","Andalucía",NA,NA,NA,NA,"unmatched"
"Lumbier, Navarra","Lumbier","Navarra","Comunidad Foral de Navarra",NA,NA,NA,NA,"unmatched"
"Lumbrales, Salamanca","Lumbrales","Salamanca","Castilla y León",NA,NA,NA,NA,"unmatched"
"Lumbreras, La Rioja","Lumbreras","La Rioja","La Rioja",NA,NA,NA,NA,"unmatched"
"Lumpiaque, Zaragoza","Lumpiaque","Zaragoza","Aragón",NA,NA,NA,NA,"unmatched"
"Luna, Zaragoza","Luna","Zaragoza","Aragón",NA,NA,NA,NA,"unmatched"
"Lupiana, Guadalajara","Lupiana","Guadalajara","Castilla-La Mancha",NA,NA,NA,NA,"unmatched"
"Lupiñén-Ortilla, Huesca","Lupiñén-Ortilla","Huesca","Aragón",NA,NA,NA,NA,"unmatched"
"Lupión, Jaén","Lupión","Jaén","Andalucía",NA,NA,NA,NA,"unmatched"
"Luque, Córdoba","Luque","Córdoba","Andalucía",NA,NA,NA,NA,"unmatched"
"Luquin, Navarra","Luquin","Navarra","Comunidad Foral de Navarra",NA,NA,NA,NA,"unmatched"
"Luyego, León","Luyego","León","Castilla y León",NA,NA,NA,NA,"unmatched"
"Luzaga, Guadalajara","Luzaga","Guadalajara","Castilla-La Mancha",NA,NA,NA,NA,"unmatched"
"Luzaide, Navarra","Luzaide","Navarra","Comunidad Foral de Navarra",NA,NA,NA,NA,"unmatched"
"Luzón, Guadalajara","Luzón","Guadalajara","Castilla-La Mancha",NA,NA,NA,NA,"unmatched"
"Láchar, Granada","Láchar","Granada","Andalucía",NA,NA,NA,NA,"unmatched"
"Láncara, Lugo","Láncara","Lugo","Galicia","9218974","Lancara","Lancara,Galicia,Spain","Municipality","name+community"
"Láujar de Andarax, Almería","Láujar de Andarax","Almería","Andalucía",NA,NA,NA,NA,"unmatched"
"Lécera, Zaragoza","Lécera","Zaragoza","Aragón",NA,NA,NA,NA,"unmatched"
"Líjar, Almería","Líjar","Almería","Andalucía",NA,NA,NA,NA,"unmatched"
"Lónguida, Navarra","Lónguida","Navarra","Comunidad Foral de Navarra",NA,NA,NA,NA,"unmatched"
"Lúcar, Almería","Lúcar","Almería","Andalucía",NA,NA,NA,NA,"unmatched"
"Lújar, Granada","Lújar","Granada","Andalucía",NA,NA,NA,NA,"unmatched"
"Macael, Almería","Macael","Almería","Andalucía","9213953","Macael","Macael,Andalusia,Spain","Municipality","name+community"
"Macastre, Valencia","Macastre","Valencia","Comunidad Valenciana",NA,NA,NA,NA,"unmatched"
"Maceda, Ourense","Maceda","Ourense","Galicia",NA,NA,NA,NA,"unmatched"
"Machacón, Salamanca","Machacón","Salamanca","Castilla y León",NA,NA,NA,NA,"unmatched"
"Macharaviaya, Málaga","Macharaviaya","Málaga","Andalucía",NA,NA,NA,NA,"unmatched"
"Macotera, Salamanca","Macotera","Salamanca","Castilla y León",NA,NA,NA,NA,"unmatched"
"Madarcos, Madrid","Madarcos","Madrid","Comunidad de Madrid",NA,NA,NA,NA,"unmatched"
"Maderuelo, Segovia","Maderuelo","Segovia","Castilla y León",NA,NA,NA,NA,"unmatched"
"Madremanya, Girona","Madremanya","Girona","Cataluña",NA,NA,NA,NA,"unmatched"
"Madrid, Madrid","Madrid","Madrid","Comunidad de Madrid","9212393","Municipality of Madrid","Municipality of Madrid,Community of Madrid,Spain","Municipality","name+community"
"Madridanos, Zamora","Madridanos","Zamora","Castilla y León",NA,NA,NA,NA,"unmatched"
"Madridejos, Toledo","Madridejos","Toledo","Castilla-La Mancha","9227800","Madridejos","Madridejos,Castile-La Mancha,Spain","Municipality","name+community"
"Madrigal de la Vera, Cáceres","Madrigal de la Vera","Cáceres","Extremadura",NA,NA,NA,NA,"unmatched"
"Madrigal de las Altas Torres, Ávila","Madrigal de las Altas Torres","Ávila","Castilla y León",NA,NA,NA,NA,"unmatched"
"Madrigal del Monte, Burgos","Madrigal del Monte","Burgos","Castilla y León",NA,NA,NA,NA,"unmatched"
"Madrigalejo del Monte, Burgos","Madrigalejo del Monte","Burgos","Castilla y León",NA,NA,NA,NA,"unmatched"
"Madrigalejo, Cáceres","Madrigalejo","Cáceres","Extremadura",NA,NA,NA,NA,"unmatched"
"Madrigueras, Albacete","Madrigueras","Albacete","Castilla-La Mancha",NA,NA,NA,NA,"unmatched"
"Madroñal, Salamanca","Madroñal","Salamanca","Castilla y León",NA,NA,NA,NA,"unmatched"
"Madroñera, Cáceres","Madroñera","Cáceres","Extremadura",NA,NA,NA,NA,"unmatched"
"Maella, Zaragoza","Maella","Zaragoza","Aragón",NA,NA,NA,NA,"unmatched"
"Maello, Ávila","Maello","Ávila","Castilla y León",NA,NA,NA,NA,"unmatched"
"Magacela, Badajoz","Magacela","Badajoz","Extremadura",NA,NA,NA,NA,"unmatched"
"Magallón, Zaragoza","Magallón","Zaragoza","Aragón",NA,NA,NA,NA,"unmatched"
"Magaz de Cepeda, León","Magaz de Cepeda","León","Castilla y León",NA,NA,NA,NA,"unmatched"
"Magaz de Pisuerga, Palencia","Magaz de Pisuerga","Palencia","Castilla y León",NA,NA,NA,NA,"unmatched"
"Magaña, Soria","Magaña","Soria","Castilla y León",NA,NA,NA,NA,"unmatched"
"Maguilla, Badajoz","Maguilla","Badajoz","Extremadura",NA,NA,NA,NA,"unmatched"
"Magán, Toledo","Magán","Toledo","Castilla-La Mancha",NA,NA,NA,NA,"unmatched"
"Mahamud, Burgos","Mahamud","Burgos","Castilla y León",NA,NA,NA,NA,"unmatched"
"Mahide, Zamora","Mahide","Zamora","Castilla y León",NA,NA,NA,NA,"unmatched"
"Mahora, Albacete","Mahora","Albacete","Castilla-La Mancha",NA,NA,NA,NA,"unmatched"
"Mahón, Baleares","Mahón","Baleares","Islas Baleares","9211996","Mahon","Mahon,Balearic Islands,Spain","Municipality","name+community"
"Maials, Lleida","Maials","Lleida","Cataluña",NA,NA,NA,NA,"unmatched"
"Maicas, Teruel","Maicas","Teruel","Aragón",NA,NA,NA,NA,"unmatched"
"Mainar, Zaragoza","Mainar","Zaragoza","Aragón",NA,NA,NA,NA,"unmatched"
"Maire de Castroponce, Zamora","Maire de Castroponce","Zamora","Castilla y León",NA,NA,NA,NA,"unmatched"
"Mairena del Alcor, Sevilla","Mairena del Alcor","Sevilla","Andalucía","9049122","Mairena del Alcor","Mairena del Alcor,Andalusia,Spain","City","name+community"
"Mairena del Aljarafe, Sevilla","Mairena del Aljarafe","Sevilla","Andalucía","9049123","Mairena del Aljarafe","Mairena del Aljarafe,Andalusia,Spain","City","name+community"
"Maià de Montcal, Girona","Maià de Montcal","Girona","Cataluña",NA,NA,NA,NA,"unmatched"
"Majadahonda, Madrid","Majadahonda","Madrid","Comunidad de Madrid","9211158","Municipality of Majadahonda","Municipality of Majadahonda,Community of Madrid,Spain","Municipality","name+community"
"Majadas, Cáceres","Majadas","Cáceres","Extremadura",NA,NA,NA,NA,"unmatched"
"Majaelrayo, Guadalajara","Majaelrayo","Guadalajara","Castilla-La Mancha",NA,NA,NA,NA,"unmatched"
"Maján, Soria","Maján","Soria","Castilla y León",NA,NA,NA,NA,"unmatched"
"Malaguilla, Guadalajara","Malaguilla","Guadalajara","Castilla-La Mancha",NA,NA,NA,NA,"unmatched"
"Malagón, Ciudad Real","Malagón","Ciudad Real","Castilla-La Mancha",NA,NA,NA,NA,"unmatched"
"Malanquilla, Zaragoza","Malanquilla","Zaragoza","Aragón",NA,NA,NA,NA,"unmatched"
"Malcocinado, Badajoz","Malcocinado","Badajoz","Extremadura",NA,NA,NA,NA,"unmatched"
"Maldà, Lleida","Maldà","Lleida","Cataluña",NA,NA,NA,NA,"unmatched"
"Maleján, Zaragoza","Maleján","Zaragoza","Aragón",NA,NA,NA,NA,"unmatched"
"Malgrat de Mar, Barcelona","Malgrat de Mar","Barcelona","Cataluña","9207660","Malgrat de Mar","Malgrat de Mar,Catalonia,Spain","Municipality","name+community"
"Malla, Barcelona","Malla","Barcelona","Cataluña",NA,NA,NA,NA,"unmatched"
"Mallabia, Vizcaya","Mallabia","Vizcaya","País Vasco",NA,NA,NA,NA,"unmatched"
"Mallén, Zaragoza","Mallén","Zaragoza","Aragón",NA,NA,NA,NA,"unmatched"
"Malpartida de Corneja, Ávila","Malpartida de Corneja","Ávila","Castilla y León",NA,NA,NA,NA,"unmatched"
"Malpartida de Cáceres, Cáceres","Malpartida de Cáceres","Cáceres","Extremadura",NA,NA,NA,NA,"unmatched"
"Malpartida de Plasencia, Cáceres","Malpartida de Plasencia","Cáceres","Extremadura",NA,NA,NA,NA,"unmatched"
"Malpartida de la Serena, Badajoz","Malpartida de la Serena","Badajoz","Extremadura",NA,NA,NA,NA,"unmatched"
"Malpartida, Salamanca","Malpartida","Salamanca","Castilla y León",NA,NA,NA,NA,"unmatched"
"Malpica de Bergantiños, A Coruña","Malpica de Bergantiños","A Coruña","Galicia","9207733","Malpica de Bergantinos","Malpica de Bergantinos,Galicia,Spain","Municipality","name+community"
"Malpica de Tajo, Toledo","Malpica de Tajo","Toledo","Castilla-La Mancha",NA,NA,NA,NA,"unmatched"
"Maluenda, Zaragoza","Maluenda","Zaragoza","Aragón",NA,NA,NA,NA,"unmatched"
"Malva, Zamora","Malva","Zamora","Castilla y León",NA,NA,NA,NA,"unmatched"
"Malón, Zaragoza","Malón","Zaragoza","Aragón",NA,NA,NA,NA,"unmatched"
"Mamblas, Ávila","Mamblas","Ávila","Castilla y León",NA,NA,NA,NA,"unmatched"
"Mambrilla de Castrejón, Burgos","Mambrilla de Castrejón","Burgos","Castilla y León",NA,NA,NA,NA,"unmatched"
"Mambrillas de Lara, Burgos","Mambrillas de Lara","Burgos","Castilla y León",NA,NA,NA,NA,"unmatched"
"Mamolar, Burgos","Mamolar","Burgos","Castilla y León",NA,NA,NA,NA,"unmatched"
"Manacor, Baleares","Manacor","Baleares","Islas Baleares","9217439","Manacor","Manacor,Balearic Islands,Spain","Municipality","name+community"
"Mancera de Abajo, Salamanca","Mancera de Abajo","Salamanca","Castilla y León",NA,NA,NA,NA,"unmatched"
"Mancera de Arriba, Ávila","Mancera de Arriba","Ávila","Castilla y León",NA,NA,NA,NA,"unmatched"
"Mancha Real, Jaén","Mancha Real","Jaén","Andalucía","9049124","Mancha Real","Mancha Real,Andalusia,Spain","City","name+community"
"Manchita, Badajoz","Manchita","Badajoz","Extremadura",NA,NA,NA,NA,"unmatched"
"Manchones, Zaragoza","Manchones","Zaragoza","Aragón",NA,NA,NA,NA,"unmatched"
"Manciles, Burgos","Manciles","Burgos","Castilla y León",NA,NA,NA,NA,"unmatched"
"Mancomunidad de Las Quintanillas, Burgos","Mancomunidad de Las Quintanillas","Burgos","Castilla y León",NA,NA,NA,NA,"unmatched"
"Mancomunidad de Nalda, Sorzana y, La Rioja","Mancomunidad de Nalda, Sorzana y","La Rioja","La Rioja",NA,NA,NA,NA,"unmatched"
"Mancomunidad de Quintana del Cas, León","Mancomunidad de Quintana del Cas","León","Castilla y León",NA,NA,NA,NA,"unmatched"
"Mancomunidad de Santa María del, León","Mancomunidad de Santa María del","León","Castilla y León",NA,NA,NA,NA,"unmatched"
"Mancor de la Vall, Baleares","Mancor de la Vall","Baleares","Islas Baleares","9209840","Mancor de la Vall","Mancor de la Vall,Balearic Islands,Spain","Municipality","name+community"
"Mandayona, Guadalajara","Mandayona","Guadalajara","Castilla-La Mancha",NA,NA,NA,NA,"unmatched"
"Manganeses de la Lampreana, Zamora","Manganeses de la Lampreana","Zamora","Castilla y León",NA,NA,NA,NA,"unmatched"
"Manganeses de la Polvorosa, Zamora","Manganeses de la Polvorosa","Zamora","Castilla y León",NA,NA,NA,NA,"unmatched"
"Manilva, Málaga","Manilva","Málaga","Andalucía","9220832","Manilva","Manilva,Andalusia,Spain","Municipality","name+community"
"Manises, Valencia","Manises","Valencia","Comunidad Valenciana","9255812","Municipality of Manises","Municipality of Manises,Valencian Community,Spain","Municipality","name+community"
"Manjabálago, Ávila","Manjabálago","Ávila","Castilla y León",NA,NA,NA,NA,"unmatched"
"Manjarrés, La Rioja","Manjarrés","La Rioja","La Rioja",NA,NA,NA,NA,"unmatched"
"Manlleu, Barcelona","Manlleu","Barcelona","Cataluña","9245450","Manlleu","Manlleu,Catalonia,Spain","Municipality","name+community"
"Manquillos, Palencia","Manquillos","Palencia","Castilla y León",NA,NA,NA,NA,"unmatched"
"Manresa, Barcelona","Manresa","Barcelona","Cataluña","9196776","Manresa","Manresa,Catalonia,Spain","City","name+community"
"Mansilla Mayor, León","Mansilla Mayor","León","Castilla y León",NA,NA,NA,NA,"unmatched"
"Mansilla de la Sierra, La Rioja","Mansilla de la Sierra","La Rioja","La Rioja",NA,NA,NA,NA,"unmatched"
"Mansilla de las Mulas, León","Mansilla de las Mulas","León","Castilla y León",NA,NA,NA,NA,"unmatched"
"Mantiel, Guadalajara","Mantiel","Guadalajara","Castilla-La Mancha",NA,NA,NA,NA,"unmatched"
"Mantinos, Palencia","Mantinos","Palencia","Castilla y León",NA,NA,NA,NA,"unmatched"
"Manuel, Valencia","Manuel","Valencia","Comunidad Valenciana",NA,NA,NA,NA,"unmatched"
"Manzanal de Arriba, Zamora","Manzanal de Arriba","Zamora","Castilla y León",NA,NA,NA,NA,"unmatched"
"Manzanal de los Infantes, Zamora","Manzanal de los Infantes","Zamora","Castilla y León",NA,NA,NA,NA,"unmatched"
"Manzanal del Barco, Zamora","Manzanal del Barco","Zamora","Castilla y León",NA,NA,NA,NA,"unmatched"
"Manzanares de Rioja, La Rioja","Manzanares de Rioja","La Rioja","La Rioja",NA,NA,NA,NA,"unmatched"
"Manzanares el Real, Madrid","Manzanares el Real","Madrid","Comunidad de Madrid","9247847","Manzanares el Real","Manzanares el Real,Community of Madrid,Spain","Municipality","name+community"
"Manzanares, Ciudad Real","Manzanares","Ciudad Real","Castilla-La Mancha","9221059","Manzanares","Manzanares,Castile-La Mancha,Spain","Municipality","name+community"
"Manzaneda, Ourense","Manzaneda","Ourense","Galicia",NA,NA,NA,NA,"unmatched"
"Manzaneque, Toledo","Manzaneque","Toledo","Castilla-La Mancha",NA,NA,NA,NA,"unmatched"
"Manzanera, Teruel","Manzanera","Teruel","Aragón",NA,NA,NA,NA,"unmatched"
"Manzanilla, Huelva","Manzanilla","Huelva","Andalucía",NA,NA,NA,NA,"unmatched"
"Manzanillo, Valladolid","Manzanillo","Valladolid","Castilla y León",NA,NA,NA,NA,"unmatched"
"Maqueda, Toledo","Maqueda","Toledo","Castilla-La Mancha",NA,NA,NA,NA,"unmatched"
"Mara, Zaragoza","Mara","Zaragoza","Aragón",NA,NA,NA,NA,"unmatched"
"Maracena, Granada","Maracena","Granada","Andalucía","9239946","Maracena","Maracena,Andalusia,Spain","Municipality","name+community"
"Maranchón, Guadalajara","Maranchón","Guadalajara","Castilla-La Mancha",NA,NA,NA,NA,"unmatched"
"Marazoleja, Segovia","Marazoleja","Segovia","Castilla y León",NA,NA,NA,NA,"unmatched"
"Marazuela, Segovia","Marazuela","Segovia","Castilla y León",NA,NA,NA,NA,"unmatched"
"Maraña, León","Maraña","León","Castilla y León",NA,NA,NA,NA,"unmatched"
"Marañón, Navarra","Marañón","Navarra","Comunidad Foral de Navarra",NA,NA,NA,NA,"unmatched"
"Marbella, Málaga","Marbella","Málaga","Andalucía","9224915","Marbella","Marbella,Andalusia,Spain","Municipality","name+community"
"Marchagaz, Cáceres","Marchagaz","Cáceres","Extremadura",NA,NA,NA,NA,"unmatched"
"Marchal, Granada","Marchal","Granada","Andalucía",NA,NA,NA,NA,"unmatched"
"Marchamalo, Guadalajara","Marchamalo","Guadalajara","Castilla-La Mancha","9244457","Marchamalo","Marchamalo,Castile-La Mancha,Spain","Municipality","name+community"
"Marchena, Sevilla","Marchena","Sevilla","Andalucía","9049127","Marchena","Marchena,Andalusia,Spain","City","name+community"
"Marcilla de Campos, Palencia","Marcilla de Campos","Palencia","Castilla y León",NA,NA,NA,NA,"unmatched"
"Marcilla, Navarra","Marcilla","Navarra","Comunidad Foral de Navarra",NA,NA,NA,NA,"unmatched"
"Margalef, Tarragona","Margalef","Tarragona","Cataluña",NA,NA,NA,NA,"unmatched"
"Marganell, Barcelona","Marganell","Barcelona","Cataluña",NA,NA,NA,NA,"unmatched"
"Maria de la Salut, Baleares","Maria de la Salut","Baleares","Islas Baleares","9221807","Maria de la Salut","Maria de la Salut,Balearic Islands,Spain","Municipality","name+community"
"Mariana, Cuenca","Mariana","Cuenca","Castilla-La Mancha",NA,NA,NA,NA,"unmatched"
"Marina de Cudeyo, Cantabria","Marina de Cudeyo","Cantabria","Cantabria",NA,NA,NA,NA,"unmatched"
"Marinaleda, Sevilla","Marinaleda","Sevilla","Andalucía",NA,NA,NA,NA,"unmatched"
"Marines, Valencia","Marines","Valencia","Comunidad Valenciana",NA,NA,NA,NA,"unmatched"
"Marjaliza, Toledo","Marjaliza","Toledo","Castilla-La Mancha",NA,NA,NA,NA,"unmatched"
"Markina-Xemein, Vizcaya","Markina-Xemein","Vizcaya","País Vasco",NA,NA,NA,NA,"unmatched"
"Marlín, Ávila","Marlín","Ávila","Castilla y León",NA,NA,NA,NA,"unmatched"
"Marmolejo, Jaén","Marmolejo","Jaén","Andalucía",NA,NA,NA,NA,"unmatched"
"Marracos, Zaragoza","Marracos","Zaragoza","Aragón",NA,NA,NA,NA,"unmatched"
"Marratxí, Baleares","Marratxí","Baleares","Islas Baleares","9209694","Marratxi","Marratxi,Balearic Islands,Spain","Municipality","name+community"
"Marrupe, Toledo","Marrupe","Toledo","Castilla-La Mancha",NA,NA,NA,NA,"unmatched"
"Martiago, Salamanca","Martiago","Salamanca","Castilla y León",NA,NA,NA,NA,"unmatched"
"Martiherrero, Ávila","Martiherrero","Ávila","Castilla y León",NA,NA,NA,NA,"unmatched"
"Martinamor, Salamanca","Martinamor","Salamanca","Castilla y León",NA,NA,NA,NA,"unmatched"
"Martorell, Barcelona","Martorell","Barcelona","Cataluña","9195803","Martorell","Martorell,Catalonia,Spain","City","name+community"
"Martorelles, Barcelona","Martorelles","Barcelona","Cataluña",NA,NA,NA,NA,"unmatched"
"Martos, Jaén","Martos","Jaén","Andalucía","9049128","Martos","Martos,Andalusia,Spain","City","name+community"
"Martín Miguel, Segovia","Martín Miguel","Segovia","Castilla y León",NA,NA,NA,NA,"unmatched"
"Martín Muñoz de la Dehesa, Segovia","Martín Muñoz de la Dehesa","Segovia","Castilla y León",NA,NA,NA,NA,"unmatched"
"Martín Muñoz de las Posadas, Segovia","Martín Muñoz de las Posadas","Segovia","Castilla y León",NA,NA,NA,NA,"unmatched"
"Martín de Yeltes, Salamanca","Martín de Yeltes","Salamanca","Castilla y León",NA,NA,NA,NA,"unmatched"
"Martín de la Jara, Sevilla","Martín de la Jara","Sevilla","Andalucía",NA,NA,NA,NA,"unmatched"
"Martín del Río, Teruel","Martín del Río","Teruel","Aragón",NA,NA,NA,NA,"unmatched"
"Martínez, Ávila","Martínez","Ávila","Castilla y León",NA,NA,NA,NA,"unmatched"
"Marugán, Segovia","Marugán","Segovia","Castilla y León",NA,NA,NA,NA,"unmatched"
"Maruri-Jatabe, Vizcaya","Maruri-Jatabe","Vizcaya","País Vasco","9210616","Maruri-Jatabe","Maruri-Jatabe,Basque Country,Spain","Municipality","name+community"
"Marzales, Valladolid","Marzales","Valladolid","Castilla y León",NA,NA,NA,NA,"unmatched"
"Marçà, Tarragona","Marçà","Tarragona","Cataluña",NA,NA,NA,NA,"unmatched"
"María de Huerva, Zaragoza","María de Huerva","Zaragoza","Aragón",NA,NA,NA,NA,"unmatched"
"María, Almería","María","Almería","Andalucía",NA,NA,NA,NA,"unmatched"
"Marín, Pontevedra","Marín","Pontevedra","Galicia",NA,NA,NA,NA,"unmatched"
"Mas de Barberans, Tarragona","Mas de Barberans","Tarragona","Cataluña",NA,NA,NA,NA,"unmatched"
"Mas de las Matas, Teruel","Mas de las Matas","Teruel","Aragón",NA,NA,NA,NA,"unmatched"
"Masalavés, Valencia","Masalavés","Valencia","Comunidad Valenciana",NA,NA,NA,NA,"unmatched"
"Masarac, Girona","Masarac","Girona","Cataluña",NA,NA,NA,NA,"unmatched"
"Mascaraque, Toledo","Mascaraque","Toledo","Castilla-La Mancha",NA,NA,NA,NA,"unmatched"
"Masdenverge, Tarragona","Masdenverge","Tarragona","Cataluña",NA,NA,NA,NA,"unmatched"
"Masegosa, Cuenca","Masegosa","Cuenca","Castilla-La Mancha",NA,NA,NA,NA,"unmatched"
"Masegoso de Tajuña, Guadalajara","Masegoso de Tajuña","Guadalajara","Castilla-La Mancha",NA,NA,NA,NA,"unmatched"
"Masegoso, Albacete","Masegoso","Albacete","Castilla-La Mancha",NA,NA,NA,NA,"unmatched"
"Maside, Ourense","Maside","Ourense","Galicia",NA,NA,NA,NA,"unmatched"
"Masllorenç, Tarragona","Masllorenç","Tarragona","Cataluña","9209874","Masllorenc","Masllorenc,Catalonia,Spain","Municipality","name+community"
"Maspujols, Tarragona","Maspujols","Tarragona","Cataluña",NA,NA,NA,NA,"unmatched"
"Masquefa, Barcelona","Masquefa","Barcelona","Cataluña","9049129","Masquefa","Masquefa,Catalonia,Spain","City","name+community"
"Massalcoreig, Lleida","Massalcoreig","Lleida","Cataluña",NA,NA,NA,NA,"unmatched"
"Massalfassar, Valencia","Massalfassar","Valencia","Comunidad Valenciana",NA,NA,NA,NA,"unmatched"
"Massamagrell, Valencia","Massamagrell","Valencia","Comunidad Valenciana","9049130","Massamagrell","Massamagrell,Valencian Community,Spain","City","name+community"
"Massanassa, Valencia","Massanassa","Valencia","Comunidad Valenciana","9252990","Massanassa","Massanassa,Valencian Community,Spain","Municipality","name+community"
"Massanes, Girona","Massanes","Girona","Cataluña",NA,NA,NA,NA,"unmatched"
"Massoteres, Lleida","Massoteres","Lleida","Cataluña",NA,NA,NA,NA,"unmatched"
"Masueco, Salamanca","Masueco","Salamanca","Castilla y León",NA,NA,NA,NA,"unmatched"
"Mata de Alcántara, Cáceres","Mata de Alcántara","Cáceres","Extremadura",NA,NA,NA,NA,"unmatched"
"Mata de Cuéllar, Segovia","Mata de Cuéllar","Segovia","Castilla y León",NA,NA,NA,NA,"unmatched"
"Matabuena, Segovia","Matabuena","Segovia","Castilla y León",NA,NA,NA,NA,"unmatched"
"Matadepera, Barcelona","Matadepera","Barcelona","Cataluña","9233353","Matadepera","Matadepera,Catalonia,Spain","City","name+community"
"Matadeón de los Oteros, León","Matadeón de los Oteros","León","Castilla y León",NA,NA,NA,NA,"unmatched"
"Matalebreras, Soria","Matalebreras","Soria","Castilla y León",NA,NA,NA,NA,"unmatched"
"Matallana de Torío, León","Matallana de Torío","León","Castilla y León",NA,NA,NA,NA,"unmatched"
"Matamala de Almazán, Soria","Matamala de Almazán","Soria","Castilla y León",NA,NA,NA,NA,"unmatched"
"Matanza, León","Matanza","León","Castilla y León",NA,NA,NA,NA,"unmatched"
"Matapozuelos, Valladolid","Matapozuelos","Valladolid","Castilla y León",NA,NA,NA,NA,"unmatched"
"Matarrubia, Guadalajara","Matarrubia","Guadalajara","Castilla-La Mancha",NA,NA,NA,NA,"unmatched"
"Mataró, Barcelona","Mataró","Barcelona","Cataluña","1005430","Mataro","Mataro,Catalonia,Spain","City","name+community"
"Matet, Castellón","Matet","Castellón","Comunidad Valenciana",NA,NA,NA,NA,"unmatched"
"Matilla de Arzón, Zamora","Matilla de Arzón","Zamora","Castilla y León",NA,NA,NA,NA,"unmatched"
"Matilla de los Caños del Río, Salamanca","Matilla de los Caños del Río","Salamanca","Castilla y León",NA,NA,NA,NA,"unmatched"
"Matilla de los Caños, Valladolid","Matilla de los Caños","Valladolid","Castilla y León",NA,NA,NA,NA,"unmatched"
"Matilla la Seca, Zamora","Matilla la Seca","Zamora","Castilla y León",NA,NA,NA,NA,"unmatched"
"Matillas, Guadalajara","Matillas","Guadalajara","Castilla-La Mancha",NA,NA,NA,NA,"unmatched"
"Matute, La Rioja","Matute","La Rioja","La Rioja",NA,NA,NA,NA,"unmatched"
"Mayalde, Zamora","Mayalde","Zamora","Castilla y León",NA,NA,NA,NA,"unmatched"
"Mayorga, Valladolid","Mayorga","Valladolid","Castilla y León",NA,NA,NA,NA,"unmatched"
"Mazaleón, Teruel","Mazaleón","Teruel","Aragón",NA,NA,NA,NA,"unmatched"
"Mazarambroz, Toledo","Mazarambroz","Toledo","Castilla-La Mancha",NA,NA,NA,NA,"unmatched"
"Mazarete, Guadalajara","Mazarete","Guadalajara","Castilla-La Mancha",NA,NA,NA,NA,"unmatched"
"Mazaricos, A Coruña","Mazaricos","A Coruña","Galicia","9215425","Mazaricos","Mazaricos,Galicia,Spain","Municipality","name+community"
"Mazariegos, Palencia","Mazariegos","Palencia","Castilla y León",NA,NA,NA,NA,"unmatched"
"Mazarrón, Murcia","Mazarrón","Murcia","Región de Murcia","9211497","Mazarron","Mazarron,Region of Murcia,Spain","Municipality","name+community"
"Mazcuerras, Cantabria","Mazcuerras","Cantabria","Cantabria",NA,NA,NA,NA,"unmatched"
"Mazuecos de Valdeginate, Palencia","Mazuecos de Valdeginate","Palencia","Castilla y León",NA,NA,NA,NA,"unmatched"
"Mazuecos, Guadalajara","Mazuecos","Guadalajara","Castilla-La Mancha",NA,NA,NA,NA,"unmatched"
"Mazuela, Burgos","Mazuela","Burgos","Castilla y León",NA,NA,NA,NA,"unmatched"
"Maçanet de Cabrenys, Girona","Maçanet de Cabrenys","Girona","Cataluña",NA,NA,NA,NA,"unmatched"
"Maçanet de la Selva, Girona","Maçanet de la Selva","Girona","Cataluña",NA,NA,NA,NA,"unmatched"
"Mañaria, Vizcaya","Mañaria","Vizcaya","País Vasco",NA,NA,NA,NA,"unmatched"
"Mañeru, Navarra","Mañeru","Navarra","Comunidad Foral de Navarra",NA,NA,NA,NA,"unmatched"
"Mañón, A Coruña","Mañón","A Coruña","Galicia",NA,NA,NA,NA,"unmatched"
"Meaño, Pontevedra","Meaño","Pontevedra","Galicia",NA,NA,NA,NA,"unmatched"
"Mecerreyes, Burgos","Mecerreyes","Burgos","Castilla y León",NA,NA,NA,NA,"unmatched"
"Meco, Madrid","Meco","Madrid","Comunidad de Madrid","9229605","Meco","Meco,Community of Madrid,Spain","Municipality","name+community"
"Medellín, Badajoz","Medellín","Badajoz","Extremadura",NA,NA,NA,NA,"unmatched"
"Mediana de Aragón, Zaragoza","Mediana de Aragón","Zaragoza","Aragón",NA,NA,NA,NA,"unmatched"
"Mediana de Voltoya, Ávila","Mediana de Voltoya","Ávila","Castilla y León",NA,NA,NA,NA,"unmatched"
"Medina de Pomar, Burgos","Medina de Pomar","Burgos","Castilla y León","9216871","Medina de Pomar","Medina de Pomar,Castile and Leon,Spain","Municipality","name+community"
"Medina de Rioseco, Valladolid","Medina de Rioseco","Valladolid","Castilla y León",NA,NA,NA,NA,"unmatched"
"Medina de las Torres, Badajoz","Medina de las Torres","Badajoz","Extremadura",NA,NA,NA,NA,"unmatched"
"Medina del Campo, Valladolid","Medina del Campo","Valladolid","Castilla y León","9211495","Medina del Campo","Medina del Campo,Castile and Leon,Spain","City","name+community"
"Medina-Sidonia, Cádiz","Medina-Sidonia","Cádiz","Andalucía",NA,NA,NA,NA,"unmatched"
"Medinaceli, Soria","Medinaceli","Soria","Castilla y León",NA,NA,NA,NA,"unmatched"
"Medinilla, Ávila","Medinilla","Ávila","Castilla y León",NA,NA,NA,NA,"unmatched"
"Medio Cudeyo, Cantabria","Medio Cudeyo","Cantabria","Cantabria",NA,NA,NA,NA,"unmatched"
"Mediona, Barcelona","Mediona","Barcelona","Cataluña",NA,NA,NA,NA,"unmatched"
"Medranda, Guadalajara","Medranda","Guadalajara","Castilla-La Mancha",NA,NA,NA,NA,"unmatched"
"Medrano, La Rioja","Medrano","La Rioja","La Rioja",NA,NA,NA,NA,"unmatched"
"Megeces, Valladolid","Megeces","Valladolid","Castilla y León",NA,NA,NA,NA,"unmatched"
"Megina, Guadalajara","Megina","Guadalajara","Castilla-La Mancha",NA,NA,NA,NA,"unmatched"
"Meira, Lugo","Meira","Lugo","Galicia","9208103","Meira","Meira,Galicia,Spain","Municipality","name+community"
"Meis, Pontevedra","Meis","Pontevedra","Galicia","9221454","Meis","Meis,Galicia,Spain","Municipality","name+community"
"Mejorada del Campo, Madrid","Mejorada del Campo","Madrid","Comunidad de Madrid","9214424","Mejorada del Campo","Mejorada del Campo,Community of Madrid,Spain","Municipality","name+community"
"Mejorada, Toledo","Mejorada","Toledo","Castilla-La Mancha",NA,NA,NA,NA,"unmatched"
"Melgar de Abajo, Valladolid","Melgar de Abajo","Valladolid","Castilla y León",NA,NA,NA,NA,"unmatched"
"Melgar de Arriba, Valladolid","Melgar de Arriba","Valladolid","Castilla y León",NA,NA,NA,NA,"unmatched"
"Melgar de Fernamental, Burgos","Melgar de Fernamental","Burgos","Castilla y León",NA,NA,NA,NA,"unmatched"
"Melgar de Tera, Zamora","Melgar de Tera","Zamora","Castilla y León",NA,NA,NA,NA,"unmatched"
"Melgar de Yuso, Palencia","Melgar de Yuso","Palencia","Castilla y León",NA,NA,NA,NA,"unmatched"
"Meliana, Valencia","Meliana","Valencia","Comunidad Valenciana",NA,NA,NA,NA,"unmatched"
"Melide, A Coruña","Melide","A Coruña","Galicia","9212054","Melide","Melide,Galicia,Spain","Municipality","name+community"
"Melilla, Melilla","Melilla","Melilla","Ceuta y Melilla",NA,NA,NA,NA,"name only (rejected)"
"Melque de Cercos, Segovia","Melque de Cercos","Segovia","Castilla y León",NA,NA,NA,NA,"unmatched"
"Melón, Ourense","Melón","Ourense","Galicia",NA,NA,NA,NA,"unmatched"
"Membibre de la Hoz, Segovia","Membibre de la Hoz","Segovia","Castilla y León",NA,NA,NA,NA,"unmatched"
"Membribe de la Sierra, Salamanca","Membribe de la Sierra","Salamanca","Castilla y León",NA,NA,NA,NA,"unmatched"
"Membrilla, Ciudad Real","Membrilla","Ciudad Real","Castilla-La Mancha",NA,NA,NA,NA,"unmatched"
"Membrillera, Guadalajara","Membrillera","Guadalajara","Castilla-La Mancha",NA,NA,NA,NA,"unmatched"
"Membrío, Cáceres","Membrío","Cáceres","Extremadura",NA,NA,NA,NA,"unmatched"
"Menasalbas, Toledo","Menasalbas","Toledo","Castilla-La Mancha",NA,NA,NA,NA,"unmatched"
"Mendaro, Guipúzcoa","Mendaro","Guipúzcoa","País Vasco",NA,NA,NA,NA,"unmatched"
"Mendata, Vizcaya","Mendata","Vizcaya","País Vasco",NA,NA,NA,NA,"unmatched"
"Mendavia, Navarra","Mendavia","Navarra","Comunidad Foral de Navarra",NA,NA,NA,NA,"unmatched"
"Mendaza, Navarra","Mendaza","Navarra","Comunidad Foral de Navarra",NA,NA,NA,NA,"unmatched"
"Mendexa, Vizcaya","Mendexa","Vizcaya","País Vasco",NA,NA,NA,NA,"unmatched"
"Mendigorría, Navarra","Mendigorría","Navarra","Comunidad Foral de Navarra",NA,NA,NA,NA,"unmatched"
"Meneses de Campos, Palencia","Meneses de Campos","Palencia","Castilla y León",NA,NA,NA,NA,"unmatched"
"Mengabril, Badajoz","Mengabril","Badajoz","Extremadura",NA,NA,NA,NA,"unmatched"
"Mengamuñoz, Ávila","Mengamuñoz","Ávila","Castilla y León",NA,NA,NA,NA,"unmatched"
"Mengíbar, Jaén","Mengíbar","Jaén","Andalucía","9234101","Mengibar","Mengibar,Andalusia,Spain","Municipality","name+community"
"Menàrguens, Lleida","Menàrguens","Lleida","Cataluña",NA,NA,NA,NA,"unmatched"
"Mequinenza, Zaragoza","Mequinenza","Zaragoza","Aragón",NA,NA,NA,NA,"unmatched"
"Meranges, Girona","Meranges","Girona","Cataluña",NA,NA,NA,NA,"unmatched"
"Merindad de Cuesta-Urria, Burgos","Merindad de Cuesta-Urria","Burgos","Castilla y León",NA,NA,NA,NA,"unmatched"
"Merindad de Montija, Burgos","Merindad de Montija","Burgos","Castilla y León",NA,NA,NA,NA,"unmatched"
"Merindad de Río Ubierna, Burgos","Merindad de Río Ubierna","Burgos","Castilla y León",NA,NA,NA,NA,"unmatched"
"Merindad de Sotoscueva, Burgos","Merindad de Sotoscueva","Burgos","Castilla y León",NA,NA,NA,NA,"unmatched"
"Merindad de Valdeporres, Burgos","Merindad de Valdeporres","Burgos","Castilla y León",NA,NA,NA,NA,"unmatched"
"Merindad de Valdivielso, Burgos","Merindad de Valdivielso","Burgos","Castilla y León",NA,NA,NA,NA,"unmatched"
"Meruelo, Cantabria","Meruelo","Cantabria","Cantabria",NA,NA,NA,NA,"unmatched"
"Mesas de Ibor, Cáceres","Mesas de Ibor","Cáceres","Extremadura",NA,NA,NA,NA,"unmatched"
"Mesegar de Corneja, Ávila","Mesegar de Corneja","Ávila","Castilla y León",NA,NA,NA,NA,"unmatched"
"Mesegar de Tajo, Toledo","Mesegar de Tajo","Toledo","Castilla-La Mancha",NA,NA,NA,NA,"unmatched"
"Mesones de Isuela, Zaragoza","Mesones de Isuela","Zaragoza","Aragón",NA,NA,NA,NA,"unmatched"
"Mestanza, Ciudad Real","Mestanza","Ciudad Real","Castilla-La Mancha",NA,NA,NA,NA,"unmatched"
"Mesía, A Coruña","Mesía","A Coruña","Galicia",NA,NA,NA,NA,"unmatched"
"Metauten, Navarra","Metauten","Navarra","Comunidad Foral de Navarra",NA,NA,NA,NA,"unmatched"
"Mezalocha, Zaragoza","Mezalocha","Zaragoza","Aragón",NA,NA,NA,NA,"unmatched"
"Mezquita de Jarque, Teruel","Mezquita de Jarque","Teruel","Aragón",NA,NA,NA,NA,"unmatched"
"Meñaka, Vizcaya","Meñaka","Vizcaya","País Vasco",NA,NA,NA,NA,"unmatched"
"Miajadas, Cáceres","Miajadas","Cáceres","Extremadura",NA,NA,NA,NA,"unmatched"
"Mianos, Zaragoza","Mianos","Zaragoza","Aragón",NA,NA,NA,NA,"unmatched"
"Micereces de Tera, Zamora","Micereces de Tera","Zamora","Castilla y León",NA,NA,NA,NA,"unmatched"
"Micieces de Ojeda, Palencia","Micieces de Ojeda","Palencia","Castilla y León",NA,NA,NA,NA,"unmatched"
"Miedes de Aragón, Zaragoza","Miedes de Aragón","Zaragoza","Aragón",NA,NA,NA,NA,"unmatched"
"Miedes de Atienza, Guadalajara","Miedes de Atienza","Guadalajara","Castilla-La Mancha",NA,NA,NA,NA,"unmatched"
"Miengo, Cantabria","Miengo","Cantabria","Cantabria",NA,NA,NA,NA,"unmatched"
"Miera, Cantabria","Miera","Cantabria","Cantabria",NA,NA,NA,NA,"unmatched"
"Mieres, Asturias","Mieres","Asturias","Principado de Asturias","9222880","Mieres","Mieres,Asturias,Spain","Municipality","name+community"
"Mieres, Girona","Mieres","Girona","Cataluña",NA,NA,NA,NA,"name only (rejected)"
"Mieza, Salamanca","Mieza","Salamanca","Castilla y León",NA,NA,NA,NA,"unmatched"
"Miguel Esteban, Toledo","Miguel Esteban","Toledo","Castilla-La Mancha",NA,NA,NA,NA,"unmatched"
"Miguelturra, Ciudad Real","Miguelturra","Ciudad Real","Castilla-La Mancha","9049133","Miguelturra","Miguelturra,Castile-La Mancha,Spain","City","name+community"
"Migueláñez, Segovia","Migueláñez","Segovia","Castilla y León",NA,NA,NA,NA,"unmatched"
"Mijares, Ávila","Mijares","Ávila","Castilla y León",NA,NA,NA,NA,"unmatched"
"Mijas, Málaga","Mijas","Málaga","Andalucía",NA,NA,NA,NA,"unmatched"
"Milagro, Navarra","Milagro","Navarra","Comunidad Foral de Navarra",NA,NA,NA,NA,"unmatched"
"Milagros, Burgos","Milagros","Burgos","Castilla y León",NA,NA,NA,NA,"unmatched"
"Millana, Guadalajara","Millana","Guadalajara","Castilla-La Mancha",NA,NA,NA,NA,"unmatched"
"Millanes, Cáceres","Millanes","Cáceres","Extremadura",NA,NA,NA,NA,"unmatched"
"Millares, Valencia","Millares","Valencia","Comunidad Valenciana",NA,NA,NA,NA,"unmatched"
"Millena, Alicante","Millena","Alicante","Comunidad Valenciana",NA,NA,NA,NA,"unmatched"
"Milles de la Polvorosa, Zamora","Milles de la Polvorosa","Zamora","Castilla y León",NA,NA,NA,NA,"unmatched"
"Milmarcos, Guadalajara","Milmarcos","Guadalajara","Castilla-La Mancha",NA,NA,NA,NA,"unmatched"
"Minas de Riotinto, Huelva","Minas de Riotinto","Huelva","Andalucía",NA,NA,NA,NA,"unmatched"
"Minaya, Albacete","Minaya","Albacete","Castilla-La Mancha",NA,NA,NA,NA,"unmatched"
"Minglanilla, Cuenca","Minglanilla","Cuenca","Castilla-La Mancha",NA,NA,NA,NA,"unmatched"
"Mingorría, Ávila","Mingorría","Ávila","Castilla y León",NA,NA,NA,NA,"unmatched"
"Mira, Cuenca","Mira","Cuenca","Castilla-La Mancha",NA,NA,NA,NA,"unmatched"
"Mirabel, Cáceres","Mirabel","Cáceres","Extremadura",NA,NA,NA,NA,"unmatched"
"Mirabueno, Guadalajara","Mirabueno","Guadalajara","Castilla-La Mancha",NA,NA,NA,NA,"unmatched"
"Miraflores de la Sierra, Madrid","Miraflores de la Sierra","Madrid","Comunidad de Madrid","9262649","Miraflores de la Sierra","Miraflores de la Sierra,Community of Madrid,Spain","City","name+community"
"Mirafuentes, Navarra","Mirafuentes","Navarra","Comunidad Foral de Navarra",NA,NA,NA,NA,"unmatched"
"Miralcamp, Lleida","Miralcamp","Lleida","Cataluña",NA,NA,NA,NA,"unmatched"
"Miralrío, Guadalajara","Miralrío","Guadalajara","Castilla-La Mancha",NA,NA,NA,NA,"unmatched"
"Miramar, Valencia","Miramar","Valencia","Comunidad Valenciana",NA,NA,NA,NA,"unmatched"
"Mirambel, Teruel","Mirambel","Teruel","Aragón",NA,NA,NA,NA,"unmatched"
"Miranda de Arga, Navarra","Miranda de Arga","Navarra","Comunidad Foral de Navarra",NA,NA,NA,NA,"unmatched"
"Miranda de Azán, Salamanca","Miranda de Azán","Salamanca","Castilla y León",NA,NA,NA,NA,"unmatched"
"Miranda de Ebro, Burgos","Miranda de Ebro","Burgos","Castilla y León","9207444","Miranda de Ebro","Miranda de Ebro,Castile and Leon,Spain","Municipality","name+community"
"Miranda de Ebro, La Rioja","Miranda de Ebro","La Rioja","La Rioja",NA,NA,NA,NA,"name only (rejected)"
"Miranda del Castañar, Salamanca","Miranda del Castañar","Salamanca","Castilla y León",NA,NA,NA,NA,"unmatched"
"Mirandilla, Badajoz","Mirandilla","Badajoz","Extremadura",NA,NA,NA,NA,"unmatched"
"Miraveche, Burgos","Miraveche","Burgos","Castilla y León",NA,NA,NA,NA,"unmatched"
"Miravet, Tarragona","Miravet","Tarragona","Cataluña",NA,NA,NA,NA,"unmatched"
"Miravete de la Sierra, Teruel","Miravete de la Sierra","Teruel","Aragón",NA,NA,NA,NA,"unmatched"
"Mironcillo, Ávila","Mironcillo","Ávila","Castilla y León",NA,NA,NA,NA,"unmatched"
"Mirueña de los Infanzones, Ávila","Mirueña de los Infanzones","Ávila","Castilla y León",NA,NA,NA,NA,"unmatched"
"Mislata, Valencia","Mislata","Valencia","Comunidad Valenciana","9049134","Mislata","Mislata,Valencian Community,Spain","City","name+community"
"Miño de Medinaceli, Soria","Miño de Medinaceli","Soria","Castilla y León",NA,NA,NA,NA,"unmatched"
"Miño de San Esteban, Soria","Miño de San Esteban","Soria","Castilla y León",NA,NA,NA,NA,"unmatched"
"Miño, A Coruña","Miño","A Coruña","Galicia","9211087","Mino","Mino,Galicia,Spain","Municipality","name+community"
"Moaña, Pontevedra","Moaña","Pontevedra","Galicia",NA,NA,NA,NA,"unmatched"
"Mocejón, Toledo","Mocejón","Toledo","Castilla-La Mancha","9241076","Mocejon","Mocejon,Castile-La Mancha,Spain","Municipality","name+community"
"Mochales, Guadalajara","Mochales","Guadalajara","Castilla-La Mancha",NA,NA,NA,NA,"unmatched"
"Moclinejo, Málaga","Moclinejo","Málaga","Andalucía",NA,NA,NA,NA,"unmatched"
"Moclín, Granada","Moclín","Granada","Andalucía",NA,NA,NA,NA,"unmatched"
"Modúbar de la Emparedada, Burgos","Modúbar de la Emparedada","Burgos","Castilla y León",NA,NA,NA,NA,"unmatched"
"Moeche, A Coruña","Moeche","A Coruña","Galicia",NA,NA,NA,NA,"unmatched"
"Mogarraz, Salamanca","Mogarraz","Salamanca","Castilla y León",NA,NA,NA,NA,"unmatched"
"Mogente, Valencia","Mogente","Valencia","Comunidad Valenciana",NA,NA,NA,NA,"unmatched"
"Moguer, Huelva","Moguer","Huelva","Andalucía","9235721","Moguer","Moguer,Andalusia,Spain","Municipality","name+community"
"Mogán, Las Palmas","Mogán","Las Palmas","Islas Canarias","9257482","Mogan","Mogan,Canary Islands,Spain","Municipality","name+community"
"Mohedas de Granadilla, Cáceres","Mohedas de Granadilla","Cáceres","Extremadura",NA,NA,NA,NA,"unmatched"
"Mohedas de la Jara, Toledo","Mohedas de la Jara","Toledo","Castilla-La Mancha",NA,NA,NA,NA,"unmatched"
"Mohernando, Guadalajara","Mohernando","Guadalajara","Castilla-La Mancha",NA,NA,NA,NA,"unmatched"
"Moià, Barcelona","Moià","Barcelona","Cataluña",NA,NA,NA,NA,"unmatched"
"Mojados, Valladolid","Mojados","Valladolid","Castilla y León",NA,NA,NA,NA,"unmatched"
"Mojácar, Almería","Mojácar","Almería","Andalucía","9223555","Mojacar","Mojacar,Andalusia,Spain","Municipality","name+community"
"Molacillos, Zamora","Molacillos","Zamora","Castilla y León",NA,NA,NA,NA,"unmatched"
"Molezuelas de la Carballeda, Zamora","Molezuelas de la Carballeda","Zamora","Castilla y León",NA,NA,NA,NA,"unmatched"
"Molina de Aragón, Guadalajara","Molina de Aragón","Guadalajara","Castilla-La Mancha",NA,NA,NA,NA,"unmatched"
"Molina de Segura, Murcia","Molina de Segura","Murcia","Región de Murcia","9049135","Molina de Segura","Molina de Segura,Region of Murcia,Spain","City","name+community"
"Molinaseca, León","Molinaseca","León","Castilla y León",NA,NA,NA,NA,"unmatched"
"Molinicos, Albacete","Molinicos","Albacete","Castilla-La Mancha",NA,NA,NA,NA,"unmatched"
"Molinillo, Salamanca","Molinillo","Salamanca","Castilla y León",NA,NA,NA,NA,"unmatched"
"Molinos de Duero, Soria","Molinos de Duero","Soria","Castilla y León",NA,NA,NA,NA,"unmatched"
"Molinos, Teruel","Molinos","Teruel","Aragón",NA,NA,NA,NA,"unmatched"
"Molins de Rei, Barcelona","Molins de Rei","Barcelona","Cataluña","9049136","Molins de Rei","Molins de Rei,Catalonia,Spain","City","name+community"
"Molledo, Cantabria","Molledo","Cantabria","Cantabria",NA,NA,NA,NA,"unmatched"
"Mollerussa, Lleida","Mollerussa","Lleida","Cataluña","9212804","Mollerussa","Mollerussa,Catalonia,Spain","City","name+community"
"Mollet de Peralada, Girona","Mollet de Peralada","Girona","Cataluña",NA,NA,NA,NA,"unmatched"
"Mollet del Vallès, Barcelona","Mollet del Vallès","Barcelona","Cataluña","1005431","Mollet del Valles","Mollet del Valles,Catalonia,Spain","City","name+community"
"Mollina, Málaga","Mollina","Málaga","Andalucía","9049137","Mollina","Mollina,Andalusia,Spain","City","name+community"
"Molló, Girona","Molló","Girona","Cataluña",NA,NA,NA,NA,"unmatched"
"Molvízar, Granada","Molvízar","Granada","Andalucía",NA,NA,NA,NA,"unmatched"
"Mombeltrán, Ávila","Mombeltrán","Ávila","Castilla y León",NA,NA,NA,NA,"unmatched"
"Momblona, Soria","Momblona","Soria","Castilla y León",NA,NA,NA,NA,"unmatched"
"Mombuey, Zamora","Mombuey","Zamora","Castilla y León",NA,NA,NA,NA,"unmatched"
"Monachil, Granada","Monachil","Granada","Andalucía",NA,NA,NA,NA,"unmatched"
"Monasterio de Rodilla, Burgos","Monasterio de Rodilla","Burgos","Castilla y León",NA,NA,NA,NA,"unmatched"
"Monasterio de Vega, Valladolid","Monasterio de Vega","Valladolid","Castilla y León",NA,NA,NA,NA,"unmatched"
"Monasterio de la Sierra, Burgos","Monasterio de la Sierra","Burgos","Castilla y León",NA,NA,NA,NA,"unmatched"
"Monasterio, Guadalajara","Monasterio","Guadalajara","Castilla-La Mancha",NA,NA,NA,NA,"unmatched"
"Moncada, Valencia","Moncada","Valencia","Comunidad Valenciana","9049138","Moncada","Moncada,Valencian Community,Spain","City","name+community"
"Moncalvillo, Burgos","Moncalvillo","Burgos","Castilla y León",NA,NA,NA,NA,"unmatched"
"Moncofa, Castellón","Moncofa","Castellón","Comunidad Valenciana",NA,NA,NA,NA,"unmatched"
"Monda, Málaga","Monda","Málaga","Andalucía",NA,NA,NA,NA,"unmatched"
"Mondariz, Pontevedra","Mondariz","Pontevedra","Galicia",NA,NA,NA,NA,"unmatched"
"Mondariz-Balneario, Pontevedra","Mondariz-Balneario","Pontevedra","Galicia",NA,NA,NA,NA,"unmatched"
"Mondoñedo, Lugo","Mondoñedo","Lugo","Galicia",NA,NA,NA,NA,"unmatched"
"Mondéjar, Guadalajara","Mondéjar","Guadalajara","Castilla-La Mancha",NA,NA,NA,NA,"unmatched"
"Monegrillo, Zaragoza","Monegrillo","Zaragoza","Aragón",NA,NA,NA,NA,"unmatched"
"Monesma y Cajigar, Huesca","Monesma y Cajigar","Huesca","Aragón",NA,NA,NA,NA,"unmatched"
"Monesterio, Badajoz","Monesterio","Badajoz","Extremadura",NA,NA,NA,NA,"unmatched"
"Moneva, Zaragoza","Moneva","Zaragoza","Aragón",NA,NA,NA,NA,"unmatched"
"Monfarracinos, Zamora","Monfarracinos","Zamora","Castilla y León",NA,NA,NA,NA,"unmatched"
"Monfero, A Coruña","Monfero","A Coruña","Galicia",NA,NA,NA,NA,"unmatched"
"Monflorite-Lascasas, Huesca","Monflorite-Lascasas","Huesca","Aragón",NA,NA,NA,NA,"unmatched"
"Monforte de Lemos, Lugo","Monforte de Lemos","Lugo","Galicia","9220917","Monforte de Lemos","Monforte de Lemos,Galicia,Spain","City","name+community"
"Monforte de Moyuela, Teruel","Monforte de Moyuela","Teruel","Aragón",NA,NA,NA,NA,"unmatched"
"Monforte de la Sierra, Salamanca","Monforte de la Sierra","Salamanca","Castilla y León",NA,NA,NA,NA,"unmatched"
"Monforte del Cid, Alicante","Monforte del Cid","Alicante","Comunidad Valenciana",NA,NA,NA,NA,"unmatched"
"Monistrol de Calders, Barcelona","Monistrol de Calders","Barcelona","Cataluña",NA,NA,NA,NA,"unmatched"
"Monistrol de Montserrat, Barcelona","Monistrol de Montserrat","Barcelona","Cataluña",NA,NA,NA,NA,"unmatched"
"Monleras, Salamanca","Monleras","Salamanca","Castilla y León",NA,NA,NA,NA,"unmatched"
"Monleón, Salamanca","Monleón","Salamanca","Castilla y León",NA,NA,NA,NA,"unmatched"
"Monreal de Ariza, Zaragoza","Monreal de Ariza","Zaragoza","Aragón",NA,NA,NA,NA,"unmatched"
"Monreal del Campo, Teruel","Monreal del Campo","Teruel","Aragón",NA,NA,NA,NA,"unmatched"
"Monreal del Llano, Cuenca","Monreal del Llano","Cuenca","Castilla-La Mancha",NA,NA,NA,NA,"unmatched"
"Monreal, Navarra","Monreal","Navarra","Comunidad Foral de Navarra",NA,NA,NA,NA,"unmatched"
"Monroy, Cáceres","Monroy","Cáceres","Extremadura",NA,NA,NA,NA,"unmatched"
"Monroyo, Teruel","Monroyo","Teruel","Aragón",NA,NA,NA,NA,"unmatched"
"Monsagro, Salamanca","Monsagro","Salamanca","Castilla y León",NA,NA,NA,NA,"unmatched"
"Monsalupe, Ávila","Monsalupe","Ávila","Castilla y León",NA,NA,NA,NA,"unmatched"
"Monserrat, Valencia","Monserrat","Valencia","Comunidad Valenciana",NA,NA,NA,NA,"unmatched"
"Mont-ral, Tarragona","Mont-ral","Tarragona","Cataluña","9209080","Mont-ral","Mont-ral,Catalonia,Spain","Municipality","name+community"
"Mont-ras, Girona","Mont-ras","Girona","Cataluña","9231022","Mont-ras","Mont-ras,Catalonia,Spain","Municipality","name+community"
"Mont-roig del Camp, Tarragona","Mont-roig del Camp","Tarragona","Cataluña",NA,NA,NA,NA,"unmatched"
"Montagut i Oix, Girona","Montagut i Oix","Girona","Cataluña",NA,NA,NA,NA,"unmatched"
"Montalbanejo, Cuenca","Montalbanejo","Cuenca","Castilla-La Mancha",NA,NA,NA,NA,"unmatched"
"Montalbo, Cuenca","Montalbo","Cuenca","Castilla-La Mancha",NA,NA,NA,NA,"unmatched"
"Montalbán de Córdoba, Córdoba","Montalbán de Córdoba","Córdoba","Andalucía",NA,NA,NA,NA,"unmatched"
"Montalbán, Teruel","Montalbán","Teruel","Aragón",NA,NA,NA,NA,"unmatched"
"Montalvos, Albacete","Montalvos","Albacete","Castilla-La Mancha",NA,NA,NA,NA,"unmatched"
"Montamarta, Zamora","Montamarta","Zamora","Castilla y León",NA,NA,NA,NA,"unmatched"
"Montanejos, Castellón","Montanejos","Castellón","Comunidad Valenciana",NA,NA,NA,NA,"unmatched"
"Montanuy, Huesca","Montanuy","Huesca","Aragón",NA,NA,NA,NA,"unmatched"
"Montarrón, Guadalajara","Montarrón","Guadalajara","Castilla-La Mancha",NA,NA,NA,NA,"unmatched"
"Montaverner, Valencia","Montaverner","Valencia","Comunidad Valenciana",NA,NA,NA,NA,"unmatched"
"Montblanc, Tarragona","Montblanc","Tarragona","Cataluña","9213937","Montblanc","Montblanc,Catalonia,Spain","Municipality","name+community"
"Montbrió del Camp, Tarragona","Montbrió del Camp","Tarragona","Cataluña","9213267","Montbrio del Camp","Montbrio del Camp,Catalonia,Spain","Municipality","name+community"
"Montcada i Reixac, Barcelona","Montcada i Reixac","Barcelona","Cataluña","9222941","Municipality of Montcada i Reixac","Municipality of Montcada i Reixac,Catalonia,Spain","Municipality","name+community"
"Montclar, Barcelona","Montclar","Barcelona","Cataluña",NA,NA,NA,NA,"unmatched"
"Monte Común de las Amescoas, Navarra","Monte Común de las Amescoas","Navarra","Comunidad Foral de Navarra",NA,NA,NA,NA,"unmatched"
"Monteagudo de las Salinas, Cuenca","Monteagudo de las Salinas","Cuenca","Castilla-La Mancha",NA,NA,NA,NA,"unmatched"
"Monteagudo de las Vicarías, Soria","Monteagudo de las Vicarías","Soria","Castilla y León",NA,NA,NA,NA,"unmatched"
"Monteagudo del Castillo, Teruel","Monteagudo del Castillo","Teruel","Aragón",NA,NA,NA,NA,"unmatched"
"Monteagudo, Navarra","Monteagudo","Navarra","Comunidad Foral de Navarra",NA,NA,NA,NA,"unmatched"
"Montealegre de Campos, Valladolid","Montealegre de Campos","Valladolid","Castilla y León",NA,NA,NA,NA,"unmatched"
"Montealegre del Castillo, Albacete","Montealegre del Castillo","Albacete","Castilla-La Mancha",NA,NA,NA,NA,"unmatched"
"Montearagón, Toledo","Montearagón","Toledo","Castilla-La Mancha",NA,NA,NA,NA,"unmatched"
"Montederramo, Ourense","Montederramo","Ourense","Galicia",NA,NA,NA,NA,"unmatched"
"Montefrío, Granada","Montefrío","Granada","Andalucía",NA,NA,NA,NA,"unmatched"
"Montehermoso, Cáceres","Montehermoso","Cáceres","Extremadura",NA,NA,NA,NA,"unmatched"
"Montejaque, Málaga","Montejaque","Málaga","Andalucía",NA,NA,NA,NA,"unmatched"
"Montejo de Arévalo, Segovia","Montejo de Arévalo","Segovia","Castilla y León",NA,NA,NA,NA,"unmatched"
"Montejo de Tiermes, Soria","Montejo de Tiermes","Soria","Castilla y León",NA,NA,NA,NA,"unmatched"
"Montejo de la Sierra, Madrid","Montejo de la Sierra","Madrid","Comunidad de Madrid",NA,NA,NA,NA,"unmatched"
"Montejo de la Vega de la Serrezu, Segovia","Montejo de la Vega de la Serrezu","Segovia","Castilla y León",NA,NA,NA,NA,"unmatched"
"Montejo, Salamanca","Montejo","Salamanca","Castilla y León",NA,NA,NA,NA,"unmatched"
"Montejícar, Granada","Montejícar","Granada","Andalucía",NA,NA,NA,NA,"unmatched"
"Montellano, Sevilla","Montellano","Sevilla","Andalucía",NA,NA,NA,NA,"unmatched"
"Montellà i Martinet, Lleida","Montellà i Martinet","Lleida","Cataluña",NA,NA,NA,NA,"unmatched"
"Montemayor de Pililla, Valladolid","Montemayor de Pililla","Valladolid","Castilla y León",NA,NA,NA,NA,"unmatched"
"Montemayor del Río, Salamanca","Montemayor del Río","Salamanca","Castilla y León",NA,NA,NA,NA,"unmatched"
"Montemayor, Córdoba","Montemayor","Córdoba","Andalucía",NA,NA,NA,NA,"unmatched"
"Montemolín, Badajoz","Montemolín","Badajoz","Extremadura",NA,NA,NA,NA,"unmatched"
"Montenegro de Cameros, Soria","Montenegro de Cameros","Soria","Castilla y León",NA,NA,NA,NA,"unmatched"
"Monterde de Albarracín, Teruel","Monterde de Albarracín","Teruel","Aragón",NA,NA,NA,NA,"unmatched"
"Monterde, Zaragoza","Monterde","Zaragoza","Aragón",NA,NA,NA,NA,"unmatched"
"Monterrei, Ourense","Monterrei","Ourense","Galicia",NA,NA,NA,NA,"unmatched"
"Monterroso, Lugo","Monterroso","Lugo","Galicia","9217921","Monterroso","Monterroso,Galicia,Spain","Municipality","name+community"
"Monterrubio de Armuña, Salamanca","Monterrubio de Armuña","Salamanca","Castilla y León",NA,NA,NA,NA,"unmatched"
"Monterrubio de la Demanda, Burgos","Monterrubio de la Demanda","Burgos","Castilla y León",NA,NA,NA,NA,"unmatched"
"Monterrubio de la Serena, Badajoz","Monterrubio de la Serena","Badajoz","Extremadura",NA,NA,NA,NA,"unmatched"
"Monterrubio de la Sierra, Salamanca","Monterrubio de la Sierra","Salamanca","Castilla y León",NA,NA,NA,NA,"unmatched"
"Monterrubio, Segovia","Monterrubio","Segovia","Castilla y León",NA,NA,NA,NA,"unmatched"
"Montesa, Valencia","Montesa","Valencia","Comunidad Valenciana",NA,NA,NA,NA,"unmatched"
"Montesclaros, Toledo","Montesclaros","Toledo","Castilla-La Mancha",NA,NA,NA,NA,"unmatched"
"Montesquiu, Barcelona","Montesquiu","Barcelona","Cataluña",NA,NA,NA,NA,"unmatched"
"Montferrer i Castellbò, Lleida","Montferrer i Castellbò","Lleida","Cataluña",NA,NA,NA,NA,"unmatched"
"Montferri, Tarragona","Montferri","Tarragona","Cataluña","9211397","Montferri","Montferri,Catalonia,Spain","Municipality","name+community"
"Montgai, Lleida","Montgai","Lleida","Cataluña",NA,NA,NA,NA,"unmatched"
"Montgat, Barcelona","Montgat","Barcelona","Cataluña",NA,NA,NA,NA,"unmatched"
"Montichelvo, Valencia","Montichelvo","Valencia","Comunidad Valenciana",NA,NA,NA,NA,"unmatched"
"Montiel, Ciudad Real","Montiel","Ciudad Real","Castilla-La Mancha",NA,NA,NA,NA,"unmatched"
"Montijo, Badajoz","Montijo","Badajoz","Extremadura",NA,NA,NA,NA,"unmatched"
"Montilla, Córdoba","Montilla","Córdoba","Andalucía","9049141","Montilla","Montilla,Andalusia,Spain","City","name+community"
"Montillana, Granada","Montillana","Granada","Andalucía",NA,NA,NA,NA,"unmatched"
"Montizón, Jaén","Montizón","Jaén","Andalucía",NA,NA,NA,NA,"unmatched"
"Montmajor, Barcelona","Montmajor","Barcelona","Cataluña",NA,NA,NA,NA,"unmatched"
"Montmaneu, Barcelona","Montmaneu","Barcelona","Cataluña",NA,NA,NA,NA,"unmatched"
"Montmeló, Barcelona","Montmeló","Barcelona","Cataluña","9224217","Montmelo","Montmelo,Catalonia,Spain","Municipality","name+community"
"Montoliu de Lleida, Lleida","Montoliu de Lleida","Lleida","Cataluña",NA,NA,NA,NA,"unmatched"
"Montoliu de Segarra, Lleida","Montoliu de Segarra","Lleida","Cataluña",NA,NA,NA,NA,"unmatched"
"Montorio, Burgos","Montorio","Burgos","Castilla y León",NA,NA,NA,NA,"unmatched"
"Montornès de Segarra, Lleida","Montornès de Segarra","Lleida","Cataluña",NA,NA,NA,NA,"unmatched"
"Montornès del Vallès, Barcelona","Montornès del Vallès","Barcelona","Cataluña","9242531","Montornes del Valles","Montornes del Valles,Catalonia,Spain","Municipality","name+community"
"Montoro, Córdoba","Montoro","Córdoba","Andalucía",NA,NA,NA,NA,"unmatched"
"Montroy, Valencia","Montroy","Valencia","Comunidad Valenciana",NA,NA,NA,NA,"unmatched"
"Montseny, Barcelona","Montseny","Barcelona","Cataluña",NA,NA,NA,NA,"unmatched"
"Monturque, Córdoba","Monturque","Córdoba","Andalucía",NA,NA,NA,NA,"unmatched"
"Montuïri, Baleares","Montuïri","Baleares","Islas Baleares","9217449","Montuiri","Montuiri,Balearic Islands,Spain","Municipality","name+community"
"Montán, Castellón","Montán","Castellón","Comunidad Valenciana",NA,NA,NA,NA,"unmatched"
"Montánchez, Cáceres","Montánchez","Cáceres","Extremadura","9216003","Montanchez","Montanchez,Extremadura,Spain","Municipality","name+community"
"Montón, Zaragoza","Montón","Zaragoza","Aragón",NA,NA,NA,NA,"unmatched"
"Monzón de Campos, Palencia","Monzón de Campos","Palencia","Castilla y León",NA,NA,NA,NA,"unmatched"
"Monzón, Huesca","Monzón","Huesca","Aragón","9049142","Monzon","Monzon,Aragon,Spain","City","name+community"
"Monóvar, Alicante","Monóvar","Alicante","Comunidad Valenciana",NA,NA,NA,NA,"unmatched"
"Mora de Rubielos, Teruel","Mora de Rubielos","Teruel","Aragón",NA,NA,NA,NA,"unmatched"
"Mora, Toledo","Mora","Toledo","Castilla-La Mancha",NA,NA,NA,NA,"unmatched"
"Moradillo de Roa, Burgos","Moradillo de Roa","Burgos","Castilla y León",NA,NA,NA,NA,"unmatched"
"Moral de Calatrava, Ciudad Real","Moral de Calatrava","Ciudad Real","Castilla-La Mancha",NA,NA,NA,NA,"unmatched"
"Moral de Hornuez, Segovia","Moral de Hornuez","Segovia","Castilla y León",NA,NA,NA,NA,"unmatched"
"Moral de Sayago, Zamora","Moral de Sayago","Zamora","Castilla y León",NA,NA,NA,NA,"unmatched"
"Moral de la Reina, Valladolid","Moral de la Reina","Valladolid","Castilla y León",NA,NA,NA,NA,"unmatched"
"Moraleda de Zafayona, Granada","Moraleda de Zafayona","Granada","Andalucía",NA,NA,NA,NA,"unmatched"
"Moraleja de Enmedio, Madrid","Moraleja de Enmedio","Madrid","Comunidad de Madrid",NA,NA,NA,NA,"unmatched"
"Moraleja de Matacabras, Ávila","Moraleja de Matacabras","Ávila","Castilla y León",NA,NA,NA,NA,"unmatched"
"Moraleja de Sayago, Zamora","Moraleja de Sayago","Zamora","Castilla y León",NA,NA,NA,NA,"unmatched"
"Moraleja de las Panaderas, Valladolid","Moraleja de las Panaderas","Valladolid","Castilla y León",NA,NA,NA,NA,"unmatched"
"Moraleja del Vino, Zamora","Moraleja del Vino","Zamora","Castilla y León",NA,NA,NA,NA,"unmatched"
"Moraleja, Cáceres","Moraleja","Cáceres","Extremadura",NA,NA,NA,NA,"unmatched"
"Morales de Campos, Valladolid","Morales de Campos","Valladolid","Castilla y León",NA,NA,NA,NA,"unmatched"
"Morales de Rey, Zamora","Morales de Rey","Zamora","Castilla y León",NA,NA,NA,NA,"unmatched"
"Morales de Toro, Zamora","Morales de Toro","Zamora","Castilla y León",NA,NA,NA,NA,"unmatched"
"Morales de Valverde, Zamora","Morales de Valverde","Zamora","Castilla y León",NA,NA,NA,NA,"unmatched"
"Morales del Vino, Zamora","Morales del Vino","Zamora","Castilla y León",NA,NA,NA,NA,"unmatched"
"Moralina, Zamora","Moralina","Zamora","Castilla y León",NA,NA,NA,NA,"unmatched"
"Moralzarzal, Madrid","Moralzarzal","Madrid","Comunidad de Madrid",NA,NA,NA,NA,"unmatched"
"Morasverdes, Salamanca","Morasverdes","Salamanca","Castilla y León",NA,NA,NA,NA,"unmatched"
"Morata de Jalón, Zaragoza","Morata de Jalón","Zaragoza","Aragón",NA,NA,NA,NA,"unmatched"
"Morata de Jiloca, Zaragoza","Morata de Jiloca","Zaragoza","Aragón",NA,NA,NA,NA,"unmatched"
"Morata de Tajuña, Madrid","Morata de Tajuña","Madrid","Comunidad de Madrid","9248853","Morata de Tajuna","Morata de Tajuna,Community of Madrid,Spain","Municipality","name+community"
"Moratalla, Murcia","Moratalla","Murcia","Región de Murcia",NA,NA,NA,NA,"unmatched"
"Moratilla de los Meleros, Guadalajara","Moratilla de los Meleros","Guadalajara","Castilla-La Mancha",NA,NA,NA,NA,"unmatched"
"Moratinos, Palencia","Moratinos","Palencia","Castilla y León",NA,NA,NA,NA,"unmatched"
"Moraña, Pontevedra","Moraña","Pontevedra","Galicia",NA,NA,NA,NA,"unmatched"
"Morcillo, Cáceres","Morcillo","Cáceres","Extremadura",NA,NA,NA,NA,"unmatched"
"Morcín, Asturias","Morcín","Asturias","Principado de Asturias","9216147","Morcin","Morcin,Asturias,Spain","Municipality","name+community"
"Moreda de Álava, Álava","Moreda de Álava","Álava","País Vasco",NA,NA,NA,NA,"unmatched"
"Morella, Castellón","Morella","Castellón","Comunidad Valenciana",NA,NA,NA,NA,"unmatched"
"Morelábor, Granada","Morelábor","Granada","Andalucía",NA,NA,NA,NA,"unmatched"
"Morenilla, Guadalajara","Morenilla","Guadalajara","Castilla-La Mancha",NA,NA,NA,NA,"unmatched"
"Morentin, Navarra","Morentin","Navarra","Comunidad Foral de Navarra",NA,NA,NA,NA,"unmatched"
"Moreruela de Tábara, Zamora","Moreruela de Tábara","Zamora","Castilla y León",NA,NA,NA,NA,"unmatched"
"Moreruela de los Infanzones, Zamora","Moreruela de los Infanzones","Zamora","Castilla y León",NA,NA,NA,NA,"unmatched"
"Morga, Vizcaya","Morga","Vizcaya","País Vasco",NA,NA,NA,NA,"unmatched"
"Moriles, Córdoba","Moriles","Córdoba","Andalucía",NA,NA,NA,NA,"unmatched"
"Morille, Salamanca","Morille","Salamanca","Castilla y León",NA,NA,NA,NA,"unmatched"
"Moriscos, Salamanca","Moriscos","Salamanca","Castilla y León",NA,NA,NA,NA,"unmatched"
"Moronta, Salamanca","Moronta","Salamanca","Castilla y León",NA,NA,NA,NA,"unmatched"
"Moros, Zaragoza","Moros","Zaragoza","Aragón",NA,NA,NA,NA,"unmatched"
"Morés, Zaragoza","Morés","Zaragoza","Aragón",NA,NA,NA,NA,"unmatched"
"Moríñigo, Salamanca","Moríñigo","Salamanca","Castilla y León",NA,NA,NA,NA,"unmatched"
"Morón de Almazán, Soria","Morón de Almazán","Soria","Castilla y León",NA,NA,NA,NA,"unmatched"
"Morón de la Frontera, Sevilla","Morón de la Frontera","Sevilla","Andalucía","9049143","Moron de la Frontera","Moron de la Frontera,Andalusia,Spain","City","name+community"
"Mos, Pontevedra","Mos","Pontevedra","Galicia",NA,NA,NA,NA,"unmatched"
"Moscardón, Teruel","Moscardón","Teruel","Aragón",NA,NA,NA,NA,"unmatched"
"Mosqueruela, Teruel","Mosqueruela","Teruel","Aragón",NA,NA,NA,NA,"unmatched"
"Mota de Altarejos, Cuenca","Mota de Altarejos","Cuenca","Castilla-La Mancha",NA,NA,NA,NA,"unmatched"
"Mota del Cuervo, Cuenca","Mota del Cuervo","Cuenca","Castilla-La Mancha",NA,NA,NA,NA,"unmatched"
"Mota del Marqués, Valladolid","Mota del Marqués","Valladolid","Castilla y León",NA,NA,NA,NA,"unmatched"
"Motilla del Palancar, Cuenca","Motilla del Palancar","Cuenca","Castilla-La Mancha",NA,NA,NA,NA,"unmatched"
"Motilleja, Albacete","Motilleja","Albacete","Castilla-La Mancha",NA,NA,NA,NA,"unmatched"
"Motril, Granada","Motril","Granada","Andalucía","9049144","Motril","Motril,Andalusia,Spain","City","name+community"
"Moya, Cuenca","Moya","Cuenca","Castilla-La Mancha",NA,NA,NA,NA,"unmatched"
"Moya, Las Palmas","Moya","Las Palmas","Islas Canarias",NA,NA,NA,NA,"unmatched"
"Moyuela, Zaragoza","Moyuela","Zaragoza","Aragón",NA,NA,NA,NA,"unmatched"
"Mozoncillo, Segovia","Mozoncillo","Segovia","Castilla y León",NA,NA,NA,NA,"unmatched"
"Mozota, Zaragoza","Mozota","Zaragoza","Aragón",NA,NA,NA,NA,"unmatched"
"Mozárbez, Salamanca","Mozárbez","Salamanca","Castilla y León",NA,NA,NA,NA,"unmatched"
"Mucientes, Valladolid","Mucientes","Valladolid","Castilla y León",NA,NA,NA,NA,"unmatched"
"Muduex, Guadalajara","Muduex","Guadalajara","Castilla-La Mancha",NA,NA,NA,NA,"unmatched"
"Mudá, Palencia","Mudá","Palencia","Castilla y León",NA,NA,NA,NA,"unmatched"
"Muel, Zaragoza","Muel","Zaragoza","Aragón",NA,NA,NA,NA,"unmatched"
"Muelas de los Caballeros, Zamora","Muelas de los Caballeros","Zamora","Castilla y León",NA,NA,NA,NA,"unmatched"
"Muelas del Pan, Zamora","Muelas del Pan","Zamora","Castilla y León",NA,NA,NA,NA,"unmatched"
"Mues, Navarra","Mues","Navarra","Comunidad Foral de Navarra",NA,NA,NA,NA,"unmatched"
"Muga de Sayago, Zamora","Muga de Sayago","Zamora","Castilla y León",NA,NA,NA,NA,"unmatched"
"Mugardos, A Coruña","Mugardos","A Coruña","Galicia",NA,NA,NA,NA,"unmatched"
"Mula, Murcia","Mula","Murcia","Región de Murcia",NA,NA,NA,NA,"unmatched"
"Mundaka, Vizcaya","Mundaka","Vizcaya","País Vasco",NA,NA,NA,NA,"unmatched"
"Munera, Albacete","Munera","Albacete","Castilla-La Mancha",NA,NA,NA,NA,"unmatched"
"Mungai, Vizcaya","Mungai","Vizcaya","País Vasco",NA,NA,NA,NA,"unmatched"
"Muniesa, Teruel","Muniesa","Teruel","Aragón",NA,NA,NA,NA,"unmatched"
"Munilla, La Rioja","Munilla","La Rioja","La Rioja",NA,NA,NA,NA,"unmatched"
"Munitibar-Arbatzegi Gerrikaitz, Vizcaya","Munitibar-Arbatzegi Gerrikaitz","Vizcaya","País Vasco",NA,NA,NA,NA,"unmatched"
"Muntanyola, Barcelona","Muntanyola","Barcelona","Cataluña",NA,NA,NA,NA,"unmatched"
"Munébrega, Zaragoza","Munébrega","Zaragoza","Aragón",NA,NA,NA,NA,"unmatched"
"Mura, Barcelona","Mura","Barcelona","Cataluña",NA,NA,NA,NA,"unmatched"
"Muras, Lugo","Muras","Lugo","Galicia","9209821","Muras","Muras,Galicia,Spain","Municipality","name+community"
"Murchante, Navarra","Murchante","Navarra","Comunidad Foral de Navarra",NA,NA,NA,NA,"unmatched"
"Murcia, Murcia","Murcia","Murcia","Región de Murcia","9257209","Murcia","Murcia,Region of Murcia,Spain","Municipality","name+community"
"Murero, Zaragoza","Murero","Zaragoza","Aragón",NA,NA,NA,NA,"unmatched"
"Murias de Paredes, León","Murias de Paredes","León","Castilla y León",NA,NA,NA,NA,"unmatched"
"Muriel Viejo, Soria","Muriel Viejo","Soria","Castilla y León",NA,NA,NA,NA,"unmatched"
"Muriel de la Fuente, Soria","Muriel de la Fuente","Soria","Castilla y León",NA,NA,NA,NA,"unmatched"
"Muriel, Valladolid","Muriel","Valladolid","Castilla y León",NA,NA,NA,NA,"unmatched"
"Murieta, Navarra","Murieta","Navarra","Comunidad Foral de Navarra",NA,NA,NA,NA,"unmatched"
"Murillo de Gállego, Zaragoza","Murillo de Gállego","Zaragoza","Aragón",NA,NA,NA,NA,"unmatched"
"Murillo de Río Leza, La Rioja","Murillo de Río Leza","La Rioja","La Rioja",NA,NA,NA,NA,"unmatched"
"Murillo el Cuende, Navarra","Murillo el Cuende","Navarra","Comunidad Foral de Navarra",NA,NA,NA,NA,"unmatched"
"Murillo el Fruto, Navarra","Murillo el Fruto","Navarra","Comunidad Foral de Navarra",NA,NA,NA,NA,"unmatched"
"Murla, Alicante","Murla","Alicante","Comunidad Valenciana",NA,NA,NA,NA,"unmatched"
"Muro de Aguas, La Rioja","Muro de Aguas","La Rioja","La Rioja",NA,NA,NA,NA,"unmatched"
"Muro de Alcoy, Alicante","Muro de Alcoy","Alicante","Comunidad Valenciana",NA,NA,NA,NA,"unmatched"
"Muro en Cameros, La Rioja","Muro en Cameros","La Rioja","La Rioja",NA,NA,NA,NA,"unmatched"
"Muro, Baleares","Muro","Baleares","Islas Baleares","9220391","Muro","Muro,Balearic Islands,Spain","Municipality","name+community"
"Muros de Nalón, Asturias","Muros de Nalón","Asturias","Principado de Asturias",NA,NA,NA,NA,"unmatched"
"Muros, A Coruña","Muros","A Coruña","Galicia",NA,NA,NA,NA,"unmatched"
"Murtas, Granada","Murtas","Granada","Andalucía",NA,NA,NA,NA,"unmatched"
"Murueta, Vizcaya","Murueta","Vizcaya","País Vasco",NA,NA,NA,NA,"unmatched"
"Muruzábal, Navarra","Muruzábal","Navarra","Comunidad Foral de Navarra",NA,NA,NA,NA,"unmatched"
"Museros, Valencia","Museros","Valencia","Comunidad Valenciana",NA,NA,NA,NA,"unmatched"
"Muskiz, Vizcaya","Muskiz","Vizcaya","País Vasco",NA,NA,NA,NA,"unmatched"
"Mutiloa, Guipúzcoa","Mutiloa","Guipúzcoa","País Vasco",NA,NA,NA,NA,"unmatched"
"Mutriku, Guipúzcoa","Mutriku","Guipúzcoa","País Vasco",NA,NA,NA,NA,"unmatched"
"Mutxamel, Alicante","Mutxamel","Alicante","Comunidad Valenciana","9214957","Mutxamel","Mutxamel,Valencian Community,Spain","Municipality","name+community"
"Muxika, Vizcaya","Muxika","Vizcaya","País Vasco",NA,NA,NA,NA,"unmatched"
"Muxía, A Coruña","Muxía","A Coruña","Galicia","9207897","Muxia","Muxia,Galicia,Spain","Municipality","name+community"
"Muíños, Ourense","Muíños","Ourense","Galicia",NA,NA,NA,NA,"unmatched"
"Muñana, Ávila","Muñana","Ávila","Castilla y León",NA,NA,NA,NA,"unmatched"
"Muñico, Ávila","Muñico","Ávila","Castilla y León",NA,NA,NA,NA,"unmatched"
"Muñogalindo, Ávila","Muñogalindo","Ávila","Castilla y León",NA,NA,NA,NA,"unmatched"
"Muñogrande, Ávila","Muñogrande","Ávila","Castilla y León",NA,NA,NA,NA,"unmatched"
"Muñomer del Peco, Ávila","Muñomer del Peco","Ávila","Castilla y León",NA,NA,NA,NA,"unmatched"
"Muñopedro, Segovia","Muñopedro","Segovia","Castilla y León",NA,NA,NA,NA,"unmatched"
"Muñopepe, Ávila","Muñopepe","Ávila","Castilla y León",NA,NA,NA,NA,"unmatched"
"Muñosancho, Ávila","Muñosancho","Ávila","Castilla y León",NA,NA,NA,NA,"unmatched"
"Muñotello, Ávila","Muñotello","Ávila","Castilla y León",NA,NA,NA,NA,"unmatched"
"Muñoveros, Segovia","Muñoveros","Segovia","Castilla y León",NA,NA,NA,NA,"unmatched"
"Málaga del Fresno, Guadalajara","Málaga del Fresno","Guadalajara","Castilla-La Mancha",NA,NA,NA,NA,"unmatched"
"Málaga, Málaga","Málaga","Málaga","Andalucía","9222206","Malaga","Malaga,Andalusia,Spain","Municipality","name+community"
"Mélida, Navarra","Mélida","Navarra","Comunidad Foral de Navarra",NA,NA,NA,NA,"unmatched"
"Méntrida, Toledo","Méntrida","Toledo","Castilla-La Mancha","9244235","Mentrida","Mentrida,Castile-La Mancha,Spain","Municipality","name+community"
"Mérida, Badajoz","Mérida","Badajoz","Extremadura","1005478","Merida","Merida,Extremadura,Spain","City","name+community"
"Móra d'Ebre, Tarragona","Móra d'Ebre","Tarragona","Cataluña",NA,NA,NA,NA,"unmatched"
"Móra la Nova, Tarragona","Móra la Nova","Tarragona","Cataluña",NA,NA,NA,NA,"unmatched"
"Móstoles, Madrid","Móstoles","Madrid","Comunidad de Madrid","1005494","Mostoles","Mostoles,Community of Madrid,Spain","City","name+community"
"Nabarniz, Vizcaya","Nabarniz","Vizcaya","País Vasco",NA,NA,NA,NA,"unmatched"
"Nacimiento, Almería","Nacimiento","Almería","Andalucía",NA,NA,NA,NA,"unmatched"
"Nafría de Ucero, Soria","Nafría de Ucero","Soria","Castilla y León",NA,NA,NA,NA,"unmatched"
"Nalda, La Rioja","Nalda","La Rioja","La Rioja",NA,NA,NA,NA,"unmatched"
"Nalec, Lleida","Nalec","Lleida","Cataluña",NA,NA,NA,NA,"unmatched"
"Nambroca, Toledo","Nambroca","Toledo","Castilla-La Mancha",NA,NA,NA,NA,"unmatched"
"Narboneta, Cuenca","Narboneta","Cuenca","Castilla-La Mancha",NA,NA,NA,NA,"unmatched"
"Narrillos del Rebollar, Ávila","Narrillos del Rebollar","Ávila","Castilla y León",NA,NA,NA,NA,"unmatched"
"Narrillos del Álamo, Ávila","Narrillos del Álamo","Ávila","Castilla y León",NA,NA,NA,NA,"unmatched"
"Narros de Matalayegua, Salamanca","Narros de Matalayegua","Salamanca","Castilla y León",NA,NA,NA,NA,"unmatched"
"Narros de Saldueña, Ávila","Narros de Saldueña","Ávila","Castilla y León",NA,NA,NA,NA,"unmatched"
"Narros del Castillo, Ávila","Narros del Castillo","Ávila","Castilla y León",NA,NA,NA,NA,"unmatched"
"Narros del Puerto, Ávila","Narros del Puerto","Ávila","Castilla y León",NA,NA,NA,NA,"unmatched"
"Narros, Soria","Narros","Soria","Castilla y León",NA,NA,NA,NA,"unmatched"
"Narón, A Coruña","Narón","A Coruña","Galicia","9212742","Naron","Naron,Galicia,Spain","Municipality","name+community"
"Naut Aran, Lleida","Naut Aran","Lleida","Cataluña",NA,NA,NA,NA,"unmatched"
"Nava de Arévalo, Ávila","Nava de Arévalo","Ávila","Castilla y León",NA,NA,NA,NA,"unmatched"
"Nava de Béjar, Salamanca","Nava de Béjar","Salamanca","Castilla y León",NA,NA,NA,NA,"unmatched"
"Nava de Francia, Salamanca","Nava de Francia","Salamanca","Castilla y León",NA,NA,NA,NA,"unmatched"
"Nava de Roa, Burgos","Nava de Roa","Burgos","Castilla y León",NA,NA,NA,NA,"unmatched"
"Nava de Sotrobal, Salamanca","Nava de Sotrobal","Salamanca","Castilla y León",NA,NA,NA,NA,"unmatched"
"Nava de la Asunción, Segovia","Nava de la Asunción","Segovia","Castilla y León",NA,NA,NA,NA,"unmatched"
"Nava del Barco, Ávila","Nava del Barco","Ávila","Castilla y León",NA,NA,NA,NA,"unmatched"
"Nava del Rey, Valladolid","Nava del Rey","Valladolid","Castilla y León",NA,NA,NA,NA,"unmatched"
"Nava, Asturias","Nava","Asturias","Principado de Asturias",NA,NA,NA,NA,"unmatched"
"Navacarros, Salamanca","Navacarros","Salamanca","Castilla y León",NA,NA,NA,NA,"unmatched"
"Navacepedilla de Corneja, Ávila","Navacepedilla de Corneja","Ávila","Castilla y León",NA,NA,NA,NA,"unmatched"
"Navacerrada, Madrid","Navacerrada","Madrid","Comunidad de Madrid",NA,NA,NA,NA,"unmatched"
"Navaconcejo, Cáceres","Navaconcejo","Cáceres","Extremadura",NA,NA,NA,NA,"unmatched"
"Navadijos, Ávila","Navadijos","Ávila","Castilla y León",NA,NA,NA,NA,"unmatched"
"Navaescurial, Ávila","Navaescurial","Ávila","Castilla y León",NA,NA,NA,NA,"unmatched"
"Navafría, Segovia","Navafría","Segovia","Castilla y León",NA,NA,NA,NA,"unmatched"
"Navahermosa, Toledo","Navahermosa","Toledo","Castilla-La Mancha",NA,NA,NA,NA,"unmatched"
"Navahondilla, Ávila","Navahondilla","Ávila","Castilla y León",NA,NA,NA,NA,"unmatched"
"Navajas, Castellón","Navajas","Castellón","Comunidad Valenciana",NA,NA,NA,NA,"unmatched"
"Navajún, La Rioja","Navajún","La Rioja","La Rioja",NA,NA,NA,NA,"unmatched"
"Naval, Huesca","Naval","Huesca","Aragón",NA,NA,NA,NA,"unmatched"
"Navalacruz, Ávila","Navalacruz","Ávila","Castilla y León",NA,NA,NA,NA,"unmatched"
"Navalafuente, Madrid","Navalafuente","Madrid","Comunidad de Madrid",NA,NA,NA,NA,"unmatched"
"Navalagamella, Madrid","Navalagamella","Madrid","Comunidad de Madrid",NA,NA,NA,NA,"unmatched"
"Navalcarnero, Madrid","Navalcarnero","Madrid","Comunidad de Madrid","9049148","Navalcarnero","Navalcarnero,Community of Madrid,Spain","City","name+community"
"Navalcán, Toledo","Navalcán","Toledo","Castilla-La Mancha",NA,NA,NA,NA,"unmatched"
"Navaleno, Soria","Navaleno","Soria","Castilla y León",NA,NA,NA,NA,"unmatched"
"Navales, Salamanca","Navales","Salamanca","Castilla y León",NA,NA,NA,NA,"unmatched"
"Navalilla, Segovia","Navalilla","Segovia","Castilla y León",NA,NA,NA,NA,"unmatched"
"Navalmanzano, Segovia","Navalmanzano","Segovia","Castilla y León",NA,NA,NA,NA,"unmatched"
"Navalmoral de Béjar, Salamanca","Navalmoral de Béjar","Salamanca","Castilla y León",NA,NA,NA,NA,"unmatched"
"Navalmoral de la Mata, Cáceres","Navalmoral de la Mata","Cáceres","Extremadura","9049149","Navalmoral de la Mata","Navalmoral de la Mata,Extremadura,Spain","City","name+community"
"Navalmoral, Ávila","Navalmoral","Ávila","Castilla y León",NA,NA,NA,NA,"unmatched"
"Navalmoralejo, Toledo","Navalmoralejo","Toledo","Castilla-La Mancha",NA,NA,NA,NA,"unmatched"
"Navalonguilla, Ávila","Navalonguilla","Ávila","Castilla y León",NA,NA,NA,NA,"unmatched"
"Navalosa, Ávila","Navalosa","Ávila","Castilla y León",NA,NA,NA,NA,"unmatched"
"Navalperal de Pinares, Ávila","Navalperal de Pinares","Ávila","Castilla y León",NA,NA,NA,NA,"unmatched"
"Navalperal de Tormes, Ávila","Navalperal de Tormes","Ávila","Castilla y León",NA,NA,NA,NA,"unmatched"
"Navalpino, Ciudad Real","Navalpino","Ciudad Real","Castilla-La Mancha",NA,NA,NA,NA,"unmatched"
"Navaluenga, Ávila","Navaluenga","Ávila","Castilla y León",NA,NA,NA,NA,"unmatched"
"Navalvillar de Ibor, Cáceres","Navalvillar de Ibor","Cáceres","Extremadura",NA,NA,NA,NA,"unmatched"
"Navalvillar de Pela, Badajoz","Navalvillar de Pela","Badajoz","Extremadura",NA,NA,NA,NA,"unmatched"
"Navamorales, Salamanca","Navamorales","Salamanca","Castilla y León",NA,NA,NA,NA,"unmatched"
"Navamorcuende, Toledo","Navamorcuende","Toledo","Castilla-La Mancha",NA,NA,NA,NA,"unmatched"
"Navaquesera, Ávila","Navaquesera","Ávila","Castilla y León",NA,NA,NA,NA,"unmatched"
"Navarcles, Barcelona","Navarcles","Barcelona","Cataluña",NA,NA,NA,NA,"unmatched"
"Navardún, Zaragoza","Navardún","Zaragoza","Aragón",NA,NA,NA,NA,"unmatched"
"Navares de Ayuso, Segovia","Navares de Ayuso","Segovia","Castilla y León",NA,NA,NA,NA,"unmatched"
"Navares de Enmedio, Segovia","Navares de Enmedio","Segovia","Castilla y León",NA,NA,NA,NA,"unmatched"
"Navares de las Cuevas, Segovia","Navares de las Cuevas","Segovia","Castilla y León",NA,NA,NA,NA,"unmatched"
"Navaridas, Álava","Navaridas","Álava","País Vasco",NA,NA,NA,NA,"unmatched"
"Navarredonda de Gredos, Ávila","Navarredonda de Gredos","Ávila","Castilla y León",NA,NA,NA,NA,"unmatched"
"Navarredonda de la Rinconada, Salamanca","Navarredonda de la Rinconada","Salamanca","Castilla y León",NA,NA,NA,NA,"unmatched"
"Navarredonda y San Mamés, Madrid","Navarredonda y San Mamés","Madrid","Comunidad de Madrid",NA,NA,NA,NA,"unmatched"
"Navarredondilla, Ávila","Navarredondilla","Ávila","Castilla y León",NA,NA,NA,NA,"unmatched"
"Navarrete, La Rioja","Navarrete","La Rioja","La Rioja",NA,NA,NA,NA,"unmatched"
"Navarrevisca, Ávila","Navarrevisca","Ávila","Castilla y León",NA,NA,NA,NA,"unmatched"
"Navarrés, Valencia","Navarrés","Valencia","Comunidad Valenciana",NA,NA,NA,NA,"unmatched"
"Navas de Bureba, Burgos","Navas de Bureba","Burgos","Castilla y León",NA,NA,NA,NA,"unmatched"
"Navas de Estena, Ciudad Real","Navas de Estena","Ciudad Real","Castilla-La Mancha",NA,NA,NA,NA,"unmatched"
"Navas de Jorquera, Albacete","Navas de Jorquera","Albacete","Castilla-La Mancha",NA,NA,NA,NA,"unmatched"
"Navas de Oro, Segovia","Navas de Oro","Segovia","Castilla y León",NA,NA,NA,NA,"unmatched"
"Navas de Riofrío, Segovia","Navas de Riofrío","Segovia","Castilla y León",NA,NA,NA,NA,"unmatched"
"Navas de San Antonio, Segovia","Navas de San Antonio","Segovia","Castilla y León",NA,NA,NA,NA,"unmatched"
"Navas de San Juan, Jaén","Navas de San Juan","Jaén","Andalucía",NA,NA,NA,NA,"unmatched"
"Navas del Madroño, Cáceres","Navas del Madroño","Cáceres","Extremadura",NA,NA,NA,NA,"unmatched"
"Navas del Rey, Madrid","Navas del Rey","Madrid","Comunidad de Madrid",NA,NA,NA,NA,"unmatched"
"Navascués, Navarra","Navascués","Navarra","Comunidad Foral de Navarra",NA,NA,NA,NA,"unmatched"
"Navasfrías, Salamanca","Navasfrías","Salamanca","Castilla y León",NA,NA,NA,NA,"unmatched"
"Navata, Girona","Navata","Girona","Cataluña",NA,NA,NA,NA,"unmatched"
"Navatalgordo, Ávila","Navatalgordo","Ávila","Castilla y León",NA,NA,NA,NA,"unmatched"
"Navatejares, Ávila","Navatejares","Ávila","Castilla y León",NA,NA,NA,NA,"unmatched"
"Navezuelas, Cáceres","Navezuelas","Cáceres","Extremadura",NA,NA,NA,NA,"unmatched"
"Navia de Suarna, Lugo","Navia de Suarna","Lugo","Galicia",NA,NA,NA,NA,"unmatched"
"Navia, Asturias","Navia","Asturias","Principado de Asturias","9249861","Navia","Navia,Asturias,Spain","Municipality","name+community"
"Navianos de Valverde, Zamora","Navianos de Valverde","Zamora","Castilla y León",NA,NA,NA,NA,"unmatched"
"Navàs, Barcelona","Navàs","Barcelona","Cataluña",NA,NA,NA,NA,"unmatched"
"Navès, Lleida","Navès","Lleida","Cataluña",NA,NA,NA,NA,"unmatched"
"Nazar, Navarra","Nazar","Navarra","Comunidad Foral de Navarra",NA,NA,NA,NA,"unmatched"
"Nebreda, Burgos","Nebreda","Burgos","Castilla y León",NA,NA,NA,NA,"unmatched"
"Neda, A Coruña","Neda","A Coruña","Galicia",NA,NA,NA,NA,"unmatched"
"Negredo, Guadalajara","Negredo","Guadalajara","Castilla-La Mancha",NA,NA,NA,NA,"unmatched"
"Negreira, A Coruña","Negreira","A Coruña","Galicia",NA,NA,NA,NA,"unmatched"
"Negrilla de Palencia, Salamanca","Negrilla de Palencia","Salamanca","Castilla y León",NA,NA,NA,NA,"unmatched"
"Negueira de Muñiz, Lugo","Negueira de Muñiz","Lugo","Galicia",NA,NA,NA,NA,"unmatched"
"Neila de San Miguel, Ávila","Neila de San Miguel","Ávila","Castilla y León",NA,NA,NA,NA,"unmatched"
"Neila, Burgos","Neila","Burgos","Castilla y León",NA,NA,NA,NA,"unmatched"
"Nepas, Soria","Nepas","Soria","Castilla y León",NA,NA,NA,NA,"unmatched"
"Nerja, Málaga","Nerja","Málaga","Andalucía","9197279","Nerja","Nerja,Andalusia,Spain","City","name+community"
"Nerpio, Albacete","Nerpio","Albacete","Castilla-La Mancha",NA,NA,NA,NA,"unmatched"
"Nerva, Huelva","Nerva","Huelva","Andalucía",NA,NA,NA,NA,"unmatched"
"Nestares, La Rioja","Nestares","La Rioja","La Rioja",NA,NA,NA,NA,"unmatched"
"Nevada, Granada","Nevada","Granada","Andalucía",NA,NA,NA,NA,"unmatched"
"Niebla, Huelva","Niebla","Huelva","Andalucía",NA,NA,NA,NA,"unmatched"
"Nieva de Cameros, La Rioja","Nieva de Cameros","La Rioja","La Rioja",NA,NA,NA,NA,"unmatched"
"Nieva, Segovia","Nieva","Segovia","Castilla y León",NA,NA,NA,NA,"unmatched"
"Nigrán, Pontevedra","Nigrán","Pontevedra","Galicia",NA,NA,NA,NA,"unmatched"
"Nigüelas, Granada","Nigüelas","Granada","Andalucía",NA,NA,NA,NA,"unmatched"
"Nigüella, Zaragoza","Nigüella","Zaragoza","Aragón",NA,NA,NA,NA,"unmatched"
"Niharra, Ávila","Niharra","Ávila","Castilla y León",NA,NA,NA,NA,"unmatched"
"Noalejo, Jaén","Noalejo","Jaén","Andalucía",NA,NA,NA,NA,"unmatched"
"Noblejas, Toledo","Noblejas","Toledo","Castilla-La Mancha",NA,NA,NA,NA,"unmatched"
"Noceda del Bierzo, León","Noceda del Bierzo","León","Castilla y León",NA,NA,NA,NA,"unmatched"
"Noez, Toledo","Noez","Toledo","Castilla-La Mancha",NA,NA,NA,NA,"unmatched"
"Nogal de las Huertas, Palencia","Nogal de las Huertas","Palencia","Castilla y León",NA,NA,NA,NA,"unmatched"
"Nogales, Badajoz","Nogales","Badajoz","Extremadura",NA,NA,NA,NA,"unmatched"
"Nogueira de Ramuín, Ourense","Nogueira de Ramuín","Ourense","Galicia",NA,NA,NA,NA,"unmatched"
"Noguera de Albarracín, Teruel","Noguera de Albarracín","Teruel","Aragón",NA,NA,NA,NA,"unmatched"
"Nogueras, Teruel","Nogueras","Teruel","Aragón",NA,NA,NA,NA,"unmatched"
"Nogueruelas, Teruel","Nogueruelas","Teruel","Aragón",NA,NA,NA,NA,"unmatched"
"Noia, A Coruña","Noia","A Coruña","Galicia","9214296","Noia","Noia,Galicia,Spain","Municipality","name+community"
"Noja, Cantabria","Noja","Cantabria","Cantabria","9256118","Noja","Noja,Cantabria,Spain","Municipality","name+community"
"Nolay, Soria","Nolay","Soria","Castilla y León",NA,NA,NA,NA,"unmatched"
"Nombela, Toledo","Nombela","Toledo","Castilla-La Mancha",NA,NA,NA,NA,"unmatched"
"Nombrevilla, Zaragoza","Nombrevilla","Zaragoza","Aragón",NA,NA,NA,NA,"unmatched"
"Nonaspe, Zaragoza","Nonaspe","Zaragoza","Aragón",NA,NA,NA,NA,"unmatched"
"Noreña, Asturias","Noreña","Asturias","Principado de Asturias","9049150","Norena","Norena,Asturias,Spain","City","name+community"
"Novales, Huesca","Novales","Huesca","Aragón",NA,NA,NA,NA,"unmatched"
"Novallas, Zaragoza","Novallas","Zaragoza","Aragón",NA,NA,NA,NA,"unmatched"
"Novelda, Alicante","Novelda","Alicante","Comunidad Valenciana","9049151","Novelda","Novelda,Valencian Community,Spain","City","name+community"
"Novelé, Valencia","Novelé","Valencia","Comunidad Valenciana",NA,NA,NA,NA,"unmatched"
"Noviercas, Soria","Noviercas","Soria","Castilla y León",NA,NA,NA,NA,"unmatched"
"Novillas, Zaragoza","Novillas","Zaragoza","Aragón",NA,NA,NA,NA,"unmatched"
"Novés, Toledo","Novés","Toledo","Castilla-La Mancha",NA,NA,NA,NA,"unmatched"
"Noáin, Navarra","Noáin","Navarra","Comunidad Foral de Navarra",NA,NA,NA,NA,"unmatched"
"Nueno, Huesca","Nueno","Huesca","Aragón",NA,NA,NA,NA,"unmatched"
"Nueva Carteya, Córdoba","Nueva Carteya","Córdoba","Andalucía",NA,NA,NA,NA,"unmatched"
"Nueva Villa de las Torres, Valladolid","Nueva Villa de las Torres","Valladolid","Castilla y León",NA,NA,NA,NA,"unmatched"
"Nuevo Baztán, Madrid","Nuevo Baztán","Madrid","Comunidad de Madrid",NA,NA,NA,NA,"unmatched"
"Nuez de Ebro, Zaragoza","Nuez de Ebro","Zaragoza","Aragón",NA,NA,NA,NA,"unmatched"
"Nules, Castellón","Nules","Castellón","Comunidad Valenciana",NA,NA,NA,NA,"unmatched"
"Nulles, Tarragona","Nulles","Tarragona","Cataluña",NA,NA,NA,NA,"unmatched"
"Numancia de la Sagra, Toledo","Numancia de la Sagra","Toledo","Castilla-La Mancha",NA,NA,NA,NA,"unmatched"
"Nuévalos, Zaragoza","Nuévalos","Zaragoza","Aragón",NA,NA,NA,NA,"unmatched"
"Nuño Gómez, Toledo","Nuño Gómez","Toledo","Castilla-La Mancha",NA,NA,NA,NA,"unmatched"
"Nuñomoral, Cáceres","Nuñomoral","Cáceres","Extremadura",NA,NA,NA,NA,"unmatched"
"Nájera, La Rioja","Nájera","La Rioja","La Rioja",NA,NA,NA,NA,"unmatched"
"Náquera, Valencia","Náquera","Valencia","Comunidad Valenciana","9217163","Naquera","Naquera,Valencian Community,Spain","Municipality","name+community"
"Níjar, Almería","Níjar","Almería","Andalucía","9209797","Nijar","Nijar,Andalusia,Spain","Municipality","name+community"
"Nívar, Granada","Nívar","Granada","Andalucía",NA,NA,NA,NA,"unmatched"
"O Barco de Valdeorras, Ourense","O Barco de Valdeorras","Ourense","Galicia",NA,NA,NA,NA,"unmatched"
"O Bolo, Ourense","O Bolo","Ourense","Galicia",NA,NA,NA,NA,"unmatched"
"O Carballiño, Ourense","O Carballiño","Ourense","Galicia","9213869","O Carballino","O Carballino,Galicia,Spain","Municipality","name+community"
"O Corgo, Lugo","O Corgo","Lugo","Galicia",NA,NA,NA,NA,"unmatched"
"O Grove, Pontevedra","O Grove","Pontevedra","Galicia","9219234","O Grove","O Grove,Galicia,Spain","Municipality","name+community"
"O Incio, Lugo","O Incio","Lugo","Galicia",NA,NA,NA,NA,"unmatched"
"O Irixo, Ourense","O Irixo","Ourense","Galicia",NA,NA,NA,NA,"unmatched"
"O Pereiro de Aguiar, Ourense","O Pereiro de Aguiar","Ourense","Galicia",NA,NA,NA,NA,"unmatched"
"O Pino, A Coruña","O Pino","A Coruña","Galicia",NA,NA,NA,NA,"unmatched"
"O Porriño, Pontevedra","O Porriño","Pontevedra","Galicia","9217579","O Porrino","O Porrino,Galicia,Spain","City","name+community"
"O Páramo, Lugo","O Páramo","Lugo","Galicia",NA,NA,NA,NA,"unmatched"
"O Rosal, Pontevedra","O Rosal","Pontevedra","Galicia",NA,NA,NA,NA,"unmatched"
"O Saviñao, Lugo","O Saviñao","Lugo","Galicia","9211585","O Savinao","O Savinao,Galicia,Spain","Municipality","name+community"
"O Valadouro, Lugo","O Valadouro","Lugo","Galicia",NA,NA,NA,NA,"unmatched"
"O Vicedo, Lugo","O Vicedo","Lugo","Galicia",NA,NA,NA,NA,"unmatched"
"Obanos, Navarra","Obanos","Navarra","Comunidad Foral de Navarra",NA,NA,NA,NA,"unmatched"
"Obejo, Córdoba","Obejo","Córdoba","Andalucía",NA,NA,NA,NA,"unmatched"
"Obón, Teruel","Obón","Teruel","Aragón",NA,NA,NA,NA,"unmatched"
"Ocaña, Toledo","Ocaña","Toledo","Castilla-La Mancha",NA,NA,NA,NA,"unmatched"
"Ocentejo, Guadalajara","Ocentejo","Guadalajara","Castilla-La Mancha",NA,NA,NA,NA,"unmatched"
"Ochagavía, Navarra","Ochagavía","Navarra","Comunidad Foral de Navarra",NA,NA,NA,NA,"unmatched"
"Ochánduri, La Rioja","Ochánduri","La Rioja","La Rioja",NA,NA,NA,NA,"unmatched"
"Oco, Navarra","Oco","Navarra","Comunidad Foral de Navarra",NA,NA,NA,NA,"unmatched"
"Ocón, La Rioja","Ocón","La Rioja","La Rioja",NA,NA,NA,NA,"unmatched"
"Odieta, Navarra","Odieta","Navarra","Comunidad Foral de Navarra",NA,NA,NA,NA,"unmatched"
"Odèn, Lleida","Odèn","Lleida","Cataluña",NA,NA,NA,NA,"unmatched"
"Odón, Teruel","Odón","Teruel","Aragón",NA,NA,NA,NA,"unmatched"
"Oencia, León","Oencia","León","Castilla y León",NA,NA,NA,NA,"unmatched"
"Ogassa, Girona","Ogassa","Girona","Cataluña",NA,NA,NA,NA,"unmatched"
"Ogíjares, Granada","Ogíjares","Granada","Andalucía",NA,NA,NA,NA,"unmatched"
"Ohanes, Almería","Ohanes","Almería","Andalucía",NA,NA,NA,NA,"unmatched"
"Oia, Pontevedra","Oia","Pontevedra","Galicia",NA,NA,NA,NA,"unmatched"
"Oiartzun, Guipúzcoa","Oiartzun","Guipúzcoa","País Vasco",NA,NA,NA,NA,"unmatched"
"Oitz, Navarra","Oitz","Navarra","Comunidad Foral de Navarra",NA,NA,NA,NA,"unmatched"
"Ojacastro, La Rioja","Ojacastro","La Rioja","La Rioja",NA,NA,NA,NA,"unmatched"
"Ojos Negros, Teruel","Ojos Negros","Teruel","Aragón",NA,NA,NA,NA,"unmatched"
"Ojos-Albos, Ávila","Ojos-Albos","Ávila","Castilla y León",NA,NA,NA,NA,"unmatched"
"Ojén, Málaga","Ojén","Málaga","Andalucía",NA,NA,NA,NA,"unmatched"
"Ojós, Murcia","Ojós","Murcia","Región de Murcia",NA,NA,NA,NA,"unmatched"
"Okondo, Álava","Okondo","Álava","País Vasco",NA,NA,NA,NA,"unmatched"
"Olaberria, Guipúzcoa","Olaberria","Guipúzcoa","País Vasco",NA,NA,NA,NA,"unmatched"
"Olaibar, Navarra","Olaibar","Navarra","Comunidad Foral de Navarra",NA,NA,NA,NA,"unmatched"
"Olazti, Navarra","Olazti","Navarra","Comunidad Foral de Navarra",NA,NA,NA,NA,"unmatched"
"Olba, Teruel","Olba","Teruel","Aragón",NA,NA,NA,NA,"unmatched"
"Olea de Boedo, Palencia","Olea de Boedo","Palencia","Castilla y León",NA,NA,NA,NA,"unmatched"
"Oleiros, A Coruña","Oleiros","A Coruña","Galicia","9215265","Oleiros","Oleiros,Galicia,Spain","Municipality","name+community"
"Olejua, Navarra","Olejua","Navarra","Comunidad Foral de Navarra",NA,NA,NA,NA,"unmatched"
"Olesa de Bonesvalls, Barcelona","Olesa de Bonesvalls","Barcelona","Cataluña",NA,NA,NA,NA,"unmatched"
"Olesa de Montserrat, Barcelona","Olesa de Montserrat","Barcelona","Cataluña","9220337","Olesa de Montserrat","Olesa de Montserrat,Catalonia,Spain","City","name+community"
"Oliana, Lleida","Oliana","Lleida","Cataluña",NA,NA,NA,NA,"unmatched"
"Oliete, Teruel","Oliete","Teruel","Aragón",NA,NA,NA,NA,"unmatched"
"Oliola, Lleida","Oliola","Lleida","Cataluña",NA,NA,NA,NA,"unmatched"
"Olite, Navarra","Olite","Navarra","Comunidad Foral de Navarra",NA,NA,NA,NA,"unmatched"
"Olius, Lleida","Olius","Lleida","Cataluña",NA,NA,NA,NA,"unmatched"
"Oliva de Mérida, Badajoz","Oliva de Mérida","Badajoz","Extremadura",NA,NA,NA,NA,"unmatched"
"Oliva de Plasencia, Cáceres","Oliva de Plasencia","Cáceres","Extremadura",NA,NA,NA,NA,"unmatched"
"Oliva de la Frontera, Badajoz","Oliva de la Frontera","Badajoz","Extremadura",NA,NA,NA,NA,"unmatched"
"Oliva, Valencia","Oliva","Valencia","Comunidad Valenciana","9049152","Oliva","Oliva,Valencian Community,Spain","City","name+community"
"Olivares de Duero, Valladolid","Olivares de Duero","Valladolid","Castilla y León",NA,NA,NA,NA,"unmatched"
"Olivares de Júcar, Cuenca","Olivares de Júcar","Cuenca","Castilla-La Mancha",NA,NA,NA,NA,"unmatched"
"Olivares, Sevilla","Olivares","Sevilla","Andalucía","9234707","Olivares","Olivares,Andalusia,Spain","Municipality","name+community"
"Olivella, Barcelona","Olivella","Barcelona","Cataluña","9212472","Olivella","Olivella,Catalonia,Spain","Municipality","name+community"
"Olivenza, Badajoz","Olivenza","Badajoz","Extremadura",NA,NA,NA,NA,"unmatched"
"Ollauri, La Rioja","Ollauri","La Rioja","La Rioja",NA,NA,NA,NA,"unmatched"
"Ollo, Navarra","Ollo","Navarra","Comunidad Foral de Navarra",NA,NA,NA,NA,"unmatched"
"Olmeda de Cobeta, Guadalajara","Olmeda de Cobeta","Guadalajara","Castilla-La Mancha",NA,NA,NA,NA,"unmatched"
"Olmeda de la Cuesta, Cuenca","Olmeda de la Cuesta","Cuenca","Castilla-La Mancha",NA,NA,NA,NA,"unmatched"
"Olmeda de las Fuentes, Madrid","Olmeda de las Fuentes","Madrid","Comunidad de Madrid",NA,NA,NA,NA,"unmatched"
"Olmeda del Rey, Cuenca","Olmeda del Rey","Cuenca","Castilla-La Mancha",NA,NA,NA,NA,"unmatched"
"Olmedilla de Alarcón, Cuenca","Olmedilla de Alarcón","Cuenca","Castilla-La Mancha",NA,NA,NA,NA,"unmatched"
"Olmedilla de Eliz, Cuenca","Olmedilla de Eliz","Cuenca","Castilla-La Mancha",NA,NA,NA,NA,"unmatched"
"Olmedillo de Roa, Burgos","Olmedillo de Roa","Burgos","Castilla y León",NA,NA,NA,NA,"unmatched"
"Olmedo de Camaces, Salamanca","Olmedo de Camaces","Salamanca","Castilla y León",NA,NA,NA,NA,"unmatched"
"Olmedo, Valladolid","Olmedo","Valladolid","Castilla y León",NA,NA,NA,NA,"unmatched"
"Olmillos de Castro, Zamora","Olmillos de Castro","Zamora","Castilla y León",NA,NA,NA,NA,"unmatched"
"Olmillos de Muñó, Burgos","Olmillos de Muñó","Burgos","Castilla y León",NA,NA,NA,NA,"unmatched"
"Olmos de Esgueva, Valladolid","Olmos de Esgueva","Valladolid","Castilla y León",NA,NA,NA,NA,"unmatched"
"Olmos de Ojeda, Palencia","Olmos de Ojeda","Palencia","Castilla y León",NA,NA,NA,NA,"unmatched"
"Olmos de Peñafiel, Valladolid","Olmos de Peñafiel","Valladolid","Castilla y León",NA,NA,NA,NA,"unmatched"
"Olocau del Rey, Castellón","Olocau del Rey","Castellón","Comunidad Valenciana",NA,NA,NA,NA,"unmatched"
"Olocau, Valencia","Olocau","Valencia","Comunidad Valenciana","9257598","Olocau","Olocau,Valencian Community,Spain","Municipality","name+community"
"Olombrada, Segovia","Olombrada","Segovia","Castilla y León",NA,NA,NA,NA,"unmatched"
"Olost, Barcelona","Olost","Barcelona","Cataluña",NA,NA,NA,NA,"unmatched"
"Olot, Girona","Olot","Girona","Cataluña","9197648","Olot","Olot,Catalonia,Spain","City","name+community"
"Olula de Castro, Almería","Olula de Castro","Almería","Andalucía",NA,NA,NA,NA,"unmatched"
"Olula del Río, Almería","Olula del Río","Almería","Andalucía",NA,NA,NA,NA,"unmatched"
"Olvan, Barcelona","Olvan","Barcelona","Cataluña",NA,NA,NA,NA,"unmatched"
"Olvena, Huesca","Olvena","Huesca","Aragón",NA,NA,NA,NA,"unmatched"
"Olvera, Cádiz","Olvera","Cádiz","Andalucía","9049153","Olvera","Olvera,Andalusia,Spain","City","name+community"
"Olvés, Zaragoza","Olvés","Zaragoza","Aragón",NA,NA,NA,NA,"unmatched"
"Olza, Navarra","Olza","Navarra","Comunidad Foral de Navarra",NA,NA,NA,NA,"unmatched"
"Olèrdola, Barcelona","Olèrdola","Barcelona","Cataluña",NA,NA,NA,NA,"unmatched"
"Olías del Rey, Toledo","Olías del Rey","Toledo","Castilla-La Mancha",NA,NA,NA,NA,"unmatched"
"Olóriz, Navarra","Olóriz","Navarra","Comunidad Foral de Navarra",NA,NA,NA,NA,"unmatched"
"Oncala, Soria","Oncala","Soria","Castilla y León",NA,NA,NA,NA,"unmatched"
"Onda, Castellón","Onda","Castellón","Comunidad Valenciana","1005543","Onda","Onda,Valencian Community,Spain","City","name+community"
"Ondara, Alicante","Ondara","Alicante","Comunidad Valenciana","9253745","Ondara","Ondara,Valencian Community,Spain","Municipality","name+community"
"Ondarroa, Vizcaya","Ondarroa","Vizcaya","País Vasco","9049154","Ondarroa","Ondarroa,Basque Country,Spain","City","name+community"
"Onil, Alicante","Onil","Alicante","Comunidad Valenciana",NA,NA,NA,NA,"unmatched"
"Ontinyent, Valencia","Ontinyent","Valencia","Comunidad Valenciana","9197405","Ontinyent","Ontinyent,Valencian Community,Spain","City","name+community"
"Ontiñena, Huesca","Ontiñena","Huesca","Aragón",NA,NA,NA,NA,"unmatched"
"Ontur, Albacete","Ontur","Albacete","Castilla-La Mancha",NA,NA,NA,NA,"unmatched"
"Ontígola, Toledo","Ontígola","Toledo","Castilla-La Mancha",NA,NA,NA,NA,"unmatched"
"Onzonilla, León","Onzonilla","León","Castilla y León",NA,NA,NA,NA,"unmatched"
"Onís, Asturias","Onís","Asturias","Principado de Asturias",NA,NA,NA,NA,"unmatched"
"Oquillas, Burgos","Oquillas","Burgos","Castilla y León",NA,NA,NA,NA,"unmatched"
"Orba, Alicante","Orba","Alicante","Comunidad Valenciana","9212292","Orba","Orba,Valencian Community,Spain","Municipality","name+community"
"Orbaitzeta, Navarra","Orbaitzeta","Navarra","Comunidad Foral de Navarra",NA,NA,NA,NA,"unmatched"
"Orbaneja Riopico, Burgos","Orbaneja Riopico","Burgos","Castilla y León",NA,NA,NA,NA,"unmatched"
"Orbara, Navarra","Orbara","Navarra","Comunidad Foral de Navarra",NA,NA,NA,NA,"unmatched"
"Orbita, Ávila","Orbita","Ávila","Castilla y León",NA,NA,NA,NA,"unmatched"
"Orcajo, Zaragoza","Orcajo","Zaragoza","Aragón",NA,NA,NA,NA,"unmatched"
"Orce, Granada","Orce","Granada","Andalucía",NA,NA,NA,NA,"unmatched"
"Orcera, Jaén","Orcera","Jaén","Andalucía",NA,NA,NA,NA,"unmatched"
"Orcoyen, Navarra","Orcoyen","Navarra","Comunidad Foral de Navarra",NA,NA,NA,NA,"unmatched"
"Ordes, A Coruña","Ordes","A Coruña","Galicia","9218071","Ordes","Ordes,Galicia,Spain","Municipality","name+community"
"Ordis, Girona","Ordis","Girona","Cataluña",NA,NA,NA,NA,"unmatched"
"Ordizia, Guipúzcoa","Ordizia","Guipúzcoa","País Vasco",NA,NA,NA,NA,"unmatched"
"Orea, Guadalajara","Orea","Guadalajara","Castilla-La Mancha",NA,NA,NA,NA,"unmatched"
"Orejana, Segovia","Orejana","Segovia","Castilla y León",NA,NA,NA,NA,"unmatched"
"Orellana de la Sierra, Badajoz","Orellana de la Sierra","Badajoz","Extremadura",NA,NA,NA,NA,"unmatched"
"Orellana la Vieja, Badajoz","Orellana la Vieja","Badajoz","Extremadura",NA,NA,NA,NA,"unmatched"
"Orendain, Guipúzcoa","Orendain","Guipúzcoa","País Vasco",NA,NA,NA,NA,"unmatched"
"Orera, Zaragoza","Orera","Zaragoza","Aragón",NA,NA,NA,NA,"unmatched"
"Orexa, Guipúzcoa","Orexa","Guipúzcoa","País Vasco",NA,NA,NA,NA,"unmatched"
"Organyà, Lleida","Organyà","Lleida","Cataluña",NA,NA,NA,NA,"unmatched"
"Orgaz, Toledo","Orgaz","Toledo","Castilla-La Mancha",NA,NA,NA,NA,"unmatched"
"Oria, Almería","Oria","Almería","Andalucía",NA,NA,NA,NA,"unmatched"
"Orihuela del Tremedal, Teruel","Orihuela del Tremedal","Teruel","Aragón",NA,NA,NA,NA,"unmatched"
"Orihuela, Alicante","Orihuela","Alicante","Comunidad Valenciana","9232921","Orihuela","Orihuela,Valencian Community,Spain","Municipality","name+community"
"Orio, Guipúzcoa","Orio","Guipúzcoa","País Vasco",NA,NA,NA,NA,"unmatched"
"Oristà, Barcelona","Oristà","Barcelona","Cataluña",NA,NA,NA,NA,"unmatched"
"Ormaiztegi, Guipúzcoa","Ormaiztegi","Guipúzcoa","País Vasco",NA,NA,NA,NA,"unmatched"
"Oronz, Navarra","Oronz","Navarra","Comunidad Foral de Navarra",NA,NA,NA,NA,"unmatched"
"Oropesa del Mar, Castellón","Oropesa del Mar","Castellón","Comunidad Valenciana","9049156","Oropesa del Mar","Oropesa del Mar,Valencian Community,Spain","City","name+community"
"Oropesa, Toledo","Oropesa","Toledo","Castilla-La Mancha",NA,NA,NA,NA,"unmatched"
"Oroso, A Coruña","Oroso","A Coruña","Galicia","9234141","Oroso","Oroso,Galicia,Spain","Municipality","name+community"
"Oroz-Betelu, Navarra","Oroz-Betelu","Navarra","Comunidad Foral de Navarra",NA,NA,NA,NA,"unmatched"
"Orozko, Vizcaya","Orozko","Vizcaya","País Vasco",NA,NA,NA,NA,"unmatched"
"Orpí, Barcelona","Orpí","Barcelona","Cataluña",NA,NA,NA,NA,"unmatched"
"Orreaga, Navarra","Orreaga","Navarra","Comunidad Foral de Navarra",NA,NA,NA,NA,"unmatched"
"Orrios, Teruel","Orrios","Teruel","Aragón",NA,NA,NA,NA,"unmatched"
"Ortigosa de Cameros, La Rioja","Ortigosa de Cameros","La Rioja","La Rioja",NA,NA,NA,NA,"unmatched"
"Ortigosa de Pestaño, Segovia","Ortigosa de Pestaño","Segovia","Castilla y León",NA,NA,NA,NA,"unmatched"
"Ortigosa del Monte, Segovia","Ortigosa del Monte","Segovia","Castilla y León",NA,NA,NA,NA,"unmatched"
"Ortigueira, A Coruña","Ortigueira","A Coruña","Galicia",NA,NA,NA,NA,"unmatched"
"Ortuella, Vizcaya","Ortuella","Vizcaya","País Vasco",NA,NA,NA,NA,"unmatched"
"Orusco de Tajuña, Madrid","Orusco de Tajuña","Madrid","Comunidad de Madrid",NA,NA,NA,NA,"unmatched"
"Orxeta, Alicante","Orxeta","Alicante","Comunidad Valenciana",NA,NA,NA,NA,"unmatched"
"Orés, Zaragoza","Orés","Zaragoza","Aragón",NA,NA,NA,NA,"unmatched"
"Orís, Barcelona","Orís","Barcelona","Cataluña",NA,NA,NA,NA,"unmatched"
"Orísoain, Navarra","Orísoain","Navarra","Comunidad Foral de Navarra",NA,NA,NA,NA,"unmatched"
"Os Blancos, Ourense","Os Blancos","Ourense","Galicia",NA,NA,NA,NA,"unmatched"
"Os de Balaguer, Lleida","Os de Balaguer","Lleida","Cataluña",NA,NA,NA,NA,"unmatched"
"Osa de la Vega, Cuenca","Osa de la Vega","Cuenca","Castilla-La Mancha",NA,NA,NA,NA,"unmatched"
"Oseja de Sajambre, León","Oseja de Sajambre","León","Castilla y León",NA,NA,NA,NA,"unmatched"
"Oseja, Zaragoza","Oseja","Zaragoza","Aragón",NA,NA,NA,NA,"unmatched"
"Osera de Ebro, Zaragoza","Osera de Ebro","Zaragoza","Aragón",NA,NA,NA,NA,"unmatched"
"Osor, Girona","Osor","Girona","Cataluña",NA,NA,NA,NA,"unmatched"
"Osornillo, Palencia","Osornillo","Palencia","Castilla y León",NA,NA,NA,NA,"unmatched"
"Osorno la Mayor, Palencia","Osorno la Mayor","Palencia","Castilla y León",NA,NA,NA,NA,"unmatched"
"Ossa de Montiel, Albacete","Ossa de Montiel","Albacete","Castilla-La Mancha",NA,NA,NA,NA,"unmatched"
"Osso de Cinca, Huesca","Osso de Cinca","Huesca","Aragón",NA,NA,NA,NA,"unmatched"
"Ossó de Sió, Lleida","Ossó de Sió","Lleida","Cataluña",NA,NA,NA,NA,"unmatched"
"Osuna, Sevilla","Osuna","Sevilla","Andalucía","9228948","Osuna","Osuna,Andalusia,Spain","Municipality","name+community"
"Oteiza, Navarra","Oteiza","Navarra","Comunidad Foral de Navarra",NA,NA,NA,NA,"unmatched"
"Otero de Bodas, Zamora","Otero de Bodas","Zamora","Castilla y León",NA,NA,NA,NA,"unmatched"
"Otero de Herreros, Segovia","Otero de Herreros","Segovia","Castilla y León",NA,NA,NA,NA,"unmatched"
"Otero, Toledo","Otero","Toledo","Castilla-La Mancha",NA,NA,NA,NA,"unmatched"
"Otos, Valencia","Otos","Valencia","Comunidad Valenciana",NA,NA,NA,NA,"unmatched"
"Otura, Granada","Otura","Granada","Andalucía",NA,NA,NA,NA,"unmatched"
"Otxandio, Vizcaya","Otxandio","Vizcaya","País Vasco",NA,NA,NA,NA,"unmatched"
"Otívar, Granada","Otívar","Granada","Andalucía",NA,NA,NA,NA,"unmatched"
"Ourense, Ourense","Ourense","Ourense","Galicia","9208654","Ourense","Ourense,Galicia,Spain","Municipality","name+community"
"Ourol, Lugo","Ourol","Lugo","Galicia",NA,NA,NA,NA,"unmatched"
"Outeiro de Rei, Lugo","Outeiro de Rei","Lugo","Galicia","9212817","Outeiro de Rei","Outeiro de Rei,Galicia,Spain","Municipality","name+community"
"Outes, A Coruña","Outes","A Coruña","Galicia",NA,NA,NA,NA,"unmatched"
"Oviedo, Asturias","Oviedo","Asturias","Principado de Asturias","9215780","Oviedo","Oviedo,Asturias,Spain","Municipality","name+community"
"Oyón, Álava","Oyón","Álava","País Vasco",NA,NA,NA,NA,"unmatched"
"Oza dos Ríos, A Coruña","Oza dos Ríos","A Coruña","Galicia",NA,NA,NA,NA,"unmatched"
"Oímbra, Ourense","Oímbra","Ourense","Galicia",NA,NA,NA,NA,"unmatched"
"Oña, Burgos","Oña","Burgos","Castilla y León",NA,NA,NA,NA,"unmatched"
"Oñati, Guipúzcoa","Oñati","Guipúzcoa","País Vasco","9252807","Onati","Onati,Basque Country,Spain","Municipality","name+community"
"Pacs del Penedès, Barcelona","Pacs del Penedès","Barcelona","Cataluña",NA,NA,NA,NA,"unmatched"
"Paderne de Allariz, Ourense","Paderne de Allariz","Ourense","Galicia","9217447","Paderne de Allariz","Paderne de Allariz,Galicia,Spain","Municipality","name+community"
"Paderne, A Coruña","Paderne","A Coruña","Galicia",NA,NA,NA,NA,"unmatched"
"Padiernos, Ávila","Padiernos","Ávila","Castilla y León",NA,NA,NA,NA,"unmatched"
"Padilla de Abajo, Burgos","Padilla de Abajo","Burgos","Castilla y León",NA,NA,NA,NA,"unmatched"
"Padilla de Arriba, Burgos","Padilla de Arriba","Burgos","Castilla y León",NA,NA,NA,NA,"unmatched"
"Padrenda, Ourense","Padrenda","Ourense","Galicia",NA,NA,NA,NA,"unmatched"
"Padrones de Bureba, Burgos","Padrones de Bureba","Burgos","Castilla y León",NA,NA,NA,NA,"unmatched"
"Padrón, A Coruña","Padrón","A Coruña","Galicia",NA,NA,NA,NA,"unmatched"
"Padul, Granada","Padul","Granada","Andalucía","9225505","Padul","Padul,Andalusia,Spain","Municipality","name+community"
"Padules, Almería","Padules","Almería","Andalucía",NA,NA,NA,NA,"unmatched"
"Paiporta, Valencia","Paiporta","Valencia","Comunidad Valenciana","9250482","Paiporta","Paiporta,Valencian Community,Spain","Municipality","name+community"
"Pajarejos, Segovia","Pajarejos","Segovia","Castilla y León",NA,NA,NA,NA,"unmatched"
"Pajares de Adaja, Ávila","Pajares de Adaja","Ávila","Castilla y León",NA,NA,NA,NA,"unmatched"
"Pajares de la Laguna, Salamanca","Pajares de la Laguna","Salamanca","Castilla y León",NA,NA,NA,NA,"unmatched"
"Pajares de la Lampreana, Zamora","Pajares de la Lampreana","Zamora","Castilla y León",NA,NA,NA,NA,"unmatched"
"Pajares de los Oteros, León","Pajares de los Oteros","León","Castilla y León",NA,NA,NA,NA,"unmatched"
"Pajaroncillo, Cuenca","Pajaroncillo","Cuenca","Castilla-La Mancha",NA,NA,NA,NA,"unmatched"
"Pajarón, Cuenca","Pajarón","Cuenca","Castilla-La Mancha",NA,NA,NA,NA,"unmatched"
"Palacios de Goda, Ávila","Palacios de Goda","Ávila","Castilla y León",NA,NA,NA,NA,"unmatched"
"Palacios de Riopisuerga, Burgos","Palacios de Riopisuerga","Burgos","Castilla y León",NA,NA,NA,NA,"unmatched"
"Palacios de Sanabria, Zamora","Palacios de Sanabria","Zamora","Castilla y León",NA,NA,NA,NA,"unmatched"
"Palacios de la Sierra, Burgos","Palacios de la Sierra","Burgos","Castilla y León",NA,NA,NA,NA,"unmatched"
"Palacios de la Valduerna, León","Palacios de la Valduerna","León","Castilla y León",NA,NA,NA,NA,"unmatched"
"Palacios del Arzobispo, Salamanca","Palacios del Arzobispo","Salamanca","Castilla y León",NA,NA,NA,NA,"unmatched"
"Palacios del Pan, Zamora","Palacios del Pan","Zamora","Castilla y León",NA,NA,NA,NA,"unmatched"
"Palacios del Sil, León","Palacios del Sil","León","Castilla y León",NA,NA,NA,NA,"unmatched"
"Palaciosrubios, Salamanca","Palaciosrubios","Salamanca","Castilla y León",NA,NA,NA,NA,"unmatched"
"Palafolls, Barcelona","Palafolls","Barcelona","Cataluña",NA,NA,NA,NA,"unmatched"
"Palafrugell, Girona","Palafrugell","Girona","Cataluña","9245251","Palafrugell","Palafrugell,Catalonia,Spain","Municipality","name+community"
"Palamós, Girona","Palamós","Girona","Cataluña","9234430","Palamos","Palamos,Catalonia,Spain","Municipality","name+community"
"Palanques, Castellón","Palanques","Castellón","Comunidad Valenciana",NA,NA,NA,NA,"unmatched"
"Palas de Rei, Lugo","Palas de Rei","Lugo","Galicia",NA,NA,NA,NA,"unmatched"
"Palau de Santa Eulàlia, Girona","Palau de Santa Eulàlia","Girona","Cataluña",NA,NA,NA,NA,"unmatched"
"Palau-sator, Girona","Palau-sator","Girona","Cataluña",NA,NA,NA,NA,"unmatched"
"Palau-saverdera, Girona","Palau-saverdera","Girona","Cataluña",NA,NA,NA,NA,"unmatched"
"Palau-solità i Plegamans, Barcelona","Palau-solità i Plegamans","Barcelona","Cataluña",NA,NA,NA,NA,"unmatched"
"Palazuelo de Vedija, Valladolid","Palazuelo de Vedija","Valladolid","Castilla y León",NA,NA,NA,NA,"unmatched"
"Palazuelos de Eresma, Segovia","Palazuelos de Eresma","Segovia","Castilla y León","9237970","Palazuelos de Eresma","Palazuelos de Eresma,Castile and Leon,Spain","Municipality","name+community"
"Palazuelos de Muñó, Burgos","Palazuelos de Muñó","Burgos","Castilla y León",NA,NA,NA,NA,"unmatched"
"Palazuelos de la Sierra, Burgos","Palazuelos de la Sierra","Burgos","Castilla y León",NA,NA,NA,NA,"unmatched"
"Palencia de Negrilla, Salamanca","Palencia de Negrilla","Salamanca","Castilla y León",NA,NA,NA,NA,"unmatched"
"Palencia, Palencia","Palencia","Palencia","Castilla y León","9049160","Palencia","Palencia,Castile and Leon,Spain","City","name+community"
"Palenciana, Córdoba","Palenciana","Córdoba","Andalucía",NA,NA,NA,NA,"unmatched"
"Palenzuela, Palencia","Palenzuela","Palencia","Castilla y León",NA,NA,NA,NA,"unmatched"
"Pallejà, Barcelona","Pallejà","Barcelona","Cataluña",NA,NA,NA,NA,"unmatched"
"Palma de Gandía, Valencia","Palma de Gandía","Valencia","Comunidad Valenciana",NA,NA,NA,NA,"unmatched"
"Palma de Mallorca, Baleares","Palma de Mallorca","Baleares","Islas Baleares","9218661","Municipality of Palma","Municipality of Palma,Balearic Islands,Spain","Municipality","name+community"
"Palma del Río, Córdoba","Palma del Río","Córdoba","Andalucía","9049161","Palma del Rio","Palma del Rio,Andalusia,Spain","City","name+community"
"Palmera, Valencia","Palmera","Valencia","Comunidad Valenciana",NA,NA,NA,NA,"unmatched"
"Palo, Huesca","Palo","Huesca","Aragón",NA,NA,NA,NA,"unmatched"
"Palol de Revardit, Girona","Palol de Revardit","Girona","Cataluña",NA,NA,NA,NA,"unmatched"
"Palomar de Arroyos, Teruel","Palomar de Arroyos","Teruel","Aragón",NA,NA,NA,NA,"unmatched"
"Palomares del Campo, Cuenca","Palomares del Campo","Cuenca","Castilla-La Mancha",NA,NA,NA,NA,"unmatched"
"Palomares del Río, Sevilla","Palomares del Río","Sevilla","Andalucía","9245685","Palomares del Rio","Palomares del Rio,Andalusia,Spain","City","name+community"
"Palomas, Badajoz","Palomas","Badajoz","Extremadura",NA,NA,NA,NA,"unmatched"
"Palomeque, Toledo","Palomeque","Toledo","Castilla-La Mancha",NA,NA,NA,NA,"unmatched"
"Palomera, Cuenca","Palomera","Cuenca","Castilla-La Mancha",NA,NA,NA,NA,"unmatched"
"Palomero, Cáceres","Palomero","Cáceres","Extremadura",NA,NA,NA,NA,"unmatched"
"Pals, Girona","Pals","Girona","Cataluña","9250789","Pals","Pals,Catalonia,Spain","Municipality","name+community"
"Pampaneira, Granada","Pampaneira","Granada","Andalucía",NA,NA,NA,NA,"unmatched"
"Pampliega, Burgos","Pampliega","Burgos","Castilla y León",NA,NA,NA,NA,"unmatched"
"Pamplona, Navarra","Pamplona","Navarra","Comunidad Foral de Navarra",NA,NA,NA,NA,"name only (rejected)"
"Pancorbo, Burgos","Pancorbo","Burgos","Castilla y León",NA,NA,NA,NA,"unmatched"
"Pancrudo, Teruel","Pancrudo","Teruel","Aragón",NA,NA,NA,NA,"unmatched"
"Paniza, Zaragoza","Paniza","Zaragoza","Aragón",NA,NA,NA,NA,"unmatched"
"Panticosa, Huesca","Panticosa","Huesca","Aragón",NA,NA,NA,NA,"unmatched"
"Pantoja, Toledo","Pantoja","Toledo","Castilla-La Mancha",NA,NA,NA,NA,"unmatched"
"Pantón, Lugo","Pantón","Lugo","Galicia",NA,NA,NA,NA,"unmatched"
"Papatrigo, Ávila","Papatrigo","Ávila","Castilla y León",NA,NA,NA,NA,"unmatched"
"Paracuellos de Jarama, Madrid","Paracuellos de Jarama","Madrid","Comunidad de Madrid","9049162","Paracuellos de Jarama","Paracuellos de Jarama,Community of Madrid,Spain","City","name+community"
"Paracuellos de Jiloca, Zaragoza","Paracuellos de Jiloca","Zaragoza","Aragón",NA,NA,NA,NA,"unmatched"
"Paracuellos de la Ribera, Zaragoza","Paracuellos de la Ribera","Zaragoza","Aragón",NA,NA,NA,NA,"unmatched"
"Paracuellos, Cuenca","Paracuellos","Cuenca","Castilla-La Mancha",NA,NA,NA,NA,"unmatched"
"Parada de Arriba, Salamanca","Parada de Arriba","Salamanca","Castilla y León",NA,NA,NA,NA,"unmatched"
"Parada de Rubiales, Salamanca","Parada de Rubiales","Salamanca","Castilla y León",NA,NA,NA,NA,"unmatched"
"Parada de Sil, Ourense","Parada de Sil","Ourense","Galicia",NA,NA,NA,NA,"unmatched"
"Paradas, Sevilla","Paradas","Sevilla","Andalucía",NA,NA,NA,NA,"unmatched"
"Paradela, Lugo","Paradela","Lugo","Galicia",NA,NA,NA,NA,"unmatched"
"Paradinas de San Juan, Salamanca","Paradinas de San Juan","Salamanca","Castilla y León",NA,NA,NA,NA,"unmatched"
"Parauta, Málaga","Parauta","Málaga","Andalucía",NA,NA,NA,NA,"unmatched"
"Parcent, Alicante","Parcent","Alicante","Comunidad Valenciana",NA,NA,NA,NA,"unmatched"
"Pardilla, Burgos","Pardilla","Burgos","Castilla y León",NA,NA,NA,NA,"unmatched"
"Pardines, Girona","Pardines","Girona","Cataluña",NA,NA,NA,NA,"unmatched"
"Pardos, Guadalajara","Pardos","Guadalajara","Castilla-La Mancha",NA,NA,NA,NA,"unmatched"
"Paredes de Escalona, Toledo","Paredes de Escalona","Toledo","Castilla-La Mancha",NA,NA,NA,NA,"unmatched"
"Paredes de Nava, Palencia","Paredes de Nava","Palencia","Castilla y León",NA,NA,NA,NA,"unmatched"
"Paredes de Sigüenza, Guadalajara","Paredes de Sigüenza","Guadalajara","Castilla-La Mancha",NA,NA,NA,NA,"unmatched"
"Paredes, Cuenca","Paredes","Cuenca","Castilla-La Mancha",NA,NA,NA,NA,"unmatched"
"Pareja, Guadalajara","Pareja","Guadalajara","Castilla-La Mancha",NA,NA,NA,NA,"unmatched"
"Parets del Vallès, Barcelona","Parets del Vallès","Barcelona","Cataluña",NA,NA,NA,NA,"unmatched"
"Parla, Madrid","Parla","Madrid","Comunidad de Madrid","9049163","Parla","Parla,Community of Madrid,Spain","City","name+community"
"Parlavà, Girona","Parlavà","Girona","Cataluña",NA,NA,NA,NA,"unmatched"
"Parres, Asturias","Parres","Asturias","Principado de Asturias",NA,NA,NA,NA,"unmatched"
"Parrillas, Toledo","Parrillas","Toledo","Castilla-La Mancha",NA,NA,NA,NA,"unmatched"
"Partaloa, Almería","Partaloa","Almería","Andalucía",NA,NA,NA,NA,"unmatched"
"Partido de la Sierra en Tobalina, Burgos","Partido de la Sierra en Tobalina","Burgos","Castilla y León",NA,NA,NA,NA,"unmatched"
"Parzonería de Encia (Estado), Álava","Parzonería de Encia (Estado)","Álava","País Vasco",NA,NA,NA,NA,"unmatched"
"Parzonería de Guipúzcoa y Álava, Guipúzcoa","Parzonería de Guipúzcoa y Álava","Guipúzcoa","País Vasco",NA,NA,NA,NA,"unmatched"
"Pasaia, Guipúzcoa","Pasaia","Guipúzcoa","País Vasco",NA,NA,NA,NA,"unmatched"
"Pasarón de la Vera, Cáceres","Pasarón de la Vera","Cáceres","Extremadura",NA,NA,NA,NA,"unmatched"
"Pascualcobo, Ávila","Pascualcobo","Ávila","Castilla y León",NA,NA,NA,NA,"unmatched"
"Passanant, Tarragona","Passanant","Tarragona","Cataluña",NA,NA,NA,NA,"unmatched"
"Pastores, Salamanca","Pastores","Salamanca","Castilla y León",NA,NA,NA,NA,"unmatched"
"Pastrana, Guadalajara","Pastrana","Guadalajara","Castilla-La Mancha",NA,NA,NA,NA,"unmatched"
"Pastriz, Zaragoza","Pastriz","Zaragoza","Aragón",NA,NA,NA,NA,"unmatched"
"Paterna de Rivera, Cádiz","Paterna de Rivera","Cádiz","Andalucía",NA,NA,NA,NA,"unmatched"
"Paterna del Campo, Huelva","Paterna del Campo","Huelva","Andalucía",NA,NA,NA,NA,"unmatched"
"Paterna del Madera, Albacete","Paterna del Madera","Albacete","Castilla-La Mancha",NA,NA,NA,NA,"unmatched"
"Paterna del Río, Almería","Paterna del Río","Almería","Andalucía",NA,NA,NA,NA,"unmatched"
"Paterna, Valencia","Paterna","Valencia","Comunidad Valenciana","1005544","Paterna","Paterna,Valencian Community,Spain","City","name+community"
"Patones, Madrid","Patones","Madrid","Comunidad de Madrid",NA,NA,NA,NA,"unmatched"
"Pau, Girona","Pau","Girona","Cataluña",NA,NA,NA,NA,"unmatched"
"Pavías, Castellón","Pavías","Castellón","Comunidad Valenciana",NA,NA,NA,NA,"unmatched"
"Paymogo, Huelva","Paymogo","Huelva","Andalucía",NA,NA,NA,NA,"unmatched"
"Payo de Ojeda, Palencia","Payo de Ojeda","Palencia","Castilla y León",NA,NA,NA,NA,"unmatched"
"Pazos de Borbén, Pontevedra","Pazos de Borbén","Pontevedra","Galicia",NA,NA,NA,NA,"unmatched"
"Pazuengos, La Rioja","Pazuengos","La Rioja","La Rioja",NA,NA,NA,NA,"unmatched"
"Paüls, Tarragona","Paüls","Tarragona","Cataluña",NA,NA,NA,NA,"unmatched"
"Peal de Becerro, Jaén","Peal de Becerro","Jaén","Andalucía",NA,NA,NA,NA,"unmatched"
"Pechina, Almería","Pechina","Almería","Andalucía",NA,NA,NA,NA,"unmatched"
"Pedrafita do Cebreiro, Lugo","Pedrafita do Cebreiro","Lugo","Galicia",NA,NA,NA,NA,"unmatched"
"Pedrajas de San Esteban, Valladolid","Pedrajas de San Esteban","Valladolid","Castilla y León",NA,NA,NA,NA,"unmatched"
"Pedralba de la Pradería, Zamora","Pedralba de la Pradería","Zamora","Castilla y León",NA,NA,NA,NA,"unmatched"
"Pedralba, Valencia","Pedralba","Valencia","Comunidad Valenciana",NA,NA,NA,NA,"unmatched"
"Pedraza de Alba, Salamanca","Pedraza de Alba","Salamanca","Castilla y León",NA,NA,NA,NA,"unmatched"
"Pedraza de Campos, Palencia","Pedraza de Campos","Palencia","Castilla y León",NA,NA,NA,NA,"unmatched"
"Pedraza, Segovia","Pedraza","Segovia","Castilla y León",NA,NA,NA,NA,"unmatched"
"Pedreguer, Alicante","Pedreguer","Alicante","Comunidad Valenciana",NA,NA,NA,NA,"unmatched"
"Pedrera, Sevilla","Pedrera","Sevilla","Andalucía",NA,NA,NA,NA,"unmatched"
"Pedret i Marzà, Girona","Pedret i Marzà","Girona","Cataluña",NA,NA,NA,NA,"unmatched"
"Pedrezuela, Madrid","Pedrezuela","Madrid","Comunidad de Madrid",NA,NA,NA,NA,"unmatched"
"Pedro Abad, Córdoba","Pedro Abad","Córdoba","Andalucía",NA,NA,NA,NA,"unmatched"
"Pedro Bernardo, Ávila","Pedro Bernardo","Ávila","Castilla y León",NA,NA,NA,NA,"unmatched"
"Pedro Martínez, Granada","Pedro Martínez","Granada","Andalucía",NA,NA,NA,NA,"unmatched"
"Pedro Muñoz, Ciudad Real","Pedro Muñoz","Ciudad Real","Castilla-La Mancha",NA,NA,NA,NA,"unmatched"
"Pedro-Rodríguez, Ávila","Pedro-Rodríguez","Ávila","Castilla y León",NA,NA,NA,NA,"unmatched"
"Pedroche, Córdoba","Pedroche","Córdoba","Andalucía",NA,NA,NA,NA,"unmatched"
"Pedrola, Zaragoza","Pedrola","Zaragoza","Aragón",NA,NA,NA,NA,"unmatched"
"Pedrosa de Duero, Burgos","Pedrosa de Duero","Burgos","Castilla y León",NA,NA,NA,NA,"unmatched"
"Pedrosa de Río Úrbel, Burgos","Pedrosa de Río Úrbel","Burgos","Castilla y León",NA,NA,NA,NA,"unmatched"
"Pedrosa de la Vega, Palencia","Pedrosa de la Vega","Palencia","Castilla y León",NA,NA,NA,NA,"unmatched"
"Pedrosa del Príncipe, Burgos","Pedrosa del Príncipe","Burgos","Castilla y León",NA,NA,NA,NA,"unmatched"
"Pedrosa del Páramo, Burgos","Pedrosa del Páramo","Burgos","Castilla y León",NA,NA,NA,NA,"unmatched"
"Pedrosa del Rey, Valladolid","Pedrosa del Rey","Valladolid","Castilla y León",NA,NA,NA,NA,"unmatched"
"Pedrosillo de Alba, Salamanca","Pedrosillo de Alba","Salamanca","Castilla y León",NA,NA,NA,NA,"unmatched"
"Pedrosillo de los Aires, Salamanca","Pedrosillo de los Aires","Salamanca","Castilla y León",NA,NA,NA,NA,"unmatched"
"Pedrosillo el Ralo, Salamanca","Pedrosillo el Ralo","Salamanca","Castilla y León",NA,NA,NA,NA,"unmatched"
"Pedroso de Acim, Cáceres","Pedroso de Acim","Cáceres","Extremadura",NA,NA,NA,NA,"unmatched"
"Pedroso, La Rioja","Pedroso","La Rioja","La Rioja",NA,NA,NA,NA,"unmatched"
"Pegalajar, Jaén","Pegalajar","Jaén","Andalucía",NA,NA,NA,NA,"unmatched"
"Pego, Alicante","Pego","Alicante","Comunidad Valenciana",NA,NA,NA,NA,"unmatched"
"Peguerinos, Ávila","Peguerinos","Ávila","Castilla y León",NA,NA,NA,NA,"unmatched"
"Pelabravo, Salamanca","Pelabravo","Salamanca","Castilla y León",NA,NA,NA,NA,"unmatched"
"Pelahustán, Toledo","Pelahustán","Toledo","Castilla-La Mancha",NA,NA,NA,NA,"unmatched"
"Pelarrodríguez, Salamanca","Pelarrodríguez","Salamanca","Castilla y León",NA,NA,NA,NA,"unmatched"
"Pelayos de la Presa, Madrid","Pelayos de la Presa","Madrid","Comunidad de Madrid",NA,NA,NA,NA,"unmatched"
"Pelayos del Arroyo, Segovia","Pelayos del Arroyo","Segovia","Castilla y León",NA,NA,NA,NA,"unmatched"
"Pelayos, Salamanca","Pelayos","Salamanca","Castilla y León",NA,NA,NA,NA,"unmatched"
"Peleagonzalo, Zamora","Peleagonzalo","Zamora","Castilla y León",NA,NA,NA,NA,"unmatched"
"Peleas de Abajo, Zamora","Peleas de Abajo","Zamora","Castilla y León",NA,NA,NA,NA,"unmatched"
"Peligros, Granada","Peligros","Granada","Andalucía","9226811","Peligros","Peligros,Andalusia,Spain","Municipality","name+community"
"Penagos, Cantabria","Penagos","Cantabria","Cantabria",NA,NA,NA,NA,"unmatched"
"Penelles, Lleida","Penelles","Lleida","Cataluña",NA,NA,NA,NA,"unmatched"
"Penàguila, Alicante","Penàguila","Alicante","Comunidad Valenciana",NA,NA,NA,NA,"unmatched"
"Pepino, Toledo","Pepino","Toledo","Castilla-La Mancha",NA,NA,NA,NA,"unmatched"
"Peque, Zamora","Peque","Zamora","Castilla y León",NA,NA,NA,NA,"unmatched"
"Peracense, Teruel","Peracense","Teruel","Aragón",NA,NA,NA,NA,"unmatched"
"Perafita, Barcelona","Perafita","Barcelona","Cataluña",NA,NA,NA,NA,"unmatched"
"Perafort, Tarragona","Perafort","Tarragona","Cataluña","9210917","Perafort","Perafort,Catalonia,Spain","Municipality","name+community"
"Peral de Arlanza, Burgos","Peral de Arlanza","Burgos","Castilla y León",NA,NA,NA,NA,"unmatched"
"Peralada, Girona","Peralada","Girona","Cataluña",NA,NA,NA,NA,"unmatched"
"Peraleda de San Román, Cáceres","Peraleda de San Román","Cáceres","Extremadura",NA,NA,NA,NA,"unmatched"
"Peraleda de la Mata, Cáceres","Peraleda de la Mata","Cáceres","Extremadura",NA,NA,NA,NA,"unmatched"
"Peraleda del Zaucejo, Badajoz","Peraleda del Zaucejo","Badajoz","Extremadura",NA,NA,NA,NA,"unmatched"
"Peralejos de Abajo, Salamanca","Peralejos de Abajo","Salamanca","Castilla y León",NA,NA,NA,NA,"unmatched"
"Peralejos de Arriba, Salamanca","Peralejos de Arriba","Salamanca","Castilla y León",NA,NA,NA,NA,"unmatched"
"Peralejos de las Truchas, Guadalajara","Peralejos de las Truchas","Guadalajara","Castilla-La Mancha",NA,NA,NA,NA,"unmatched"
"Peralejos, Teruel","Peralejos","Teruel","Aragón",NA,NA,NA,NA,"unmatched"
"Perales de Tajuña, Madrid","Perales de Tajuña","Madrid","Comunidad de Madrid",NA,NA,NA,NA,"unmatched"
"Perales del Alfambra, Teruel","Perales del Alfambra","Teruel","Aragón",NA,NA,NA,NA,"unmatched"
"Perales del Puerto, Cáceres","Perales del Puerto","Cáceres","Extremadura",NA,NA,NA,NA,"unmatched"
"Perales, Palencia","Perales","Palencia","Castilla y León",NA,NA,NA,NA,"unmatched"
"Peralta de Alcofea, Huesca","Peralta de Alcofea","Huesca","Aragón",NA,NA,NA,NA,"unmatched"
"Peralta de Calasanz, Huesca","Peralta de Calasanz","Huesca","Aragón",NA,NA,NA,NA,"unmatched"
"Peralta, Navarra","Peralta","Navarra","Comunidad Foral de Navarra",NA,NA,NA,NA,"name only (rejected)"
"Peraltilla, Huesca","Peraltilla","Huesca","Aragón",NA,NA,NA,NA,"unmatched"
"Peralveche, Guadalajara","Peralveche","Guadalajara","Castilla-La Mancha",NA,NA,NA,NA,"unmatched"
"Peramola, Lleida","Peramola","Lleida","Cataluña",NA,NA,NA,NA,"unmatched"
"Peranzanes, León","Peranzanes","León","Castilla y León",NA,NA,NA,NA,"unmatched"
"Perarrúa, Huesca","Perarrúa","Huesca","Aragón",NA,NA,NA,NA,"unmatched"
"Perdiguera, Zaragoza","Perdiguera","Zaragoza","Aragón",NA,NA,NA,NA,"unmatched"
"Pereruela, Zamora","Pereruela","Zamora","Castilla y León",NA,NA,NA,NA,"unmatched"
"Pereña de la Ribera, Salamanca","Pereña de la Ribera","Salamanca","Castilla y León",NA,NA,NA,NA,"unmatched"
"Periana, Málaga","Periana","Málaga","Andalucía",NA,NA,NA,NA,"unmatched"
"Perilla de Castro, Zamora","Perilla de Castro","Zamora","Castilla y León",NA,NA,NA,NA,"unmatched"
"Peromingo, Salamanca","Peromingo","Salamanca","Castilla y León",NA,NA,NA,NA,"unmatched"
"Perosillo, Segovia","Perosillo","Segovia","Castilla y León",NA,NA,NA,NA,"unmatched"
"Pertusa, Huesca","Pertusa","Huesca","Aragón",NA,NA,NA,NA,"unmatched"
"Pesaguero, Cantabria","Pesaguero","Cantabria","Cantabria",NA,NA,NA,NA,"unmatched"
"Pescueza, Cáceres","Pescueza","Cáceres","Extremadura",NA,NA,NA,NA,"unmatched"
"Pesoz, Asturias","Pesoz","Asturias","Principado de Asturias",NA,NA,NA,NA,"unmatched"
"Pesquera de Duero, Valladolid","Pesquera de Duero","Valladolid","Castilla y León",NA,NA,NA,NA,"unmatched"
"Pesquera, Cantabria","Pesquera","Cantabria","Cantabria",NA,NA,NA,NA,"unmatched"
"Petilla de Aragón, Zaragoza","Petilla de Aragón","Zaragoza","Aragón",NA,NA,NA,NA,"unmatched"
"Petra, Baleares","Petra","Baleares","Islas Baleares","9210217","Petra","Petra,Balearic Islands,Spain","Municipality","name+community"
"Petrer, Alicante","Petrer","Alicante","Comunidad Valenciana","9212544","Petrer","Petrer,Valencian Community,Spain","Municipality","name+community"
"Petrés, Valencia","Petrés","Valencia","Comunidad Valenciana",NA,NA,NA,NA,"unmatched"
"Petín, Ourense","Petín","Ourense","Galicia",NA,NA,NA,NA,"unmatched"
"Pezuela de las Torres, Madrid","Pezuela de las Torres","Madrid","Comunidad de Madrid",NA,NA,NA,NA,"unmatched"
"Peñacaballera, Salamanca","Peñacaballera","Salamanca","Castilla y León",NA,NA,NA,NA,"unmatched"
"Peñacerrada-Urizaharra, Álava","Peñacerrada-Urizaharra","Álava","País Vasco",NA,NA,NA,NA,"unmatched"
"Peñafiel, Valladolid","Peñafiel","Valladolid","Castilla y León",NA,NA,NA,NA,"unmatched"
"Peñaflor de Hornija, Valladolid","Peñaflor de Hornija","Valladolid","Castilla y León",NA,NA,NA,NA,"unmatched"
"Peñaflor, Sevilla","Peñaflor","Sevilla","Andalucía",NA,NA,NA,NA,"unmatched"
"Peñalba de Ávila, Ávila","Peñalba de Ávila","Ávila","Castilla y León",NA,NA,NA,NA,"unmatched"
"Peñalba, Huesca","Peñalba","Huesca","Aragón",NA,NA,NA,NA,"unmatched"
"Peñalsordo, Badajoz","Peñalsordo","Badajoz","Extremadura",NA,NA,NA,NA,"unmatched"
"Peñalver, Guadalajara","Peñalver","Guadalajara","Castilla-La Mancha",NA,NA,NA,NA,"unmatched"
"Peñalén, Guadalajara","Peñalén","Guadalajara","Castilla-La Mancha",NA,NA,NA,NA,"unmatched"
"Peñamellera Alta, Asturias","Peñamellera Alta","Asturias","Principado de Asturias",NA,NA,NA,NA,"unmatched"
"Peñamellera Baja, Asturias","Peñamellera Baja","Asturias","Principado de Asturias",NA,NA,NA,NA,"unmatched"
"Peñaparda, Salamanca","Peñaparda","Salamanca","Castilla y León",NA,NA,NA,NA,"unmatched"
"Peñaranda de Bracamonte, Salamanca","Peñaranda de Bracamonte","Salamanca","Castilla y León",NA,NA,NA,NA,"unmatched"
"Peñaranda de Duero, Burgos","Peñaranda de Duero","Burgos","Castilla y León",NA,NA,NA,NA,"unmatched"
"Peñarandilla, Salamanca","Peñarandilla","Salamanca","Castilla y León",NA,NA,NA,NA,"unmatched"
"Peñarroya de Tastavins, Teruel","Peñarroya de Tastavins","Teruel","Aragón",NA,NA,NA,NA,"unmatched"
"Peñarroya-Pueblonuevo, Córdoba","Peñarroya-Pueblonuevo","Córdoba","Andalucía","9230565","Penarroya-Pueblonuevo","Penarroya-Pueblonuevo,Andalusia,Spain","Municipality","name+community"
"Peñarrubia, Cantabria","Peñarrubia","Cantabria","Cantabria",NA,NA,NA,NA,"unmatched"
"Peñas de San Pedro, Albacete","Peñas de San Pedro","Albacete","Castilla-La Mancha",NA,NA,NA,NA,"unmatched"
"Peñascosa, Albacete","Peñascosa","Albacete","Castilla-La Mancha",NA,NA,NA,NA,"unmatched"
"Peñausende, Zamora","Peñausende","Zamora","Castilla y León",NA,NA,NA,NA,"unmatched"
"Peñíscola, Castellón","Peñíscola","Castellón","Comunidad Valenciana","9049165","Peniscola","Peniscola,Valencian Community,Spain","City","name+community"
"Picanya, Valencia","Picanya","Valencia","Comunidad Valenciana",NA,NA,NA,NA,"unmatched"
"Picassent, Valencia","Picassent","Valencia","Comunidad Valenciana","9049167","Picassent","Picassent,Valencian Community,Spain","City","name+community"
"Picón, Ciudad Real","Picón","Ciudad Real","Castilla-La Mancha",NA,NA,NA,NA,"unmatched"
"Piedrabuena, Ciudad Real","Piedrabuena","Ciudad Real","Castilla-La Mancha",NA,NA,NA,NA,"unmatched"
"Piedrahita de Castro, Zamora","Piedrahita de Castro","Zamora","Castilla y León",NA,NA,NA,NA,"unmatched"
"Piedrahíta, Ávila","Piedrahíta","Ávila","Castilla y León",NA,NA,NA,NA,"unmatched"
"Piedralaves, Ávila","Piedralaves","Ávila","Castilla y León",NA,NA,NA,NA,"unmatched"
"Piedramillera, Navarra","Piedramillera","Navarra","Comunidad Foral de Navarra",NA,NA,NA,NA,"unmatched"
"Piedras Albas, Cáceres","Piedras Albas","Cáceres","Extremadura",NA,NA,NA,NA,"unmatched"
"Piedratajada, Zaragoza","Piedratajada","Zaragoza","Aragón",NA,NA,NA,NA,"unmatched"
"Piera, Barcelona","Piera","Barcelona","Cataluña",NA,NA,NA,NA,"unmatched"
"Pilar de la Horadada, Alicante","Pilar de la Horadada","Alicante","Comunidad Valenciana","9049168","Pilar de la Horadada","Pilar de la Horadada,Valencian Community,Spain","City","name+community"
"Pilas, Sevilla","Pilas","Sevilla","Andalucía","9252845","Pilas","Pilas,Andalusia,Spain","Municipality","name+community"
"Piles, Valencia","Piles","Valencia","Comunidad Valenciana",NA,NA,NA,NA,"unmatched"
"Piloña, Asturias","Piloña","Asturias","Principado de Asturias",NA,NA,NA,NA,"unmatched"
"Pina de Ebro, Zaragoza","Pina de Ebro","Zaragoza","Aragón",NA,NA,NA,NA,"unmatched"
"Pina de Montalgrao, Castellón","Pina de Montalgrao","Castellón","Comunidad Valenciana",NA,NA,NA,NA,"unmatched"
"Pinarejo, Cuenca","Pinarejo","Cuenca","Castilla-La Mancha",NA,NA,NA,NA,"unmatched"
"Pinarejos, Segovia","Pinarejos","Segovia","Castilla y León",NA,NA,NA,NA,"unmatched"
"Pinarnegrillo, Segovia","Pinarnegrillo","Segovia","Castilla y León",NA,NA,NA,NA,"unmatched"
"Pineda Trasmonte, Burgos","Pineda Trasmonte","Burgos","Castilla y León",NA,NA,NA,NA,"unmatched"
"Pineda de Gigüela, Cuenca","Pineda de Gigüela","Cuenca","Castilla-La Mancha",NA,NA,NA,NA,"unmatched"
"Pineda de Mar, Barcelona","Pineda de Mar","Barcelona","Cataluña","9196381","Pineda de Mar","Pineda de Mar,Catalonia,Spain","City","name+community"
"Pineda de la Sierra, Burgos","Pineda de la Sierra","Burgos","Castilla y León",NA,NA,NA,NA,"unmatched"
"Pinedas, Salamanca","Pinedas","Salamanca","Castilla y León",NA,NA,NA,NA,"unmatched"
"Pinell de Solsonès, Lleida","Pinell de Solsonès","Lleida","Cataluña",NA,NA,NA,NA,"unmatched"
"Pinet, Valencia","Pinet","Valencia","Comunidad Valenciana",NA,NA,NA,NA,"unmatched"
"Pinilla Trasmonte, Burgos","Pinilla Trasmonte","Burgos","Castilla y León",NA,NA,NA,NA,"unmatched"
"Pinilla de Jadraque, Guadalajara","Pinilla de Jadraque","Guadalajara","Castilla-La Mancha",NA,NA,NA,NA,"unmatched"
"Pinilla de Molina, Guadalajara","Pinilla de Molina","Guadalajara","Castilla-La Mancha",NA,NA,NA,NA,"unmatched"
"Pinilla de Toro, Zamora","Pinilla de Toro","Zamora","Castilla y León",NA,NA,NA,NA,"unmatched"
"Pinilla de los Barruecos, Burgos","Pinilla de los Barruecos","Burgos","Castilla y León",NA,NA,NA,NA,"unmatched"
"Pinilla de los Moros, Burgos","Pinilla de los Moros","Burgos","Castilla y León",NA,NA,NA,NA,"unmatched"
"Pinilla del Campo, Soria","Pinilla del Campo","Soria","Castilla y León",NA,NA,NA,NA,"unmatched"
"Pinilla del Valle, Madrid","Pinilla del Valle","Madrid","Comunidad de Madrid",NA,NA,NA,NA,"unmatched"
"Pinillos, La Rioja","Pinillos","La Rioja","La Rioja",NA,NA,NA,NA,"unmatched"
"Pino del Oro, Zamora","Pino del Oro","Zamora","Castilla y León",NA,NA,NA,NA,"unmatched"
"Pino del Río, Palencia","Pino del Río","Palencia","Castilla y León",NA,NA,NA,NA,"unmatched"
"Pinofranqueado, Cáceres","Pinofranqueado","Cáceres","Extremadura","9207381","Pinofranqueado","Pinofranqueado,Extremadura,Spain","Municipality","name+community"
"Pinos Genil, Granada","Pinos Genil","Granada","Andalucía",NA,NA,NA,NA,"unmatched"
"Pinos Puente, Granada","Pinos Puente","Granada","Andalucía","9214715","Pinos Puente","Pinos Puente,Andalusia,Spain","Municipality","name+community"
"Pinoso, Alicante","Pinoso","Alicante","Comunidad Valenciana","9259078","Pinoso","Pinoso,Valencian Community,Spain","Municipality","name+community"
"Pinseque, Zaragoza","Pinseque","Zaragoza","Aragón",NA,NA,NA,NA,"unmatched"
"Pinto, Madrid","Pinto","Madrid","Comunidad de Madrid","9049170","Pinto","Pinto,Community of Madrid,Spain","City","name+community"
"Pinuécar-Gandullas, Madrid","Pinuécar-Gandullas","Madrid","Comunidad de Madrid",NA,NA,NA,NA,"unmatched"
"Pinós, Lleida","Pinós","Lleida","Cataluña",NA,NA,NA,NA,"unmatched"
"Piornal, Cáceres","Piornal","Cáceres","Extremadura",NA,NA,NA,NA,"unmatched"
"Pioz, Guadalajara","Pioz","Guadalajara","Castilla-La Mancha","9261572","Pioz","Pioz,Castile-La Mancha,Spain","Municipality","name+community"
"Piqueras del Castillo, Cuenca","Piqueras del Castillo","Cuenca","Castilla-La Mancha",NA,NA,NA,NA,"unmatched"
"Piqueras, Guadalajara","Piqueras","Guadalajara","Castilla-La Mancha",NA,NA,NA,NA,"unmatched"
"Pira, Tarragona","Pira","Tarragona","Cataluña",NA,NA,NA,NA,"unmatched"
"Piracés, Huesca","Piracés","Huesca","Aragón",NA,NA,NA,NA,"unmatched"
"Pitarque, Teruel","Pitarque","Teruel","Aragón",NA,NA,NA,NA,"unmatched"
"Pitiegua, Salamanca","Pitiegua","Salamanca","Castilla y León",NA,NA,NA,NA,"unmatched"
"Pitillas, Navarra","Pitillas","Navarra","Comunidad Foral de Navarra",NA,NA,NA,NA,"unmatched"
"Pizarra, Málaga","Pizarra","Málaga","Andalucía",NA,NA,NA,NA,"unmatched"
"Pizarral, Salamanca","Pizarral","Salamanca","Castilla y León",NA,NA,NA,NA,"unmatched"
"Piélagos, Cantabria","Piélagos","Cantabria","Cantabria",NA,NA,NA,NA,"unmatched"
"Piérnigas, Burgos","Piérnigas","Burgos","Castilla y León",NA,NA,NA,NA,"unmatched"
"Piña de Campos, Palencia","Piña de Campos","Palencia","Castilla y León",NA,NA,NA,NA,"unmatched"
"Piña de Esgueva, Valladolid","Piña de Esgueva","Valladolid","Castilla y León",NA,NA,NA,NA,"unmatched"
"Piñel de Abajo, Valladolid","Piñel de Abajo","Valladolid","Castilla y León",NA,NA,NA,NA,"unmatched"
"Piñel de Arriba, Valladolid","Piñel de Arriba","Valladolid","Castilla y León",NA,NA,NA,NA,"unmatched"
"Piñor, Ourense","Piñor","Ourense","Galicia",NA,NA,NA,NA,"unmatched"
"Plan, Huesca","Plan","Huesca","Aragón",NA,NA,NA,NA,"unmatched"
"Planes, Alicante","Planes","Alicante","Comunidad Valenciana",NA,NA,NA,NA,"unmatched"
"Planoles, Girona","Planoles","Girona","Cataluña",NA,NA,NA,NA,"unmatched"
"Plasencia de Jalón, Zaragoza","Plasencia de Jalón","Zaragoza","Aragón",NA,NA,NA,NA,"unmatched"
"Plasencia, Cáceres","Plasencia","Cáceres","Extremadura","9049171","Plasencia","Plasencia,Extremadura,Spain","City","name+community"
"Plasenzuela, Cáceres","Plasenzuela","Cáceres","Extremadura",NA,NA,NA,NA,"unmatched"
"Pleitas, Zaragoza","Pleitas","Zaragoza","Aragón",NA,NA,NA,NA,"unmatched"
"Plenas, Zaragoza","Plenas","Zaragoza","Aragón",NA,NA,NA,NA,"unmatched"
"Plentzia, Vizcaya","Plentzia","Vizcaya","País Vasco",NA,NA,NA,NA,"unmatched"
"Pliego, Murcia","Pliego","Murcia","Región de Murcia",NA,NA,NA,NA,"unmatched"
"Plou, Teruel","Plou","Teruel","Aragón",NA,NA,NA,NA,"unmatched"
"Población de Arroyo, Palencia","Población de Arroyo","Palencia","Castilla y León",NA,NA,NA,NA,"unmatched"
"Población de Campos, Palencia","Población de Campos","Palencia","Castilla y León",NA,NA,NA,NA,"unmatched"
"Población de Cerrato, Palencia","Población de Cerrato","Palencia","Castilla y León",NA,NA,NA,NA,"unmatched"
"Pobladura de Pelayo García, León","Pobladura de Pelayo García","León","Castilla y León",NA,NA,NA,NA,"unmatched"
"Pobladura de Valderaduey, Zamora","Pobladura de Valderaduey","Zamora","Castilla y León",NA,NA,NA,NA,"unmatched"
"Pobladura del Valle, Zamora","Pobladura del Valle","Zamora","Castilla y León",NA,NA,NA,NA,"unmatched"
"Poblete, Ciudad Real","Poblete","Ciudad Real","Castilla-La Mancha",NA,NA,NA,NA,"unmatched"
"Poboleda, Tarragona","Poboleda","Tarragona","Cataluña",NA,NA,NA,NA,"unmatched"
"Poio, Pontevedra","Poio","Pontevedra","Galicia",NA,NA,NA,NA,"unmatched"
"Pol, Lugo","Pol","Lugo","Galicia","9215858","Pol","Pol,Galicia,Spain","Municipality","name+community"
"Polaciones, Cantabria","Polaciones","Cantabria","Cantabria",NA,NA,NA,NA,"unmatched"
"Polanco, Cantabria","Polanco","Cantabria","Cantabria",NA,NA,NA,NA,"unmatched"
"Polentinos, Palencia","Polentinos","Palencia","Castilla y León",NA,NA,NA,NA,"unmatched"
"Poleñino, Huesca","Poleñino","Huesca","Aragón",NA,NA,NA,NA,"unmatched"
"Polinyà de Xúquer, Valencia","Polinyà de Xúquer","Valencia","Comunidad Valenciana",NA,NA,NA,NA,"unmatched"
"Polinyà, Barcelona","Polinyà","Barcelona","Cataluña","1005432","Polinya","Polinya,Catalonia,Spain","City","name+community"
"Pollença, Baleares","Pollença","Baleares","Islas Baleares","9216355","Pollenca","Pollenca,Balearic Islands,Spain","Municipality","name+community"
"Pollos, Valladolid","Pollos","Valladolid","Castilla y León",NA,NA,NA,NA,"unmatched"
"Polop, Alicante","Polop","Alicante","Comunidad Valenciana",NA,NA,NA,NA,"unmatched"
"Polopos, Granada","Polopos","Granada","Andalucía",NA,NA,NA,NA,"unmatched"
"Polán, Toledo","Polán","Toledo","Castilla-La Mancha",NA,NA,NA,NA,"unmatched"
"Polícar, Granada","Polícar","Granada","Andalucía",NA,NA,NA,NA,"unmatched"
"Pomar de Valdivia, Palencia","Pomar de Valdivia","Palencia","Castilla y León",NA,NA,NA,NA,"unmatched"
"Pomer, Zaragoza","Pomer","Zaragoza","Aragón",NA,NA,NA,NA,"unmatched"
"Ponferrada, León","Ponferrada","León","Castilla y León","1005453","Ponferrada","Ponferrada,Castile and Leon,Spain","City","name+community"
"Ponga, Asturias","Ponga","Asturias","Principado de Asturias",NA,NA,NA,NA,"unmatched"
"Pont de Molins, Girona","Pont de Molins","Girona","Cataluña",NA,NA,NA,NA,"unmatched"
"Ponte Caldelas, Pontevedra","Ponte Caldelas","Pontevedra","Galicia",NA,NA,NA,NA,"unmatched"
"Ponteareas, Pontevedra","Ponteareas","Pontevedra","Galicia","9210925","Ponteareas","Ponteareas,Galicia,Spain","Municipality","name+community"
"Ponteceso, A Coruña","Ponteceso","A Coruña","Galicia",NA,NA,NA,NA,"unmatched"
"Pontecesures, Pontevedra","Pontecesures","Pontevedra","Galicia",NA,NA,NA,NA,"unmatched"
"Pontedeume, A Coruña","Pontedeume","A Coruña","Galicia",NA,NA,NA,NA,"unmatched"
"Pontedeva, Ourense","Pontedeva","Ourense","Galicia",NA,NA,NA,NA,"unmatched"
"Pontevedra, Pontevedra","Pontevedra","Pontevedra","Galicia","9208202","Pontevedra","Pontevedra,Galicia,Spain","Municipality","name+community"
"Pontils, Tarragona","Pontils","Tarragona","Cataluña",NA,NA,NA,NA,"unmatched"
"Pontons, Barcelona","Pontons","Barcelona","Cataluña",NA,NA,NA,NA,"unmatched"
"Ponts, Lleida","Ponts","Lleida","Cataluña",NA,NA,NA,NA,"unmatched"
"Pontós, Girona","Pontós","Girona","Cataluña",NA,NA,NA,NA,"unmatched"
"Porcuna, Jaén","Porcuna","Jaén","Andalucía",NA,NA,NA,NA,"unmatched"
"Porqueira, Ourense","Porqueira","Ourense","Galicia",NA,NA,NA,NA,"unmatched"
"Porqueres, Girona","Porqueres","Girona","Cataluña",NA,NA,NA,NA,"unmatched"
"Porrera, Tarragona","Porrera","Tarragona","Cataluña",NA,NA,NA,NA,"unmatched"
"Porreres, Baleares","Porreres","Baleares","Islas Baleares","9222199","Porreres","Porreres,Balearic Islands,Spain","Municipality","name+community"
"Portaje, Cáceres","Portaje","Cáceres","Extremadura",NA,NA,NA,NA,"unmatched"
"Portalrubio de Guadamejud, Cuenca","Portalrubio de Guadamejud","Cuenca","Castilla-La Mancha",NA,NA,NA,NA,"unmatched"
"Portas, Pontevedra","Portas","Pontevedra","Galicia",NA,NA,NA,NA,"unmatched"
"Portbou, Girona","Portbou","Girona","Cataluña",NA,NA,NA,NA,"unmatched"
"Portell de Morella, Castellón","Portell de Morella","Castellón","Comunidad Valenciana",NA,NA,NA,NA,"unmatched"
"Portezuelo, Cáceres","Portezuelo","Cáceres","Extremadura",NA,NA,NA,NA,"unmatched"
"Portilla, Cuenca","Portilla","Cuenca","Castilla-La Mancha",NA,NA,NA,NA,"unmatched"
"Portillo de Soria, Soria","Portillo de Soria","Soria","Castilla y León",NA,NA,NA,NA,"unmatched"
"Portillo de Toledo, Toledo","Portillo de Toledo","Toledo","Castilla-La Mancha",NA,NA,NA,NA,"unmatched"
"Portillo, Valladolid","Portillo","Valladolid","Castilla y León",NA,NA,NA,NA,"unmatched"
"Porto do Son, A Coruña","Porto do Son","A Coruña","Galicia",NA,NA,NA,NA,"unmatched"
"Porto, Zamora","Porto","Zamora","Castilla y León",NA,NA,NA,NA,"unmatched"
"Portomarín, Lugo","Portomarín","Lugo","Galicia","9214713","Portomarin","Portomarin,Galicia,Spain","Municipality","name+community"
"Portugalete, Vizcaya","Portugalete","Vizcaya","País Vasco","9219122","Portugalete","Portugalete,Basque Country,Spain","Municipality","name+community"
"Porzuna, Ciudad Real","Porzuna","Ciudad Real","Castilla-La Mancha",NA,NA,NA,NA,"unmatched"
"Posada de Valdeón, León","Posada de Valdeón","León","Castilla y León",NA,NA,NA,NA,"unmatched"
"Posadas, Córdoba","Posadas","Córdoba","Andalucía","9254628","Posadas","Posadas,Andalusia,Spain","Municipality","name+community"
"Potes, Cantabria","Potes","Cantabria","Cantabria","9232835","Potes","Potes,Cantabria,Spain","Municipality","name+community"
"Potríes, Valencia","Potríes","Valencia","Comunidad Valenciana",NA,NA,NA,NA,"unmatched"
"Poveda de la Sierra, Guadalajara","Poveda de la Sierra","Guadalajara","Castilla-La Mancha",NA,NA,NA,NA,"unmatched"
"Poveda de las Cintas, Salamanca","Poveda de las Cintas","Salamanca","Castilla y León",NA,NA,NA,NA,"unmatched"
"Poveda, Ávila","Poveda","Ávila","Castilla y León",NA,NA,NA,NA,"unmatched"
"Povedilla, Albacete","Povedilla","Albacete","Castilla-La Mancha",NA,NA,NA,NA,"unmatched"
"Poyales del Hoyo, Ávila","Poyales del Hoyo","Ávila","Castilla y León",NA,NA,NA,NA,"unmatched"
"Poyatos, Cuenca","Poyatos","Cuenca","Castilla-La Mancha",NA,NA,NA,NA,"unmatched"
"Poza de la Sal, Burgos","Poza de la Sal","Burgos","Castilla y León",NA,NA,NA,NA,"unmatched"
"Poza de la Vega, Palencia","Poza de la Vega","Palencia","Castilla y León",NA,NA,NA,NA,"unmatched"
"Pozal de Gallinas, Valladolid","Pozal de Gallinas","Valladolid","Castilla y León",NA,NA,NA,NA,"unmatched"
"Pozaldez, Valladolid","Pozaldez","Valladolid","Castilla y León",NA,NA,NA,NA,"unmatched"
"Pozalmuro, Soria","Pozalmuro","Soria","Castilla y León",NA,NA,NA,NA,"unmatched"
"Pozanco, Ávila","Pozanco","Ávila","Castilla y León",NA,NA,NA,NA,"unmatched"
"Pozo Alcón, Jaén","Pozo Alcón","Jaén","Andalucía","9219000","Pozo Alcon","Pozo Alcon,Andalusia,Spain","Municipality","name+community"
"Pozo Cañada, Albacete","Pozo Cañada","Albacete","Castilla-La Mancha",NA,NA,NA,NA,"unmatched"
"Pozo de Almoguera, Guadalajara","Pozo de Almoguera","Guadalajara","Castilla-La Mancha",NA,NA,NA,NA,"unmatched"
"Pozo de Guadalajara, Guadalajara","Pozo de Guadalajara","Guadalajara","Castilla-La Mancha",NA,NA,NA,NA,"unmatched"
"Pozo de Urama, Palencia","Pozo de Urama","Palencia","Castilla y León",NA,NA,NA,NA,"unmatched"
"Pozo-Lorente, Albacete","Pozo-Lorente","Albacete","Castilla-La Mancha",NA,NA,NA,NA,"unmatched"
"Pozoamargo, Cuenca","Pozoamargo","Cuenca","Castilla-La Mancha",NA,NA,NA,NA,"unmatched"
"Pozoantiguo, Zamora","Pozoantiguo","Zamora","Castilla y León",NA,NA,NA,NA,"unmatched"
"Pozoblanco, Córdoba","Pozoblanco","Córdoba","Andalucía","9242880","Pozoblanco","Pozoblanco,Andalusia,Spain","Municipality","name+community"
"Pozohondo, Albacete","Pozohondo","Albacete","Castilla-La Mancha",NA,NA,NA,NA,"unmatched"
"Pozondón, Teruel","Pozondón","Teruel","Aragón",NA,NA,NA,NA,"unmatched"
"Pozorrubielos de la Mancha, Cuenca","Pozorrubielos de la Mancha","Cuenca","Castilla-La Mancha",NA,NA,NA,NA,"unmatched"
"Pozorrubio, Cuenca","Pozorrubio","Cuenca","Castilla-La Mancha",NA,NA,NA,NA,"unmatched"
"Pozos de Hinojo, Salamanca","Pozos de Hinojo","Salamanca","Castilla y León",NA,NA,NA,NA,"unmatched"
"Pozuel de Ariza, Zaragoza","Pozuel de Ariza","Zaragoza","Aragón",NA,NA,NA,NA,"unmatched"
"Pozuel del Campo, Teruel","Pozuel del Campo","Teruel","Aragón",NA,NA,NA,NA,"unmatched"
"Pozuelo de Alarcón, Madrid","Pozuelo de Alarcón","Madrid","Comunidad de Madrid","9220035","Municipality of Pozuelo de Alarcon","Municipality of Pozuelo de Alarcon,Community of Madrid,Spain","Municipality","name+community"
"Pozuelo de Aragón, Zaragoza","Pozuelo de Aragón","Zaragoza","Aragón",NA,NA,NA,NA,"unmatched"
"Pozuelo de Calatrava, Ciudad Real","Pozuelo de Calatrava","Ciudad Real","Castilla-La Mancha",NA,NA,NA,NA,"unmatched"
"Pozuelo de Tábara, Zamora","Pozuelo de Tábara","Zamora","Castilla y León",NA,NA,NA,NA,"unmatched"
"Pozuelo de Zarzón, Cáceres","Pozuelo de Zarzón","Cáceres","Extremadura",NA,NA,NA,NA,"unmatched"
"Pozuelo de la Orden, Valladolid","Pozuelo de la Orden","Valladolid","Castilla y León",NA,NA,NA,NA,"unmatched"
"Pozuelo del Páramo, León","Pozuelo del Páramo","León","Castilla y León",NA,NA,NA,NA,"unmatched"
"Pozuelo del Rey, Madrid","Pozuelo del Rey","Madrid","Comunidad de Madrid",NA,NA,NA,NA,"unmatched"
"Pozuelo, Albacete","Pozuelo","Albacete","Castilla-La Mancha",NA,NA,NA,NA,"unmatched"
"Pozán de Vero, Huesca","Pozán de Vero","Huesca","Aragón",NA,NA,NA,NA,"unmatched"
"Pradales, Segovia","Pradales","Segovia","Castilla y León",NA,NA,NA,NA,"unmatched"
"Pradejón, La Rioja","Pradejón","La Rioja","La Rioja",NA,NA,NA,NA,"unmatched"
"Pradell de la Teixeta, Tarragona","Pradell de la Teixeta","Tarragona","Cataluña",NA,NA,NA,NA,"unmatched"
"Prades, Tarragona","Prades","Tarragona","Cataluña",NA,NA,NA,NA,"unmatched"
"Pradilla de Ebro, Zaragoza","Pradilla de Ebro","Zaragoza","Aragón",NA,NA,NA,NA,"unmatched"
"Pradillo, La Rioja","Pradillo","La Rioja","La Rioja",NA,NA,NA,NA,"unmatched"
"Prado de la Guzpeña, León","Prado de la Guzpeña","León","Castilla y León",NA,NA,NA,NA,"unmatched"
"Prado del Rey, Cádiz","Prado del Rey","Cádiz","Andalucía",NA,NA,NA,NA,"unmatched"
"Prado, Zamora","Prado","Zamora","Castilla y León",NA,NA,NA,NA,"unmatched"
"Pradoluengo, Burgos","Pradoluengo","Burgos","Castilla y León",NA,NA,NA,NA,"unmatched"
"Prados Redondos, Guadalajara","Prados Redondos","Guadalajara","Castilla-La Mancha",NA,NA,NA,NA,"unmatched"
"Pradosegar, Ávila","Pradosegar","Ávila","Castilla y León",NA,NA,NA,NA,"unmatched"
"Prat de Comte, Tarragona","Prat de Comte","Tarragona","Cataluña",NA,NA,NA,NA,"unmatched"
"Pratdip, Tarragona","Pratdip","Tarragona","Cataluña",NA,NA,NA,NA,"unmatched"
"Prats de Lluçanès, Barcelona","Prats de Lluçanès","Barcelona","Cataluña",NA,NA,NA,NA,"unmatched"
"Prats i Sansor, Lleida","Prats i Sansor","Lleida","Cataluña",NA,NA,NA,NA,"unmatched"
"Pravia, Asturias","Pravia","Asturias","Principado de Asturias","9214914","Pravia","Pravia,Asturias,Spain","Municipality","name+community"
"Preixana, Lleida","Preixana","Lleida","Cataluña",NA,NA,NA,NA,"unmatched"
"Preixens, Lleida","Preixens","Lleida","Cataluña",NA,NA,NA,NA,"unmatched"
"Premià de Dalt, Barcelona","Premià de Dalt","Barcelona","Cataluña","9232710","Premia de Dalt","Premia de Dalt,Catalonia,Spain","Municipality","name+community"
"Premià de Mar, Barcelona","Premià de Mar","Barcelona","Cataluña",NA,NA,NA,NA,"unmatched"
"Presencio, Burgos","Presencio","Burgos","Castilla y León",NA,NA,NA,NA,"unmatched"
"Priaranza del Bierzo, León","Priaranza del Bierzo","León","Castilla y León",NA,NA,NA,NA,"unmatched"
"Priego de Córdoba, Córdoba","Priego de Córdoba","Córdoba","Andalucía","9049175","Priego de Cordoba","Priego de Cordoba,Andalusia,Spain","City","name+community"
"Priego, Cuenca","Priego","Cuenca","Castilla-La Mancha",NA,NA,NA,NA,"unmatched"
"Prioro, León","Prioro","León","Castilla y León",NA,NA,NA,NA,"unmatched"
"Proaza, Asturias","Proaza","Asturias","Principado de Asturias",NA,NA,NA,NA,"unmatched"
"Prullans, Lleida","Prullans","Lleida","Cataluña",NA,NA,NA,NA,"unmatched"
"Pruna, Sevilla","Pruna","Sevilla","Andalucía",NA,NA,NA,NA,"unmatched"
"Prádanos de Bureba, Burgos","Prádanos de Bureba","Burgos","Castilla y León",NA,NA,NA,NA,"unmatched"
"Prádanos de Ojeda, Palencia","Prádanos de Ojeda","Palencia","Castilla y León",NA,NA,NA,NA,"unmatched"
"Prádena de Atienza, Guadalajara","Prádena de Atienza","Guadalajara","Castilla-La Mancha",NA,NA,NA,NA,"unmatched"
"Prádena del Rincón, Madrid","Prádena del Rincón","Madrid","Comunidad de Madrid",NA,NA,NA,NA,"unmatched"
"Prádena, Segovia","Prádena","Segovia","Castilla y León",NA,NA,NA,NA,"unmatched"
"Préjano, La Rioja","Préjano","La Rioja","La Rioja",NA,NA,NA,NA,"unmatched"
"Puebla de Albortón, Zaragoza","Puebla de Albortón","Zaragoza","Aragón",NA,NA,NA,NA,"unmatched"
"Puebla de Alcocer, Badajoz","Puebla de Alcocer","Badajoz","Extremadura",NA,NA,NA,NA,"unmatched"
"Puebla de Almenara, Cuenca","Puebla de Almenara","Cuenca","Castilla-La Mancha",NA,NA,NA,NA,"unmatched"
"Puebla de Arenoso, Castellón","Puebla de Arenoso","Castellón","Comunidad Valenciana",NA,NA,NA,NA,"unmatched"
"Puebla de Azaba, Salamanca","Puebla de Azaba","Salamanca","Castilla y León",NA,NA,NA,NA,"unmatched"
"Puebla de Beleña, Guadalajara","Puebla de Beleña","Guadalajara","Castilla-La Mancha",NA,NA,NA,NA,"unmatched"
"Puebla de Don Fadrique, Granada","Puebla de Don Fadrique","Granada","Andalucía",NA,NA,NA,NA,"unmatched"
"Puebla de Don Francisco, Cuenca","Puebla de Don Francisco","Cuenca","Castilla-La Mancha",NA,NA,NA,NA,"unmatched"
"Puebla de Don Rodrigo, Ciudad Real","Puebla de Don Rodrigo","Ciudad Real","Castilla-La Mancha",NA,NA,NA,NA,"unmatched"
"Puebla de Guzmán, Huelva","Puebla de Guzmán","Huelva","Andalucía",NA,NA,NA,NA,"unmatched"
"Puebla de Lillo, León","Puebla de Lillo","León","Castilla y León","9220902","Puebla de Lillo","Puebla de Lillo,Castile and Leon,Spain","Municipality","name+community"
"Puebla de Obando, Badajoz","Puebla de Obando","Badajoz","Extremadura",NA,NA,NA,NA,"unmatched"
"Puebla de Pedraza, Segovia","Puebla de Pedraza","Segovia","Castilla y León",NA,NA,NA,NA,"unmatched"
"Puebla de San Medel, Salamanca","Puebla de San Medel","Salamanca","Castilla y León",NA,NA,NA,NA,"unmatched"
"Puebla de San Miguel, Valencia","Puebla de San Miguel","Valencia","Comunidad Valenciana",NA,NA,NA,NA,"unmatched"
"Puebla de Sanabria, Zamora","Puebla de Sanabria","Zamora","Castilla y León",NA,NA,NA,NA,"unmatched"
"Puebla de Sancho Pérez, Badajoz","Puebla de Sancho Pérez","Badajoz","Extremadura",NA,NA,NA,NA,"unmatched"
"Puebla de Valles, Guadalajara","Puebla de Valles","Guadalajara","Castilla-La Mancha",NA,NA,NA,NA,"unmatched"
"Puebla de Yeltes, Salamanca","Puebla de Yeltes","Salamanca","Castilla y León",NA,NA,NA,NA,"unmatched"
"Puebla de la Calzada, Badajoz","Puebla de la Calzada","Badajoz","Extremadura",NA,NA,NA,NA,"unmatched"
"Puebla de la Reina, Badajoz","Puebla de la Reina","Badajoz","Extremadura",NA,NA,NA,NA,"unmatched"
"Puebla de la Sierra, Madrid","Puebla de la Sierra","Madrid","Comunidad de Madrid",NA,NA,NA,NA,"unmatched"
"Puebla del Maestre, Badajoz","Puebla del Maestre","Badajoz","Extremadura",NA,NA,NA,NA,"unmatched"
"Puebla del Prior, Badajoz","Puebla del Prior","Badajoz","Extremadura",NA,NA,NA,NA,"unmatched"
"Puebla del Príncipe, Ciudad Real","Puebla del Príncipe","Ciudad Real","Castilla-La Mancha",NA,NA,NA,NA,"unmatched"
"Puebla del Salvador, Cuenca","Puebla del Salvador","Cuenca","Castilla-La Mancha",NA,NA,NA,NA,"unmatched"
"Pueblica de Valverde, Zamora","Pueblica de Valverde","Zamora","Castilla y León",NA,NA,NA,NA,"unmatched"
"Pueblonuevo del Guadiana, Badajoz","Pueblonuevo del Guadiana","Badajoz","Extremadura",NA,NA,NA,NA,"unmatched"
"Puendeluna, Zaragoza","Puendeluna","Zaragoza","Aragón",NA,NA,NA,NA,"unmatched"
"Puente Genil, Córdoba","Puente Genil","Córdoba","Andalucía","9210297","Puente Genil","Puente Genil,Andalusia,Spain","Municipality","name+community"
"Puente La Reina de Jaca, Huesca","Puente La Reina de Jaca","Huesca","Aragón",NA,NA,NA,NA,"unmatched"
"Puente Viesgo, Cantabria","Puente Viesgo","Cantabria","Cantabria",NA,NA,NA,NA,"unmatched"
"Puente de Domingo Flórez, León","Puente de Domingo Flórez","León","Castilla y León",NA,NA,NA,NA,"unmatched"
"Puente de Génave, Jaén","Puente de Génave","Jaén","Andalucía",NA,NA,NA,NA,"unmatched"
"Puente de Montañana, Huesca","Puente de Montañana","Huesca","Aragón",NA,NA,NA,NA,"unmatched"
"Puente del Congosto, Salamanca","Puente del Congosto","Salamanca","Castilla y León",NA,NA,NA,NA,"unmatched"
"Puente la Reina, Navarra","Puente la Reina","Navarra","Comunidad Foral de Navarra",NA,NA,NA,NA,"unmatched"
"Puentedura, Burgos","Puentedura","Burgos","Castilla y León",NA,NA,NA,NA,"unmatched"
"Puentes Viejas, Madrid","Puentes Viejas","Madrid","Comunidad de Madrid",NA,NA,NA,NA,"unmatched"
"Puertas, Salamanca","Puertas","Salamanca","Castilla y León",NA,NA,NA,NA,"unmatched"
"Puerto Castilla, Ávila","Puerto Castilla","Ávila","Castilla y León",NA,NA,NA,NA,"unmatched"
"Puerto Lumbreras, Murcia","Puerto Lumbreras","Murcia","Región de Murcia",NA,NA,NA,NA,"unmatched"
"Puerto Lápice, Ciudad Real","Puerto Lápice","Ciudad Real","Castilla-La Mancha",NA,NA,NA,NA,"unmatched"
"Puerto Moral, Huelva","Puerto Moral","Huelva","Andalucía",NA,NA,NA,NA,"unmatched"
"Puerto Real, Cádiz","Puerto Real","Cádiz","Andalucía","9049179","Puerto Real","Puerto Real,Andalusia,Spain","City","name+community"
"Puerto Seguro, Salamanca","Puerto Seguro","Salamanca","Castilla y León",NA,NA,NA,NA,"unmatched"
"Puerto Serrano, Cádiz","Puerto Serrano","Cádiz","Andalucía",NA,NA,NA,NA,"unmatched"
"Puerto de Béjar, Salamanca","Puerto de Béjar","Salamanca","Castilla y León",NA,NA,NA,NA,"unmatched"
"Puerto de San Vicente, Toledo","Puerto de San Vicente","Toledo","Castilla-La Mancha",NA,NA,NA,NA,"unmatched"
"Puerto de Santa Cruz, Cáceres","Puerto de Santa Cruz","Cáceres","Extremadura",NA,NA,NA,NA,"unmatched"
"Puerto de la Cruz, Santa Cruz de Tenerife","Puerto de la Cruz","Santa Cruz de Tenerife","Islas Canarias","9196526","Puerto de la Cruz","Puerto de la Cruz,Canary Islands,Spain","City","name+community"
"Puerto del Rosario, Las Palmas","Puerto del Rosario","Las Palmas","Islas Canarias","9210214","Puerto del Rosario","Puerto del Rosario,Canary Islands,Spain","City","name+community"
"Puertollano, Ciudad Real","Puertollano","Ciudad Real","Castilla-La Mancha","9049180","Puertollano","Puertollano,Castile-La Mancha,Spain","City","name+community"
"Puertomingalvo, Teruel","Puertomingalvo","Teruel","Aragón",NA,NA,NA,NA,"unmatched"
"Pueyo de Santa Cruz, Huesca","Pueyo de Santa Cruz","Huesca","Aragón",NA,NA,NA,NA,"unmatched"
"Pueyo, Navarra","Pueyo","Navarra","Comunidad Foral de Navarra",NA,NA,NA,NA,"unmatched"
"Puig, Valencia","Puig","Valencia","Comunidad Valenciana",NA,NA,NA,NA,"unmatched"
"Puig-reig, Barcelona","Puig-reig","Barcelona","Cataluña",NA,NA,NA,NA,"unmatched"
"Puigcerdà, Girona","Puigcerdà","Girona","Cataluña","9218410","Puigcerda","Puigcerda,Catalonia,Spain","City","name+community"
"Puigdàlber, Barcelona","Puigdàlber","Barcelona","Cataluña",NA,NA,NA,NA,"unmatched"
"Puiggròs, Lleida","Puiggròs","Lleida","Cataluña",NA,NA,NA,NA,"unmatched"
"Puigpelat, Tarragona","Puigpelat","Tarragona","Cataluña",NA,NA,NA,NA,"unmatched"
"Puigpunyent, Baleares","Puigpunyent","Baleares","Islas Baleares","9216567","Puigpunyent","Puigpunyent,Balearic Islands,Spain","Municipality","name+community"
"Puigverd d'Agramunt, Lleida","Puigverd d'Agramunt","Lleida","Cataluña",NA,NA,NA,NA,"unmatched"
"Puigverd de Lleida, Lleida","Puigverd de Lleida","Lleida","Cataluña",NA,NA,NA,NA,"unmatched"
"Pujalt, Barcelona","Pujalt","Barcelona","Cataluña",NA,NA,NA,NA,"unmatched"
"Pujerra, Málaga","Pujerra","Málaga","Andalucía",NA,NA,NA,NA,"unmatched"
"Pulgar, Toledo","Pulgar","Toledo","Castilla-La Mancha",NA,NA,NA,NA,"unmatched"
"Pulianas, Granada","Pulianas","Granada","Andalucía",NA,NA,NA,NA,"unmatched"
"Pulpí, Almería","Pulpí","Almería","Andalucía",NA,NA,NA,NA,"unmatched"
"Punta Umbría, Huelva","Punta Umbría","Huelva","Andalucía","9220659","Punta Umbria","Punta Umbria,Andalusia,Spain","City","name+community"
"Puntagorda, Santa Cruz de Tenerife","Puntagorda","Santa Cruz de Tenerife","Islas Canarias",NA,NA,NA,NA,"unmatched"
"Puntallana, Santa Cruz de Tenerife","Puntallana","Santa Cruz de Tenerife","Islas Canarias",NA,NA,NA,NA,"unmatched"
"Punxín, Ourense","Punxín","Ourense","Galicia",NA,NA,NA,NA,"unmatched"
"Puras, Valladolid","Puras","Valladolid","Castilla y León",NA,NA,NA,NA,"unmatched"
"Purchena, Almería","Purchena","Almería","Andalucía",NA,NA,NA,NA,"unmatched"
"Purujosa, Zaragoza","Purujosa","Zaragoza","Aragón",NA,NA,NA,NA,"unmatched"
"Purullena, Granada","Purullena","Granada","Andalucía",NA,NA,NA,NA,"unmatched"
"Puçol, Valencia","Puçol","Valencia","Comunidad Valenciana","9231169","Pucol","Pucol,Valencian Community,Spain","Municipality","name+community"
"Puértolas, Huesca","Puértolas","Huesca","Aragón",NA,NA,NA,NA,"unmatched"
"Pájara, Las Palmas","Pájara","Las Palmas","Islas Canarias",NA,NA,NA,NA,"unmatched"
"Pálmaces de Jadraque, Guadalajara","Pálmaces de Jadraque","Guadalajara","Castilla-La Mancha",NA,NA,NA,NA,"unmatched"
"Páramo de Boedo, Palencia","Páramo de Boedo","Palencia","Castilla y León",NA,NA,NA,NA,"unmatched"
"Páramo del Sil, León","Páramo del Sil","León","Castilla y León",NA,NA,NA,NA,"unmatched"
"Pétrola, Albacete","Pétrola","Albacete","Castilla-La Mancha",NA,NA,NA,NA,"unmatched"
"Pías, Zamora","Pías","Zamora","Castilla y León",NA,NA,NA,NA,"unmatched"
"Píñar, Granada","Píñar","Granada","Andalucía",NA,NA,NA,NA,"unmatched"
"Pórtugos, Granada","Pórtugos","Granada","Andalucía",NA,NA,NA,NA,"unmatched"
"Quart de Poblet, Valencia","Quart de Poblet","Valencia","Comunidad Valenciana",NA,NA,NA,NA,"unmatched"
"Quart de les Valls, Valencia","Quart de les Valls","Valencia","Comunidad Valenciana",NA,NA,NA,NA,"unmatched"
"Quart, Girona","Quart","Girona","Cataluña",NA,NA,NA,NA,"unmatched"
"Quartell, Valencia","Quartell","Valencia","Comunidad Valenciana",NA,NA,NA,NA,"unmatched"
"Quatretonda, Valencia","Quatretonda","Valencia","Comunidad Valenciana",NA,NA,NA,NA,"unmatched"
"Quatretondeta, Alicante","Quatretondeta","Alicante","Comunidad Valenciana",NA,NA,NA,NA,"unmatched"
"Quel, La Rioja","Quel","La Rioja","La Rioja",NA,NA,NA,NA,"unmatched"
"Quemada, Burgos","Quemada","Burgos","Castilla y León",NA,NA,NA,NA,"unmatched"
"Quer, Guadalajara","Quer","Guadalajara","Castilla-La Mancha",NA,NA,NA,NA,"unmatched"
"Queralbs, Girona","Queralbs","Girona","Cataluña",NA,NA,NA,NA,"unmatched"
"Quero, Toledo","Quero","Toledo","Castilla-La Mancha",NA,NA,NA,NA,"unmatched"
"Querol, Tarragona","Querol","Tarragona","Cataluña",NA,NA,NA,NA,"unmatched"
"Quesa, Valencia","Quesa","Valencia","Comunidad Valenciana",NA,NA,NA,NA,"unmatched"
"Quesada, Jaén","Quesada","Jaén","Andalucía","9217865","Quesada","Quesada,Andalusia,Spain","Municipality","name+community"
"Quicena, Huesca","Quicena","Huesca","Aragón",NA,NA,NA,NA,"unmatched"
"Quijorna, Madrid","Quijorna","Madrid","Comunidad de Madrid","9216258","Quijorna","Quijorna,Community of Madrid,Spain","Municipality","name+community"
"Quintana Redonda, Soria","Quintana Redonda","Soria","Castilla y León",NA,NA,NA,NA,"unmatched"
"Quintana de la Serena, Badajoz","Quintana de la Serena","Badajoz","Extremadura",NA,NA,NA,NA,"unmatched"
"Quintana del Castillo, León","Quintana del Castillo","León","Castilla y León",NA,NA,NA,NA,"unmatched"
"Quintana del Marco, León","Quintana del Marco","León","Castilla y León",NA,NA,NA,NA,"unmatched"
"Quintana del Pidio, Burgos","Quintana del Pidio","Burgos","Castilla y León",NA,NA,NA,NA,"unmatched"
"Quintana del Puente, Palencia","Quintana del Puente","Palencia","Castilla y León",NA,NA,NA,NA,"unmatched"
"Quintana y Congosto, León","Quintana y Congosto","León","Castilla y León",NA,NA,NA,NA,"unmatched"
"Quintanabureba, Burgos","Quintanabureba","Burgos","Castilla y León",NA,NA,NA,NA,"unmatched"
"Quintanaortuño, Burgos","Quintanaortuño","Burgos","Castilla y León",NA,NA,NA,NA,"unmatched"
"Quintanapalla, Burgos","Quintanapalla","Burgos","Castilla y León",NA,NA,NA,NA,"unmatched"
"Quintanar de la Orden, Toledo","Quintanar de la Orden","Toledo","Castilla-La Mancha",NA,NA,NA,NA,"unmatched"
"Quintanar de la Sierra, Burgos","Quintanar de la Sierra","Burgos","Castilla y León",NA,NA,NA,NA,"unmatched"
"Quintanar del Rey, Cuenca","Quintanar del Rey","Cuenca","Castilla-La Mancha",NA,NA,NA,NA,"unmatched"
"Quintanas de Gormaz, Soria","Quintanas de Gormaz","Soria","Castilla y León",NA,NA,NA,NA,"unmatched"
"Quintanavides, Burgos","Quintanavides","Burgos","Castilla y León",NA,NA,NA,NA,"unmatched"
"Quintanaélez, Burgos","Quintanaélez","Burgos","Castilla y León",NA,NA,NA,NA,"unmatched"
"Quintanilla San García, Burgos","Quintanilla San García","Burgos","Castilla y León",NA,NA,NA,NA,"unmatched"
"Quintanilla Vivar, Burgos","Quintanilla Vivar","Burgos","Castilla y León",NA,NA,NA,NA,"unmatched"
"Quintanilla de Arriba, Valladolid","Quintanilla de Arriba","Valladolid","Castilla y León",NA,NA,NA,NA,"unmatched"
"Quintanilla de Onsoña, Palencia","Quintanilla de Onsoña","Palencia","Castilla y León",NA,NA,NA,NA,"unmatched"
"Quintanilla de Onésimo, Valladolid","Quintanilla de Onésimo","Valladolid","Castilla y León",NA,NA,NA,NA,"unmatched"
"Quintanilla de Trigueros, Valladolid","Quintanilla de Trigueros","Valladolid","Castilla y León",NA,NA,NA,NA,"unmatched"
"Quintanilla de Urz, Zamora","Quintanilla de Urz","Zamora","Castilla y León",NA,NA,NA,NA,"unmatched"
"Quintanilla de la Mata, Burgos","Quintanilla de la Mata","Burgos","Castilla y León",NA,NA,NA,NA,"unmatched"
"Quintanilla del Agua y Tordueles, Burgos","Quintanilla del Agua y Tordueles","Burgos","Castilla y León",NA,NA,NA,NA,"unmatched"
"Quintanilla del Coco, Burgos","Quintanilla del Coco","Burgos","Castilla y León",NA,NA,NA,NA,"unmatched"
"Quintanilla del Molar, Valladolid","Quintanilla del Molar","Valladolid","Castilla y León",NA,NA,NA,NA,"unmatched"
"Quintanilla del Monte, Zamora","Quintanilla del Monte","Zamora","Castilla y León",NA,NA,NA,NA,"unmatched"
"Quintanilla del Olmo, Zamora","Quintanilla del Olmo","Zamora","Castilla y León",NA,NA,NA,NA,"unmatched"
"Quintela de Leirado, Ourense","Quintela de Leirado","Ourense","Galicia",NA,NA,NA,NA,"unmatched"
"Quinto, Zaragoza","Quinto","Zaragoza","Aragón",NA,NA,NA,NA,"unmatched"
"Quiroga, Lugo","Quiroga","Lugo","Galicia","9214744","Quiroga","Quiroga,Galicia,Spain","Municipality","name+community"
"Quiruelas de Vidriales, Zamora","Quiruelas de Vidriales","Zamora","Castilla y León",NA,NA,NA,NA,"unmatched"
"Quirós, Asturias","Quirós","Asturias","Principado de Asturias","9215084","Quiros","Quiros,Asturias,Spain","Municipality","name+community"
"Quismondo, Toledo","Quismondo","Toledo","Castilla-La Mancha",NA,NA,NA,NA,"unmatched"
"Quiñonería, Soria","Quiñonería","Soria","Castilla y León",NA,NA,NA,NA,"unmatched"
"Quéntar, Granada","Quéntar","Granada","Andalucía",NA,NA,NA,NA,"unmatched"
"Rabanales, Zamora","Rabanales","Zamora","Castilla y León",NA,NA,NA,NA,"unmatched"
"Rabanera del Pinar, Burgos","Rabanera del Pinar","Burgos","Castilla y León",NA,NA,NA,NA,"unmatched"
"Rabanera, La Rioja","Rabanera","La Rioja","La Rioja",NA,NA,NA,NA,"unmatched"
"Rabé de las Calzadas, Burgos","Rabé de las Calzadas","Burgos","Castilla y León",NA,NA,NA,NA,"unmatched"
"Rabós, Girona","Rabós","Girona","Cataluña",NA,NA,NA,NA,"unmatched"
"Rada de Haro, Cuenca","Rada de Haro","Cuenca","Castilla-La Mancha",NA,NA,NA,NA,"unmatched"
"Rafal, Alicante","Rafal","Alicante","Comunidad Valenciana","9049182","Rafal","Rafal,Valencian Community,Spain","City","name+community"
"Rafelbuñol, Valencia","Rafelbuñol","Valencia","Comunidad Valenciana",NA,NA,NA,NA,"unmatched"
"Rafelcofer, Valencia","Rafelcofer","Valencia","Comunidad Valenciana",NA,NA,NA,NA,"unmatched"
"Rafelguaraf, Valencia","Rafelguaraf","Valencia","Comunidad Valenciana",NA,NA,NA,NA,"unmatched"
"Rairiz de Veiga, Ourense","Rairiz de Veiga","Ourense","Galicia",NA,NA,NA,NA,"unmatched"
"Rajadell, Barcelona","Rajadell","Barcelona","Cataluña",NA,NA,NA,NA,"unmatched"
"Ramales de la Victoria, Cantabria","Ramales de la Victoria","Cantabria","Cantabria",NA,NA,NA,NA,"unmatched"
"Ramiro, Valladolid","Ramiro","Valladolid","Castilla y León",NA,NA,NA,NA,"unmatched"
"Ramirás, Ourense","Ramirás","Ourense","Galicia","9220081","Ramiras","Ramiras,Galicia,Spain","Municipality","name+community"
"Rapariegos, Segovia","Rapariegos","Segovia","Castilla y León",NA,NA,NA,NA,"unmatched"
"Rascafría, Madrid","Rascafría","Madrid","Comunidad de Madrid",NA,NA,NA,NA,"unmatched"
"Rasines, Cantabria","Rasines","Cantabria","Cantabria",NA,NA,NA,NA,"unmatched"
"Rasquera, Tarragona","Rasquera","Tarragona","Cataluña",NA,NA,NA,NA,"unmatched"
"Rasueros, Ávila","Rasueros","Ávila","Castilla y León",NA,NA,NA,NA,"unmatched"
"Real de Gandía, Valencia","Real de Gandía","Valencia","Comunidad Valenciana",NA,NA,NA,NA,"unmatched"
"Real de Montroi, Valencia","Real de Montroi","Valencia","Comunidad Valenciana",NA,NA,NA,NA,"unmatched"
"Rebollar, Cáceres","Rebollar","Cáceres","Extremadura",NA,NA,NA,NA,"unmatched"
"Rebollar, Soria","Rebollar","Soria","Castilla y León",NA,NA,NA,NA,"unmatched"
"Rebolledo de la Torre, Burgos","Rebolledo de la Torre","Burgos","Castilla y León",NA,NA,NA,NA,"unmatched"
"Rebollo, Segovia","Rebollo","Segovia","Castilla y León",NA,NA,NA,NA,"unmatched"
"Rebollosa de Jadraque, Guadalajara","Rebollosa de Jadraque","Guadalajara","Castilla-La Mancha",NA,NA,NA,NA,"unmatched"
"Recas, Toledo","Recas","Toledo","Castilla-La Mancha",NA,NA,NA,NA,"unmatched"
"Recuerda, Soria","Recuerda","Soria","Castilla y León",NA,NA,NA,NA,"unmatched"
"Redecilla del Camino, Burgos","Redecilla del Camino","Burgos","Castilla y León",NA,NA,NA,NA,"unmatched"
"Redecilla del Campo, Burgos","Redecilla del Campo","Burgos","Castilla y León",NA,NA,NA,NA,"unmatched"
"Redondela, Pontevedra","Redondela","Pontevedra","Galicia","9250548","Redondela","Redondela,Galicia,Spain","Municipality","name+community"
"Redován, Alicante","Redován","Alicante","Comunidad Valenciana","9244210","Redovan","Redovan,Valencian Community,Spain","Municipality","name+community"
"Redueña, Madrid","Redueña","Madrid","Comunidad de Madrid",NA,NA,NA,NA,"unmatched"
"Regencós, Girona","Regencós","Girona","Cataluña",NA,NA,NA,NA,"unmatched"
"Regueras de Arriba, León","Regueras de Arriba","León","Castilla y León",NA,NA,NA,NA,"unmatched"
"Regumiel de la Sierra, Burgos","Regumiel de la Sierra","Burgos","Castilla y León",NA,NA,NA,NA,"unmatched"
"Reina, Badajoz","Reina","Badajoz","Extremadura",NA,NA,NA,NA,"unmatched"
"Reinosa, Cantabria","Reinosa","Cantabria","Cantabria","9229871","Reinosa","Reinosa,Cantabria,Spain","Municipality","name+community"
"Reinoso de Cerrato, Palencia","Reinoso de Cerrato","Palencia","Castilla y León",NA,NA,NA,NA,"unmatched"
"Reinoso, Burgos","Reinoso","Burgos","Castilla y León",NA,NA,NA,NA,"unmatched"
"Relleu, Alicante","Relleu","Alicante","Comunidad Valenciana",NA,NA,NA,NA,"unmatched"
"Rellinars, Barcelona","Rellinars","Barcelona","Cataluña",NA,NA,NA,NA,"unmatched"
"Rello, Soria","Rello","Soria","Castilla y León",NA,NA,NA,NA,"unmatched"
"Remolinos, Zaragoza","Remolinos","Zaragoza","Aragón",NA,NA,NA,NA,"unmatched"
"Remondo, Segovia","Remondo","Segovia","Castilla y León",NA,NA,NA,NA,"unmatched"
"Rena, Badajoz","Rena","Badajoz","Extremadura",NA,NA,NA,NA,"unmatched"
"Renau, Tarragona","Renau","Tarragona","Cataluña","9221652","Renau","Renau,Catalonia,Spain","Municipality","name+community"
"Renedo de Esgueva, Valladolid","Renedo de Esgueva","Valladolid","Castilla y León",NA,NA,NA,NA,"unmatched"
"Renedo de la Vega, Palencia","Renedo de la Vega","Palencia","Castilla y León",NA,NA,NA,NA,"unmatched"
"Renera, Guadalajara","Renera","Guadalajara","Castilla-La Mancha",NA,NA,NA,NA,"unmatched"
"Renieblas, Soria","Renieblas","Soria","Castilla y León",NA,NA,NA,NA,"unmatched"
"Reocín, Cantabria","Reocín","Cantabria","Cantabria",NA,NA,NA,NA,"unmatched"
"Requejo, Zamora","Requejo","Zamora","Castilla y León",NA,NA,NA,NA,"unmatched"
"Requena de Campos, Palencia","Requena de Campos","Palencia","Castilla y León",NA,NA,NA,NA,"unmatched"
"Requena, Valencia","Requena","Valencia","Comunidad Valenciana","9049183","Requena","Requena,Valencian Community,Spain","City","name+community"
"Respenda de la Peña, Palencia","Respenda de la Peña","Palencia","Castilla y León",NA,NA,NA,NA,"unmatched"
"Retamal de Llerena, Badajoz","Retamal de Llerena","Badajoz","Extremadura",NA,NA,NA,NA,"unmatched"
"Retamoso, Toledo","Retamoso","Toledo","Castilla-La Mancha",NA,NA,NA,NA,"unmatched"
"Retascón, Zaragoza","Retascón","Zaragoza","Aragón",NA,NA,NA,NA,"unmatched"
"Retiendas, Guadalajara","Retiendas","Guadalajara","Castilla-La Mancha",NA,NA,NA,NA,"unmatched"
"Retortillo de Soria, Soria","Retortillo de Soria","Soria","Castilla y León","9221009","Retortillo de Soria","Retortillo de Soria,Castile and Leon,Spain","Municipality","name+community"
"Retortillo, Salamanca","Retortillo","Salamanca","Castilla y León",NA,NA,NA,NA,"unmatched"
"Retuerta del Bullaque, Ciudad Real","Retuerta del Bullaque","Ciudad Real","Castilla-La Mancha",NA,NA,NA,NA,"unmatched"
"Retuerta, Burgos","Retuerta","Burgos","Castilla y León",NA,NA,NA,NA,"unmatched"
"Reus, Tarragona","Reus","Tarragona","Cataluña","9049184","Reus","Reus,Catalonia,Spain","City","name+community"
"Revellinos, Zamora","Revellinos","Zamora","Castilla y León",NA,NA,NA,NA,"unmatched"
"Revenga de Campos, Palencia","Revenga de Campos","Palencia","Castilla y León",NA,NA,NA,NA,"unmatched"
"Revilla Vallejera, Burgos","Revilla Vallejera","Burgos","Castilla y León",NA,NA,NA,NA,"unmatched"
"Revilla de Collazos, Palencia","Revilla de Collazos","Palencia","Castilla y León",NA,NA,NA,NA,"unmatched"
"Revilla del Campo, Burgos","Revilla del Campo","Burgos","Castilla y León",NA,NA,NA,NA,"unmatched"
"Revillarruz, Burgos","Revillarruz","Burgos","Castilla y León",NA,NA,NA,NA,"unmatched"
"Reyero, León","Reyero","León","Castilla y León",NA,NA,NA,NA,"unmatched"
"Rezmondo, Burgos","Rezmondo","Burgos","Castilla y León",NA,NA,NA,NA,"unmatched"
"Reznos, Soria","Reznos","Soria","Castilla y León",NA,NA,NA,NA,"unmatched"
"Reíllo, Cuenca","Reíllo","Cuenca","Castilla-La Mancha",NA,NA,NA,NA,"unmatched"
"Riaguas de San Bartolomé, Segovia","Riaguas de San Bartolomé","Segovia","Castilla y León",NA,NA,NA,NA,"unmatched"
"Rialp, Lleida","Rialp","Lleida","Cataluña",NA,NA,NA,NA,"unmatched"
"Rianxo, A Coruña","Rianxo","A Coruña","Galicia",NA,NA,NA,NA,"unmatched"
"Riaza, Segovia","Riaza","Segovia","Castilla y León",NA,NA,NA,NA,"unmatched"
"Riaño, León","Riaño","León","Castilla y León",NA,NA,NA,NA,"unmatched"
"Riba de Saelices, Guadalajara","Riba de Saelices","Guadalajara","Castilla-La Mancha",NA,NA,NA,NA,"unmatched"
"Riba-roja d'Ebre, Tarragona","Riba-roja d'Ebre","Tarragona","Cataluña",NA,NA,NA,NA,"unmatched"
"Riba-roja de Túria, Valencia","Riba-roja de Túria","Valencia","Comunidad Valenciana",NA,NA,NA,NA,"unmatched"
"Ribadavia, Ourense","Ribadavia","Ourense","Galicia",NA,NA,NA,NA,"unmatched"
"Ribadedeva, Asturias","Ribadedeva","Asturias","Principado de Asturias",NA,NA,NA,NA,"unmatched"
"Ribadeo, Lugo","Ribadeo","Lugo","Galicia","9224711","Ribadeo","Ribadeo,Galicia,Spain","Municipality","name+community"
"Ribadesella, Asturias","Ribadesella","Asturias","Principado de Asturias","9250848","Ribadesella","Ribadesella,Asturias,Spain","Municipality","name+community"
"Ribadumia, Pontevedra","Ribadumia","Pontevedra","Galicia",NA,NA,NA,NA,"unmatched"
"Ribaforada, Navarra","Ribaforada","Navarra","Comunidad Foral de Navarra",NA,NA,NA,NA,"unmatched"
"Ribafrecha, La Rioja","Ribafrecha","La Rioja","La Rioja",NA,NA,NA,NA,"unmatched"
"Ribamontán al Mar, Cantabria","Ribamontán al Mar","Cantabria","Cantabria",NA,NA,NA,NA,"unmatched"
"Ribamontán al Monte, Cantabria","Ribamontán al Monte","Cantabria","Cantabria",NA,NA,NA,NA,"unmatched"
"Ribas de Campos, Palencia","Ribas de Campos","Palencia","Castilla y León",NA,NA,NA,NA,"unmatched"
"Ribas de Sil, Lugo","Ribas de Sil","Lugo","Galicia",NA,NA,NA,NA,"unmatched"
"Ribatejada, Madrid","Ribatejada","Madrid","Comunidad de Madrid",NA,NA,NA,NA,"unmatched"
"Ribeira de Piquín, Lugo","Ribeira de Piquín","Lugo","Galicia",NA,NA,NA,NA,"unmatched"
"Ribeira, A Coruña","Ribeira","A Coruña","Galicia","9218610","Ribeira","Ribeira,Galicia,Spain","Municipality","name+community"
"Ribera Alta, Álava","Ribera Alta","Álava","País Vasco",NA,NA,NA,NA,"unmatched"
"Ribera Baja, Álava","Ribera Baja","Álava","País Vasco",NA,NA,NA,NA,"unmatched"
"Ribera d'Ondara, Lleida","Ribera d'Ondara","Lleida","Cataluña",NA,NA,NA,NA,"unmatched"
"Ribera d'Urgellet, Lleida","Ribera d'Urgellet","Lleida","Cataluña","9217199","Ribera d'Urgellet","Ribera d'Urgellet,Catalonia,Spain","Municipality","name+community"
"Ribera de Arriba, Asturias","Ribera de Arriba","Asturias","Principado de Asturias",NA,NA,NA,NA,"unmatched"
"Ribera del Fresno, Badajoz","Ribera del Fresno","Badajoz","Extremadura",NA,NA,NA,NA,"unmatched"
"Riberos de la Cueza, Palencia","Riberos de la Cueza","Palencia","Castilla y León",NA,NA,NA,NA,"unmatched"
"Ribes de Freser, Girona","Ribes de Freser","Girona","Cataluña",NA,NA,NA,NA,"unmatched"
"Ribesalbes, Castellón","Ribesalbes","Castellón","Comunidad Valenciana",NA,NA,NA,NA,"unmatched"
"Ribota, Segovia","Ribota","Segovia","Castilla y León",NA,NA,NA,NA,"unmatched"
"Ricla, Zaragoza","Ricla","Zaragoza","Aragón",NA,NA,NA,NA,"unmatched"
"Ricote, Murcia","Ricote","Murcia","Región de Murcia",NA,NA,NA,NA,"unmatched"
"Riego de la Vega, León","Riego de la Vega","León","Castilla y León",NA,NA,NA,NA,"unmatched"
"Riello, León","Riello","León","Castilla y León",NA,NA,NA,NA,"unmatched"
"Riells i Viabrea, Girona","Riells i Viabrea","Girona","Cataluña","9245996","Riells i Viabrea","Riells i Viabrea,Catalonia,Spain","City","name+community"
"Rielves, Toledo","Rielves","Toledo","Castilla-La Mancha",NA,NA,NA,NA,"unmatched"
"Rillo de Gallo, Guadalajara","Rillo de Gallo","Guadalajara","Castilla-La Mancha",NA,NA,NA,NA,"unmatched"
"Rillo, Teruel","Rillo","Teruel","Aragón",NA,NA,NA,NA,"unmatched"
"Rincón de Soto, La Rioja","Rincón de Soto","La Rioja","La Rioja",NA,NA,NA,NA,"unmatched"
"Rincón de la Victoria, Málaga","Rincón de la Victoria","Málaga","Andalucía","9216855","Rincon de la Victoria","Rincon de la Victoria,Andalusia,Spain","Municipality","name+community"
"Riner, Lleida","Riner","Lleida","Cataluña",NA,NA,NA,NA,"unmatched"
"Riocabado, Ávila","Riocabado","Ávila","Castilla y León",NA,NA,NA,NA,"unmatched"
"Riocavado de la Sierra, Burgos","Riocavado de la Sierra","Burgos","Castilla y León",NA,NA,NA,NA,"unmatched"
"Riodeva, Teruel","Riodeva","Teruel","Aragón",NA,NA,NA,NA,"unmatched"
"Riofrío de Aliste, Zamora","Riofrío de Aliste","Zamora","Castilla y León",NA,NA,NA,NA,"unmatched"
"Riofrío de Riaza, Segovia","Riofrío de Riaza","Segovia","Castilla y León",NA,NA,NA,NA,"unmatched"
"Riofrío del Llano, Guadalajara","Riofrío del Llano","Guadalajara","Castilla-La Mancha",NA,NA,NA,NA,"unmatched"
"Riofrío, Ávila","Riofrío","Ávila","Castilla y León",NA,NA,NA,NA,"unmatched"
"Riogordo, Málaga","Riogordo","Málaga","Andalucía",NA,NA,NA,NA,"unmatched"
"Rioja, Almería","Rioja","Almería","Andalucía","1005405","Rioja","Rioja,Andalusia,Spain","City","name+community"
"Riola, Valencia","Riola","Valencia","Comunidad Valenciana",NA,NA,NA,NA,"unmatched"
"Riolobos, Cáceres","Riolobos","Cáceres","Extremadura",NA,NA,NA,NA,"unmatched"
"Rionansa, Cantabria","Rionansa","Cantabria","Cantabria",NA,NA,NA,NA,"unmatched"
"Rionegro del Puente, Zamora","Rionegro del Puente","Zamora","Castilla y León",NA,NA,NA,NA,"unmatched"
"Riosa, Asturias","Riosa","Asturias","Principado de Asturias",NA,NA,NA,NA,"unmatched"
"Rioseco de Soria, Soria","Rioseco de Soria","Soria","Castilla y León",NA,NA,NA,NA,"unmatched"
"Rioseco de Tapia, León","Rioseco de Tapia","León","Castilla y León",NA,NA,NA,NA,"unmatched"
"Riotorto, Lugo","Riotorto","Lugo","Galicia",NA,NA,NA,NA,"unmatched"
"Riotuerto, Cantabria","Riotuerto","Cantabria","Cantabria",NA,NA,NA,NA,"unmatched"
"Ripoll, Girona","Ripoll","Girona","Cataluña",NA,NA,NA,NA,"unmatched"
"Ripollet, Barcelona","Ripollet","Barcelona","Cataluña","1005472","Ripollet","Ripollet,Catalonia,Spain","City","name+community"
"Risco, Badajoz","Risco","Badajoz","Extremadura",NA,NA,NA,NA,"unmatched"
"Riu de Cerdanya, Lleida","Riu de Cerdanya","Lleida","Cataluña",NA,NA,NA,NA,"unmatched"
"Riudarenes, Girona","Riudarenes","Girona","Cataluña",NA,NA,NA,NA,"unmatched"
"Riudaura, Girona","Riudaura","Girona","Cataluña",NA,NA,NA,NA,"unmatched"
"Riudecanyes, Tarragona","Riudecanyes","Tarragona","Cataluña",NA,NA,NA,NA,"unmatched"
"Riudecols, Tarragona","Riudecols","Tarragona","Cataluña",NA,NA,NA,NA,"unmatched"
"Riudellots de la Selva, Girona","Riudellots de la Selva","Girona","Cataluña","9254006","Riudellots de la Selva","Riudellots de la Selva,Catalonia,Spain","City","name+community"
"Riudoms, Tarragona","Riudoms","Tarragona","Cataluña","9208134","Riudoms","Riudoms,Catalonia,Spain","Municipality","name+community"
"Riumors, Girona","Riumors","Girona","Cataluña",NA,NA,NA,NA,"unmatched"
"Rivas-Vaciamadrid, Madrid","Rivas-Vaciamadrid","Madrid","Comunidad de Madrid","9221363","Municipality of Rivas-Vaciamadrid","Municipality of Rivas-Vaciamadrid,Community of Madrid,Spain","Municipality","name+community"
"Rivilla de Barajas, Ávila","Rivilla de Barajas","Ávila","Castilla y León",NA,NA,NA,NA,"unmatched"
"Riópar, Albacete","Riópar","Albacete","Castilla-La Mancha",NA,NA,NA,NA,"unmatched"
"Riós, Ourense","Riós","Ourense","Galicia","9212441","Rios","Rios,Galicia,Spain","Municipality","name+community"
"Roa, Burgos","Roa","Burgos","Castilla y León",NA,NA,NA,NA,"unmatched"
"Roales de Campos, Valladolid","Roales de Campos","Valladolid","Castilla y León",NA,NA,NA,NA,"unmatched"
"Roales, Zamora","Roales","Zamora","Castilla y León",NA,NA,NA,NA,"unmatched"
"Robladillo, Valladolid","Robladillo","Valladolid","Castilla y León",NA,NA,NA,NA,"unmatched"
"Robleda, Salamanca","Robleda","Salamanca","Castilla y León",NA,NA,NA,NA,"unmatched"
"Robleda-Cervantes, Zamora","Robleda-Cervantes","Zamora","Castilla y León",NA,NA,NA,NA,"unmatched"
"Robledillo de Gata, Cáceres","Robledillo de Gata","Cáceres","Extremadura",NA,NA,NA,NA,"unmatched"
"Robledillo de Mohernando, Guadalajara","Robledillo de Mohernando","Guadalajara","Castilla-La Mancha",NA,NA,NA,NA,"unmatched"
"Robledillo de Trujillo, Cáceres","Robledillo de Trujillo","Cáceres","Extremadura",NA,NA,NA,NA,"unmatched"
"Robledillo de la Jara, Madrid","Robledillo de la Jara","Madrid","Comunidad de Madrid",NA,NA,NA,NA,"unmatched"
"Robledillo de la Vera, Cáceres","Robledillo de la Vera","Cáceres","Extremadura",NA,NA,NA,NA,"unmatched"
"Robledo de Chavela, Madrid","Robledo de Chavela","Madrid","Comunidad de Madrid",NA,NA,NA,NA,"unmatched"
"Robledo de Corpes, Guadalajara","Robledo de Corpes","Guadalajara","Castilla-La Mancha",NA,NA,NA,NA,"unmatched"
"Robledo del Mazo, Toledo","Robledo del Mazo","Toledo","Castilla-La Mancha",NA,NA,NA,NA,"unmatched"
"Robledo, Albacete","Robledo","Albacete","Castilla-La Mancha",NA,NA,NA,NA,"unmatched"
"Robledollano, Cáceres","Robledollano","Cáceres","Extremadura",NA,NA,NA,NA,"unmatched"
"Robliza de Cojos, Salamanca","Robliza de Cojos","Salamanca","Castilla y León",NA,NA,NA,NA,"unmatched"
"Robregordo, Madrid","Robregordo","Madrid","Comunidad de Madrid",NA,NA,NA,NA,"unmatched"
"Robres del Castillo, La Rioja","Robres del Castillo","La Rioja","La Rioja",NA,NA,NA,NA,"unmatched"
"Robres, Huesca","Robres","Huesca","Aragón",NA,NA,NA,NA,"unmatched"
"Rocafort de Queralt, Tarragona","Rocafort de Queralt","Tarragona","Cataluña",NA,NA,NA,NA,"unmatched"
"Rocafort, Valencia","Rocafort","Valencia","Comunidad Valenciana",NA,NA,NA,NA,"unmatched"
"Rociana del Condado, Huelva","Rociana del Condado","Huelva","Andalucía",NA,NA,NA,NA,"unmatched"
"Roda de Barà, Tarragona","Roda de Barà","Tarragona","Cataluña",NA,NA,NA,NA,"unmatched"
"Roda de Eresma, Segovia","Roda de Eresma","Segovia","Castilla y León",NA,NA,NA,NA,"unmatched"
"Roda de Ter, Barcelona","Roda de Ter","Barcelona","Cataluña",NA,NA,NA,NA,"unmatched"
"Rodeiro, Pontevedra","Rodeiro","Pontevedra","Galicia",NA,NA,NA,NA,"unmatched"
"Rodezno, La Rioja","Rodezno","La Rioja","La Rioja",NA,NA,NA,NA,"unmatched"
"Rodonyà, Tarragona","Rodonyà","Tarragona","Cataluña",NA,NA,NA,NA,"unmatched"
"Roelos de Sayago, Zamora","Roelos de Sayago","Zamora","Castilla y León",NA,NA,NA,NA,"unmatched"
"Rois, A Coruña","Rois","A Coruña","Galicia",NA,NA,NA,NA,"unmatched"
"Rojales, Alicante","Rojales","Alicante","Comunidad Valenciana",NA,NA,NA,NA,"unmatched"
"Rojas, Burgos","Rojas","Burgos","Castilla y León",NA,NA,NA,NA,"unmatched"
"Rollamienta, Soria","Rollamienta","Soria","Castilla y León",NA,NA,NA,NA,"unmatched"
"Rollán, Salamanca","Rollán","Salamanca","Castilla y León",NA,NA,NA,NA,"unmatched"
"Romangordo, Cáceres","Romangordo","Cáceres","Extremadura",NA,NA,NA,NA,"unmatched"
"Romanillos de Atienza, Guadalajara","Romanillos de Atienza","Guadalajara","Castilla-La Mancha",NA,NA,NA,NA,"unmatched"
"Romanones, Guadalajara","Romanones","Guadalajara","Castilla-La Mancha",NA,NA,NA,NA,"unmatched"
"Romanos, Zaragoza","Romanos","Zaragoza","Aragón",NA,NA,NA,NA,"unmatched"
"Romanzado, Navarra","Romanzado","Navarra","Comunidad Foral de Navarra",NA,NA,NA,NA,"unmatched"
"Roncal, Navarra","Roncal","Navarra","Comunidad Foral de Navarra",NA,NA,NA,NA,"unmatched"
"Ronda, Málaga","Ronda","Málaga","Andalucía","9242198","Ronda","Ronda,Andalusia,Spain","Municipality","name+community"
"Roperuelos del Páramo, León","Roperuelos del Páramo","León","Castilla y León",NA,NA,NA,NA,"unmatched"
"Roquetas de Mar, Almería","Roquetas de Mar","Almería","Andalucía","9261662","Roquetas de Mar","Roquetas de Mar,Andalusia,Spain","Municipality","name+community"
"Roquetes, Tarragona","Roquetes","Tarragona","Cataluña",NA,NA,NA,NA,"unmatched"
"Rosal de la Frontera, Huelva","Rosal de la Frontera","Huelva","Andalucía",NA,NA,NA,NA,"unmatched"
"Rosalejo, Cáceres","Rosalejo","Cáceres","Extremadura",NA,NA,NA,NA,"unmatched"
"Roses, Girona","Roses","Girona","Cataluña","9219271","Roses","Roses,Catalonia,Spain","City","name+community"
"Rosinos de la Requejada, Zamora","Rosinos de la Requejada","Zamora","Castilla y León",NA,NA,NA,NA,"unmatched"
"Rossell, Castellón","Rossell","Castellón","Comunidad Valenciana",NA,NA,NA,NA,"unmatched"
"Rosselló, Lleida","Rosselló","Lleida","Cataluña",NA,NA,NA,NA,"unmatched"
"Rota, Cádiz","Rota","Cádiz","Andalucía","1005446","Rota","Rota,Andalusia,Spain","City","name+community"
"Rotglà i Corberà, Valencia","Rotglà i Corberà","Valencia","Comunidad Valenciana",NA,NA,NA,NA,"unmatched"
"Roturas, Valladolid","Roturas","Valladolid","Castilla y León",NA,NA,NA,NA,"unmatched"
"Royuela de Río Franco, Burgos","Royuela de Río Franco","Burgos","Castilla y León",NA,NA,NA,NA,"unmatched"
"Royuela, Teruel","Royuela","Teruel","Aragón",NA,NA,NA,NA,"unmatched"
"Rozalén del Monte, Cuenca","Rozalén del Monte","Cuenca","Castilla-La Mancha",NA,NA,NA,NA,"unmatched"
"Rozas de Puerto Real, Madrid","Rozas de Puerto Real","Madrid","Comunidad de Madrid",NA,NA,NA,NA,"unmatched"
"Ruanes, Cáceres","Ruanes","Cáceres","Extremadura",NA,NA,NA,NA,"unmatched"
"Rubena, Burgos","Rubena","Burgos","Castilla y León",NA,NA,NA,NA,"unmatched"
"Rubiales, Teruel","Rubiales","Teruel","Aragón",NA,NA,NA,NA,"unmatched"
"Rubielos de Mora, Teruel","Rubielos de Mora","Teruel","Aragón",NA,NA,NA,NA,"unmatched"
"Rubielos de la Cérida, Teruel","Rubielos de la Cérida","Teruel","Aragón",NA,NA,NA,NA,"unmatched"
"Rubite, Granada","Rubite","Granada","Andalucía",NA,NA,NA,NA,"unmatched"
"Rubiá, Ourense","Rubiá","Ourense","Galicia",NA,NA,NA,NA,"unmatched"
"Rubió, Barcelona","Rubió","Barcelona","Cataluña",NA,NA,NA,NA,"unmatched"
"Rublacedo de Abajo, Burgos","Rublacedo de Abajo","Burgos","Castilla y León",NA,NA,NA,NA,"unmatched"
"Rubí de Bracamonte, Valladolid","Rubí de Bracamonte","Valladolid","Castilla y León",NA,NA,NA,NA,"unmatched"
"Rubí, Barcelona","Rubí","Barcelona","Cataluña","1005433","Rubi","Rubi,Catalonia,Spain","City","name+community"
"Rucandio, Burgos","Rucandio","Burgos","Castilla y León",NA,NA,NA,NA,"unmatched"
"Rueda de Jalón, Zaragoza","Rueda de Jalón","Zaragoza","Aragón",NA,NA,NA,NA,"unmatched"
"Rueda de la Sierra, Guadalajara","Rueda de la Sierra","Guadalajara","Castilla-La Mancha",NA,NA,NA,NA,"unmatched"
"Rueda, Valladolid","Rueda","Valladolid","Castilla y León",NA,NA,NA,NA,"unmatched"
"Ruente, Cantabria","Ruente","Cantabria","Cantabria",NA,NA,NA,NA,"unmatched"
"Ruesca, Zaragoza","Ruesca","Zaragoza","Aragón",NA,NA,NA,NA,"unmatched"
"Ruesga, Cantabria","Ruesga","Cantabria","Cantabria",NA,NA,NA,NA,"unmatched"
"Rugat, Valencia","Rugat","Valencia","Comunidad Valenciana",NA,NA,NA,NA,"unmatched"
"Ruidera, Ciudad Real","Ruidera","Ciudad Real","Castilla-La Mancha",NA,NA,NA,NA,"unmatched"
"Ruiloba, Cantabria","Ruiloba","Cantabria","Cantabria",NA,NA,NA,NA,"unmatched"
"Rupit i Pruit, Barcelona","Rupit i Pruit","Barcelona","Cataluña",NA,NA,NA,NA,"unmatched"
"Rupià, Girona","Rupià","Girona","Cataluña",NA,NA,NA,NA,"unmatched"
"Rus, Jaén","Rus","Jaén","Andalucía",NA,NA,NA,NA,"unmatched"
"Rute, Córdoba","Rute","Córdoba","Andalucía",NA,NA,NA,NA,"unmatched"
"Rábade, Lugo","Rábade","Lugo","Galicia",NA,NA,NA,NA,"unmatched"
"Rábano de Aliste, Zamora","Rábano de Aliste","Zamora","Castilla y León",NA,NA,NA,NA,"unmatched"
"Rábano, Valladolid","Rábano","Valladolid","Castilla y León",NA,NA,NA,NA,"unmatched"
"Rábanos, Burgos","Rábanos","Burgos","Castilla y León",NA,NA,NA,NA,"unmatched"
"Ráfales, Teruel","Ráfales","Teruel","Aragón",NA,NA,NA,NA,"unmatched"
"Ráfol de Salem, Valencia","Ráfol de Salem","Valencia","Comunidad Valenciana",NA,NA,NA,NA,"unmatched"
"Rágama, Salamanca","Rágama","Salamanca","Castilla y León",NA,NA,NA,NA,"unmatched"
"Rágol, Almería","Rágol","Almería","Andalucía",NA,NA,NA,NA,"unmatched"
"Ródenas, Teruel","Ródenas","Teruel","Aragón",NA,NA,NA,NA,"unmatched"
"Rótova, Valencia","Rótova","Valencia","Comunidad Valenciana",NA,NA,NA,NA,"unmatched"
"Sa Pobla, Baleares","Sa Pobla","Baleares","Islas Baleares","9217355","Sa Pobla","Sa Pobla,Balearic Islands,Spain","Municipality","name+community"
"Sabadell, Barcelona","Sabadell","Barcelona","Cataluña","9210045","Sabadell","Sabadell,Catalonia,Spain","Municipality","name+community"
"Sabero, León","Sabero","León","Castilla y León",NA,NA,NA,NA,"unmatched"
"Sabiote, Jaén","Sabiote","Jaén","Andalucía",NA,NA,NA,NA,"unmatched"
"Sabiñán, Zaragoza","Sabiñán","Zaragoza","Aragón",NA,NA,NA,NA,"unmatched"
"Sabiñánigo, Huesca","Sabiñánigo","Huesca","Aragón",NA,NA,NA,NA,"unmatched"
"Sacañet, Castellón","Sacañet","Castellón","Comunidad Valenciana",NA,NA,NA,NA,"unmatched"
"Sacecorbo, Guadalajara","Sacecorbo","Guadalajara","Castilla-La Mancha",NA,NA,NA,NA,"unmatched"
"Saceda-Trasierra, Cuenca","Saceda-Trasierra","Cuenca","Castilla-La Mancha",NA,NA,NA,NA,"unmatched"
"Sacedón, Guadalajara","Sacedón","Guadalajara","Castilla-La Mancha",NA,NA,NA,NA,"unmatched"
"Saceruela, Ciudad Real","Saceruela","Ciudad Real","Castilla-La Mancha",NA,NA,NA,NA,"unmatched"
"Sacramenia, Segovia","Sacramenia","Segovia","Castilla y León",NA,NA,NA,NA,"unmatched"
"Sada, A Coruña","Sada","A Coruña","Galicia","9217223","Sada","Sada,Galicia,Spain","Municipality","name+community"
"Sada, Navarra","Sada","Navarra","Comunidad Foral de Navarra",NA,NA,NA,NA,"name only (rejected)"
"Saelices de Mayorga, Valladolid","Saelices de Mayorga","Valladolid","Castilla y León",NA,NA,NA,NA,"unmatched"
"Saelices de la Sal, Guadalajara","Saelices de la Sal","Guadalajara","Castilla-La Mancha",NA,NA,NA,NA,"unmatched"
"Saelices el Chico, Salamanca","Saelices el Chico","Salamanca","Castilla y León",NA,NA,NA,NA,"unmatched"
"Saelices, Cuenca","Saelices","Cuenca","Castilla-La Mancha",NA,NA,NA,NA,"unmatched"
"Sagra, Alicante","Sagra","Alicante","Comunidad Valenciana",NA,NA,NA,NA,"unmatched"
"Sagunto, Valencia","Sagunto","Valencia","Comunidad Valenciana","9049189","Sagunt","Sagunt,Valencian Community,Spain","City","name+community"
"Sagàs, Barcelona","Sagàs","Barcelona","Cataluña",NA,NA,NA,NA,"unmatched"
"Sahagún, León","Sahagún","León","Castilla y León",NA,NA,NA,NA,"unmatched"
"Sahún, Huesca","Sahún","Huesca","Aragón",NA,NA,NA,NA,"unmatched"
"Sajazarra, La Rioja","Sajazarra","La Rioja","La Rioja",NA,NA,NA,NA,"unmatched"
"Salamanca, Salamanca","Salamanca","Salamanca","Castilla y León","9211553","Municipality of Salamanca","Municipality of Salamanca,Castile and Leon,Spain","Municipality","name+community"
"Salar, Granada","Salar","Granada","Andalucía",NA,NA,NA,NA,"unmatched"
"Salares, Málaga","Salares","Málaga","Andalucía",NA,NA,NA,NA,"unmatched"
"Salas Altas, Huesca","Salas Altas","Huesca","Aragón",NA,NA,NA,NA,"unmatched"
"Salas Bajas, Huesca","Salas Bajas","Huesca","Aragón",NA,NA,NA,NA,"unmatched"
"Salas de Bureba, Burgos","Salas de Bureba","Burgos","Castilla y León",NA,NA,NA,NA,"unmatched"
"Salas de los Infantes, Burgos","Salas de los Infantes","Burgos","Castilla y León",NA,NA,NA,NA,"unmatched"
"Salas, Asturias","Salas","Asturias","Principado de Asturias","9207229","Salas","Salas,Asturias,Spain","Municipality","name+community"
"Salce, Zamora","Salce","Zamora","Castilla y León",NA,NA,NA,NA,"unmatched"
"Salceda de Caselas, Pontevedra","Salceda de Caselas","Pontevedra","Galicia",NA,NA,NA,NA,"unmatched"
"Salcedillo, Teruel","Salcedillo","Teruel","Aragón",NA,NA,NA,NA,"unmatched"
"Saldaña de Burgos, Burgos","Saldaña de Burgos","Burgos","Castilla y León",NA,NA,NA,NA,"unmatched"
"Saldaña, Palencia","Saldaña","Palencia","Castilla y León",NA,NA,NA,NA,"unmatched"
"Saldeana, Salamanca","Saldeana","Salamanca","Castilla y León",NA,NA,NA,NA,"unmatched"
"Saldes, Barcelona","Saldes","Barcelona","Cataluña",NA,NA,NA,NA,"unmatched"
"Salduero, Soria","Salduero","Soria","Castilla y León",NA,NA,NA,NA,"unmatched"
"Saldías, Navarra","Saldías","Navarra","Comunidad Foral de Navarra",NA,NA,NA,NA,"unmatched"
"Saldón, Teruel","Saldón","Teruel","Aragón",NA,NA,NA,NA,"unmatched"
"Salem, Valencia","Salem","Valencia","Comunidad Valenciana",NA,NA,NA,NA,"unmatched"
"Sales de Llierca, Girona","Sales de Llierca","Girona","Cataluña",NA,NA,NA,NA,"unmatched"
"Salillas de Jalón, Zaragoza","Salillas de Jalón","Zaragoza","Aragón",NA,NA,NA,NA,"unmatched"
"Salillas, Huesca","Salillas","Huesca","Aragón",NA,NA,NA,NA,"unmatched"
"Salinas de Oro, Navarra","Salinas de Oro","Navarra","Comunidad Foral de Navarra",NA,NA,NA,NA,"unmatched"
"Salinas de Pisuerga, Palencia","Salinas de Pisuerga","Palencia","Castilla y León",NA,NA,NA,NA,"unmatched"
"Salinas del Manzano, Cuenca","Salinas del Manzano","Cuenca","Castilla-La Mancha",NA,NA,NA,NA,"unmatched"
"Salinas, Alicante","Salinas","Alicante","Comunidad Valenciana",NA,NA,NA,NA,"unmatched"
"Salinillas de Bureba, Burgos","Salinillas de Bureba","Burgos","Castilla y León",NA,NA,NA,NA,"unmatched"
"Sallent de Gállego, Huesca","Sallent de Gállego","Huesca","Aragón",NA,NA,NA,NA,"unmatched"
"Sallent, Barcelona","Sallent","Barcelona","Cataluña",NA,NA,NA,NA,"unmatched"
"Salmeroncillos, Cuenca","Salmeroncillos","Cuenca","Castilla-La Mancha",NA,NA,NA,NA,"unmatched"
"Salmerón, Guadalajara","Salmerón","Guadalajara","Castilla-La Mancha",NA,NA,NA,NA,"unmatched"
"Salmoral, Salamanca","Salmoral","Salamanca","Castilla y León",NA,NA,NA,NA,"unmatched"
"Salobral, Ávila","Salobral","Ávila","Castilla y León",NA,NA,NA,NA,"unmatched"
"Salobre, Albacete","Salobre","Albacete","Castilla-La Mancha",NA,NA,NA,NA,"unmatched"
"Salobreña, Granada","Salobreña","Granada","Andalucía",NA,NA,NA,NA,"unmatched"
"Salomó, Tarragona","Salomó","Tarragona","Cataluña",NA,NA,NA,NA,"unmatched"
"Salorino, Cáceres","Salorino","Cáceres","Extremadura",NA,NA,NA,NA,"unmatched"
"Salou, Tarragona","Salou","Tarragona","Cataluña","9049190","Salou","Salou,Catalonia,Spain","City","name+community"
"Salt, Girona","Salt","Girona","Cataluña",NA,NA,NA,NA,"unmatched"
"Salteras, Sevilla","Salteras","Sevilla","Andalucía",NA,NA,NA,NA,"unmatched"
"Salvacañete, Cuenca","Salvacañete","Cuenca","Castilla-La Mancha",NA,NA,NA,NA,"unmatched"
"Salvadiós, Ávila","Salvadiós","Ávila","Castilla y León",NA,NA,NA,NA,"unmatched"
"Salvador de Zapardiel, Valladolid","Salvador de Zapardiel","Valladolid","Castilla y León","9213493","Salvador de Zapardiel","Salvador de Zapardiel,Castile and Leon,Spain","Municipality","name+community"
"Salvaleón, Badajoz","Salvaleón","Badajoz","Extremadura",NA,NA,NA,NA,"unmatched"
"Salvaterra de Miño, Pontevedra","Salvaterra de Miño","Pontevedra","Galicia","9212118","Salvaterra de Mino","Salvaterra de Mino,Galicia,Spain","Municipality","name+community"
"Salvatierra de Esca, Zaragoza","Salvatierra de Esca","Zaragoza","Aragón",NA,NA,NA,NA,"unmatched"
"Salvatierra de Santiago, Cáceres","Salvatierra de Santiago","Cáceres","Extremadura",NA,NA,NA,NA,"unmatched"
"Salvatierra de Tormes, Salamanca","Salvatierra de Tormes","Salamanca","Castilla y León",NA,NA,NA,NA,"unmatched"
"Salvatierra de los Barros, Badajoz","Salvatierra de los Barros","Badajoz","Extremadura",NA,NA,NA,NA,"unmatched"
"Salvatierra, Álava","Salvatierra","Álava","País Vasco",NA,NA,NA,NA,"unmatched"
"Salàs de Pallars, Lleida","Salàs de Pallars","Lleida","Cataluña",NA,NA,NA,NA,"unmatched"
"Samaniego, Álava","Samaniego","Álava","País Vasco",NA,NA,NA,NA,"unmatched"
"Samboal, Segovia","Samboal","Segovia","Castilla y León",NA,NA,NA,NA,"unmatched"
"Samir de los Caños, Zamora","Samir de los Caños","Zamora","Castilla y León",NA,NA,NA,NA,"unmatched"
"Samos, Lugo","Samos","Lugo","Galicia","9210994","Samos","Samos,Galicia,Spain","Municipality","name+community"
"Samper de Calanda, Teruel","Samper de Calanda","Teruel","Aragón",NA,NA,NA,NA,"unmatched"
"Samper del Salz, Zaragoza","Samper del Salz","Zaragoza","Aragón",NA,NA,NA,NA,"unmatched"
"San Adrián de Juarros, Burgos","San Adrián de Juarros","Burgos","Castilla y León",NA,NA,NA,NA,"unmatched"
"San Adrián del Valle, León","San Adrián del Valle","León","Castilla y León",NA,NA,NA,NA,"unmatched"
"San Adrián, Navarra","San Adrián","Navarra","Comunidad Foral de Navarra",NA,NA,NA,NA,"name only (rejected)"
"San Agustín del Guadalix, Madrid","San Agustín del Guadalix","Madrid","Comunidad de Madrid",NA,NA,NA,NA,"unmatched"
"San Agustín del Pozo, Zamora","San Agustín del Pozo","Zamora","Castilla y León",NA,NA,NA,NA,"unmatched"
"San Agustín, Teruel","San Agustín","Teruel","Aragón",NA,NA,NA,NA,"unmatched"
"San Amaro, Ourense","San Amaro","Ourense","Galicia",NA,NA,NA,NA,"unmatched"
"San Andrés del Congosto, Guadalajara","San Andrés del Congosto","Guadalajara","Castilla-La Mancha",NA,NA,NA,NA,"unmatched"
"San Andrés del Rabanedo, León","San Andrés del Rabanedo","León","Castilla y León",NA,NA,NA,NA,"unmatched"
"San Andrés del Rey, Guadalajara","San Andrés del Rey","Guadalajara","Castilla-La Mancha",NA,NA,NA,NA,"unmatched"
"San Andrés y Sauces, Santa Cruz de Tenerife","San Andrés y Sauces","Santa Cruz de Tenerife","Islas Canarias",NA,NA,NA,NA,"unmatched"
"San Antonio de Benagéber, Valencia","San Antonio de Benagéber","Valencia","Comunidad Valenciana",NA,NA,NA,NA,"unmatched"
"San Asensio, La Rioja","San Asensio","La Rioja","La Rioja",NA,NA,NA,NA,"unmatched"
"San Bartolomé de Béjar, Ávila","San Bartolomé de Béjar","Ávila","Castilla y León",NA,NA,NA,NA,"unmatched"
"San Bartolomé de Corneja, Ávila","San Bartolomé de Corneja","Ávila","Castilla y León",NA,NA,NA,NA,"unmatched"
"San Bartolomé de Pinares, Ávila","San Bartolomé de Pinares","Ávila","Castilla y León",NA,NA,NA,NA,"unmatched"
"San Bartolomé de Tirajana, Las Palmas","San Bartolomé de Tirajana","Las Palmas","Islas Canarias","9221395","Municipality of San Bartolome de Tirajana","Municipality of San Bartolome de Tirajana,Canary Islands,Spain","Municipality","name+community"
"San Bartolomé de la Torre, Huelva","San Bartolomé de la Torre","Huelva","Andalucía",NA,NA,NA,NA,"unmatched"
"San Bartolomé de las Abiertas, Toledo","San Bartolomé de las Abiertas","Toledo","Castilla-La Mancha",NA,NA,NA,NA,"unmatched"
"San Bartolomé, Las Palmas","San Bartolomé","Las Palmas","Islas Canarias","9214001","San Bartolome","San Bartolome,Canary Islands,Spain","Municipality","name+community"
"San Carlos del Valle, Ciudad Real","San Carlos del Valle","Ciudad Real","Castilla-La Mancha",NA,NA,NA,NA,"unmatched"
"San Cebrián de Campos, Palencia","San Cebrián de Campos","Palencia","Castilla y León",NA,NA,NA,NA,"unmatched"
"San Cebrián de Castro, Zamora","San Cebrián de Castro","Zamora","Castilla y León",NA,NA,NA,NA,"unmatched"
"San Cebrián de Mazote, Valladolid","San Cebrián de Mazote","Valladolid","Castilla y León",NA,NA,NA,NA,"unmatched"
"San Cebrián de Mudá, Palencia","San Cebrián de Mudá","Palencia","Castilla y León",NA,NA,NA,NA,"unmatched"
"San Cibrao das Viñas, Ourense","San Cibrao das Viñas","Ourense","Galicia","9212766","San Cibrao das Vinas","San Cibrao das Vinas,Galicia,Spain","Municipality","name+community"
"San Clemente, Cuenca","San Clemente","Cuenca","Castilla-La Mancha",NA,NA,NA,NA,"unmatched"
"San Cristovo de Cea, Ourense","San Cristovo de Cea","Ourense","Galicia",NA,NA,NA,NA,"unmatched"
"San Cristóbal de Boedo, Palencia","San Cristóbal de Boedo","Palencia","Castilla y León",NA,NA,NA,NA,"unmatched"
"San Cristóbal de Cuéllar, Segovia","San Cristóbal de Cuéllar","Segovia","Castilla y León",NA,NA,NA,NA,"unmatched"
"San Cristóbal de Entreviñas, Zamora","San Cristóbal de Entreviñas","Zamora","Castilla y León",NA,NA,NA,NA,"unmatched"
"San Cristóbal de La Laguna, Santa Cruz de Tenerife","San Cristóbal de La Laguna","Santa Cruz de Tenerife","Islas Canarias","1005532","San Cristobal de La Laguna","San Cristobal de La Laguna,Canary Islands,Spain","City","name+community"
"San Cristóbal de Segovia, Segovia","San Cristóbal de Segovia","Segovia","Castilla y León",NA,NA,NA,NA,"unmatched"
"San Cristóbal de la Cuesta, Salamanca","San Cristóbal de la Cuesta","Salamanca","Castilla y León",NA,NA,NA,NA,"unmatched"
"San Cristóbal de la Polantera, León","San Cristóbal de la Polantera","León","Castilla y León",NA,NA,NA,NA,"unmatched"
"San Cristóbal de la Vega, Segovia","San Cristóbal de la Vega","Segovia","Castilla y León",NA,NA,NA,NA,"unmatched"
"San Emiliano, León","San Emiliano","León","Castilla y León",NA,NA,NA,NA,"unmatched"
"San Esteban de Gormaz, Soria","San Esteban de Gormaz","Soria","Castilla y León",NA,NA,NA,NA,"unmatched"
"San Esteban de Litera, Huesca","San Esteban de Litera","Huesca","Aragón",NA,NA,NA,NA,"unmatched"
"San Esteban de Nogales, León","San Esteban de Nogales","León","Castilla y León",NA,NA,NA,NA,"unmatched"
"San Esteban de Zapardiel, Ávila","San Esteban de Zapardiel","Ávila","Castilla y León",NA,NA,NA,NA,"unmatched"
"San Esteban de la Sierra, Salamanca","San Esteban de la Sierra","Salamanca","Castilla y León",NA,NA,NA,NA,"unmatched"
"San Esteban de los Patos, Ávila","San Esteban de los Patos","Ávila","Castilla y León",NA,NA,NA,NA,"unmatched"
"San Esteban del Molar, Zamora","San Esteban del Molar","Zamora","Castilla y León",NA,NA,NA,NA,"unmatched"
"San Esteban del Valle, Ávila","San Esteban del Valle","Ávila","Castilla y León",NA,NA,NA,NA,"unmatched"
"San Felices de Buelna, Cantabria","San Felices de Buelna","Cantabria","Cantabria",NA,NA,NA,NA,"unmatched"
"San Felices de los Gallegos, Salamanca","San Felices de los Gallegos","Salamanca","Castilla y León",NA,NA,NA,NA,"unmatched"
"San Felices, Soria","San Felices","Soria","Castilla y León",NA,NA,NA,NA,"unmatched"
"San Fernando de Henares, Madrid","San Fernando de Henares","Madrid","Comunidad de Madrid","9243701","San Fernando de Henares","San Fernando de Henares,Community of Madrid,Spain","Municipality","name+community"
"San Fernando, Cádiz","San Fernando","Cádiz","Andalucía","9252385","Municipality of San Fernando","Municipality of San Fernando,Andalusia,Spain","Municipality","name+community"
"San Fulgencio, Alicante","San Fulgencio","Alicante","Comunidad Valenciana","9249228","San Fulgencio","San Fulgencio,Valencian Community,Spain","Municipality","name+community"
"San García de Ingelmos, Ávila","San García de Ingelmos","Ávila","Castilla y León",NA,NA,NA,NA,"unmatched"
"San Ildefonso, Segovia","San Ildefonso","Segovia","Castilla y León",NA,NA,NA,NA,"unmatched"
"San Isidro, Alicante","San Isidro","Alicante","Comunidad Valenciana","9218471","San Isidro","San Isidro,Valencian Community,Spain","Municipality","name+community"
"San Javier, Murcia","San Javier","Murcia","Región de Murcia","9229412","San Javier","San Javier,Region of Murcia,Spain","Municipality","name+community"
"San José del Valle, Cádiz","San José del Valle","Cádiz","Andalucía",NA,NA,NA,NA,"unmatched"
"San Juan de Aznalfarache, Sevilla","San Juan de Aznalfarache","Sevilla","Andalucía","9240255","San Juan de Aznalfarache","San Juan de Aznalfarache,Andalusia,Spain","Municipality","name+community"
"San Juan de Gredos, Ávila","San Juan de Gredos","Ávila","Castilla y León",NA,NA,NA,NA,"unmatched"
"San Juan de Plan, Huesca","San Juan de Plan","Huesca","Aragón",NA,NA,NA,NA,"unmatched"
"San Juan de la Encinilla, Ávila","San Juan de la Encinilla","Ávila","Castilla y León",NA,NA,NA,NA,"unmatched"
"San Juan de la Nava, Ávila","San Juan de la Nava","Ávila","Castilla y León",NA,NA,NA,NA,"unmatched"
"San Juan de la Rambla, Santa Cruz de Tenerife","San Juan de la Rambla","Santa Cruz de Tenerife","Islas Canarias",NA,NA,NA,NA,"unmatched"
"San Juan de Énova, Valencia","San Juan de Énova","Valencia","Comunidad Valenciana",NA,NA,NA,NA,"unmatched"
"San Juan del Molinillo, Ávila","San Juan del Molinillo","Ávila","Castilla y León",NA,NA,NA,NA,"unmatched"
"San Juan del Monte, Burgos","San Juan del Monte","Burgos","Castilla y León",NA,NA,NA,NA,"unmatched"
"San Juan del Olmo, Ávila","San Juan del Olmo","Ávila","Castilla y León",NA,NA,NA,NA,"unmatched"
"San Juan del Puerto, Huelva","San Juan del Puerto","Huelva","Andalucía",NA,NA,NA,NA,"unmatched"
"San Justo de la Vega, León","San Justo de la Vega","León","Castilla y León",NA,NA,NA,NA,"unmatched"
"San Justo, Zamora","San Justo","Zamora","Castilla y León",NA,NA,NA,NA,"unmatched"
"San Leonardo de Yagüe, Soria","San Leonardo de Yagüe","Soria","Castilla y León",NA,NA,NA,NA,"unmatched"
"San Llorente, Valladolid","San Llorente","Valladolid","Castilla y León",NA,NA,NA,NA,"unmatched"
"San Lorenzo de Calatrava, Ciudad Real","San Lorenzo de Calatrava","Ciudad Real","Castilla-La Mancha",NA,NA,NA,NA,"unmatched"
"San Lorenzo de El Escorial, Madrid","San Lorenzo de El Escorial","Madrid","Comunidad de Madrid","9209479","San Lorenzo de El Escorial","San Lorenzo de El Escorial,Community of Madrid,Spain","City","name+community"
"San Lorenzo de Tormes, Ávila","San Lorenzo de Tormes","Ávila","Castilla y León",NA,NA,NA,NA,"unmatched"
"San Lorenzo de la Parrilla, Cuenca","San Lorenzo de la Parrilla","Cuenca","Castilla-La Mancha",NA,NA,NA,NA,"unmatched"
"San Mamés de Burgos, Burgos","San Mamés de Burgos","Burgos","Castilla y León",NA,NA,NA,NA,"unmatched"
"San Mamés de Campos, Palencia","San Mamés de Campos","Palencia","Castilla y León",NA,NA,NA,NA,"unmatched"
"San Martín de Boniches, Cuenca","San Martín de Boniches","Cuenca","Castilla-La Mancha",NA,NA,NA,NA,"unmatched"
"San Martín de Montalbán, Toledo","San Martín de Montalbán","Toledo","Castilla-La Mancha",NA,NA,NA,NA,"unmatched"
"San Martín de Oscos, Asturias","San Martín de Oscos","Asturias","Principado de Asturias",NA,NA,NA,NA,"unmatched"
"San Martín de Pusa, Toledo","San Martín de Pusa","Toledo","Castilla-La Mancha",NA,NA,NA,NA,"unmatched"
"San Martín de Rubiales, Burgos","San Martín de Rubiales","Burgos","Castilla y León",NA,NA,NA,NA,"unmatched"
"San Martín de Trevejo, Cáceres","San Martín de Trevejo","Cáceres","Extremadura",NA,NA,NA,NA,"unmatched"
"San Martín de Unx, Navarra","San Martín de Unx","Navarra","Comunidad Foral de Navarra",NA,NA,NA,NA,"unmatched"
"San Martín de Valdeiglesias, Madrid","San Martín de Valdeiglesias","Madrid","Comunidad de Madrid",NA,NA,NA,NA,"unmatched"
"San Martín de Valderaduey, Zamora","San Martín de Valderaduey","Zamora","Castilla y León",NA,NA,NA,NA,"unmatched"
"San Martín de Valvení, Valladolid","San Martín de Valvení","Valladolid","Castilla y León",NA,NA,NA,NA,"unmatched"
"San Martín de la Vega del Alberc, Ávila","San Martín de la Vega del Alberc","Ávila","Castilla y León",NA,NA,NA,NA,"unmatched"
"San Martín de la Vega, Madrid","San Martín de la Vega","Madrid","Comunidad de Madrid","9049195","San Martin de la Vega","San Martin de la Vega,Community of Madrid,Spain","City","name+community"
"San Martín de la Virgen de Monca, Zaragoza","San Martín de la Virgen de Monca","Zaragoza","Aragón",NA,NA,NA,NA,"unmatched"
"San Martín del Castañar, Salamanca","San Martín del Castañar","Salamanca","Castilla y León",NA,NA,NA,NA,"unmatched"
"San Martín del Pimpollar, Ávila","San Martín del Pimpollar","Ávila","Castilla y León",NA,NA,NA,NA,"unmatched"
"San Martín del Rey Aurelio, Asturias","San Martín del Rey Aurelio","Asturias","Principado de Asturias","9217316","San Martin del Rey Aurelio","San Martin del Rey Aurelio,Asturias,Spain","Municipality","name+community"
"San Martín del Río, Teruel","San Martín del Río","Teruel","Aragón",NA,NA,NA,NA,"unmatched"
"San Martín y Mudrián, Segovia","San Martín y Mudrián","Segovia","Castilla y León",NA,NA,NA,NA,"unmatched"
"San Mateo de Gállego, Zaragoza","San Mateo de Gállego","Zaragoza","Aragón",NA,NA,NA,NA,"unmatched"
"San Miguel de Abona, Santa Cruz de Tenerife","San Miguel de Abona","Santa Cruz de Tenerife","Islas Canarias",NA,NA,NA,NA,"unmatched"
"San Miguel de Aguayo, Cantabria","San Miguel de Aguayo","Cantabria","Cantabria",NA,NA,NA,NA,"unmatched"
"San Miguel de Bernuy, Segovia","San Miguel de Bernuy","Segovia","Castilla y León",NA,NA,NA,NA,"unmatched"
"San Miguel de Corneja, Ávila","San Miguel de Corneja","Ávila","Castilla y León",NA,NA,NA,NA,"unmatched"
"San Miguel de Salinas, Alicante","San Miguel de Salinas","Alicante","Comunidad Valenciana","9228591","San Miguel de Salinas","San Miguel de Salinas,Valencian Community,Spain","Municipality","name+community"
"San Miguel de Serrezuela, Ávila","San Miguel de Serrezuela","Ávila","Castilla y León",NA,NA,NA,NA,"unmatched"
"San Miguel de Valero, Salamanca","San Miguel de Valero","Salamanca","Castilla y León",NA,NA,NA,NA,"unmatched"
"San Miguel de la Ribera, Zamora","San Miguel de la Ribera","Zamora","Castilla y León",NA,NA,NA,NA,"unmatched"
"San Miguel del Arroyo, Valladolid","San Miguel del Arroyo","Valladolid","Castilla y León",NA,NA,NA,NA,"unmatched"
"San Miguel del Cinca, Huesca","San Miguel del Cinca","Huesca","Aragón",NA,NA,NA,NA,"unmatched"
"San Miguel del Pino, Valladolid","San Miguel del Pino","Valladolid","Castilla y León",NA,NA,NA,NA,"unmatched"
"San Miguel del Robledo, Salamanca","San Miguel del Robledo","Salamanca","Castilla y León",NA,NA,NA,NA,"unmatched"
"San Miguel del Valle, Zamora","San Miguel del Valle","Zamora","Castilla y León",NA,NA,NA,NA,"unmatched"
"San Millán de Lara, Burgos","San Millán de Lara","Burgos","Castilla y León",NA,NA,NA,NA,"unmatched"
"San Millán de Yécora, La Rioja","San Millán de Yécora","La Rioja","La Rioja",NA,NA,NA,NA,"unmatched"
"San Millán de la Cogolla, La Rioja","San Millán de la Cogolla","La Rioja","La Rioja",NA,NA,NA,NA,"unmatched"
"San Millán de los Caballeros, León","San Millán de los Caballeros","León","Castilla y León",NA,NA,NA,NA,"unmatched"
"San Millán, Álava","San Millán","Álava","País Vasco",NA,NA,NA,NA,"unmatched"
"San Morales, Salamanca","San Morales","Salamanca","Castilla y León",NA,NA,NA,NA,"unmatched"
"San Muñoz, Salamanca","San Muñoz","Salamanca","Castilla y León",NA,NA,NA,NA,"unmatched"
"San Nicolás de Tolentino, Las Palmas","San Nicolás de Tolentino","Las Palmas","Islas Canarias",NA,NA,NA,NA,"unmatched"
"San Nicolás del Puerto, Sevilla","San Nicolás del Puerto","Sevilla","Andalucía",NA,NA,NA,NA,"unmatched"
"San Pablo de la Moraleja, Valladolid","San Pablo de la Moraleja","Valladolid","Castilla y León",NA,NA,NA,NA,"unmatched"
"San Pablo de los Montes, Toledo","San Pablo de los Montes","Toledo","Castilla-La Mancha",NA,NA,NA,NA,"unmatched"
"San Pascual, Ávila","San Pascual","Ávila","Castilla y León","9211175","San Pascual","San Pascual,Castile and Leon,Spain","Municipality","name+community"
"San Pedro Bercianos, León","San Pedro Bercianos","León","Castilla y León",NA,NA,NA,NA,"unmatched"
"San Pedro Manrique, Soria","San Pedro Manrique","Soria","Castilla y León",NA,NA,NA,NA,"unmatched"
"San Pedro Palmiches, Cuenca","San Pedro Palmiches","Cuenca","Castilla-La Mancha",NA,NA,NA,NA,"unmatched"
"San Pedro de Ceque, Zamora","San Pedro de Ceque","Zamora","Castilla y León",NA,NA,NA,NA,"unmatched"
"San Pedro de Gaíllos, Segovia","San Pedro de Gaíllos","Segovia","Castilla y León",NA,NA,NA,NA,"unmatched"
"San Pedro de Latarce, Valladolid","San Pedro de Latarce","Valladolid","Castilla y León",NA,NA,NA,NA,"unmatched"
"San Pedro de Mérida, Badajoz","San Pedro de Mérida","Badajoz","Extremadura",NA,NA,NA,NA,"unmatched"
"San Pedro de Rozados, Salamanca","San Pedro de Rozados","Salamanca","Castilla y León",NA,NA,NA,NA,"unmatched"
"San Pedro de la Nave-Almendra, Zamora","San Pedro de la Nave-Almendra","Zamora","Castilla y León",NA,NA,NA,NA,"unmatched"
"San Pedro del Arroyo, Ávila","San Pedro del Arroyo","Ávila","Castilla y León",NA,NA,NA,NA,"unmatched"
"San Pedro del Pinatar, Murcia","San Pedro del Pinatar","Murcia","Región de Murcia",NA,NA,NA,NA,"unmatched"
"San Pedro del Romeral, Cantabria","San Pedro del Romeral","Cantabria","Cantabria",NA,NA,NA,NA,"unmatched"
"San Pedro del Valle, Salamanca","San Pedro del Valle","Salamanca","Castilla y León",NA,NA,NA,NA,"unmatched"
"San Pedro, Albacete","San Pedro","Albacete","Castilla-La Mancha",NA,NA,NA,NA,"unmatched"
"San Pelayo de Guareña, Salamanca","San Pelayo de Guareña","Salamanca","Castilla y León",NA,NA,NA,NA,"unmatched"
"San Pelayo, Valladolid","San Pelayo","Valladolid","Castilla y León",NA,NA,NA,NA,"unmatched"
"San Rafael del Río, Castellón","San Rafael del Río","Castellón","Comunidad Valenciana",NA,NA,NA,NA,"unmatched"
"San Román de Cameros, La Rioja","San Román de Cameros","La Rioja","La Rioja",NA,NA,NA,NA,"unmatched"
"San Román de Hornija, Valladolid","San Román de Hornija","Valladolid","Castilla y León",NA,NA,NA,NA,"unmatched"
"San Román de la Cuba, Palencia","San Román de la Cuba","Palencia","Castilla y León",NA,NA,NA,NA,"unmatched"
"San Román de los Montes, Toledo","San Román de los Montes","Toledo","Castilla-La Mancha",NA,NA,NA,NA,"unmatched"
"San Roque de Riomiera, Cantabria","San Roque de Riomiera","Cantabria","Cantabria",NA,NA,NA,NA,"unmatched"
"San Roque, Cádiz","San Roque","Cádiz","Andalucía","9207329","San Roque","San Roque,Andalusia,Spain","Municipality","name+community"
"San Sadurniño, A Coruña","San Sadurniño","A Coruña","Galicia","9222307","San Sadurnino","San Sadurnino,Galicia,Spain","Municipality","name+community"
"San Salvador, Valladolid","San Salvador","Valladolid","Castilla y León",NA,NA,NA,NA,"unmatched"
"San Sebastián de la Gomera, Santa Cruz de Tenerife","San Sebastián de la Gomera","Santa Cruz de Tenerife","Islas Canarias",NA,NA,NA,NA,"unmatched"
"San Sebastián de los Ballesteros, Córdoba","San Sebastián de los Ballesteros","Córdoba","Andalucía",NA,NA,NA,NA,"unmatched"
"San Sebastián de los Reyes, Madrid","San Sebastián de los Reyes","Madrid","Comunidad de Madrid","9049198","San Sebastian de los Reyes","San Sebastian de los Reyes,Community of Madrid,Spain","City","name+community"
"San Silvestre de Guzmán, Huelva","San Silvestre de Guzmán","Huelva","Andalucía",NA,NA,NA,NA,"unmatched"
"San Tirso de Abres, Asturias","San Tirso de Abres","Asturias","Principado de Asturias",NA,NA,NA,NA,"unmatched"
"San Torcuato, La Rioja","San Torcuato","La Rioja","La Rioja",NA,NA,NA,NA,"unmatched"
"San Vicente de Alcántara, Badajoz","San Vicente de Alcántara","Badajoz","Extremadura",NA,NA,NA,NA,"unmatched"
"San Vicente de Arévalo, Ávila","San Vicente de Arévalo","Ávila","Castilla y León",NA,NA,NA,NA,"unmatched"
"San Vicente de la Barquera, Cantabria","San Vicente de la Barquera","Cantabria","Cantabria",NA,NA,NA,NA,"unmatched"
"San Vicente de la Cabeza, Zamora","San Vicente de la Cabeza","Zamora","Castilla y León",NA,NA,NA,NA,"unmatched"
"San Vicente de la Sonsierra, La Rioja","San Vicente de la Sonsierra","La Rioja","La Rioja",NA,NA,NA,NA,"unmatched"
"San Vicente del Palacio, Valladolid","San Vicente del Palacio","Valladolid","Castilla y León",NA,NA,NA,NA,"unmatched"
"San Vicente del Raspeig, Alicante","San Vicente del Raspeig","Alicante","Comunidad Valenciana",NA,NA,NA,NA,"unmatched"
"San Vicente del Valle, Burgos","San Vicente del Valle","Burgos","Castilla y León",NA,NA,NA,NA,"unmatched"
"San Vitero, Zamora","San Vitero","Zamora","Castilla y León",NA,NA,NA,NA,"unmatched"
"San Xoán de Río, Ourense","San Xoán de Río","Ourense","Galicia",NA,NA,NA,NA,"unmatched"
"Sanaüja, Lleida","Sanaüja","Lleida","Cataluña",NA,NA,NA,NA,"unmatched"
"Sancedo, León","Sancedo","León","Castilla y León",NA,NA,NA,NA,"unmatched"
"Sanchidrián, Ávila","Sanchidrián","Ávila","Castilla y León",NA,NA,NA,NA,"unmatched"
"Sanchonuño, Segovia","Sanchonuño","Segovia","Castilla y León",NA,NA,NA,NA,"unmatched"
"Sanchorreja, Ávila","Sanchorreja","Ávila","Castilla y León",NA,NA,NA,NA,"unmatched"
"Sanchotello, Salamanca","Sanchotello","Salamanca","Castilla y León",NA,NA,NA,NA,"unmatched"
"Sanchón de la Ribera, Salamanca","Sanchón de la Ribera","Salamanca","Castilla y León",NA,NA,NA,NA,"unmatched"
"Sanchón de la Sagrada, Salamanca","Sanchón de la Sagrada","Salamanca","Castilla y León",NA,NA,NA,NA,"unmatched"
"Sancti-Spíritus, Badajoz","Sancti-Spíritus","Badajoz","Extremadura",NA,NA,NA,NA,"unmatched"
"Sancti-Spíritus, Salamanca","Sancti-Spíritus","Salamanca","Castilla y León",NA,NA,NA,NA,"unmatched"
"Sandiás, Ourense","Sandiás","Ourense","Galicia","9208006","Sandias","Sandias,Galicia,Spain","Municipality","name+community"
"Sando, Salamanca","Sando","Salamanca","Castilla y León",NA,NA,NA,NA,"unmatched"
"Sanet y Negrals, Alicante","Sanet y Negrals","Alicante","Comunidad Valenciana",NA,NA,NA,NA,"unmatched"
"Sangarcía, Segovia","Sangarcía","Segovia","Castilla y León",NA,NA,NA,NA,"unmatched"
"Sangarrén, Huesca","Sangarrén","Huesca","Aragón",NA,NA,NA,NA,"unmatched"
"Sangüesa, Navarra","Sangüesa","Navarra","Comunidad Foral de Navarra",NA,NA,NA,NA,"name only (rejected)"
"Sanlúcar de Barrameda, Cádiz","Sanlúcar de Barrameda","Cádiz","Andalucía","9196881","Sanlucar de Barrameda","Sanlucar de Barrameda,Andalusia,Spain","City","name+community"
"Sanlúcar de Guadiana, Huelva","Sanlúcar de Guadiana","Huelva","Andalucía",NA,NA,NA,NA,"unmatched"
"Sanlúcar la Mayor, Sevilla","Sanlúcar la Mayor","Sevilla","Andalucía","9049199","Sanlucar la Mayor","Sanlucar la Mayor,Andalusia,Spain","City","name+community"
"Sansol, Navarra","Sansol","Navarra","Comunidad Foral de Navarra",NA,NA,NA,NA,"unmatched"
"Sant Adrià de Besòs, Barcelona","Sant Adrià de Besòs","Barcelona","Cataluña","9210874","Municipality of Sant Adria de Besos","Municipality of Sant Adria de Besos,Catalonia,Spain","Municipality","name+community"
"Sant Agustí de Lluçanès, Barcelona","Sant Agustí de Lluçanès","Barcelona","Cataluña",NA,NA,NA,NA,"unmatched"
"Sant Andreu Salou, Girona","Sant Andreu Salou","Girona","Cataluña",NA,NA,NA,NA,"unmatched"
"Sant Andreu de Llavaneres, Barcelona","Sant Andreu de Llavaneres","Barcelona","Cataluña",NA,NA,NA,NA,"unmatched"
"Sant Andreu de la Barca, Barcelona","Sant Andreu de la Barca","Barcelona","Cataluña","9237447","Sant Andreu de la Barca","Sant Andreu de la Barca,Catalonia,Spain","Municipality","name+community"
"Sant Aniol de Finestres, Girona","Sant Aniol de Finestres","Girona","Cataluña",NA,NA,NA,NA,"unmatched"
"Sant Antoni de Portmany, Baleares","Sant Antoni de Portmany","Baleares","Islas Baleares","9208259","Sant Antoni de Portmany","Sant Antoni de Portmany,Balearic Islands,Spain","Municipality","name+community"
"Sant Antoni de Vilamajor, Barcelona","Sant Antoni de Vilamajor","Barcelona","Cataluña",NA,NA,NA,NA,"unmatched"
"Sant Bartomeu del Grau, Barcelona","Sant Bartomeu del Grau","Barcelona","Cataluña",NA,NA,NA,NA,"unmatched"
"Sant Boi de Llobregat, Barcelona","Sant Boi de Llobregat","Barcelona","Cataluña","9197321","Sant Boi de Llobregat","Sant Boi de Llobregat,Catalonia,Spain","City","name+community"
"Sant Boi de Lluçanès, Barcelona","Sant Boi de Lluçanès","Barcelona","Cataluña",NA,NA,NA,NA,"unmatched"
"Sant Carles de la Ràpita, Tarragona","Sant Carles de la Ràpita","Tarragona","Cataluña",NA,NA,NA,NA,"unmatched"
"Sant Cebrià de Vallalta, Barcelona","Sant Cebrià de Vallalta","Barcelona","Cataluña","9246083","Sant Cebria de Vallalta","Sant Cebria de Vallalta,Catalonia,Spain","Municipality","name+community"
"Sant Celoni, Barcelona","Sant Celoni","Barcelona","Cataluña",NA,NA,NA,NA,"unmatched"
"Sant Climent Sescebes, Girona","Sant Climent Sescebes","Girona","Cataluña",NA,NA,NA,NA,"unmatched"
"Sant Climent de Llobregat, Barcelona","Sant Climent de Llobregat","Barcelona","Cataluña",NA,NA,NA,NA,"unmatched"
"Sant Cugat Sesgarrigues, Barcelona","Sant Cugat Sesgarrigues","Barcelona","Cataluña",NA,NA,NA,NA,"unmatched"
"Sant Cugat del Vallès, Barcelona","Sant Cugat del Vallès","Barcelona","Cataluña","9210679","Sant Cugat del Valles","Sant Cugat del Valles,Catalonia,Spain","Municipality","name+community"
"Sant Esteve Sesrovires, Barcelona","Sant Esteve Sesrovires","Barcelona","Cataluña",NA,NA,NA,NA,"unmatched"
"Sant Esteve de Palautordera, Barcelona","Sant Esteve de Palautordera","Barcelona","Cataluña",NA,NA,NA,NA,"unmatched"
"Sant Esteve de la Sarga, Lleida","Sant Esteve de la Sarga","Lleida","Cataluña",NA,NA,NA,NA,"unmatched"
"Sant Feliu Sasserra, Barcelona","Sant Feliu Sasserra","Barcelona","Cataluña",NA,NA,NA,NA,"unmatched"
"Sant Feliu de Buixalleu, Girona","Sant Feliu de Buixalleu","Girona","Cataluña",NA,NA,NA,NA,"unmatched"
"Sant Feliu de Codines, Barcelona","Sant Feliu de Codines","Barcelona","Cataluña",NA,NA,NA,NA,"unmatched"
"Sant Feliu de Guíxols, Girona","Sant Feliu de Guíxols","Girona","Cataluña","9226276","Sant Feliu de Guixols","Sant Feliu de Guixols,Catalonia,Spain","Municipality","name+community"
"Sant Feliu de Llobregat, Barcelona","Sant Feliu de Llobregat","Barcelona","Cataluña","9208693","Municipality of Sant Feliu de Llobregat","Municipality of Sant Feliu de Llobregat,Catalonia,Spain","Municipality","name+community"
"Sant Feliu de Pallerols, Girona","Sant Feliu de Pallerols","Girona","Cataluña",NA,NA,NA,NA,"unmatched"
"Sant Ferriol, Girona","Sant Ferriol","Girona","Cataluña",NA,NA,NA,NA,"unmatched"
"Sant Fost de Campsentelles, Barcelona","Sant Fost de Campsentelles","Barcelona","Cataluña",NA,NA,NA,NA,"unmatched"
"Sant Fruitós de Bages, Barcelona","Sant Fruitós de Bages","Barcelona","Cataluña",NA,NA,NA,NA,"unmatched"
"Sant Gregori, Girona","Sant Gregori","Girona","Cataluña",NA,NA,NA,NA,"unmatched"
"Sant Guim de Freixenet, Lleida","Sant Guim de Freixenet","Lleida","Cataluña",NA,NA,NA,NA,"unmatched"
"Sant Guim de la Plana, Lleida","Sant Guim de la Plana","Lleida","Cataluña",NA,NA,NA,NA,"unmatched"
"Sant Hilari Sacalm, Girona","Sant Hilari Sacalm","Girona","Cataluña",NA,NA,NA,NA,"unmatched"
"Sant Hipòlit de Voltregà, Barcelona","Sant Hipòlit de Voltregà","Barcelona","Cataluña",NA,NA,NA,NA,"unmatched"
"Sant Iscle de Vallalta, Barcelona","Sant Iscle de Vallalta","Barcelona","Cataluña",NA,NA,NA,NA,"unmatched"
"Sant Jaume d'Enveja, Tarragona","Sant Jaume d'Enveja","Tarragona","Cataluña",NA,NA,NA,NA,"unmatched"
"Sant Jaume de Frontanyà, Barcelona","Sant Jaume de Frontanyà","Barcelona","Cataluña",NA,NA,NA,NA,"unmatched"
"Sant Jaume de Llierca, Girona","Sant Jaume de Llierca","Girona","Cataluña",NA,NA,NA,NA,"unmatched"
"Sant Jaume dels Domenys, Tarragona","Sant Jaume dels Domenys","Tarragona","Cataluña",NA,NA,NA,NA,"unmatched"
"Sant Joan Despí, Barcelona","Sant Joan Despí","Barcelona","Cataluña","9214901","Municipality of Sant Joan Despi","Municipality of Sant Joan Despi,Catalonia,Spain","Municipality","name+community"
"Sant Joan d'Alacant, Alicante","Sant Joan d'Alacant","Alicante","Comunidad Valenciana","9226648","Sant Joan d'Alacant","Sant Joan d'Alacant,Valencian Community,Spain","Municipality","name+community"
"Sant Joan de Labritja, Baleares","Sant Joan de Labritja","Baleares","Islas Baleares","9212954","Sant Joan de Labritja","Sant Joan de Labritja,Balearic Islands,Spain","Municipality","name+community"
"Sant Joan de Mollet, Girona","Sant Joan de Mollet","Girona","Cataluña",NA,NA,NA,NA,"unmatched"
"Sant Joan de Moró, Castellón","Sant Joan de Moró","Castellón","Comunidad Valenciana",NA,NA,NA,NA,"unmatched"
"Sant Joan de Vilatorrada, Barcelona","Sant Joan de Vilatorrada","Barcelona","Cataluña",NA,NA,NA,NA,"unmatched"
"Sant Joan de les Abadesses, Girona","Sant Joan de les Abadesses","Girona","Cataluña",NA,NA,NA,NA,"unmatched"
"Sant Joan les Fonts, Girona","Sant Joan les Fonts","Girona","Cataluña",NA,NA,NA,NA,"unmatched"
"Sant Joan, Baleares","Sant Joan","Baleares","Islas Baleares","9210293","Sant Joan","Sant Joan,Balearic Islands,Spain","Municipality","name+community"
"Sant Jordi Desvalls, Girona","Sant Jordi Desvalls","Girona","Cataluña",NA,NA,NA,NA,"unmatched"
"Sant Jordi, Castellón","Sant Jordi","Castellón","Comunidad Valenciana",NA,NA,NA,NA,"unmatched"
"Sant Josep de sa Talaia, Baleares","Sant Josep de sa Talaia","Baleares","Islas Baleares","9214866","Sant Josep de sa Talaia","Sant Josep de sa Talaia,Balearic Islands,Spain","Municipality","name+community"
"Sant Julià de Cerdanyola, Barcelona","Sant Julià de Cerdanyola","Barcelona","Cataluña",NA,NA,NA,NA,"unmatched"
"Sant Julià de Ramis, Girona","Sant Julià de Ramis","Girona","Cataluña",NA,NA,NA,NA,"unmatched"
"Sant Julià de Vilatorta, Barcelona","Sant Julià de Vilatorta","Barcelona","Cataluña",NA,NA,NA,NA,"unmatched"
"Sant Julià del Llor i Bonmatí, Girona","Sant Julià del Llor i Bonmatí","Girona","Cataluña",NA,NA,NA,NA,"unmatched"
"Sant Just Desvern, Barcelona","Sant Just Desvern","Barcelona","Cataluña","9210376","Sant Just Desvern","Sant Just Desvern,Catalonia,Spain","City","name+community"
"Sant Llorenç Savall, Barcelona","Sant Llorenç Savall","Barcelona","Cataluña",NA,NA,NA,NA,"unmatched"
"Sant Llorenç d'Hortons, Barcelona","Sant Llorenç d'Hortons","Barcelona","Cataluña","9263232","Sant Llorenc d'Hortons","Sant Llorenc d'Hortons,Catalonia,Spain","Municipality","name+community"
"Sant Llorenç de Morunys, Lleida","Sant Llorenç de Morunys","Lleida","Cataluña",NA,NA,NA,NA,"unmatched"
"Sant Llorenç de la Muga, Girona","Sant Llorenç de la Muga","Girona","Cataluña",NA,NA,NA,NA,"unmatched"
"Sant Llorenç des Cardassar, Baleares","Sant Llorenç des Cardassar","Baleares","Islas Baleares","9214231","Sant Llorenc des Cardassar","Sant Llorenc des Cardassar,Balearic Islands,Spain","Municipality","name+community"
"Sant Lluís, Baleares","Sant Lluís","Baleares","Islas Baleares","9222685","Sant Lluis","Sant Lluis,Balearic Islands,Spain","Municipality","name+community"
"Sant Martí Sarroca, Barcelona","Sant Martí Sarroca","Barcelona","Cataluña",NA,NA,NA,NA,"unmatched"
"Sant Martí Sesgueioles, Barcelona","Sant Martí Sesgueioles","Barcelona","Cataluña",NA,NA,NA,NA,"unmatched"
"Sant Martí Vell, Girona","Sant Martí Vell","Girona","Cataluña",NA,NA,NA,NA,"unmatched"
"Sant Martí d'Albars, Barcelona","Sant Martí d'Albars","Barcelona","Cataluña",NA,NA,NA,NA,"unmatched"
"Sant Martí de Centelles, Barcelona","Sant Martí de Centelles","Barcelona","Cataluña",NA,NA,NA,NA,"unmatched"
"Sant Martí de Llémena, Girona","Sant Martí de Llémena","Girona","Cataluña",NA,NA,NA,NA,"unmatched"
"Sant Martí de Riucorb, Lleida","Sant Martí de Riucorb","Lleida","Cataluña",NA,NA,NA,NA,"unmatched"
"Sant Martí de Tous, Barcelona","Sant Martí de Tous","Barcelona","Cataluña","9216618","Sant Marti de Tous","Sant Marti de Tous,Catalonia,Spain","Municipality","name+community"
"Sant Mateu de Bages, Barcelona","Sant Mateu de Bages","Barcelona","Cataluña",NA,NA,NA,NA,"unmatched"
"Sant Mateu, Castellón","Sant Mateu","Castellón","Comunidad Valenciana",NA,NA,NA,NA,"unmatched"
"Sant Miquel de Campmajor, Girona","Sant Miquel de Campmajor","Girona","Cataluña",NA,NA,NA,NA,"unmatched"
"Sant Miquel de Fluvià, Girona","Sant Miquel de Fluvià","Girona","Cataluña",NA,NA,NA,NA,"unmatched"
"Sant Mori, Girona","Sant Mori","Girona","Cataluña",NA,NA,NA,NA,"unmatched"
"Sant Pau de Segúries, Girona","Sant Pau de Segúries","Girona","Cataluña",NA,NA,NA,NA,"unmatched"
"Sant Pere Pescador, Girona","Sant Pere Pescador","Girona","Cataluña","9234973","Sant Pere Pescador","Sant Pere Pescador,Catalonia,Spain","Municipality","name+community"
"Sant Pere Sallavinera, Barcelona","Sant Pere Sallavinera","Barcelona","Cataluña",NA,NA,NA,NA,"unmatched"
"Sant Pere de Ribes, Barcelona","Sant Pere de Ribes","Barcelona","Cataluña","9215564","Sant Pere de Ribes","Sant Pere de Ribes,Catalonia,Spain","Municipality","name+community"
"Sant Pere de Riudebitlles, Barcelona","Sant Pere de Riudebitlles","Barcelona","Cataluña",NA,NA,NA,NA,"unmatched"
"Sant Pere de Torelló, Barcelona","Sant Pere de Torelló","Barcelona","Cataluña",NA,NA,NA,NA,"unmatched"
"Sant Pere de Vilamajor, Barcelona","Sant Pere de Vilamajor","Barcelona","Cataluña",NA,NA,NA,NA,"unmatched"
"Sant Pol de Mar, Barcelona","Sant Pol de Mar","Barcelona","Cataluña","9248255","Sant Pol de Mar","Sant Pol de Mar,Catalonia,Spain","Municipality","name+community"
"Sant Quintí de Mediona, Barcelona","Sant Quintí de Mediona","Barcelona","Cataluña",NA,NA,NA,NA,"unmatched"
"Sant Quirze Safaja, Barcelona","Sant Quirze Safaja","Barcelona","Cataluña",NA,NA,NA,NA,"unmatched"
"Sant Quirze de Besora, Barcelona","Sant Quirze de Besora","Barcelona","Cataluña",NA,NA,NA,NA,"unmatched"
"Sant Quirze del Vallès, Barcelona","Sant Quirze del Vallès","Barcelona","Cataluña","9209053","Sant Quirze del Valles","Sant Quirze del Valles,Catalonia,Spain","City","name+community"
"Sant Ramon, Lleida","Sant Ramon","Lleida","Cataluña",NA,NA,NA,NA,"unmatched"
"Sant Sadurní d'Anoia, Barcelona","Sant Sadurní d'Anoia","Barcelona","Cataluña","9230435","Sant Sadurni d'Anoia","Sant Sadurni d'Anoia,Catalonia,Spain","Municipality","name+community"
"Sant Sadurní d'Osormort, Barcelona","Sant Sadurní d'Osormort","Barcelona","Cataluña",NA,NA,NA,NA,"unmatched"
"Sant Salvador de Guardiola, Barcelona","Sant Salvador de Guardiola","Barcelona","Cataluña",NA,NA,NA,NA,"unmatched"
"Sant Vicenç de Castellet, Barcelona","Sant Vicenç de Castellet","Barcelona","Cataluña",NA,NA,NA,NA,"unmatched"
"Sant Vicenç de Montalt, Barcelona","Sant Vicenç de Montalt","Barcelona","Cataluña","9230739","Sant Vicenc de Montalt","Sant Vicenc de Montalt,Catalonia,Spain","City","name+community"
"Sant Vicenç de Torelló, Barcelona","Sant Vicenç de Torelló","Barcelona","Cataluña",NA,NA,NA,NA,"unmatched"
"Sant Vicenç dels Horts, Barcelona","Sant Vicenç dels Horts","Barcelona","Cataluña","9196110","Sant Vicenc dels Horts","Sant Vicenc dels Horts,Catalonia,Spain","City","name+community"
"Santa Amalia, Badajoz","Santa Amalia","Badajoz","Extremadura",NA,NA,NA,NA,"unmatched"
"Santa Ana de Pusa, Toledo","Santa Ana de Pusa","Toledo","Castilla-La Mancha",NA,NA,NA,NA,"unmatched"
"Santa Ana la Real, Huelva","Santa Ana la Real","Huelva","Andalucía",NA,NA,NA,NA,"unmatched"
"Santa Ana, Cáceres","Santa Ana","Cáceres","Extremadura",NA,NA,NA,NA,"unmatched"
"Santa Brígida, Las Palmas","Santa Brígida","Las Palmas","Islas Canarias",NA,NA,NA,NA,"unmatched"
"Santa Bàrbara, Tarragona","Santa Bàrbara","Tarragona","Cataluña","1005473","Santa Barbara","Santa Barbara,Catalonia,Spain","City","name+community"
"Santa Bárbara de Casa, Huelva","Santa Bárbara de Casa","Huelva","Andalucía",NA,NA,NA,NA,"unmatched"
"Santa Cecilia del Alcor, Palencia","Santa Cecilia del Alcor","Palencia","Castilla y León",NA,NA,NA,NA,"unmatched"
"Santa Cecilia, Burgos","Santa Cecilia","Burgos","Castilla y León",NA,NA,NA,NA,"unmatched"
"Santa Cecília de Voltregà, Barcelona","Santa Cecília de Voltregà","Barcelona","Cataluña",NA,NA,NA,NA,"unmatched"
"Santa Cilia, Huesca","Santa Cilia","Huesca","Aragón",NA,NA,NA,NA,"unmatched"
"Santa Clara de Avedillo, Zamora","Santa Clara de Avedillo","Zamora","Castilla y León",NA,NA,NA,NA,"unmatched"
"Santa Coloma de Cervelló, Barcelona","Santa Coloma de Cervelló","Barcelona","Cataluña",NA,NA,NA,NA,"unmatched"
"Santa Coloma de Farners, Girona","Santa Coloma de Farners","Girona","Cataluña","9258584","Santa Coloma de Farners","Santa Coloma de Farners,Catalonia,Spain","City","name+community"
"Santa Coloma de Gramenet, Barcelona","Santa Coloma de Gramenet","Barcelona","Cataluña","9229530","Santa Coloma de Gramenet","Santa Coloma de Gramenet,Catalonia,Spain","Municipality","name+community"
"Santa Coloma de Queralt, Tarragona","Santa Coloma de Queralt","Tarragona","Cataluña",NA,NA,NA,NA,"unmatched"
"Santa Coloma, La Rioja","Santa Coloma","La Rioja","La Rioja",NA,NA,NA,NA,"unmatched"
"Santa Colomba de Curueño, León","Santa Colomba de Curueño","León","Castilla y León",NA,NA,NA,NA,"unmatched"
"Santa Colomba de Somoza, León","Santa Colomba de Somoza","León","Castilla y León",NA,NA,NA,NA,"unmatched"
"Santa Colomba de las Monjas, Zamora","Santa Colomba de las Monjas","Zamora","Castilla y León",NA,NA,NA,NA,"unmatched"
"Santa Comba, A Coruña","Santa Comba","A Coruña","Galicia","9209584","Santa Comba","Santa Comba,Galicia,Spain","Municipality","name+community"
"Santa Cristina d'Aro, Girona","Santa Cristina d'Aro","Girona","Cataluña",NA,NA,NA,NA,"unmatched"
"Santa Cristina de Valmadrigal, León","Santa Cristina de Valmadrigal","León","Castilla y León",NA,NA,NA,NA,"unmatched"
"Santa Cristina de la Polvorosa, Zamora","Santa Cristina de la Polvorosa","Zamora","Castilla y León",NA,NA,NA,NA,"unmatched"
"Santa Croya de Tera, Zamora","Santa Croya de Tera","Zamora","Castilla y León",NA,NA,NA,NA,"unmatched"
"Santa Cruz de Bezana, Cantabria","Santa Cruz de Bezana","Cantabria","Cantabria","9232586","Santa Cruz de Bezana","Santa Cruz de Bezana,Cantabria,Spain","Municipality","name+community"
"Santa Cruz de Boedo, Palencia","Santa Cruz de Boedo","Palencia","Castilla y León",NA,NA,NA,NA,"unmatched"
"Santa Cruz de Grío, Zaragoza","Santa Cruz de Grío","Zaragoza","Aragón",NA,NA,NA,NA,"unmatched"
"Santa Cruz de Marchena, Almería","Santa Cruz de Marchena","Almería","Andalucía",NA,NA,NA,NA,"unmatched"
"Santa Cruz de Moncayo, Zaragoza","Santa Cruz de Moncayo","Zaragoza","Aragón",NA,NA,NA,NA,"unmatched"
"Santa Cruz de Moya, Cuenca","Santa Cruz de Moya","Cuenca","Castilla-La Mancha",NA,NA,NA,NA,"unmatched"
"Santa Cruz de Mudela, Ciudad Real","Santa Cruz de Mudela","Ciudad Real","Castilla-La Mancha",NA,NA,NA,NA,"unmatched"
"Santa Cruz de Nogueras, Teruel","Santa Cruz de Nogueras","Teruel","Aragón",NA,NA,NA,NA,"unmatched"
"Santa Cruz de Paniagua, Cáceres","Santa Cruz de Paniagua","Cáceres","Extremadura",NA,NA,NA,NA,"unmatched"
"Santa Cruz de Pinares, Ávila","Santa Cruz de Pinares","Ávila","Castilla y León",NA,NA,NA,NA,"unmatched"
"Santa Cruz de Tenerife, Santa Cruz de Tenerife","Santa Cruz de Tenerife","Santa Cruz de Tenerife","Islas Canarias","9217284","Santa Cruz de Tenerife","Santa Cruz de Tenerife,Anaga,Canary Islands,Spain","Municipality","name+community"
"Santa Cruz de Yanguas, Soria","Santa Cruz de Yanguas","Soria","Castilla y León",NA,NA,NA,NA,"unmatched"
"Santa Cruz de la Palma, Santa Cruz de Tenerife","Santa Cruz de la Palma","Santa Cruz de Tenerife","Islas Canarias","9225985","Santa Cruz de La Palma","Santa Cruz de La Palma,Canary Islands,Spain","City","name+community"
"Santa Cruz de la Salceda, Burgos","Santa Cruz de la Salceda","Burgos","Castilla y León",NA,NA,NA,NA,"unmatched"
"Santa Cruz de la Serós, Huesca","Santa Cruz de la Serós","Huesca","Aragón",NA,NA,NA,NA,"unmatched"
"Santa Cruz de la Sierra, Cáceres","Santa Cruz de la Sierra","Cáceres","Extremadura",NA,NA,NA,NA,"unmatched"
"Santa Cruz de la Zarza, Toledo","Santa Cruz de la Zarza","Toledo","Castilla-La Mancha",NA,NA,NA,NA,"unmatched"
"Santa Cruz de los Cáñamos, Ciudad Real","Santa Cruz de los Cáñamos","Ciudad Real","Castilla-La Mancha",NA,NA,NA,NA,"unmatched"
"Santa Cruz del Comercio, Granada","Santa Cruz del Comercio","Granada","Andalucía",NA,NA,NA,NA,"unmatched"
"Santa Cruz del Retamar, Toledo","Santa Cruz del Retamar","Toledo","Castilla-La Mancha",NA,NA,NA,NA,"unmatched"
"Santa Cruz del Valle Urbión, Burgos","Santa Cruz del Valle Urbión","Burgos","Castilla y León",NA,NA,NA,NA,"unmatched"
"Santa Cruz del Valle, Ávila","Santa Cruz del Valle","Ávila","Castilla y León",NA,NA,NA,NA,"unmatched"
"Santa Elena de Jamuz, León","Santa Elena de Jamuz","León","Castilla y León",NA,NA,NA,NA,"unmatched"
"Santa Elena, Jaén","Santa Elena","Jaén","Andalucía",NA,NA,NA,NA,"unmatched"
"Santa Engracia del Jubera, La Rioja","Santa Engracia del Jubera","La Rioja","La Rioja",NA,NA,NA,NA,"unmatched"
"Santa Eufemia del Arroyo, Valladolid","Santa Eufemia del Arroyo","Valladolid","Castilla y León",NA,NA,NA,NA,"unmatched"
"Santa Eufemia del Barco, Zamora","Santa Eufemia del Barco","Zamora","Castilla y León",NA,NA,NA,NA,"unmatched"
"Santa Eufemia, Córdoba","Santa Eufemia","Córdoba","Andalucía",NA,NA,NA,NA,"unmatched"
"Santa Eugènia de Berga, Barcelona","Santa Eugènia de Berga","Barcelona","Cataluña",NA,NA,NA,NA,"unmatched"
"Santa Eugènia, Baleares","Santa Eugènia","Baleares","Islas Baleares","9213147","Santa Eugenia","Santa Eugenia,Balearic Islands,Spain","Municipality","name+community"
"Santa Eulalia Bajera, La Rioja","Santa Eulalia Bajera","La Rioja","La Rioja",NA,NA,NA,NA,"unmatched"
"Santa Eulalia de Gállego, Zaragoza","Santa Eulalia de Gállego","Zaragoza","Aragón",NA,NA,NA,NA,"unmatched"
"Santa Eulalia de Oscos, Asturias","Santa Eulalia de Oscos","Asturias","Principado de Asturias",NA,NA,NA,NA,"unmatched"
"Santa Eulalia del Río, Baleares","Santa Eulalia del Río","Baleares","Islas Baleares",NA,NA,NA,NA,"unmatched"
"Santa Eulalia, Teruel","Santa Eulalia","Teruel","Aragón",NA,NA,NA,NA,"unmatched"
"Santa Eulàlia de Riuprimer, Barcelona","Santa Eulàlia de Riuprimer","Barcelona","Cataluña",NA,NA,NA,NA,"unmatched"
"Santa Eulàlia de Ronçana, Barcelona","Santa Eulàlia de Ronçana","Barcelona","Cataluña","9212032","Santa Eulalia de Roncana","Santa Eulalia de Roncana,Catalonia,Spain","Municipality","name+community"
"Santa Fe de Mondújar, Almería","Santa Fe de Mondújar","Almería","Andalucía",NA,NA,NA,NA,"unmatched"
"Santa Fe del Penedès, Barcelona","Santa Fe del Penedès","Barcelona","Cataluña",NA,NA,NA,NA,"unmatched"
"Santa Fe, Granada","Santa Fe","Granada","Andalucía",NA,NA,NA,NA,"unmatched"
"Santa Gadea del Cid, Burgos","Santa Gadea del Cid","Burgos","Castilla y León",NA,NA,NA,NA,"unmatched"
"Santa Inés, Burgos","Santa Inés","Burgos","Castilla y León",NA,NA,NA,NA,"unmatched"
"Santa Llogaia d'Àlguema, Girona","Santa Llogaia d'Àlguema","Girona","Cataluña",NA,NA,NA,NA,"unmatched"
"Santa Lucía de Tirajana, Las Palmas","Santa Lucía de Tirajana","Las Palmas","Islas Canarias",NA,NA,NA,NA,"unmatched"
"Santa Magdalena de Pulpis, Castellón","Santa Magdalena de Pulpis","Castellón","Comunidad Valenciana",NA,NA,NA,NA,"unmatched"
"Santa Margalida, Baleares","Santa Margalida","Baleares","Islas Baleares","9211214","Santa Margalida","Santa Margalida,Balearic Islands,Spain","Municipality","name+community"
"Santa Margarida de Montbui, Barcelona","Santa Margarida de Montbui","Barcelona","Cataluña",NA,NA,NA,NA,"unmatched"
"Santa Margarida i els Monjos, Barcelona","Santa Margarida i els Monjos","Barcelona","Cataluña",NA,NA,NA,NA,"unmatched"
"Santa Maria d'Oló, Barcelona","Santa Maria d'Oló","Barcelona","Cataluña",NA,NA,NA,NA,"unmatched"
"Santa Maria de Besora, Barcelona","Santa Maria de Besora","Barcelona","Cataluña",NA,NA,NA,NA,"unmatched"
"Santa Maria de Corcó, Barcelona","Santa Maria de Corcó","Barcelona","Cataluña",NA,NA,NA,NA,"unmatched"
"Santa Maria de Martorelles, Barcelona","Santa Maria de Martorelles","Barcelona","Cataluña",NA,NA,NA,NA,"unmatched"
"Santa Maria de Merlès, Barcelona","Santa Maria de Merlès","Barcelona","Cataluña",NA,NA,NA,NA,"unmatched"
"Santa Maria de Miralles, Barcelona","Santa Maria de Miralles","Barcelona","Cataluña",NA,NA,NA,NA,"unmatched"
"Santa Maria de Palautordera, Barcelona","Santa Maria de Palautordera","Barcelona","Cataluña","9261657","Santa Maria de Palautordera","Santa Maria de Palautordera,Catalonia,Spain","Municipality","name+community"
"Santa Marina del Rey, León","Santa Marina del Rey","León","Castilla y León",NA,NA,NA,NA,"unmatched"
"Santa Marta de Magasca, Cáceres","Santa Marta de Magasca","Cáceres","Extremadura",NA,NA,NA,NA,"unmatched"
"Santa Marta de Tormes, Salamanca","Santa Marta de Tormes","Salamanca","Castilla y León",NA,NA,NA,NA,"unmatched"
"Santa Marta del Cerro, Segovia","Santa Marta del Cerro","Segovia","Castilla y León",NA,NA,NA,NA,"unmatched"
"Santa Marta, Badajoz","Santa Marta","Badajoz","Extremadura",NA,NA,NA,NA,"unmatched"
"Santa María Rivarredonda, Burgos","Santa María Rivarredonda","Burgos","Castilla y León",NA,NA,NA,NA,"unmatched"
"Santa María de Cayón, Cantabria","Santa María de Cayón","Cantabria","Cantabria",NA,NA,NA,NA,"unmatched"
"Santa María de Dulcis, Huesca","Santa María de Dulcis","Huesca","Aragón",NA,NA,NA,NA,"unmatched"
"Santa María de Guía de Gran Cana, Las Palmas","Santa María de Guía de Gran Cana","Las Palmas","Islas Canarias",NA,NA,NA,NA,"unmatched"
"Santa María de Huerta, Soria","Santa María de Huerta","Soria","Castilla y León",NA,NA,NA,NA,"unmatched"
"Santa María de Ordás, León","Santa María de Ordás","León","Castilla y León",NA,NA,NA,NA,"unmatched"
"Santa María de Sando, Salamanca","Santa María de Sando","Salamanca","Castilla y León",NA,NA,NA,NA,"unmatched"
"Santa María de Valverde, Zamora","Santa María de Valverde","Zamora","Castilla y León",NA,NA,NA,NA,"unmatched"
"Santa María de la Alameda, Madrid","Santa María de la Alameda","Madrid","Comunidad de Madrid",NA,NA,NA,NA,"unmatched"
"Santa María de la Isla, León","Santa María de la Isla","León","Castilla y León",NA,NA,NA,NA,"unmatched"
"Santa María de la Vega, Zamora","Santa María de la Vega","Zamora","Castilla y León",NA,NA,NA,NA,"unmatched"
"Santa María de las Hoyas, Soria","Santa María de las Hoyas","Soria","Castilla y León",NA,NA,NA,NA,"unmatched"
"Santa María de los Caballeros, Ávila","Santa María de los Caballeros","Ávila","Castilla y León",NA,NA,NA,NA,"unmatched"
"Santa María de los Llanos, Cuenca","Santa María de los Llanos","Cuenca","Castilla-La Mancha",NA,NA,NA,NA,"unmatched"
"Santa María del Arroyo, Ávila","Santa María del Arroyo","Ávila","Castilla y León",NA,NA,NA,NA,"unmatched"
"Santa María del Berrocal, Ávila","Santa María del Berrocal","Ávila","Castilla y León",NA,NA,NA,NA,"unmatched"
"Santa María del Campo Rus, Cuenca","Santa María del Campo Rus","Cuenca","Castilla-La Mancha",NA,NA,NA,NA,"unmatched"
"Santa María del Campo, Burgos","Santa María del Campo","Burgos","Castilla y León",NA,NA,NA,NA,"unmatched"
"Santa María del Camí, Baleares","Santa María del Camí","Baleares","Islas Baleares",NA,NA,NA,NA,"unmatched"
"Santa María del Cubillo, Ávila","Santa María del Cubillo","Ávila","Castilla y León",NA,NA,NA,NA,"unmatched"
"Santa María del Invierno, Burgos","Santa María del Invierno","Burgos","Castilla y León",NA,NA,NA,NA,"unmatched"
"Santa María del Mercadillo, Burgos","Santa María del Mercadillo","Burgos","Castilla y León",NA,NA,NA,NA,"unmatched"
"Santa María del Monte de Cea, León","Santa María del Monte de Cea","León","Castilla y León",NA,NA,NA,NA,"unmatched"
"Santa María del Páramo, León","Santa María del Páramo","León","Castilla y León",NA,NA,NA,NA,"unmatched"
"Santa María del Tiétar, Ávila","Santa María del Tiétar","Ávila","Castilla y León",NA,NA,NA,NA,"unmatched"
"Santa María del Val, Cuenca","Santa María del Val","Cuenca","Castilla-La Mancha",NA,NA,NA,NA,"unmatched"
"Santa María la Real de Nieva, Segovia","Santa María la Real de Nieva","Segovia","Castilla y León",NA,NA,NA,NA,"unmatched"
"Santa Olalla de Bureba, Burgos","Santa Olalla de Bureba","Burgos","Castilla y León",NA,NA,NA,NA,"unmatched"
"Santa Olalla del Cala, Huelva","Santa Olalla del Cala","Huelva","Andalucía",NA,NA,NA,NA,"unmatched"
"Santa Olalla, Toledo","Santa Olalla","Toledo","Castilla-La Mancha",NA,NA,NA,NA,"unmatched"
"Santa Oliva, Tarragona","Santa Oliva","Tarragona","Cataluña",NA,NA,NA,NA,"unmatched"
"Santa Pau, Girona","Santa Pau","Girona","Cataluña",NA,NA,NA,NA,"unmatched"
"Santa Perpètua de Mogoda, Barcelona","Santa Perpètua de Mogoda","Barcelona","Cataluña","9219456","Municipality of Santa Perpetua de Mogoda","Municipality of Santa Perpetua de Mogoda,Catalonia,Spain","Municipality","name+community"
"Santa Pola, Alicante","Santa Pola","Alicante","Comunidad Valenciana","9049204","Santa Pola","Santa Pola,Valencian Community,Spain","City","name+community"
"Santa Susanna, Barcelona","Santa Susanna","Barcelona","Cataluña","9243915","Santa Susanna","Santa Susanna,Catalonia,Spain","Municipality","name+community"
"Santa Úrsula, Santa Cruz de Tenerife","Santa Úrsula","Santa Cruz de Tenerife","Islas Canarias",NA,NA,NA,NA,"unmatched"
"Santacara, Navarra","Santacara","Navarra","Comunidad Foral de Navarra",NA,NA,NA,NA,"unmatched"
"Santaella, Córdoba","Santaella","Córdoba","Andalucía",NA,NA,NA,NA,"unmatched"
"Santaliestra y San Quílez, Huesca","Santaliestra y San Quílez","Huesca","Aragón",NA,NA,NA,NA,"unmatched"
"Santander, Cantabria","Santander","Cantabria","Cantabria","9220271","Santander","Santander,Cantabria,Spain","Municipality","name+community"
"Santanyí, Baleares","Santanyí","Baleares","Islas Baleares","9208475","Santanyi","Santanyi,Balearic Islands,Spain","Municipality","name+community"
"Santas Martas, León","Santas Martas","León","Castilla y León",NA,NA,NA,NA,"unmatched"
"Santed, Zaragoza","Santed","Zaragoza","Aragón",NA,NA,NA,NA,"unmatched"
"Santervás de Campos, Valladolid","Santervás de Campos","Valladolid","Castilla y León",NA,NA,NA,NA,"unmatched"
"Santervás de la Vega, Palencia","Santervás de la Vega","Palencia","Castilla y León",NA,NA,NA,NA,"unmatched"
"Santiago Millas, León","Santiago Millas","León","Castilla y León",NA,NA,NA,NA,"unmatched"
"Santiago de Alcántara, Cáceres","Santiago de Alcántara","Cáceres","Extremadura",NA,NA,NA,NA,"unmatched"
"Santiago de Calatrava, Jaén","Santiago de Calatrava","Jaén","Andalucía",NA,NA,NA,NA,"unmatched"
"Santiago de Compostela, A Coruña","Santiago de Compostela","A Coruña","Galicia","1005483","Santiago de Compostela","Santiago de Compostela,Galicia,Spain","City","name+community"
"Santiago de la Puebla, Salamanca","Santiago de la Puebla","Salamanca","Castilla y León",NA,NA,NA,NA,"unmatched"
"Santiago del Campo, Cáceres","Santiago del Campo","Cáceres","Extremadura",NA,NA,NA,NA,"unmatched"
"Santiago del Collado, Ávila","Santiago del Collado","Ávila","Castilla y León",NA,NA,NA,NA,"unmatched"
"Santiago del Teide, Santa Cruz de Tenerife","Santiago del Teide","Santa Cruz de Tenerife","Islas Canarias","9257314","Santiago del Teide","Santiago del Teide,Canary Islands,Spain","Municipality","name+community"
"Santiago del Tormes, Ávila","Santiago del Tormes","Ávila","Castilla y León",NA,NA,NA,NA,"unmatched"
"Santiago-Pontones, Jaén","Santiago-Pontones","Jaén","Andalucía",NA,NA,NA,NA,"unmatched"
"Santibáñez de Béjar, Salamanca","Santibáñez de Béjar","Salamanca","Castilla y León",NA,NA,NA,NA,"unmatched"
"Santibáñez de Ecla, Palencia","Santibáñez de Ecla","Palencia","Castilla y León",NA,NA,NA,NA,"unmatched"
"Santibáñez de Esgueva, Burgos","Santibáñez de Esgueva","Burgos","Castilla y León",NA,NA,NA,NA,"unmatched"
"Santibáñez de Tera, Zamora","Santibáñez de Tera","Zamora","Castilla y León",NA,NA,NA,NA,"unmatched"
"Santibáñez de Valcorba, Valladolid","Santibáñez de Valcorba","Valladolid","Castilla y León",NA,NA,NA,NA,"unmatched"
"Santibáñez de Vidriales, Zamora","Santibáñez de Vidriales","Zamora","Castilla y León",NA,NA,NA,NA,"unmatched"
"Santibáñez de la Peña, Palencia","Santibáñez de la Peña","Palencia","Castilla y León",NA,NA,NA,NA,"unmatched"
"Santibáñez de la Sierra, Salamanca","Santibáñez de la Sierra","Salamanca","Castilla y León",NA,NA,NA,NA,"unmatched"
"Santibáñez del Val, Burgos","Santibáñez del Val","Burgos","Castilla y León",NA,NA,NA,NA,"unmatched"
"Santibáñez el Alto, Cáceres","Santibáñez el Alto","Cáceres","Extremadura",NA,NA,NA,NA,"unmatched"
"Santibáñez el Bajo, Cáceres","Santibáñez el Bajo","Cáceres","Extremadura",NA,NA,NA,NA,"unmatched"
"Santillana del Mar, Cantabria","Santillana del Mar","Cantabria","Cantabria",NA,NA,NA,NA,"unmatched"
"Santiponce, Sevilla","Santiponce","Sevilla","Andalucía","9210750","Santiponce","Santiponce,Andalusia,Spain","Municipality","name+community"
"Santiso, A Coruña","Santiso","A Coruña","Galicia",NA,NA,NA,NA,"unmatched"
"Santisteban del Puerto, Jaén","Santisteban del Puerto","Jaén","Andalucía",NA,NA,NA,NA,"unmatched"
"Santiurde de Reinosa, Cantabria","Santiurde de Reinosa","Cantabria","Cantabria",NA,NA,NA,NA,"unmatched"
"Santiurde de Toranzo, Cantabria","Santiurde de Toranzo","Cantabria","Cantabria",NA,NA,NA,NA,"unmatched"
"Santiuste de Pedraza, Segovia","Santiuste de Pedraza","Segovia","Castilla y León",NA,NA,NA,NA,"unmatched"
"Santiuste de San Juan Bautista, Segovia","Santiuste de San Juan Bautista","Segovia","Castilla y León",NA,NA,NA,NA,"unmatched"
"Santiuste, Guadalajara","Santiuste","Guadalajara","Castilla-La Mancha",NA,NA,NA,NA,"unmatched"
"Santiz, Salamanca","Santiz","Salamanca","Castilla y León",NA,NA,NA,NA,"unmatched"
"Santo Adriano, Asturias","Santo Adriano","Asturias","Principado de Asturias",NA,NA,NA,NA,"unmatched"
"Santo Domingo de Pirón, Segovia","Santo Domingo de Pirón","Segovia","Castilla y León",NA,NA,NA,NA,"unmatched"
"Santo Domingo de Silos, Burgos","Santo Domingo de Silos","Burgos","Castilla y León",NA,NA,NA,NA,"unmatched"
"Santo Domingo de la Calzada, La Rioja","Santo Domingo de la Calzada","La Rioja","La Rioja","9207234","Santo Domingo de la Calzada","Santo Domingo de la Calzada,La Rioja,Spain","Municipality","name+community"
"Santo Domingo de las Posadas, Ávila","Santo Domingo de las Posadas","Ávila","Castilla y León",NA,NA,NA,NA,"unmatched"
"Santo Domingo-Caudilla, Toledo","Santo Domingo-Caudilla","Toledo","Castilla-La Mancha",NA,NA,NA,NA,"unmatched"
"Santo Tomé de Zabarcos, Ávila","Santo Tomé de Zabarcos","Ávila","Castilla y León",NA,NA,NA,NA,"unmatched"
"Santo Tomé del Puerto, Segovia","Santo Tomé del Puerto","Segovia","Castilla y León",NA,NA,NA,NA,"unmatched"
"Santo Tomé, Jaén","Santo Tomé","Jaén","Andalucía",NA,NA,NA,NA,"unmatched"
"Santomera, Murcia","Santomera","Murcia","Región de Murcia","9049206","Santomera","Santomera,Region of Murcia,Spain","City","name+community"
"Santorcaz, Madrid","Santorcaz","Madrid","Comunidad de Madrid",NA,NA,NA,NA,"unmatched"
"Santovenia de Pisuerga, Valladolid","Santovenia de Pisuerga","Valladolid","Castilla y León",NA,NA,NA,NA,"unmatched"
"Santovenia de la Valdoncina, León","Santovenia de la Valdoncina","León","Castilla y León",NA,NA,NA,NA,"unmatched"
"Santovenia, Zamora","Santovenia","Zamora","Castilla y León",NA,NA,NA,NA,"unmatched"
"Santoyo, Palencia","Santoyo","Palencia","Castilla y León",NA,NA,NA,NA,"unmatched"
"Santoña, Cantabria","Santoña","Cantabria","Cantabria","9049207","Santona","Santona,Cantabria,Spain","City","name+community"
"Santpedor, Barcelona","Santpedor","Barcelona","Cataluña","9231866","Santpedor","Santpedor,Catalonia,Spain","Municipality","name+community"
"Santurde de Rioja, La Rioja","Santurde de Rioja","La Rioja","La Rioja",NA,NA,NA,NA,"unmatched"
"Santurdejo, La Rioja","Santurdejo","La Rioja","La Rioja",NA,NA,NA,NA,"unmatched"
"Santurtzi, Vizcaya","Santurtzi","Vizcaya","País Vasco",NA,NA,NA,NA,"unmatched"
"Sanxenxo, Pontevedra","Sanxenxo","Pontevedra","Galicia","9216056","Sanxenxo","Sanxenxo,Galicia,Spain","Municipality","name+community"
"Sanzoles, Zamora","Sanzoles","Zamora","Castilla y León",NA,NA,NA,NA,"unmatched"
"Sardón de Duero, Valladolid","Sardón de Duero","Valladolid","Castilla y León",NA,NA,NA,NA,"unmatched"
"Sardón de los Frailes, Salamanca","Sardón de los Frailes","Salamanca","Castilla y León",NA,NA,NA,NA,"unmatched"
"Sargentes de la Lora, Burgos","Sargentes de la Lora","Burgos","Castilla y León",NA,NA,NA,NA,"unmatched"
"Sariego, Asturias","Sariego","Asturias","Principado de Asturias",NA,NA,NA,NA,"unmatched"
"Sariegos, León","Sariegos","León","Castilla y León",NA,NA,NA,NA,"unmatched"
"Sariñena, Huesca","Sariñena","Huesca","Aragón",NA,NA,NA,NA,"unmatched"
"Saro, Cantabria","Saro","Cantabria","Cantabria",NA,NA,NA,NA,"unmatched"
"Sarracín, Burgos","Sarracín","Burgos","Castilla y León",NA,NA,NA,NA,"unmatched"
"Sarral, Tarragona","Sarral","Tarragona","Cataluña",NA,NA,NA,NA,"unmatched"
"Sarratella, Castellón","Sarratella","Castellón","Comunidad Valenciana",NA,NA,NA,NA,"unmatched"
"Sarreaus, Ourense","Sarreaus","Ourense","Galicia",NA,NA,NA,NA,"unmatched"
"Sarria, Lugo","Sarria","Lugo","Galicia","9213363","Sarria","Sarria,Galicia,Spain","Municipality","name+community"
"Sarrià de Ter, Girona","Sarrià de Ter","Girona","Cataluña",NA,NA,NA,NA,"unmatched"
"Sarriés, Navarra","Sarriés","Navarra","Comunidad Foral de Navarra",NA,NA,NA,NA,"unmatched"
"Sarrión, Teruel","Sarrión","Teruel","Aragón",NA,NA,NA,NA,"unmatched"
"Sarroca de Bellera, Lleida","Sarroca de Bellera","Lleida","Cataluña",NA,NA,NA,NA,"unmatched"
"Sarroca de Lleida, Lleida","Sarroca de Lleida","Lleida","Cataluña",NA,NA,NA,NA,"unmatched"
"Sartaguda, Navarra","Sartaguda","Navarra","Comunidad Foral de Navarra",NA,NA,NA,NA,"unmatched"
"Sartajada, Toledo","Sartajada","Toledo","Castilla-La Mancha",NA,NA,NA,NA,"unmatched"
"Sasamón, Burgos","Sasamón","Burgos","Castilla y León",NA,NA,NA,NA,"unmatched"
"Saucedilla, Cáceres","Saucedilla","Cáceres","Extremadura",NA,NA,NA,NA,"unmatched"
"Saucelle, Salamanca","Saucelle","Salamanca","Castilla y León",NA,NA,NA,NA,"unmatched"
"Sauquillo de Cabezas, Segovia","Sauquillo de Cabezas","Segovia","Castilla y León",NA,NA,NA,NA,"unmatched"
"Saus, Girona","Saus","Girona","Cataluña",NA,NA,NA,NA,"unmatched"
"Savallà del Comtat, Tarragona","Savallà del Comtat","Tarragona","Cataluña",NA,NA,NA,NA,"unmatched"
"Sax, Alicante","Sax","Alicante","Comunidad Valenciana",NA,NA,NA,NA,"unmatched"
"Sayalonga, Málaga","Sayalonga","Málaga","Andalucía","9049208","Sayalonga","Sayalonga,Andalusia,Spain","City","name+community"
"Sayatón, Guadalajara","Sayatón","Guadalajara","Castilla-La Mancha",NA,NA,NA,NA,"unmatched"
"Saúca, Guadalajara","Saúca","Guadalajara","Castilla-La Mancha",NA,NA,NA,NA,"unmatched"
"Sebúlcor, Segovia","Sebúlcor","Segovia","Castilla y León",NA,NA,NA,NA,"unmatched"
"Secastilla, Huesca","Secastilla","Huesca","Aragón",NA,NA,NA,NA,"unmatched"
"Sedaví, Valencia","Sedaví","Valencia","Comunidad Valenciana",NA,NA,NA,NA,"unmatched"
"Sedella, Málaga","Sedella","Málaga","Andalucía",NA,NA,NA,NA,"unmatched"
"Sediles, Zaragoza","Sediles","Zaragoza","Aragón",NA,NA,NA,NA,"unmatched"
"Segart, Valencia","Segart","Valencia","Comunidad Valenciana",NA,NA,NA,NA,"unmatched"
"Segorbe, Castellón","Segorbe","Castellón","Comunidad Valenciana","9049209","Segorbe","Segorbe,Valencian Community,Spain","City","name+community"
"Segovia, Segovia","Segovia","Segovia","Castilla y León","1005528","Segovia","Segovia,Castile and Leon,Spain","City","name+community"
"Segura de León, Badajoz","Segura de León","Badajoz","Extremadura",NA,NA,NA,NA,"unmatched"
"Segura de Toro, Cáceres","Segura de Toro","Cáceres","Extremadura",NA,NA,NA,NA,"unmatched"
"Segura de la Sierra, Jaén","Segura de la Sierra","Jaén","Andalucía",NA,NA,NA,NA,"unmatched"
"Segura de los Baños, Teruel","Segura de los Baños","Teruel","Aragón",NA,NA,NA,NA,"unmatched"
"Segura, Guipúzcoa","Segura","Guipúzcoa","País Vasco",NA,NA,NA,NA,"unmatched"
"Segurilla, Toledo","Segurilla","Toledo","Castilla-La Mancha",NA,NA,NA,NA,"unmatched"
"Seira, Huesca","Seira","Huesca","Aragón",NA,NA,NA,NA,"unmatched"
"Selas, Guadalajara","Selas","Guadalajara","Castilla-La Mancha",NA,NA,NA,NA,"unmatched"
"Selaya, Cantabria","Selaya","Cantabria","Cantabria",NA,NA,NA,NA,"unmatched"
"Sella, Alicante","Sella","Alicante","Comunidad Valenciana",NA,NA,NA,NA,"unmatched"
"Sellent, Valencia","Sellent","Valencia","Comunidad Valenciana",NA,NA,NA,NA,"unmatched"
"Selva, Baleares","Selva","Baleares","Islas Baleares","9212015","Selva","Selva,Balearic Islands,Spain","Municipality","name+community"
"Semillas, Guadalajara","Semillas","Guadalajara","Castilla-La Mancha",NA,NA,NA,NA,"unmatched"
"Sempere, Valencia","Sempere","Valencia","Comunidad Valenciana",NA,NA,NA,NA,"unmatched"
"Sena de Luna, León","Sena de Luna","León","Castilla y León",NA,NA,NA,NA,"unmatched"
"Sena, Huesca","Sena","Huesca","Aragón",NA,NA,NA,NA,"unmatched"
"Senan, Tarragona","Senan","Tarragona","Cataluña",NA,NA,NA,NA,"unmatched"
"Sencelles, Baleares","Sencelles","Baleares","Islas Baleares","9219350","Sencelles","Sencelles,Balearic Islands,Spain","Municipality","name+community"
"Senija, Alicante","Senija","Alicante","Comunidad Valenciana",NA,NA,NA,NA,"unmatched"
"Seno, Teruel","Seno","Teruel","Aragón",NA,NA,NA,NA,"unmatched"
"Senterada, Lleida","Senterada","Lleida","Cataluña",NA,NA,NA,NA,"unmatched"
"Sentmenat, Barcelona","Sentmenat","Barcelona","Cataluña",NA,NA,NA,NA,"unmatched"
"Senyera, Valencia","Senyera","Valencia","Comunidad Valenciana",NA,NA,NA,NA,"unmatched"
"Senés de Alcubierre, Huesca","Senés de Alcubierre","Huesca","Aragón",NA,NA,NA,NA,"unmatched"
"Senés, Almería","Senés","Almería","Andalucía",NA,NA,NA,NA,"unmatched"
"Sepulcro-Hilario, Salamanca","Sepulcro-Hilario","Salamanca","Castilla y León",NA,NA,NA,NA,"unmatched"
"Sepúlveda, Segovia","Sepúlveda","Segovia","Castilla y León",NA,NA,NA,NA,"unmatched"
"Sequera de Fresno, Segovia","Sequera de Fresno","Segovia","Castilla y León",NA,NA,NA,NA,"unmatched"
"Sequeros, Salamanca","Sequeros","Salamanca","Castilla y León",NA,NA,NA,NA,"unmatched"
"Serinyà, Girona","Serinyà","Girona","Cataluña",NA,NA,NA,NA,"unmatched"
"Serra de Daró, Girona","Serra de Daró","Girona","Cataluña",NA,NA,NA,NA,"unmatched"
"Serra, Valencia","Serra","Valencia","Comunidad Valenciana",NA,NA,NA,NA,"unmatched"
"Serrada, Valladolid","Serrada","Valladolid","Castilla y León",NA,NA,NA,NA,"unmatched"
"Serradilla del Arroyo, Salamanca","Serradilla del Arroyo","Salamanca","Castilla y León",NA,NA,NA,NA,"unmatched"
"Serradilla del Llano, Salamanca","Serradilla del Llano","Salamanca","Castilla y León",NA,NA,NA,NA,"unmatched"
"Serradilla, Cáceres","Serradilla","Cáceres","Extremadura",NA,NA,NA,NA,"unmatched"
"Serranillos del Valle, Madrid","Serranillos del Valle","Madrid","Comunidad de Madrid",NA,NA,NA,NA,"unmatched"
"Serranillos, Ávila","Serranillos","Ávila","Castilla y León",NA,NA,NA,NA,"unmatched"
"Serrejón, Cáceres","Serrejón","Cáceres","Extremadura",NA,NA,NA,NA,"unmatched"
"Seròs, Lleida","Seròs","Lleida","Cataluña",NA,NA,NA,NA,"unmatched"
"Serón de Nágima, Soria","Serón de Nágima","Soria","Castilla y León",NA,NA,NA,NA,"unmatched"
"Serón, Almería","Serón","Almería","Andalucía","9212350","Seron","Seron,Andalusia,Spain","Municipality","name+community"
"Ses Salines, Baleares","Ses Salines","Baleares","Islas Baleares","9217118","Ses Salines","Ses Salines,Balearic Islands,Spain","Municipality","name+community"
"Sesa, Huesca","Sesa","Huesca","Aragón",NA,NA,NA,NA,"unmatched"
"Seseña, Toledo","Seseña","Toledo","Castilla-La Mancha","9231324","Sesena","Sesena,Castile-La Mancha,Spain","City","name+community"
"Sesma, Navarra","Sesma","Navarra","Comunidad Foral de Navarra",NA,NA,NA,NA,"unmatched"
"Sestao, Vizcaya","Sestao","Vizcaya","País Vasco","9215516","Sestao","Sestao,Basque Country,Spain","Municipality","name+community"
"Sestrica, Zaragoza","Sestrica","Zaragoza","Aragón",NA,NA,NA,NA,"unmatched"
"Sesué, Huesca","Sesué","Huesca","Aragón",NA,NA,NA,NA,"unmatched"
"Setcases, Girona","Setcases","Girona","Cataluña",NA,NA,NA,NA,"unmatched"
"Setenil de las Bodegas, Cádiz","Setenil de las Bodegas","Cádiz","Andalucía",NA,NA,NA,NA,"unmatched"
"Setiles, Guadalajara","Setiles","Guadalajara","Castilla-La Mancha",NA,NA,NA,NA,"unmatched"
"Seva, Barcelona","Seva","Barcelona","Cataluña",NA,NA,NA,NA,"unmatched"
"Sevilla la Nueva, Madrid","Sevilla la Nueva","Madrid","Comunidad de Madrid","9219563","Sevilla la Nueva","Sevilla la Nueva,Community of Madrid,Spain","Municipality","name+community"
"Sevilla, Sevilla","Sevilla","Sevilla","Andalucía","9220037","Municipality of Seville","Municipality of Seville,Andalusia,Spain","Municipality","name+community"
"Sevilleja de la Jara, Toledo","Sevilleja de la Jara","Toledo","Castilla-La Mancha",NA,NA,NA,NA,"unmatched"
"Sidamon, Lleida","Sidamon","Lleida","Cataluña",NA,NA,NA,NA,"unmatched"
"Sienes, Guadalajara","Sienes","Guadalajara","Castilla-La Mancha",NA,NA,NA,NA,"unmatched"
"Siero, Asturias","Siero","Asturias","Principado de Asturias","9207650","Municipality of Siero","Municipality of Siero,Asturias,Spain","Municipality","name+community"
"Sierra Andia, Navarra","Sierra Andia","Navarra","Comunidad Foral de Navarra",NA,NA,NA,NA,"unmatched"
"Sierra Aralar, Navarra","Sierra Aralar","Navarra","Comunidad Foral de Navarra",NA,NA,NA,NA,"unmatched"
"Sierra Engarcerán, Castellón","Sierra Engarcerán","Castellón","Comunidad Valenciana",NA,NA,NA,NA,"unmatched"
"Sierra Urbasa, Navarra","Sierra Urbasa","Navarra","Comunidad Foral de Navarra",NA,NA,NA,NA,"unmatched"
"Sierra de Fuentes, Cáceres","Sierra de Fuentes","Cáceres","Extremadura",NA,NA,NA,NA,"unmatched"
"Sierra de Luna, Zaragoza","Sierra de Luna","Zaragoza","Aragón",NA,NA,NA,NA,"unmatched"
"Sierra de Lóquiz, Navarra","Sierra de Lóquiz","Navarra","Comunidad Foral de Navarra",NA,NA,NA,NA,"unmatched"
"Sierra de Yeguas, Málaga","Sierra de Yeguas","Málaga","Andalucía",NA,NA,NA,NA,"unmatched"
"Sierro, Almería","Sierro","Almería","Andalucía",NA,NA,NA,NA,"unmatched"
"Siete Aguas, Valencia","Siete Aguas","Valencia","Comunidad Valenciana",NA,NA,NA,NA,"unmatched"
"Siete Iglesias de Trabancos, Valladolid","Siete Iglesias de Trabancos","Valladolid","Castilla y León",NA,NA,NA,NA,"unmatched"
"Sieteiglesias de Tormes, Salamanca","Sieteiglesias de Tormes","Salamanca","Castilla y León",NA,NA,NA,NA,"unmatched"
"Sigeres, Ávila","Sigeres","Ávila","Castilla y León",NA,NA,NA,NA,"unmatched"
"Sigüenza, Guadalajara","Sigüenza","Guadalajara","Castilla-La Mancha",NA,NA,NA,NA,"unmatched"
"Sigüés, Zaragoza","Sigüés","Zaragoza","Aragón",NA,NA,NA,NA,"unmatched"
"Siles, Jaén","Siles","Jaén","Andalucía",NA,NA,NA,NA,"unmatched"
"Silla, Valencia","Silla","Valencia","Comunidad Valenciana","9233347","Silla","Silla,Valencian Community,Spain","Municipality","name+community"
"Silleda, Pontevedra","Silleda","Pontevedra","Galicia","9217850","Silleda","Silleda,Galicia,Spain","Municipality","name+community"
"Sils, Girona","Sils","Girona","Cataluña",NA,NA,NA,NA,"unmatched"
"Simancas, Valladolid","Simancas","Valladolid","Castilla y León","9220497","Simancas","Simancas,Castile and Leon,Spain","Municipality","name+community"
"Simat de la Valldigna, Valencia","Simat de la Valldigna","Valencia","Comunidad Valenciana",NA,NA,NA,NA,"unmatched"
"Sinarcas, Valencia","Sinarcas","Valencia","Comunidad Valenciana",NA,NA,NA,NA,"unmatched"
"Sineu, Baleares","Sineu","Baleares","Islas Baleares","9210254","Sineu","Sineu,Balearic Islands,Spain","Municipality","name+community"
"Singra, Teruel","Singra","Teruel","Aragón",NA,NA,NA,NA,"unmatched"
"Sinlabajos, Ávila","Sinlabajos","Ávila","Castilla y León",NA,NA,NA,NA,"unmatched"
"Siruela, Badajoz","Siruela","Badajoz","Extremadura",NA,NA,NA,NA,"unmatched"
"Sisamón, Zaragoza","Sisamón","Zaragoza","Aragón",NA,NA,NA,NA,"unmatched"
"Sisante, Cuenca","Sisante","Cuenca","Castilla-La Mancha",NA,NA,NA,NA,"unmatched"
"Sitges, Barcelona","Sitges","Barcelona","Cataluña","9220582","Sitges","Sitges,Catalonia,Spain","Municipality","name+community"
"Siurana, Girona","Siurana","Girona","Cataluña",NA,NA,NA,NA,"unmatched"
"Siétamo, Huesca","Siétamo","Huesca","Aragón",NA,NA,NA,NA,"unmatched"
"Soba, Cantabria","Soba","Cantabria","Cantabria",NA,NA,NA,NA,"unmatched"
"Sober, Lugo","Sober","Lugo","Galicia",NA,NA,NA,NA,"unmatched"
"Sobradiel, Zaragoza","Sobradiel","Zaragoza","Aragón",NA,NA,NA,NA,"unmatched"
"Sobradillo, Salamanca","Sobradillo","Salamanca","Castilla y León",NA,NA,NA,NA,"unmatched"
"Sobrado, A Coruña","Sobrado","A Coruña","Galicia",NA,NA,NA,NA,"unmatched"
"Sobrado, León","Sobrado","León","Castilla y León",NA,NA,NA,NA,"unmatched"
"Sobremunt, Barcelona","Sobremunt","Barcelona","Cataluña",NA,NA,NA,NA,"unmatched"
"Sobrescobio, Asturias","Sobrescobio","Asturias","Principado de Asturias",NA,NA,NA,NA,"unmatched"
"Socovos, Albacete","Socovos","Albacete","Castilla-La Mancha",NA,NA,NA,NA,"unmatched"
"Socuéllamos, Ciudad Real","Socuéllamos","Ciudad Real","Castilla-La Mancha","9258842","Socuellamos","Socuellamos,Castile-La Mancha,Spain","Municipality","name+community"
"Sojuela, La Rioja","Sojuela","La Rioja","La Rioja",NA,NA,NA,NA,"unmatched"
"Solana de Rioalmar, Ávila","Solana de Rioalmar","Ávila","Castilla y León",NA,NA,NA,NA,"unmatched"
"Solana de los Barros, Badajoz","Solana de los Barros","Badajoz","Extremadura",NA,NA,NA,NA,"unmatched"
"Solana de Ávila, Ávila","Solana de Ávila","Ávila","Castilla y León",NA,NA,NA,NA,"unmatched"
"Solana del Pino, Ciudad Real","Solana del Pino","Ciudad Real","Castilla-La Mancha",NA,NA,NA,NA,"unmatched"
"Solanillos del Extremo, Guadalajara","Solanillos del Extremo","Guadalajara","Castilla-La Mancha",NA,NA,NA,NA,"unmatched"
"Solarana, Burgos","Solarana","Burgos","Castilla y León",NA,NA,NA,NA,"unmatched"
"Solera de Gabaldón, Cuenca","Solera de Gabaldón","Cuenca","Castilla-La Mancha",NA,NA,NA,NA,"unmatched"
"Soliedra, Soria","Soliedra","Soria","Castilla y León",NA,NA,NA,NA,"unmatched"
"Solivella, Tarragona","Solivella","Tarragona","Cataluña",NA,NA,NA,NA,"unmatched"
"Sollana, Valencia","Sollana","Valencia","Comunidad Valenciana","9049211","Sollana","Sollana,Valencian Community,Spain","City","name+community"
"Solosancho, Ávila","Solosancho","Ávila","Castilla y León",NA,NA,NA,NA,"unmatched"
"Solsona, Lleida","Solsona","Lleida","Cataluña","9263218","Solsona","Solsona,Catalonia,Spain","Municipality","name+community"
"Solórzano, Cantabria","Solórzano","Cantabria","Cantabria",NA,NA,NA,NA,"unmatched"
"Somiedo, Asturias","Somiedo","Asturias","Principado de Asturias",NA,NA,NA,NA,"unmatched"
"Somolinos, Guadalajara","Somolinos","Guadalajara","Castilla-La Mancha",NA,NA,NA,NA,"unmatched"
"Somontín, Almería","Somontín","Almería","Andalucía",NA,NA,NA,NA,"unmatched"
"Somosierra, Madrid","Somosierra","Madrid","Comunidad de Madrid",NA,NA,NA,NA,"unmatched"
"Son Servera, Baleares","Son Servera","Baleares","Islas Baleares","9213931","Son Servera","Son Servera,Balearic Islands,Spain","Municipality","name+community"
"Sondika, Vizcaya","Sondika","Vizcaya","País Vasco",NA,NA,NA,NA,"unmatched"
"Soneja, Castellón","Soneja","Castellón","Comunidad Valenciana",NA,NA,NA,NA,"unmatched"
"Sonseca, Toledo","Sonseca","Toledo","Castilla-La Mancha",NA,NA,NA,NA,"unmatched"
"Sopeira, Huesca","Sopeira","Huesca","Aragón",NA,NA,NA,NA,"unmatched"
"Sopelana, Vizcaya","Sopelana","Vizcaya","País Vasco",NA,NA,NA,NA,"unmatched"
"Soportújar, Granada","Soportújar","Granada","Andalucía",NA,NA,NA,NA,"unmatched"
"Sopuerta, Vizcaya","Sopuerta","Vizcaya","País Vasco",NA,NA,NA,NA,"unmatched"
"Sora, Barcelona","Sora","Barcelona","Cataluña",NA,NA,NA,NA,"unmatched"
"Soraluze, Guipúzcoa","Soraluze","Guipúzcoa","País Vasco",NA,NA,NA,NA,"unmatched"
"Sorbas, Almería","Sorbas","Almería","Andalucía",NA,NA,NA,NA,"unmatched"
"Sordillos, Burgos","Sordillos","Burgos","Castilla y León",NA,NA,NA,NA,"unmatched"
"Soria, Soria","Soria","Soria","Castilla y León","1005454","Soria","Soria,Castile and Leon,Spain","City","name+community"
"Soriguera, Lleida","Soriguera","Lleida","Cataluña",NA,NA,NA,NA,"unmatched"
"Sorihuela del Guadalimar, Jaén","Sorihuela del Guadalimar","Jaén","Andalucía",NA,NA,NA,NA,"unmatched"
"Sorihuela, Salamanca","Sorihuela","Salamanca","Castilla y León",NA,NA,NA,NA,"unmatched"
"Sorlada, Navarra","Sorlada","Navarra","Comunidad Foral de Navarra",NA,NA,NA,NA,"unmatched"
"Sort, Lleida","Sort","Lleida","Cataluña",NA,NA,NA,NA,"unmatched"
"Sorvilán, Granada","Sorvilán","Granada","Andalucía",NA,NA,NA,NA,"unmatched"
"Sorzano, La Rioja","Sorzano","La Rioja","La Rioja",NA,NA,NA,NA,"unmatched"
"Sos del Rey Católico, Zaragoza","Sos del Rey Católico","Zaragoza","Aragón",NA,NA,NA,NA,"unmatched"
"Soses, Lleida","Soses","Lleida","Cataluña",NA,NA,NA,NA,"unmatched"
"Sot de Chera, Valencia","Sot de Chera","Valencia","Comunidad Valenciana",NA,NA,NA,NA,"unmatched"
"Sot de Ferrer, Castellón","Sot de Ferrer","Castellón","Comunidad Valenciana",NA,NA,NA,NA,"unmatched"
"Sotalbo, Ávila","Sotalbo","Ávila","Castilla y León","9215208","Sotalbo","Sotalbo,Castile and Leon,Spain","Municipality","name+community"
"Sotillo de la Adrada, Ávila","Sotillo de la Adrada","Ávila","Castilla y León","9243097","Sotillo de la Adrada","Sotillo de la Adrada,Castile and Leon,Spain","Municipality","name+community"
"Sotillo de la Ribera, Burgos","Sotillo de la Ribera","Burgos","Castilla y León",NA,NA,NA,NA,"unmatched"
"Sotillo de las Palomas, Toledo","Sotillo de las Palomas","Toledo","Castilla-La Mancha",NA,NA,NA,NA,"unmatched"
"Sotillo del Rincón, Soria","Sotillo del Rincón","Soria","Castilla y León",NA,NA,NA,NA,"unmatched"
"Sotillo, Segovia","Sotillo","Segovia","Castilla y León",NA,NA,NA,NA,"unmatched"
"Soto de Cerrato, Palencia","Soto de Cerrato","Palencia","Castilla y León",NA,NA,NA,NA,"unmatched"
"Soto de la Vega, León","Soto de la Vega","León","Castilla y León",NA,NA,NA,NA,"unmatched"
"Soto del Barco, Asturias","Soto del Barco","Asturias","Principado de Asturias","9211237","Soto del Barco","Soto del Barco,Asturias,Spain","Municipality","name+community"
"Soto del Real, Madrid","Soto del Real","Madrid","Comunidad de Madrid","9253072","Soto del Real","Soto del Real,Community of Madrid,Spain","City","name+community"
"Soto en Cameros, La Rioja","Soto en Cameros","La Rioja","La Rioja",NA,NA,NA,NA,"unmatched"
"Soto y Amío, León","Soto y Amío","León","Castilla y León",NA,NA,NA,NA,"unmatched"
"Sotobañado y Priorato, Palencia","Sotobañado y Priorato","Palencia","Castilla y León",NA,NA,NA,NA,"unmatched"
"Sotodosos, Guadalajara","Sotodosos","Guadalajara","Castilla-La Mancha",NA,NA,NA,NA,"unmatched"
"Sotorribas, Cuenca","Sotorribas","Cuenca","Castilla-La Mancha",NA,NA,NA,NA,"unmatched"
"Sotosalbos, Segovia","Sotosalbos","Segovia","Castilla y León",NA,NA,NA,NA,"unmatched"
"Sotoserrano, Salamanca","Sotoserrano","Salamanca","Castilla y León",NA,NA,NA,NA,"unmatched"
"Sotragero, Burgos","Sotragero","Burgos","Castilla y León",NA,NA,NA,NA,"unmatched"
"Sotresgudo, Burgos","Sotresgudo","Burgos","Castilla y León",NA,NA,NA,NA,"unmatched"
"Sotés, La Rioja","Sotés","La Rioja","La Rioja",NA,NA,NA,NA,"unmatched"
"Soutomaior, Pontevedra","Soutomaior","Pontevedra","Galicia",NA,NA,NA,NA,"unmatched"
"Suances, Cantabria","Suances","Cantabria","Cantabria",NA,NA,NA,NA,"unmatched"
"Subirats, Barcelona","Subirats","Barcelona","Cataluña",NA,NA,NA,NA,"unmatched"
"Sudanell, Lleida","Sudanell","Lleida","Cataluña",NA,NA,NA,NA,"unmatched"
"Sueca, Valencia","Sueca","Valencia","Comunidad Valenciana","9217415","Sueca","Sueca,Valencian Community,Spain","Municipality","name+community"
"Suellacabras, Soria","Suellacabras","Soria","Castilla y León",NA,NA,NA,NA,"unmatched"
"Sueras, Castellón","Sueras","Castellón","Comunidad Valenciana",NA,NA,NA,NA,"unmatched"
"Suflí, Almería","Suflí","Almería","Andalucía",NA,NA,NA,NA,"unmatched"
"Sukarrieta, Vizcaya","Sukarrieta","Vizcaya","País Vasco",NA,NA,NA,NA,"unmatched"
"Sumacàrcer, Valencia","Sumacàrcer","Valencia","Comunidad Valenciana",NA,NA,NA,NA,"unmatched"
"Sunbilla, Navarra","Sunbilla","Navarra","Comunidad Foral de Navarra",NA,NA,NA,NA,"unmatched"
"Sunyer, Lleida","Sunyer","Lleida","Cataluña",NA,NA,NA,NA,"unmatched"
"Susinos del Páramo, Burgos","Susinos del Páramo","Burgos","Castilla y León",NA,NA,NA,NA,"unmatched"
"Susqueda, Girona","Susqueda","Girona","Cataluña",NA,NA,NA,NA,"unmatched"
"Sádaba, Zaragoza","Sádaba","Zaragoza","Aragón",NA,NA,NA,NA,"unmatched"
"Sástago, Zaragoza","Sástago","Zaragoza","Aragón",NA,NA,NA,NA,"unmatched"
"Sóller, Baleares","Sóller","Baleares","Islas Baleares","9222418","Soller","Soller,Balearic Islands,Spain","Municipality","name+community"
"Súria, Barcelona","Súria","Barcelona","Cataluña","9243049","Suria","Suria,Catalonia,Spain","Municipality","name+community"
"Tabanera de Cerrato, Palencia","Tabanera de Cerrato","Palencia","Castilla y León",NA,NA,NA,NA,"unmatched"
"Tabanera de Valdavia, Palencia","Tabanera de Valdavia","Palencia","Castilla y León",NA,NA,NA,NA,"unmatched"
"Tabanera la Luenga, Segovia","Tabanera la Luenga","Segovia","Castilla y León",NA,NA,NA,NA,"unmatched"
"Tabera de Abajo, Salamanca","Tabera de Abajo","Salamanca","Castilla y León",NA,NA,NA,NA,"unmatched"
"Tabernas, Almería","Tabernas","Almería","Andalucía",NA,NA,NA,NA,"unmatched"
"Taberno, Almería","Taberno","Almería","Andalucía",NA,NA,NA,NA,"unmatched"
"Taboada, Lugo","Taboada","Lugo","Galicia","9221390","Taboada","Taboada,Galicia,Spain","Municipality","name+community"
"Taboadela, Ourense","Taboadela","Ourense","Galicia",NA,NA,NA,NA,"unmatched"
"Tabuenca, Zaragoza","Tabuenca","Zaragoza","Aragón",NA,NA,NA,NA,"unmatched"
"Tacoronte, Santa Cruz de Tenerife","Tacoronte","Santa Cruz de Tenerife","Islas Canarias","9244101","Tacoronte","Tacoronte,Canary Islands,Spain","Municipality","name+community"
"Tafalla, Navarra","Tafalla","Navarra","Comunidad Foral de Navarra",NA,NA,NA,NA,"name only (rejected)"
"Tagamanent, Barcelona","Tagamanent","Barcelona","Cataluña",NA,NA,NA,NA,"unmatched"
"Tahal, Almería","Tahal","Almería","Andalucía",NA,NA,NA,NA,"unmatched"
"Tajahuerce, Soria","Tajahuerce","Soria","Castilla y León",NA,NA,NA,NA,"unmatched"
"Tajueco, Soria","Tajueco","Soria","Castilla y León",NA,NA,NA,NA,"unmatched"
"Talamanca de Jarama, Madrid","Talamanca de Jarama","Madrid","Comunidad de Madrid",NA,NA,NA,NA,"unmatched"
"Talamanca, Barcelona","Talamanca","Barcelona","Cataluña",NA,NA,NA,NA,"unmatched"
"Talamantes, Zaragoza","Talamantes","Zaragoza","Aragón",NA,NA,NA,NA,"unmatched"
"Talarn, Lleida","Talarn","Lleida","Cataluña",NA,NA,NA,NA,"unmatched"
"Talarrubias, Badajoz","Talarrubias","Badajoz","Extremadura",NA,NA,NA,NA,"unmatched"
"Talavera de la Reina, Toledo","Talavera de la Reina","Toledo","Castilla-La Mancha","9195643","Talavera de la Reina","Talavera de la Reina,Castile-La Mancha,Spain","City","name+community"
"Talavera la Real, Badajoz","Talavera la Real","Badajoz","Extremadura",NA,NA,NA,NA,"unmatched"
"Talavera, Lleida","Talavera","Lleida","Cataluña",NA,NA,NA,NA,"unmatched"
"Talaveruela de la Vera, Cáceres","Talaveruela de la Vera","Cáceres","Extremadura",NA,NA,NA,NA,"unmatched"
"Talaván, Cáceres","Talaván","Cáceres","Extremadura",NA,NA,NA,NA,"unmatched"
"Talayuela, Cáceres","Talayuela","Cáceres","Extremadura",NA,NA,NA,NA,"unmatched"
"Talayuelas, Cuenca","Talayuelas","Cuenca","Castilla-La Mancha",NA,NA,NA,NA,"unmatched"
"Tales, Castellón","Tales","Castellón","Comunidad Valenciana",NA,NA,NA,NA,"unmatched"
"Talveila, Soria","Talveila","Soria","Castilla y León",NA,NA,NA,NA,"unmatched"
"Tamajón, Guadalajara","Tamajón","Guadalajara","Castilla-La Mancha",NA,NA,NA,NA,"unmatched"
"Tamames, Salamanca","Tamames","Salamanca","Castilla y León",NA,NA,NA,NA,"unmatched"
"Tamarite de Litera, Huesca","Tamarite de Litera","Huesca","Aragón",NA,NA,NA,NA,"unmatched"
"Tamariz de Campos, Valladolid","Tamariz de Campos","Valladolid","Castilla y León",NA,NA,NA,NA,"unmatched"
"Tamarón, Burgos","Tamarón","Burgos","Castilla y León",NA,NA,NA,NA,"unmatched"
"Tamurejo, Badajoz","Tamurejo","Badajoz","Extremadura",NA,NA,NA,NA,"unmatched"
"Tapia de Casariego, Asturias","Tapia de Casariego","Asturias","Principado de Asturias","9218468","Tapia de Casariego","Tapia de Casariego,Asturias,Spain","Municipality","name+community"
"Tapioles, Zamora","Tapioles","Zamora","Castilla y León",NA,NA,NA,NA,"unmatched"
"Taradell, Barcelona","Taradell","Barcelona","Cataluña",NA,NA,NA,NA,"unmatched"
"Taragudo, Guadalajara","Taragudo","Guadalajara","Castilla-La Mancha",NA,NA,NA,NA,"unmatched"
"Taramundi, Asturias","Taramundi","Asturias","Principado de Asturias",NA,NA,NA,NA,"unmatched"
"Tarancón, Cuenca","Tarancón","Cuenca","Castilla-La Mancha","9224382","Tarancon","Tarancon,Castile-La Mancha,Spain","Municipality","name+community"
"Taravilla, Guadalajara","Taravilla","Guadalajara","Castilla-La Mancha",NA,NA,NA,NA,"unmatched"
"Tarazona de Guareña, Salamanca","Tarazona de Guareña","Salamanca","Castilla y León",NA,NA,NA,NA,"unmatched"
"Tarazona de la Mancha, Albacete","Tarazona de la Mancha","Albacete","Castilla-La Mancha",NA,NA,NA,NA,"unmatched"
"Tarazona, Zaragoza","Tarazona","Zaragoza","Aragón",NA,NA,NA,NA,"unmatched"
"Tardajos, Burgos","Tardajos","Burgos","Castilla y León",NA,NA,NA,NA,"unmatched"
"Tardelcuende, Soria","Tardelcuende","Soria","Castilla y León",NA,NA,NA,NA,"unmatched"
"Tardienta, Huesca","Tardienta","Huesca","Aragón",NA,NA,NA,NA,"unmatched"
"Tardáguila, Salamanca","Tardáguila","Salamanca","Castilla y León",NA,NA,NA,NA,"unmatched"
"Tariego de Cerrato, Palencia","Tariego de Cerrato","Palencia","Castilla y León",NA,NA,NA,NA,"unmatched"
"Tarifa, Cádiz","Tarifa","Cádiz","Andalucía","9211615","Tarifa","Tarifa,Andalusia,Spain","Municipality","name+community"
"Taroda, Soria","Taroda","Soria","Castilla y León",NA,NA,NA,NA,"unmatched"
"Tarragona, Tarragona","Tarragona","Tarragona","Cataluña","9258242","Municipality of Tarragona","Municipality of Tarragona,Catalonia,Spain","Municipality","name+community"
"Tarroja de Segarra, Lleida","Tarroja de Segarra","Lleida","Cataluña",NA,NA,NA,NA,"unmatched"
"Tarrés, Lleida","Tarrés","Lleida","Cataluña",NA,NA,NA,NA,"unmatched"
"Tartanedo, Guadalajara","Tartanedo","Guadalajara","Castilla-La Mancha",NA,NA,NA,NA,"unmatched"
"Tauste, Zaragoza","Tauste","Zaragoza","Aragón",NA,NA,NA,NA,"unmatched"
"Tavernes Blanques, Valencia","Tavernes Blanques","Valencia","Comunidad Valenciana",NA,NA,NA,NA,"unmatched"
"Tavernes de la Valldigna, Valencia","Tavernes de la Valldigna","Valencia","Comunidad Valenciana",NA,NA,NA,NA,"unmatched"
"Tavertet, Barcelona","Tavertet","Barcelona","Cataluña",NA,NA,NA,NA,"unmatched"
"Tavèrnoles, Barcelona","Tavèrnoles","Barcelona","Cataluña",NA,NA,NA,NA,"unmatched"
"Tazacorte, Santa Cruz de Tenerife","Tazacorte","Santa Cruz de Tenerife","Islas Canarias",NA,NA,NA,NA,"unmatched"
"Teba, Málaga","Teba","Málaga","Andalucía",NA,NA,NA,NA,"unmatched"
"Tegueste, Santa Cruz de Tenerife","Tegueste","Santa Cruz de Tenerife","Islas Canarias",NA,NA,NA,NA,"unmatched"
"Teguise, Las Palmas","Teguise","Las Palmas","Islas Canarias",NA,NA,NA,NA,"unmatched"
"Teià, Barcelona","Teià","Barcelona","Cataluña","9212588","Teia","Teia,Catalonia,Spain","City","name+community"
"Tejada, Burgos","Tejada","Burgos","Castilla y León",NA,NA,NA,NA,"unmatched"
"Tejadillos, Cuenca","Tejadillos","Cuenca","Castilla-La Mancha",NA,NA,NA,NA,"unmatched"
"Tejado, Soria","Tejado","Soria","Castilla y León",NA,NA,NA,NA,"unmatched"
"Tejeda de Tiétar, Cáceres","Tejeda de Tiétar","Cáceres","Extremadura",NA,NA,NA,NA,"unmatched"
"Tejeda y Segoyuela, Salamanca","Tejeda y Segoyuela","Salamanca","Castilla y León",NA,NA,NA,NA,"unmatched"
"Tejeda, Las Palmas","Tejeda","Las Palmas","Islas Canarias",NA,NA,NA,NA,"unmatched"
"Telde, Las Palmas","Telde","Las Palmas","Islas Canarias","9215056","Municipality of Telde","Municipality of Telde,Canary Islands,Spain","Municipality","name+community"
"Tella-Sin, Huesca","Tella-Sin","Huesca","Aragón",NA,NA,NA,NA,"unmatched"
"Tembleque, Toledo","Tembleque","Toledo","Castilla-La Mancha","1005534","Tembleque","Tembleque,Castile-La Mancha,Spain","City","name+community"
"Tendilla, Guadalajara","Tendilla","Guadalajara","Castilla-La Mancha",NA,NA,NA,NA,"unmatched"
"Tenebrón, Salamanca","Tenebrón","Salamanca","Castilla y León",NA,NA,NA,NA,"unmatched"
"Teo, A Coruña","Teo","A Coruña","Galicia","9219982","Teo","Teo,Galicia,Spain","Municipality","name+community"
"Teresa de Cofrentes, Valencia","Teresa de Cofrentes","Valencia","Comunidad Valenciana",NA,NA,NA,NA,"unmatched"
"Teresa, Castellón","Teresa","Castellón","Comunidad Valenciana",NA,NA,NA,NA,"unmatched"
"Teror, Las Palmas","Teror","Las Palmas","Islas Canarias","9222542","Teror","Teror,Canary Islands,Spain","Municipality","name+community"
"Terque, Almería","Terque","Almería","Andalucía",NA,NA,NA,NA,"unmatched"
"Terrades, Girona","Terrades","Girona","Cataluña",NA,NA,NA,NA,"unmatched"
"Terradillos de Esgueva, Burgos","Terradillos de Esgueva","Burgos","Castilla y León",NA,NA,NA,NA,"unmatched"
"Terradillos, Salamanca","Terradillos","Salamanca","Castilla y León",NA,NA,NA,NA,"unmatched"
"Terrassa, Barcelona","Terrassa","Barcelona","Cataluña","9212999","Municipality of Terrassa","Municipality of Terrassa,Catalonia,Spain","Municipality","name+community"
"Terrateig, Valencia","Terrateig","Valencia","Comunidad Valenciana",NA,NA,NA,NA,"unmatched"
"Terrer, Zaragoza","Terrer","Zaragoza","Aragón",NA,NA,NA,NA,"unmatched"
"Terriente, Teruel","Terriente","Teruel","Aragón",NA,NA,NA,NA,"unmatched"
"Terrinches, Ciudad Real","Terrinches","Ciudad Real","Castilla-La Mancha",NA,NA,NA,NA,"unmatched"
"Terroba, La Rioja","Terroba","La Rioja","La Rioja",NA,NA,NA,NA,"unmatched"
"Teruel, Teruel","Teruel","Teruel","Aragón","9049218","Teruel","Teruel,Aragon,Spain","City","name+community"
"Terzaga, Guadalajara","Terzaga","Guadalajara","Castilla-La Mancha",NA,NA,NA,NA,"unmatched"
"Teulada, Alicante","Teulada","Alicante","Comunidad Valenciana",NA,NA,NA,NA,"unmatched"
"Teverga, Asturias","Teverga","Asturias","Principado de Asturias",NA,NA,NA,NA,"unmatched"
"Tiana, Barcelona","Tiana","Barcelona","Cataluña",NA,NA,NA,NA,"unmatched"
"Tibi, Alicante","Tibi","Alicante","Comunidad Valenciana",NA,NA,NA,NA,"unmatched"
"Tiebas-Muruarte de Reta, Navarra","Tiebas-Muruarte de Reta","Navarra","Comunidad Foral de Navarra",NA,NA,NA,NA,"unmatched"
"Tiedra, Valladolid","Tiedra","Valladolid","Castilla y León",NA,NA,NA,NA,"unmatched"
"Tielmes, Madrid","Tielmes","Madrid","Comunidad de Madrid",NA,NA,NA,NA,"unmatched"
"Tierga, Zaragoza","Tierga","Zaragoza","Aragón",NA,NA,NA,NA,"unmatched"
"Tierz, Huesca","Tierz","Huesca","Aragón",NA,NA,NA,NA,"unmatched"
"Tierzo, Guadalajara","Tierzo","Guadalajara","Castilla-La Mancha",NA,NA,NA,NA,"unmatched"
"Tijarafe, Santa Cruz de Tenerife","Tijarafe","Santa Cruz de Tenerife","Islas Canarias",NA,NA,NA,NA,"unmatched"
"Tinajas, Cuenca","Tinajas","Cuenca","Castilla-La Mancha",NA,NA,NA,NA,"unmatched"
"Tinajo, Las Palmas","Tinajo","Las Palmas","Islas Canarias",NA,NA,NA,NA,"unmatched"
"Tineo, Asturias","Tineo","Asturias","Principado de Asturias","9216873","Tineo","Tineo,Asturias,Spain","Municipality","name+community"
"Tinieblas de la Sierra, Burgos","Tinieblas de la Sierra","Burgos","Castilla y León",NA,NA,NA,NA,"unmatched"
"Tirapu, Navarra","Tirapu","Navarra","Comunidad Foral de Navarra",NA,NA,NA,NA,"unmatched"
"Tirgo, La Rioja","Tirgo","La Rioja","La Rioja",NA,NA,NA,NA,"unmatched"
"Titaguas, Valencia","Titaguas","Valencia","Comunidad Valenciana",NA,NA,NA,NA,"unmatched"
"Titulcia, Madrid","Titulcia","Madrid","Comunidad de Madrid",NA,NA,NA,NA,"unmatched"
"Tiurana, Lleida","Tiurana","Lleida","Cataluña",NA,NA,NA,NA,"unmatched"
"Tivenys, Tarragona","Tivenys","Tarragona","Cataluña",NA,NA,NA,NA,"unmatched"
"Tivissa, Tarragona","Tivissa","Tarragona","Cataluña",NA,NA,NA,NA,"unmatched"
"Tiñosillos, Ávila","Tiñosillos","Ávila","Castilla y León",NA,NA,NA,NA,"unmatched"
"Tobar, Burgos","Tobar","Burgos","Castilla y León",NA,NA,NA,NA,"unmatched"
"Tobarra, Albacete","Tobarra","Albacete","Castilla-La Mancha",NA,NA,NA,NA,"unmatched"
"Tobed, Zaragoza","Tobed","Zaragoza","Aragón",NA,NA,NA,NA,"unmatched"
"Tobía, La Rioja","Tobía","La Rioja","La Rioja",NA,NA,NA,NA,"unmatched"
"Tocina, Sevilla","Tocina","Sevilla","Andalucía","9221429","Tocina","Tocina,Andalusia,Spain","Municipality","name+community"
"Todolella, Castellón","Todolella","Castellón","Comunidad Valenciana",NA,NA,NA,NA,"unmatched"
"Toga, Castellón","Toga","Castellón","Comunidad Valenciana",NA,NA,NA,NA,"unmatched"
"Tolbaños, Ávila","Tolbaños","Ávila","Castilla y León",NA,NA,NA,NA,"unmatched"
"Toledo, Toledo","Toledo","Toledo","Castilla-La Mancha","1005460","Toledo","Toledo,Castile-La Mancha,Spain","City","name+community"
"Tollos, Alicante","Tollos","Alicante","Comunidad Valenciana",NA,NA,NA,NA,"unmatched"
"Tolocirio, Segovia","Tolocirio","Segovia","Castilla y León",NA,NA,NA,NA,"unmatched"
"Tolosa, Guipúzcoa","Tolosa","Guipúzcoa","País Vasco","9049085","Tolosa","Tolosa,Basque Country,Spain","City","name+community"
"Tolox, Málaga","Tolox","Málaga","Andalucía",NA,NA,NA,NA,"unmatched"
"Tolva, Huesca","Tolva","Huesca","Aragón",NA,NA,NA,NA,"unmatched"
"Tomares, Sevilla","Tomares","Sevilla","Andalucía","1005422","Tomares","Tomares,Andalusia,Spain","City","name+community"
"Tomelloso, Ciudad Real","Tomelloso","Ciudad Real","Castilla-La Mancha","9049219","Tomelloso","Tomelloso,Castile-La Mancha,Spain","City","name+community"
"Tomiño, Pontevedra","Tomiño","Pontevedra","Galicia",NA,NA,NA,NA,"unmatched"
"Tona, Barcelona","Tona","Barcelona","Cataluña","9236179","Tona","Tona,Catalonia,Spain","Municipality","name+community"
"Topas, Salamanca","Topas","Salamanca","Castilla y León",NA,NA,NA,NA,"unmatched"
"Toques, A Coruña","Toques","A Coruña","Galicia",NA,NA,NA,NA,"unmatched"
"Toral de los Guzmanes, León","Toral de los Guzmanes","León","Castilla y León",NA,NA,NA,NA,"unmatched"
"Tordehumos, Valladolid","Tordehumos","Valladolid","Castilla y León",NA,NA,NA,NA,"unmatched"
"Tordellego, Guadalajara","Tordellego","Guadalajara","Castilla-La Mancha",NA,NA,NA,NA,"unmatched"
"Tordelrábano, Guadalajara","Tordelrábano","Guadalajara","Castilla-La Mancha",NA,NA,NA,NA,"unmatched"
"Tordera, Barcelona","Tordera","Barcelona","Cataluña",NA,NA,NA,NA,"unmatched"
"Tordesillas, Valladolid","Tordesillas","Valladolid","Castilla y León",NA,NA,NA,NA,"unmatched"
"Tordesilos, Guadalajara","Tordesilos","Guadalajara","Castilla-La Mancha",NA,NA,NA,NA,"unmatched"
"Tordillos, Salamanca","Tordillos","Salamanca","Castilla y León",NA,NA,NA,NA,"unmatched"
"Tordoia, A Coruña","Tordoia","A Coruña","Galicia","9216655","Tordoia","Tordoia,Galicia,Spain","Municipality","name+community"
"Tordómar, Burgos","Tordómar","Burgos","Castilla y León",NA,NA,NA,NA,"unmatched"
"Torelló, Barcelona","Torelló","Barcelona","Cataluña","9210239","Torello","Torello,Catalonia,Spain","City","name+community"
"Toreno, León","Toreno","León","Castilla y León",NA,NA,NA,NA,"unmatched"
"Torija, Guadalajara","Torija","Guadalajara","Castilla-La Mancha",NA,NA,NA,NA,"unmatched"
"Toril y Masegoso, Teruel","Toril y Masegoso","Teruel","Aragón",NA,NA,NA,NA,"unmatched"
"Toril, Cáceres","Toril","Cáceres","Extremadura",NA,NA,NA,NA,"unmatched"
"Torla, Huesca","Torla","Huesca","Aragón",NA,NA,NA,NA,"unmatched"
"Torlengua, Soria","Torlengua","Soria","Castilla y León",NA,NA,NA,NA,"unmatched"
"Tormantos, La Rioja","Tormantos","La Rioja","La Rioja",NA,NA,NA,NA,"unmatched"
"Tormellas, Ávila","Tormellas","Ávila","Castilla y León",NA,NA,NA,NA,"unmatched"
"Tormos, Alicante","Tormos","Alicante","Comunidad Valenciana",NA,NA,NA,NA,"unmatched"
"Tormón, Teruel","Tormón","Teruel","Aragón",NA,NA,NA,NA,"unmatched"
"Tornabous, Lleida","Tornabous","Lleida","Cataluña",NA,NA,NA,NA,"unmatched"
"Tornadizos de Ávila, Ávila","Tornadizos de Ávila","Ávila","Castilla y León",NA,NA,NA,NA,"unmatched"
"Tornavacas, Cáceres","Tornavacas","Cáceres","Extremadura",NA,NA,NA,NA,"unmatched"
"Tornos, Teruel","Tornos","Teruel","Aragón",NA,NA,NA,NA,"unmatched"
"Toro, Zamora","Toro","Zamora","Castilla y León","9249777","Toro","Toro,Castile and Leon,Spain","City","name+community"
"Torquemada, Palencia","Torquemada","Palencia","Castilla y León",NA,NA,NA,NA,"unmatched"
"Torralba de Aragón, Huesca","Torralba de Aragón","Huesca","Aragón",NA,NA,NA,NA,"unmatched"
"Torralba de Calatrava, Ciudad Real","Torralba de Calatrava","Ciudad Real","Castilla-La Mancha",NA,NA,NA,NA,"unmatched"
"Torralba de Oropesa, Toledo","Torralba de Oropesa","Toledo","Castilla-La Mancha",NA,NA,NA,NA,"unmatched"
"Torralba de Ribota, Zaragoza","Torralba de Ribota","Zaragoza","Aragón",NA,NA,NA,NA,"unmatched"
"Torralba de los Frailes, Zaragoza","Torralba de los Frailes","Zaragoza","Aragón",NA,NA,NA,NA,"unmatched"
"Torralba de los Sisones, Teruel","Torralba de los Sisones","Teruel","Aragón",NA,NA,NA,NA,"unmatched"
"Torralba del Pinar, Castellón","Torralba del Pinar","Castellón","Comunidad Valenciana",NA,NA,NA,NA,"unmatched"
"Torralba del Río, Navarra","Torralba del Río","Navarra","Comunidad Foral de Navarra",NA,NA,NA,NA,"unmatched"
"Torralba, Cuenca","Torralba","Cuenca","Castilla-La Mancha",NA,NA,NA,NA,"unmatched"
"Torralbilla, Zaragoza","Torralbilla","Zaragoza","Aragón",NA,NA,NA,NA,"unmatched"
"Torre Alháquime, Cádiz","Torre Alháquime","Cádiz","Andalucía",NA,NA,NA,NA,"unmatched"
"Torre Endoménech, Castellón","Torre Endoménech","Castellón","Comunidad Valenciana",NA,NA,NA,NA,"unmatched"
"Torre Val de San Pedro, Segovia","Torre Val de San Pedro","Segovia","Castilla y León",NA,NA,NA,NA,"unmatched"
"Torre de Arcas, Teruel","Torre de Arcas","Teruel","Aragón",NA,NA,NA,NA,"unmatched"
"Torre de Don Miguel, Cáceres","Torre de Don Miguel","Cáceres","Extremadura",NA,NA,NA,NA,"unmatched"
"Torre de Esgueva, Valladolid","Torre de Esgueva","Valladolid","Castilla y León",NA,NA,NA,NA,"unmatched"
"Torre de Juan Abad, Ciudad Real","Torre de Juan Abad","Ciudad Real","Castilla-La Mancha",NA,NA,NA,NA,"unmatched"
"Torre de Miguel Sesmero, Badajoz","Torre de Miguel Sesmero","Badajoz","Extremadura",NA,NA,NA,NA,"unmatched"
"Torre de Peñafiel, Valladolid","Torre de Peñafiel","Valladolid","Castilla y León",NA,NA,NA,NA,"unmatched"
"Torre de Santa María, Cáceres","Torre de Santa María","Cáceres","Extremadura",NA,NA,NA,NA,"unmatched"
"Torre de las Arcas, Teruel","Torre de las Arcas","Teruel","Aragón",NA,NA,NA,NA,"unmatched"
"Torre del Bierzo, León","Torre del Bierzo","León","Castilla y León",NA,NA,NA,NA,"unmatched"
"Torre del Burgo, Guadalajara","Torre del Burgo","Guadalajara","Castilla-La Mancha",NA,NA,NA,NA,"unmatched"
"Torre del Campo, Jaén","Torre del Campo","Jaén","Andalucía",NA,NA,NA,NA,"unmatched"
"Torre del Compte, Teruel","Torre del Compte","Teruel","Aragón",NA,NA,NA,NA,"unmatched"
"Torre en Cameros, La Rioja","Torre en Cameros","La Rioja","La Rioja",NA,NA,NA,NA,"unmatched"
"Torre la Ribera, Huesca","Torre la Ribera","Huesca","Aragón",NA,NA,NA,NA,"unmatched"
"Torre los Negros, Teruel","Torre los Negros","Teruel","Aragón",NA,NA,NA,NA,"unmatched"
"Torre-Cardela, Granada","Torre-Cardela","Granada","Andalucía",NA,NA,NA,NA,"unmatched"
"Torre-Pacheco, Murcia","Torre-Pacheco","Murcia","Región de Murcia","9209301","Torre-Pacheco","Torre-Pacheco,Region of Murcia,Spain","City","name+community"
"Torre-serona, Lleida","Torre-serona","Lleida","Cataluña",NA,NA,NA,NA,"unmatched"
"Torreadrada, Segovia","Torreadrada","Segovia","Castilla y León",NA,NA,NA,NA,"unmatched"
"Torrebaja, Valencia","Torrebaja","Valencia","Comunidad Valenciana",NA,NA,NA,NA,"unmatched"
"Torrebesses, Lleida","Torrebesses","Lleida","Cataluña",NA,NA,NA,NA,"unmatched"
"Torreblacos, Soria","Torreblacos","Soria","Castilla y León",NA,NA,NA,NA,"unmatched"
"Torreblanca, Castellón","Torreblanca","Castellón","Comunidad Valenciana",NA,NA,NA,NA,"unmatched"
"Torreblascopedro, Jaén","Torreblascopedro","Jaén","Andalucía",NA,NA,NA,NA,"unmatched"
"Torrecaballeros, Segovia","Torrecaballeros","Segovia","Castilla y León",NA,NA,NA,NA,"unmatched"
"Torrecampo, Córdoba","Torrecampo","Córdoba","Andalucía",NA,NA,NA,NA,"unmatched"
"Torrechiva, Castellón","Torrechiva","Castellón","Comunidad Valenciana",NA,NA,NA,NA,"unmatched"
"Torrecilla de Alcañiz, Teruel","Torrecilla de Alcañiz","Teruel","Aragón",NA,NA,NA,NA,"unmatched"
"Torrecilla de la Abadesa, Valladolid","Torrecilla de la Abadesa","Valladolid","Castilla y León",NA,NA,NA,NA,"unmatched"
"Torrecilla de la Jara, Toledo","Torrecilla de la Jara","Toledo","Castilla-La Mancha",NA,NA,NA,NA,"unmatched"
"Torrecilla de la Orden, Valladolid","Torrecilla de la Orden","Valladolid","Castilla y León",NA,NA,NA,NA,"unmatched"
"Torrecilla de la Torre, Valladolid","Torrecilla de la Torre","Valladolid","Castilla y León",NA,NA,NA,NA,"unmatched"
"Torrecilla de los Ángeles, Cáceres","Torrecilla de los Ángeles","Cáceres","Extremadura",NA,NA,NA,NA,"unmatched"
"Torrecilla del Monte, Burgos","Torrecilla del Monte","Burgos","Castilla y León",NA,NA,NA,NA,"unmatched"
"Torrecilla del Pinar, Segovia","Torrecilla del Pinar","Segovia","Castilla y León",NA,NA,NA,NA,"unmatched"
"Torrecilla del Rebollar, Teruel","Torrecilla del Rebollar","Teruel","Aragón",NA,NA,NA,NA,"unmatched"
"Torrecilla en Cameros, La Rioja","Torrecilla en Cameros","La Rioja","La Rioja",NA,NA,NA,NA,"unmatched"
"Torrecilla sobre Alesanco, La Rioja","Torrecilla sobre Alesanco","La Rioja","La Rioja",NA,NA,NA,NA,"unmatched"
"Torrecillas de la Tiesa, Cáceres","Torrecillas de la Tiesa","Cáceres","Extremadura",NA,NA,NA,NA,"unmatched"
"Torrecuadrada de Molina, Guadalajara","Torrecuadrada de Molina","Guadalajara","Castilla-La Mancha",NA,NA,NA,NA,"unmatched"
"Torrecuadradilla, Guadalajara","Torrecuadradilla","Guadalajara","Castilla-La Mancha",NA,NA,NA,NA,"unmatched"
"Torredembarra, Tarragona","Torredembarra","Tarragona","Cataluña",NA,NA,NA,NA,"unmatched"
"Torredonjimeno, Jaén","Torredonjimeno","Jaén","Andalucía","9049221","Torredonjimeno","Torredonjimeno,Andalusia,Spain","City","name+community"
"Torrefarrera, Lleida","Torrefarrera","Lleida","Cataluña",NA,NA,NA,NA,"unmatched"
"Torrefeta i Florejacs, Lleida","Torrefeta i Florejacs","Lleida","Cataluña",NA,NA,NA,NA,"unmatched"
"Torregalindo, Burgos","Torregalindo","Burgos","Castilla y León",NA,NA,NA,NA,"unmatched"
"Torregamones, Zamora","Torregamones","Zamora","Castilla y León",NA,NA,NA,NA,"unmatched"
"Torregrossa, Lleida","Torregrossa","Lleida","Cataluña",NA,NA,NA,NA,"unmatched"
"Torrehermosa, Zaragoza","Torrehermosa","Zaragoza","Aragón",NA,NA,NA,NA,"unmatched"
"Torreiglesias, Segovia","Torreiglesias","Segovia","Castilla y León",NA,NA,NA,NA,"unmatched"
"Torrejoncillo del Rey, Cuenca","Torrejoncillo del Rey","Cuenca","Castilla-La Mancha",NA,NA,NA,NA,"unmatched"
"Torrejoncillo, Cáceres","Torrejoncillo","Cáceres","Extremadura",NA,NA,NA,NA,"unmatched"
"Torrejón de Ardoz, Madrid","Torrejón de Ardoz","Madrid","Comunidad de Madrid","1005496","Torrejon de Ardoz","Torrejon de Ardoz,Community of Madrid,Spain","City","name+community"
"Torrejón de Velasco, Madrid","Torrejón de Velasco","Madrid","Comunidad de Madrid",NA,NA,NA,NA,"unmatched"
"Torrejón de la Calzada, Madrid","Torrejón de la Calzada","Madrid","Comunidad de Madrid","9239446","Torrejon de la Calzada","Torrejon de la Calzada,Community of Madrid,Spain","Municipality","name+community"
"Torrejón del Rey, Guadalajara","Torrejón del Rey","Guadalajara","Castilla-La Mancha","9244405","Torrejon del Rey","Torrejon del Rey,Castile-La Mancha,Spain","Municipality","name+community"
"Torrejón el Rubio, Cáceres","Torrejón el Rubio","Cáceres","Extremadura",NA,NA,NA,NA,"unmatched"
"Torrelacárcel, Teruel","Torrelacárcel","Teruel","Aragón",NA,NA,NA,NA,"unmatched"
"Torrelaguna, Madrid","Torrelaguna","Madrid","Comunidad de Madrid","1005497","Torrelaguna","Torrelaguna,Community of Madrid,Spain","City","name+community"
"Torrelameu, Lleida","Torrelameu","Lleida","Cataluña",NA,NA,NA,NA,"unmatched"
"Torrelapaja, Zaragoza","Torrelapaja","Zaragoza","Aragón",NA,NA,NA,NA,"unmatched"
"Torrelara, Burgos","Torrelara","Burgos","Castilla y León",NA,NA,NA,NA,"unmatched"
"Torrelavega, Cantabria","Torrelavega","Cantabria","Cantabria","9049222","Torrelavega","Torrelavega,Cantabria,Spain","City","name+community"
"Torrelavit, Barcelona","Torrelavit","Barcelona","Cataluña",NA,NA,NA,NA,"unmatched"
"Torrella, Valencia","Torrella","Valencia","Comunidad Valenciana",NA,NA,NA,NA,"unmatched"
"Torrellas, Zaragoza","Torrellas","Zaragoza","Aragón",NA,NA,NA,NA,"unmatched"
"Torrelles de Foix, Barcelona","Torrelles de Foix","Barcelona","Cataluña",NA,NA,NA,NA,"unmatched"
"Torrelles de Llobregat, Barcelona","Torrelles de Llobregat","Barcelona","Cataluña",NA,NA,NA,NA,"unmatched"
"Torrelobatón, Valladolid","Torrelobatón","Valladolid","Castilla y León",NA,NA,NA,NA,"unmatched"
"Torrelodones, Madrid","Torrelodones","Madrid","Comunidad de Madrid","9190106","Municipality of Torrelodones","Municipality of Torrelodones,Community of Madrid,Spain","Municipality","name+community"
"Torremanzanas, Alicante","Torremanzanas","Alicante","Comunidad Valenciana",NA,NA,NA,NA,"unmatched"
"Torremayor, Badajoz","Torremayor","Badajoz","Extremadura",NA,NA,NA,NA,"unmatched"
"Torremejía, Badajoz","Torremejía","Badajoz","Extremadura",NA,NA,NA,NA,"unmatched"
"Torremenga, Cáceres","Torremenga","Cáceres","Extremadura",NA,NA,NA,NA,"unmatched"
"Torremocha de Jadraque, Guadalajara","Torremocha de Jadraque","Guadalajara","Castilla-La Mancha",NA,NA,NA,NA,"unmatched"
"Torremocha de Jarama, Madrid","Torremocha de Jarama","Madrid","Comunidad de Madrid",NA,NA,NA,NA,"unmatched"
"Torremocha de Jiloca, Teruel","Torremocha de Jiloca","Teruel","Aragón",NA,NA,NA,NA,"unmatched"
"Torremocha del Campo, Guadalajara","Torremocha del Campo","Guadalajara","Castilla-La Mancha",NA,NA,NA,NA,"unmatched"
"Torremocha del Pinar, Guadalajara","Torremocha del Pinar","Guadalajara","Castilla-La Mancha",NA,NA,NA,NA,"unmatched"
"Torremocha, Cáceres","Torremocha","Cáceres","Extremadura",NA,NA,NA,NA,"unmatched"
"Torremochuela, Guadalajara","Torremochuela","Guadalajara","Castilla-La Mancha",NA,NA,NA,NA,"unmatched"
"Torremolinos, Málaga","Torremolinos","Málaga","Andalucía","9222292","Municipality of Torremolinos","Municipality of Torremolinos,Andalusia,Spain","Municipality","name+community"
"Torremontalbo, La Rioja","Torremontalbo","La Rioja","La Rioja",NA,NA,NA,NA,"unmatched"
"Torremormojón, Palencia","Torremormojón","Palencia","Castilla y León",NA,NA,NA,NA,"unmatched"
"Torrent, Girona","Torrent","Girona","Cataluña",NA,NA,NA,NA,"name only (rejected)"
"Torrent, Valencia","Torrent","Valencia","Comunidad Valenciana","9243986","Municipality of Torrent","Municipality of Torrent,Valencian Community,Spain","Municipality","name+community"
"Torrente de Cinca, Huesca","Torrente de Cinca","Huesca","Aragón",NA,NA,NA,NA,"unmatched"
"Torrenueva, Ciudad Real","Torrenueva","Ciudad Real","Castilla-La Mancha",NA,NA,NA,NA,"unmatched"
"Torreorgaz, Cáceres","Torreorgaz","Cáceres","Extremadura",NA,NA,NA,NA,"unmatched"
"Torrepadre, Burgos","Torrepadre","Burgos","Castilla y León",NA,NA,NA,NA,"unmatched"
"Torreperogil, Jaén","Torreperogil","Jaén","Andalucía",NA,NA,NA,NA,"unmatched"
"Torrequemada, Cáceres","Torrequemada","Cáceres","Extremadura",NA,NA,NA,NA,"unmatched"
"Torres Torres, Valencia","Torres Torres","Valencia","Comunidad Valenciana",NA,NA,NA,NA,"unmatched"
"Torres de Albarracín, Teruel","Torres de Albarracín","Teruel","Aragón",NA,NA,NA,NA,"unmatched"
"Torres de Albánchez, Jaén","Torres de Albánchez","Jaén","Andalucía",NA,NA,NA,NA,"unmatched"
"Torres de Alcanadre, Huesca","Torres de Alcanadre","Huesca","Aragón",NA,NA,NA,NA,"unmatched"
"Torres de Barbués, Huesca","Torres de Barbués","Huesca","Aragón",NA,NA,NA,NA,"unmatched"
"Torres de Berrellén, Zaragoza","Torres de Berrellén","Zaragoza","Aragón",NA,NA,NA,NA,"unmatched"
"Torres de Segre, Lleida","Torres de Segre","Lleida","Cataluña",NA,NA,NA,NA,"unmatched"
"Torres de la Alameda, Madrid","Torres de la Alameda","Madrid","Comunidad de Madrid","9256471","Torres de la Alameda","Torres de la Alameda,Community of Madrid,Spain","Municipality","name+community"
"Torres del Carrizal, Zamora","Torres del Carrizal","Zamora","Castilla y León",NA,NA,NA,NA,"unmatched"
"Torres del Río, Navarra","Torres del Río","Navarra","Comunidad Foral de Navarra",NA,NA,NA,NA,"unmatched"
"Torres, Jaén","Torres","Jaén","Andalucía",NA,NA,NA,NA,"unmatched"
"Torresandino, Burgos","Torresandino","Burgos","Castilla y León",NA,NA,NA,NA,"unmatched"
"Torrescárcela, Valladolid","Torrescárcela","Valladolid","Castilla y León",NA,NA,NA,NA,"unmatched"
"Torresmenudas, Salamanca","Torresmenudas","Salamanca","Castilla y León",NA,NA,NA,NA,"unmatched"
"Torrevelilla, Teruel","Torrevelilla","Teruel","Aragón",NA,NA,NA,NA,"unmatched"
"Torrevieja, Alicante","Torrevieja","Alicante","Comunidad Valenciana","9241443","Torrevieja","Torrevieja,Valencian Community,Spain","Municipality","name+community"
"Torrico, Toledo","Torrico","Toledo","Castilla-La Mancha",NA,NA,NA,NA,"unmatched"
"Torrijas, Teruel","Torrijas","Teruel","Aragón",NA,NA,NA,NA,"unmatched"
"Torrijo de la Cañada, Zaragoza","Torrijo de la Cañada","Zaragoza","Aragón",NA,NA,NA,NA,"unmatched"
"Torrijo del Campo, Teruel","Torrijo del Campo","Teruel","Aragón",NA,NA,NA,NA,"unmatched"
"Torrijos, Toledo","Torrijos","Toledo","Castilla-La Mancha","9216816","Torrijos","Torrijos,Castile-La Mancha,Spain","City","name+community"
"Torroella de Fluvià, Girona","Torroella de Fluvià","Girona","Cataluña",NA,NA,NA,NA,"unmatched"
"Torroella de Montgrí, Girona","Torroella de Montgrí","Girona","Cataluña","9253436","Torroella de Montgri","Torroella de Montgri,Catalonia,Spain","Municipality","name+community"
"Torroja del Priorat, Tarragona","Torroja del Priorat","Tarragona","Cataluña",NA,NA,NA,NA,"unmatched"
"Torrox, Málaga","Torrox","Málaga","Andalucía",NA,NA,NA,NA,"unmatched"
"Torrubia de Soria, Soria","Torrubia de Soria","Soria","Castilla y León",NA,NA,NA,NA,"unmatched"
"Torrubia del Campo, Cuenca","Torrubia del Campo","Cuenca","Castilla-La Mancha",NA,NA,NA,NA,"unmatched"
"Torrubia del Castillo, Cuenca","Torrubia del Castillo","Cuenca","Castilla-La Mancha",NA,NA,NA,NA,"unmatched"
"Torrubia, Guadalajara","Torrubia","Guadalajara","Castilla-La Mancha",NA,NA,NA,NA,"unmatched"
"Tortellà, Girona","Tortellà","Girona","Cataluña",NA,NA,NA,NA,"unmatched"
"Tortosa, Tarragona","Tortosa","Tarragona","Cataluña","9049225","Tortosa","Tortosa,Catalonia,Spain","City","name+community"
"Tortuera, Guadalajara","Tortuera","Guadalajara","Castilla-La Mancha",NA,NA,NA,NA,"unmatched"
"Tortuero, Guadalajara","Tortuero","Guadalajara","Castilla-La Mancha",NA,NA,NA,NA,"unmatched"
"Torvizcón, Granada","Torvizcón","Granada","Andalucía",NA,NA,NA,NA,"unmatched"
"Torà, Lleida","Torà","Lleida","Cataluña",NA,NA,NA,NA,"unmatched"
"Torás, Castellón","Torás","Castellón","Comunidad Valenciana",NA,NA,NA,NA,"unmatched"
"Tosantos, Burgos","Tosantos","Burgos","Castilla y León",NA,NA,NA,NA,"unmatched"
"Toses, Girona","Toses","Girona","Cataluña",NA,NA,NA,NA,"unmatched"
"Tosos, Zaragoza","Tosos","Zaragoza","Aragón",NA,NA,NA,NA,"unmatched"
"Tossa de Mar, Girona","Tossa de Mar","Girona","Cataluña","9260214","Tossa de Mar","Tossa de Mar,Catalonia,Spain","Municipality","name+community"
"Totalán, Málaga","Totalán","Málaga","Andalucía",NA,NA,NA,NA,"unmatched"
"Totana, Murcia","Totana","Murcia","Región de Murcia","9049226","Totana","Totana,Region of Murcia,Spain","City","name+community"
"Totanés, Toledo","Totanés","Toledo","Castilla-La Mancha",NA,NA,NA,NA,"unmatched"
"Touro, A Coruña","Touro","A Coruña","Galicia",NA,NA,NA,NA,"unmatched"
"Tous, Valencia","Tous","Valencia","Comunidad Valenciana",NA,NA,NA,NA,"unmatched"
"Toén, Ourense","Toén","Ourense","Galicia",NA,NA,NA,NA,"unmatched"
"Trabada, Lugo","Trabada","Lugo","Galicia",NA,NA,NA,NA,"unmatched"
"Trabadelo, León","Trabadelo","León","Castilla y León",NA,NA,NA,NA,"unmatched"
"Trabanca, Salamanca","Trabanca","Salamanca","Castilla y León",NA,NA,NA,NA,"unmatched"
"Trabazos, Zamora","Trabazos","Zamora","Castilla y León",NA,NA,NA,NA,"unmatched"
"Tragacete, Cuenca","Tragacete","Cuenca","Castilla-La Mancha",NA,NA,NA,NA,"unmatched"
"Traiguera, Castellón","Traiguera","Castellón","Comunidad Valenciana",NA,NA,NA,NA,"unmatched"
"Tramacastiel, Teruel","Tramacastiel","Teruel","Aragón",NA,NA,NA,NA,"unmatched"
"Tramacastilla, Teruel","Tramacastilla","Teruel","Aragón",NA,NA,NA,NA,"unmatched"
"Tramaced, Huesca","Tramaced","Huesca","Aragón",NA,NA,NA,NA,"unmatched"
"Trasierra, Badajoz","Trasierra","Badajoz","Extremadura",NA,NA,NA,NA,"unmatched"
"Trasmiras, Ourense","Trasmiras","Ourense","Galicia",NA,NA,NA,NA,"unmatched"
"Trasmoz, Zaragoza","Trasmoz","Zaragoza","Aragón",NA,NA,NA,NA,"unmatched"
"Trasobares, Zaragoza","Trasobares","Zaragoza","Aragón",NA,NA,NA,NA,"unmatched"
"Traspinedo, Valladolid","Traspinedo","Valladolid","Castilla y León",NA,NA,NA,NA,"unmatched"
"Trazo, A Coruña","Trazo","A Coruña","Galicia",NA,NA,NA,NA,"unmatched"
"Traíd, Guadalajara","Traíd","Guadalajara","Castilla-La Mancha",NA,NA,NA,NA,"unmatched"
"Trebujena, Cádiz","Trebujena","Cádiz","Andalucía",NA,NA,NA,NA,"unmatched"
"Trefacio, Zamora","Trefacio","Zamora","Castilla y León",NA,NA,NA,NA,"unmatched"
"Tremedal de Tormes, Salamanca","Tremedal de Tormes","Salamanca","Castilla y León",NA,NA,NA,NA,"unmatched"
"Tremp, Lleida","Tremp","Lleida","Cataluña",NA,NA,NA,NA,"unmatched"
"Tres Cantos, Madrid","Tres Cantos","Madrid","Comunidad de Madrid","9049227","Tres Cantos","Tres Cantos,Community of Madrid,Spain","City","name+community"
"Trescasas, Segovia","Trescasas","Segovia","Castilla y León",NA,NA,NA,NA,"unmatched"
"Tresjuncos, Cuenca","Tresjuncos","Cuenca","Castilla-La Mancha",NA,NA,NA,NA,"unmatched"
"Trespaderne, Burgos","Trespaderne","Burgos","Castilla y León",NA,NA,NA,NA,"unmatched"
"Tresviso, Cantabria","Tresviso","Cantabria","Cantabria",NA,NA,NA,NA,"unmatched"
"Treviana, La Rioja","Treviana","La Rioja","La Rioja",NA,NA,NA,NA,"unmatched"
"Trevélez, Granada","Trevélez","Granada","Andalucía",NA,NA,NA,NA,"unmatched"
"Triacastela, Lugo","Triacastela","Lugo","Galicia",NA,NA,NA,NA,"unmatched"
"Tribaldos, Cuenca","Tribaldos","Cuenca","Castilla-La Mancha",NA,NA,NA,NA,"unmatched"
"Tricio, La Rioja","Tricio","La Rioja","La Rioja",NA,NA,NA,NA,"unmatched"
"Trigueros del Valle, Valladolid","Trigueros del Valle","Valladolid","Castilla y León",NA,NA,NA,NA,"unmatched"
"Trigueros, Huelva","Trigueros","Huelva","Andalucía",NA,NA,NA,NA,"unmatched"
"Trijueque, Guadalajara","Trijueque","Guadalajara","Castilla-La Mancha",NA,NA,NA,NA,"unmatched"
"Trillo, Guadalajara","Trillo","Guadalajara","Castilla-La Mancha",NA,NA,NA,NA,"unmatched"
"Triollo, Palencia","Triollo","Palencia","Castilla y León",NA,NA,NA,NA,"unmatched"
"Tronchón, Teruel","Tronchón","Teruel","Aragón",NA,NA,NA,NA,"unmatched"
"Truchas, León","Truchas","León","Castilla y León",NA,NA,NA,NA,"unmatched"
"Trucios-Turtzioz, Vizcaya","Trucios-Turtzioz","Vizcaya","País Vasco",NA,NA,NA,NA,"unmatched"
"Trujillanos, Badajoz","Trujillanos","Badajoz","Extremadura",NA,NA,NA,NA,"unmatched"
"Trujillo, Cáceres","Trujillo","Cáceres","Extremadura",NA,NA,NA,NA,"unmatched"
"Trévago, Soria","Trévago","Soria","Castilla y León",NA,NA,NA,NA,"unmatched"
"Tubilla del Agua, Burgos","Tubilla del Agua","Burgos","Castilla y León",NA,NA,NA,NA,"unmatched"
"Tubilla del Lago, Burgos","Tubilla del Lago","Burgos","Castilla y León",NA,NA,NA,NA,"unmatched"
"Tudanca, Cantabria","Tudanca","Cantabria","Cantabria",NA,NA,NA,NA,"unmatched"
"Tudela de Duero, Valladolid","Tudela de Duero","Valladolid","Castilla y León","9226731","Tudela de Duero","Tudela de Duero,Castile and Leon,Spain","Municipality","name+community"
"Tudela, Navarra","Tudela","Navarra","Comunidad Foral de Navarra",NA,NA,NA,NA,"name only (rejected)"
"Tudelilla, La Rioja","Tudelilla","La Rioja","La Rioja",NA,NA,NA,NA,"unmatched"
"Tui, Pontevedra","Tui","Pontevedra","Galicia","9241072","Tui","Tui,Galicia,Spain","Municipality","name+community"
"Tuineje, Las Palmas","Tuineje","Las Palmas","Islas Canarias",NA,NA,NA,NA,"unmatched"
"Tulebras, Navarra","Tulebras","Navarra","Comunidad Foral de Navarra",NA,NA,NA,NA,"unmatched"
"Turcia, León","Turcia","León","Castilla y León",NA,NA,NA,NA,"unmatched"
"Turleque, Toledo","Turleque","Toledo","Castilla-La Mancha",NA,NA,NA,NA,"unmatched"
"Turre, Almería","Turre","Almería","Andalucía","9049228","Turre","Turre,Andalusia,Spain","City","name+community"
"Turrillas, Almería","Turrillas","Almería","Andalucía",NA,NA,NA,NA,"unmatched"
"Turégano, Segovia","Turégano","Segovia","Castilla y León",NA,NA,NA,NA,"unmatched"
"Turís, Valencia","Turís","Valencia","Comunidad Valenciana",NA,NA,NA,NA,"unmatched"
"Turón, Granada","Turón","Granada","Andalucía",NA,NA,NA,NA,"unmatched"
"Tuéjar, Valencia","Tuéjar","Valencia","Comunidad Valenciana",NA,NA,NA,NA,"unmatched"
"Tàrrega, Lleida","Tàrrega","Lleida","Cataluña","9049217","Tarrega","Tarrega,Catalonia,Spain","City","name+community"
"Tábara, Zamora","Tábara","Zamora","Castilla y León",NA,NA,NA,NA,"unmatched"
"Táliga, Badajoz","Táliga","Badajoz","Extremadura",NA,NA,NA,NA,"unmatched"
"Támara de Campos, Palencia","Támara de Campos","Palencia","Castilla y León",NA,NA,NA,NA,"unmatched"
"Tárbena, Alicante","Tárbena","Alicante","Comunidad Valenciana",NA,NA,NA,NA,"unmatched"
"Tébar, Cuenca","Tébar","Cuenca","Castilla-La Mancha",NA,NA,NA,NA,"unmatched"
"Térmens, Lleida","Térmens","Lleida","Cataluña",NA,NA,NA,NA,"unmatched"
"Tías, Las Palmas","Tías","Las Palmas","Islas Canarias","9258835","Tias","Tias,Canary Islands,Spain","City","name+community"
"Tíjola, Almería","Tíjola","Almería","Andalucía",NA,NA,NA,NA,"unmatched"
"Tírig, Castellón","Tírig","Castellón","Comunidad Valenciana",NA,NA,NA,NA,"unmatched"
"Tírvia, Lleida","Tírvia","Lleida","Cataluña",NA,NA,NA,NA,"unmatched"
"Tórtola de Henares, Guadalajara","Tórtola de Henares","Guadalajara","Castilla-La Mancha",NA,NA,NA,NA,"unmatched"
"Tórtoles de Esgueva, Burgos","Tórtoles de Esgueva","Burgos","Castilla y León",NA,NA,NA,NA,"unmatched"
"Tórtoles, Ávila","Tórtoles","Ávila","Castilla y León",NA,NA,NA,NA,"unmatched"
"Ubide, Vizcaya","Ubide","Vizcaya","País Vasco",NA,NA,NA,NA,"unmatched"
"Ubrique, Cádiz","Ubrique","Cádiz","Andalucía","9245636","Ubrique","Ubrique,Andalusia,Spain","Municipality","name+community"
"Ucar, Navarra","Ucar","Navarra","Comunidad Foral de Navarra",NA,NA,NA,NA,"unmatched"
"Uceda, Guadalajara","Uceda","Guadalajara","Castilla-La Mancha",NA,NA,NA,NA,"unmatched"
"Ucero, Soria","Ucero","Soria","Castilla y León",NA,NA,NA,NA,"unmatched"
"Uclés, Cuenca","Uclés","Cuenca","Castilla-La Mancha",NA,NA,NA,NA,"unmatched"
"Udías, Cantabria","Udías","Cantabria","Cantabria",NA,NA,NA,NA,"unmatched"
"Ugao-Miraballes, Vizcaya","Ugao-Miraballes","Vizcaya","País Vasco",NA,NA,NA,NA,"unmatched"
"Ugena, Toledo","Ugena","Toledo","Castilla-La Mancha",NA,NA,NA,NA,"unmatched"
"Ugíjar, Granada","Ugíjar","Granada","Andalucía",NA,NA,NA,NA,"unmatched"
"Uharte-Arakil, Navarra","Uharte-Arakil","Navarra","Comunidad Foral de Navarra",NA,NA,NA,NA,"unmatched"
"Ujados, Guadalajara","Ujados","Guadalajara","Castilla-La Mancha",NA,NA,NA,NA,"unmatched"
"Ujué, Navarra","Ujué","Navarra","Comunidad Foral de Navarra",NA,NA,NA,NA,"unmatched"
"Ulea, Murcia","Ulea","Murcia","Región de Murcia",NA,NA,NA,NA,"unmatched"
"Uleila del Campo, Almería","Uleila del Campo","Almería","Andalucía",NA,NA,NA,NA,"unmatched"
"Ullastrell, Barcelona","Ullastrell","Barcelona","Cataluña",NA,NA,NA,NA,"unmatched"
"Ullastret, Girona","Ullastret","Girona","Cataluña",NA,NA,NA,NA,"unmatched"
"Ulldecona, Tarragona","Ulldecona","Tarragona","Cataluña",NA,NA,NA,NA,"unmatched"
"Ulldemolins, Tarragona","Ulldemolins","Tarragona","Cataluña",NA,NA,NA,NA,"unmatched"
"Ullà, Girona","Ullà","Girona","Cataluña",NA,NA,NA,NA,"unmatched"
"Ultramort, Girona","Ultramort","Girona","Cataluña",NA,NA,NA,NA,"unmatched"
"Ultzama, Navarra","Ultzama","Navarra","Comunidad Foral de Navarra",NA,NA,NA,NA,"unmatched"
"Umbrete, Sevilla","Umbrete","Sevilla","Andalucía","9247641","Umbrete","Umbrete,Andalusia,Spain","Municipality","name+community"
"Umbrías, Ávila","Umbrías","Ávila","Castilla y León",NA,NA,NA,NA,"unmatched"
"Uncastillo, Zaragoza","Uncastillo","Zaragoza","Aragón",NA,NA,NA,NA,"unmatched"
"Unciti, Navarra","Unciti","Navarra","Comunidad Foral de Navarra",NA,NA,NA,NA,"unmatched"
"Undués de Lerda, Zaragoza","Undués de Lerda","Zaragoza","Aragón",NA,NA,NA,NA,"unmatched"
"Unzué, Navarra","Unzué","Navarra","Comunidad Foral de Navarra",NA,NA,NA,NA,"unmatched"
"Urda, Toledo","Urda","Toledo","Castilla-La Mancha",NA,NA,NA,NA,"unmatched"
"Urdazubi, Navarra","Urdazubi","Navarra","Comunidad Foral de Navarra",NA,NA,NA,NA,"unmatched"
"Urdiain, Navarra","Urdiain","Navarra","Comunidad Foral de Navarra",NA,NA,NA,NA,"name only (rejected)"
"Urdiales del Páramo, León","Urdiales del Páramo","León","Castilla y León",NA,NA,NA,NA,"unmatched"
"Urduliz, Vizcaya","Urduliz","Vizcaya","País Vasco",NA,NA,NA,NA,"unmatched"
"Urduña-Orduña, Álava","Urduña-Orduña","Álava","País Vasco","9221151","Urduna / Orduna","Urduna / Orduna,Basque Country,Spain","Municipality","name+community"
"Urkabustaiz, Álava","Urkabustaiz","Álava","País Vasco",NA,NA,NA,NA,"unmatched"
"Urnieta, Guipúzcoa","Urnieta","Guipúzcoa","País Vasco","1005522","Urnieta","Urnieta,Basque Country,Spain","City","name+community"
"Urones de Castroponce, Valladolid","Urones de Castroponce","Valladolid","Castilla y León",NA,NA,NA,NA,"unmatched"
"Urraul Alto, Navarra","Urraul Alto","Navarra","Comunidad Foral de Navarra",NA,NA,NA,NA,"unmatched"
"Urraul Bajo, Navarra","Urraul Bajo","Navarra","Comunidad Foral de Navarra",NA,NA,NA,NA,"unmatched"
"Urrea de Gaén, Teruel","Urrea de Gaén","Teruel","Aragón",NA,NA,NA,NA,"unmatched"
"Urrea de Jalón, Zaragoza","Urrea de Jalón","Zaragoza","Aragón",NA,NA,NA,NA,"unmatched"
"Urretxu, Guipúzcoa","Urretxu","Guipúzcoa","País Vasco",NA,NA,NA,NA,"unmatched"
"Urriés, Zaragoza","Urriés","Zaragoza","Aragón",NA,NA,NA,NA,"unmatched"
"Urrotz, Navarra","Urrotz","Navarra","Comunidad Foral de Navarra",NA,NA,NA,NA,"unmatched"
"Urroz, Navarra","Urroz","Navarra","Comunidad Foral de Navarra",NA,NA,NA,NA,"unmatched"
"Urrácal, Almería","Urrácal","Almería","Andalucía",NA,NA,NA,NA,"unmatched"
"Urueña, Valladolid","Urueña","Valladolid","Castilla y León",NA,NA,NA,NA,"unmatched"
"Urueñas, Segovia","Urueñas","Segovia","Castilla y León",NA,NA,NA,NA,"unmatched"
"Uruñuela, La Rioja","Uruñuela","La Rioja","La Rioja",NA,NA,NA,NA,"unmatched"
"Urzainqui, Navarra","Urzainqui","Navarra","Comunidad Foral de Navarra",NA,NA,NA,NA,"unmatched"
"Urús, Girona","Urús","Girona","Cataluña",NA,NA,NA,NA,"unmatched"
"Usagre, Badajoz","Usagre","Badajoz","Extremadura",NA,NA,NA,NA,"unmatched"
"Used, Zaragoza","Used","Zaragoza","Aragón",NA,NA,NA,NA,"unmatched"
"Usurbil, Guipúzcoa","Usurbil","Guipúzcoa","País Vasco",NA,NA,NA,NA,"unmatched"
"Utande, Guadalajara","Utande","Guadalajara","Castilla-La Mancha",NA,NA,NA,NA,"unmatched"
"Utebo, Zaragoza","Utebo","Zaragoza","Aragón","9049231","Utebo","Utebo,Aragon,Spain","City","name+community"
"Uterga, Navarra","Uterga","Navarra","Comunidad Foral de Navarra",NA,NA,NA,NA,"unmatched"
"Utiel, Valencia","Utiel","Valencia","Comunidad Valenciana",NA,NA,NA,NA,"unmatched"
"Utrera, Sevilla","Utrera","Sevilla","Andalucía","9049232","Utrera","Utrera,Andalusia,Spain","City","name+community"
"Utrillas, Teruel","Utrillas","Teruel","Aragón",NA,NA,NA,NA,"unmatched"
"Uztárroz, Navarra","Uztárroz","Navarra","Comunidad Foral de Navarra",NA,NA,NA,NA,"unmatched"
"Uña de Quintana, Zamora","Uña de Quintana","Zamora","Castilla y León",NA,NA,NA,NA,"unmatched"
"Uña, Cuenca","Uña","Cuenca","Castilla-La Mancha",NA,NA,NA,NA,"unmatched"
"Vacarisses, Barcelona","Vacarisses","Barcelona","Cataluña","9222479","Vacarisses","Vacarisses,Catalonia,Spain","Municipality","name+community"
"Vadillo de la Guareña, Zamora","Vadillo de la Guareña","Zamora","Castilla y León",NA,NA,NA,NA,"unmatched"
"Vadillo de la Sierra, Ávila","Vadillo de la Sierra","Ávila","Castilla y León",NA,NA,NA,NA,"unmatched"
"Vadillo, Soria","Vadillo","Soria","Castilla y León",NA,NA,NA,NA,"unmatched"
"Vadocondes, Burgos","Vadocondes","Burgos","Castilla y León",NA,NA,NA,NA,"unmatched"
"Val de San Lorenzo, León","Val de San Lorenzo","León","Castilla y León",NA,NA,NA,NA,"unmatched"
"Val de San Martín, Zaragoza","Val de San Martín","Zaragoza","Aragón",NA,NA,NA,NA,"unmatched"
"Val de San Vicente, Cantabria","Val de San Vicente","Cantabria","Cantabria",NA,NA,NA,NA,"unmatched"
"Val do Dubra, A Coruña","Val do Dubra","A Coruña","Galicia","9217904","Val do Dubra","Val do Dubra,Galicia,Spain","Municipality","name+community"
"Valacloche, Teruel","Valacloche","Teruel","Aragón",NA,NA,NA,NA,"unmatched"
"Valbona, Teruel","Valbona","Teruel","Aragón",NA,NA,NA,NA,"unmatched"
"Valbuena de Duero, Valladolid","Valbuena de Duero","Valladolid","Castilla y León",NA,NA,NA,NA,"unmatched"
"Valbuena de Pisuerga, Palencia","Valbuena de Pisuerga","Palencia","Castilla y León",NA,NA,NA,NA,"unmatched"
"Valcabado, Zamora","Valcabado","Zamora","Castilla y León",NA,NA,NA,NA,"unmatched"
"Valdaracete, Madrid","Valdaracete","Madrid","Comunidad de Madrid",NA,NA,NA,NA,"unmatched"
"Valdarachas, Guadalajara","Valdarachas","Guadalajara","Castilla-La Mancha",NA,NA,NA,NA,"unmatched"
"Valdastillas, Cáceres","Valdastillas","Cáceres","Extremadura",NA,NA,NA,NA,"unmatched"
"Valde-Ucieza, Palencia","Valde-Ucieza","Palencia","Castilla y León",NA,NA,NA,NA,"unmatched"
"Valdealgorfa, Teruel","Valdealgorfa","Teruel","Aragón",NA,NA,NA,NA,"unmatched"
"Valdeande, Burgos","Valdeande","Burgos","Castilla y León",NA,NA,NA,NA,"unmatched"
"Valdearcos de la Vega, Valladolid","Valdearcos de la Vega","Valladolid","Castilla y León",NA,NA,NA,NA,"unmatched"
"Valdearenas, Guadalajara","Valdearenas","Guadalajara","Castilla-La Mancha",NA,NA,NA,NA,"unmatched"
"Valdeavellano de Tera, Soria","Valdeavellano de Tera","Soria","Castilla y León",NA,NA,NA,NA,"unmatched"
"Valdeavellano, Guadalajara","Valdeavellano","Guadalajara","Castilla-La Mancha",NA,NA,NA,NA,"unmatched"
"Valdeavero, Madrid","Valdeavero","Madrid","Comunidad de Madrid","9240729","Valdeavero","Valdeavero,Community of Madrid,Spain","Municipality","name+community"
"Valdeaveruelo, Guadalajara","Valdeaveruelo","Guadalajara","Castilla-La Mancha",NA,NA,NA,NA,"unmatched"
"Valdecaballeros, Badajoz","Valdecaballeros","Badajoz","Extremadura",NA,NA,NA,NA,"unmatched"
"Valdecarros, Salamanca","Valdecarros","Salamanca","Castilla y León",NA,NA,NA,NA,"unmatched"
"Valdecasa, Ávila","Valdecasa","Ávila","Castilla y León",NA,NA,NA,NA,"unmatched"
"Valdecañas de Tajo, Cáceres","Valdecañas de Tajo","Cáceres","Extremadura",NA,NA,NA,NA,"unmatched"
"Valdeconcha, Guadalajara","Valdeconcha","Guadalajara","Castilla-La Mancha",NA,NA,NA,NA,"unmatched"
"Valdecuenca, Teruel","Valdecuenca","Teruel","Aragón",NA,NA,NA,NA,"unmatched"
"Valdefinjas, Zamora","Valdefinjas","Zamora","Castilla y León",NA,NA,NA,NA,"unmatched"
"Valdefresno, León","Valdefresno","León","Castilla y León",NA,NA,NA,NA,"unmatched"
"Valdefuentes de Sangusín, Salamanca","Valdefuentes de Sangusín","Salamanca","Castilla y León",NA,NA,NA,NA,"unmatched"
"Valdefuentes del Páramo, León","Valdefuentes del Páramo","León","Castilla y León",NA,NA,NA,NA,"unmatched"
"Valdefuentes, Cáceres","Valdefuentes","Cáceres","Extremadura",NA,NA,NA,NA,"unmatched"
"Valdeganga, Albacete","Valdeganga","Albacete","Castilla-La Mancha",NA,NA,NA,NA,"unmatched"
"Valdegeña, Soria","Valdegeña","Soria","Castilla y León",NA,NA,NA,NA,"unmatched"
"Valdegovía, Álava","Valdegovía","Álava","País Vasco",NA,NA,NA,NA,"unmatched"
"Valdegrudas, Guadalajara","Valdegrudas","Guadalajara","Castilla-La Mancha",NA,NA,NA,NA,"unmatched"
"Valdehijaderos, Salamanca","Valdehijaderos","Salamanca","Castilla y León",NA,NA,NA,NA,"unmatched"
"Valdehorna, Zaragoza","Valdehorna","Zaragoza","Aragón",NA,NA,NA,NA,"unmatched"
"Valdehúncar, Cáceres","Valdehúncar","Cáceres","Extremadura",NA,NA,NA,NA,"unmatched"
"Valdelacalzada, Badajoz","Valdelacalzada","Badajoz","Extremadura",NA,NA,NA,NA,"unmatched"
"Valdelacasa de Tajo, Cáceres","Valdelacasa de Tajo","Cáceres","Extremadura",NA,NA,NA,NA,"unmatched"
"Valdelacasa, Salamanca","Valdelacasa","Salamanca","Castilla y León",NA,NA,NA,NA,"unmatched"
"Valdelageve, Salamanca","Valdelageve","Salamanca","Castilla y León",NA,NA,NA,NA,"unmatched"
"Valdelagua del Cerro, Soria","Valdelagua del Cerro","Soria","Castilla y León",NA,NA,NA,NA,"unmatched"
"Valdelaguna, Madrid","Valdelaguna","Madrid","Comunidad de Madrid",NA,NA,NA,NA,"unmatched"
"Valdelarco, Huelva","Valdelarco","Huelva","Andalucía",NA,NA,NA,NA,"unmatched"
"Valdelcubo, Guadalajara","Valdelcubo","Guadalajara","Castilla-La Mancha",NA,NA,NA,NA,"unmatched"
"Valdelinares, Teruel","Valdelinares","Teruel","Aragón",NA,NA,NA,NA,"unmatched"
"Valdelosa, Salamanca","Valdelosa","Salamanca","Castilla y León",NA,NA,NA,NA,"unmatched"
"Valdeltormo, Teruel","Valdeltormo","Teruel","Aragón",NA,NA,NA,NA,"unmatched"
"Valdelugueros, León","Valdelugueros","León","Castilla y León",NA,NA,NA,NA,"unmatched"
"Valdemadera, La Rioja","Valdemadera","La Rioja","La Rioja",NA,NA,NA,NA,"unmatched"
"Valdemaluque, Soria","Valdemaluque","Soria","Castilla y León",NA,NA,NA,NA,"unmatched"
"Valdemanco del Esteras, Ciudad Real","Valdemanco del Esteras","Ciudad Real","Castilla-La Mancha",NA,NA,NA,NA,"unmatched"
"Valdemanco, Madrid","Valdemanco","Madrid","Comunidad de Madrid",NA,NA,NA,NA,"unmatched"
"Valdemaqueda, Madrid","Valdemaqueda","Madrid","Comunidad de Madrid",NA,NA,NA,NA,"unmatched"
"Valdemeca, Cuenca","Valdemeca","Cuenca","Castilla-La Mancha",NA,NA,NA,NA,"unmatched"
"Valdemierque, Salamanca","Valdemierque","Salamanca","Castilla y León",NA,NA,NA,NA,"unmatched"
"Valdemora, León","Valdemora","León","Castilla y León",NA,NA,NA,NA,"unmatched"
"Valdemorales, Cáceres","Valdemorales","Cáceres","Extremadura",NA,NA,NA,NA,"unmatched"
"Valdemorillo de la Sierra, Cuenca","Valdemorillo de la Sierra","Cuenca","Castilla-La Mancha",NA,NA,NA,NA,"unmatched"
"Valdemorillo, Madrid","Valdemorillo","Madrid","Comunidad de Madrid","9243406","Valdemorillo","Valdemorillo,Community of Madrid,Spain","Municipality","name+community"
"Valdemoro, Madrid","Valdemoro","Madrid","Comunidad de Madrid","9049233","Valdemoro","Valdemoro,Community of Madrid,Spain","City","name+community"
"Valdemoro-Sierra, Cuenca","Valdemoro-Sierra","Cuenca","Castilla-La Mancha",NA,NA,NA,NA,"unmatched"
"Valdenebro de los Valles, Valladolid","Valdenebro de los Valles","Valladolid","Castilla y León",NA,NA,NA,NA,"unmatched"
"Valdenebro, Soria","Valdenebro","Soria","Castilla y León",NA,NA,NA,NA,"unmatched"
"Valdenuño Fernández, Guadalajara","Valdenuño Fernández","Guadalajara","Castilla-La Mancha",NA,NA,NA,NA,"unmatched"
"Valdeobispo, Cáceres","Valdeobispo","Cáceres","Extremadura",NA,NA,NA,NA,"unmatched"
"Valdeolea, Cantabria","Valdeolea","Cantabria","Cantabria",NA,NA,NA,NA,"unmatched"
"Valdeolivas, Cuenca","Valdeolivas","Cuenca","Castilla-La Mancha",NA,NA,NA,NA,"unmatched"
"Valdeolmillos, Palencia","Valdeolmillos","Palencia","Castilla y León",NA,NA,NA,NA,"unmatched"
"Valdeolmos-Alalpardo, Madrid","Valdeolmos-Alalpardo","Madrid","Comunidad de Madrid",NA,NA,NA,NA,"unmatched"
"Valdepeñas de Jaén, Jaén","Valdepeñas de Jaén","Jaén","Andalucía",NA,NA,NA,NA,"unmatched"
"Valdepeñas de la Sierra, Guadalajara","Valdepeñas de la Sierra","Guadalajara","Castilla-La Mancha",NA,NA,NA,NA,"unmatched"
"Valdepeñas, Ciudad Real","Valdepeñas","Ciudad Real","Castilla-La Mancha","9049234","Valdepenas","Valdepenas,Castile-La Mancha,Spain","City","name+community"
"Valdepiélago, León","Valdepiélago","León","Castilla y León",NA,NA,NA,NA,"unmatched"
"Valdepiélagos, Madrid","Valdepiélagos","Madrid","Comunidad de Madrid",NA,NA,NA,NA,"unmatched"
"Valdepolo, León","Valdepolo","León","Castilla y León",NA,NA,NA,NA,"unmatched"
"Valdeprado del Río, Cantabria","Valdeprado del Río","Cantabria","Cantabria",NA,NA,NA,NA,"unmatched"
"Valdeprado, Soria","Valdeprado","Soria","Castilla y León",NA,NA,NA,NA,"unmatched"
"Valdeprados, Segovia","Valdeprados","Segovia","Castilla y León",NA,NA,NA,NA,"unmatched"
"Valderas, León","Valderas","León","Castilla y León",NA,NA,NA,NA,"unmatched"
"Valderrebollo, Guadalajara","Valderrebollo","Guadalajara","Castilla-La Mancha",NA,NA,NA,NA,"unmatched"
"Valderredible, Cantabria","Valderredible","Cantabria","Cantabria","9212400","Valderredible","Valderredible,Cantabria,Spain","Municipality","name+community"
"Valderrey, León","Valderrey","León","Castilla y León",NA,NA,NA,NA,"unmatched"
"Valderrobres, Teruel","Valderrobres","Teruel","Aragón",NA,NA,NA,NA,"unmatched"
"Valderrodilla, Soria","Valderrodilla","Soria","Castilla y León",NA,NA,NA,NA,"unmatched"
"Valderrodrigo, Salamanca","Valderrodrigo","Salamanca","Castilla y León",NA,NA,NA,NA,"unmatched"
"Valderrueda, León","Valderrueda","León","Castilla y León",NA,NA,NA,NA,"unmatched"
"Valderrábano, Palencia","Valderrábano","Palencia","Castilla y León",NA,NA,NA,NA,"unmatched"
"Valdesamario, León","Valdesamario","León","Castilla y León",NA,NA,NA,NA,"unmatched"
"Valdescorriel, Zamora","Valdescorriel","Zamora","Castilla y León",NA,NA,NA,NA,"unmatched"
"Valdesotos, Guadalajara","Valdesotos","Guadalajara","Castilla-La Mancha",NA,NA,NA,NA,"unmatched"
"Valdestillas, Valladolid","Valdestillas","Valladolid","Castilla y León",NA,NA,NA,NA,"unmatched"
"Valdetorres de Jarama, Madrid","Valdetorres de Jarama","Madrid","Comunidad de Madrid",NA,NA,NA,NA,"unmatched"
"Valdetorres, Badajoz","Valdetorres","Badajoz","Extremadura",NA,NA,NA,NA,"unmatched"
"Valdetórtola, Cuenca","Valdetórtola","Cuenca","Castilla-La Mancha",NA,NA,NA,NA,"unmatched"
"Valdevacas de Montejo, Segovia","Valdevacas de Montejo","Segovia","Castilla y León",NA,NA,NA,NA,"unmatched"
"Valdevacas y Guijar, Segovia","Valdevacas y Guijar","Segovia","Castilla y León",NA,NA,NA,NA,"unmatched"
"Valdeverdeja, Toledo","Valdeverdeja","Toledo","Castilla-La Mancha",NA,NA,NA,NA,"unmatched"
"Valdevimbre, León","Valdevimbre","León","Castilla y León",NA,NA,NA,NA,"unmatched"
"Valdezate, Burgos","Valdezate","Burgos","Castilla y León",NA,NA,NA,NA,"unmatched"
"Valdilecha, Madrid","Valdilecha","Madrid","Comunidad de Madrid",NA,NA,NA,NA,"unmatched"
"Valdorros, Burgos","Valdorros","Burgos","Castilla y León",NA,NA,NA,NA,"unmatched"
"Valdoviño, A Coruña","Valdoviño","A Coruña","Galicia",NA,NA,NA,NA,"unmatched"
"Valdunciel, Salamanca","Valdunciel","Salamanca","Castilla y León",NA,NA,NA,NA,"unmatched"
"Valdunquillo, Valladolid","Valdunquillo","Valladolid","Castilla y León",NA,NA,NA,NA,"unmatched"
"Valdáliga, Cantabria","Valdáliga","Cantabria","Cantabria","9214029","Valdaliga","Valdaliga,Cantabria,Spain","Municipality","name+community"
"Valdés, Asturias","Valdés","Asturias","Principado de Asturias","9216625","Valdes","Valdes,Asturias,Spain","Municipality","name+community"
"Valencia de Alcántara, Cáceres","Valencia de Alcántara","Cáceres","Extremadura",NA,NA,NA,NA,"unmatched"
"Valencia de Don Juan, León","Valencia de Don Juan","León","Castilla y León",NA,NA,NA,NA,"unmatched"
"Valencia de las Torres, Badajoz","Valencia de las Torres","Badajoz","Extremadura",NA,NA,NA,NA,"unmatched"
"Valencia del Mombuey, Badajoz","Valencia del Mombuey","Badajoz","Extremadura",NA,NA,NA,NA,"unmatched"
"Valencia del Ventoso, Badajoz","Valencia del Ventoso","Badajoz","Extremadura",NA,NA,NA,NA,"unmatched"
"Valencia, Valencia","Valencia","Valencia","Comunidad Valenciana","9217987","Municipality of Valencia","Municipality of Valencia,Valencian Community,Spain","Municipality","name+community"
"Valencina de la Concepción, Sevilla","Valencina de la Concepción","Sevilla","Andalucía","9237330","Valencina de la Concepcion","Valencina de la Concepcion,Andalusia,Spain","Municipality","name+community"
"Valenzuela de Calatrava, Ciudad Real","Valenzuela de Calatrava","Ciudad Real","Castilla-La Mancha",NA,NA,NA,NA,"unmatched"
"Valenzuela, Córdoba","Valenzuela","Córdoba","Andalucía",NA,NA,NA,NA,"unmatched"
"Valero, Salamanca","Valero","Salamanca","Castilla y León",NA,NA,NA,NA,"unmatched"
"Valfarta, Huesca","Valfarta","Huesca","Aragón",NA,NA,NA,NA,"unmatched"
"Valfermoso de Tajuña, Guadalajara","Valfermoso de Tajuña","Guadalajara","Castilla-La Mancha",NA,NA,NA,NA,"unmatched"
"Valga, Pontevedra","Valga","Pontevedra","Galicia",NA,NA,NA,NA,"unmatched"
"Valgañón, La Rioja","Valgañón","La Rioja","La Rioja",NA,NA,NA,NA,"unmatched"
"Valhermoso de la Fuente, Cuenca","Valhermoso de la Fuente","Cuenca","Castilla-La Mancha",NA,NA,NA,NA,"unmatched"
"Valhermoso, Guadalajara","Valhermoso","Guadalajara","Castilla-La Mancha",NA,NA,NA,NA,"unmatched"
"Valjunquera, Teruel","Valjunquera","Teruel","Aragón",NA,NA,NA,NA,"unmatched"
"Vall d'Alba, Castellón","Vall d'Alba","Castellón","Comunidad Valenciana",NA,NA,NA,NA,"unmatched"
"Vall de Almonacid, Castellón","Vall de Almonacid","Castellón","Comunidad Valenciana",NA,NA,NA,NA,"unmatched"
"Vall de Cardós, Lleida","Vall de Cardós","Lleida","Cataluña",NA,NA,NA,NA,"unmatched"
"Vall de Ebo, Alicante","Vall de Ebo","Alicante","Comunidad Valenciana",NA,NA,NA,NA,"unmatched"
"Vall de Gallinera, Alicante","Vall de Gallinera","Alicante","Comunidad Valenciana",NA,NA,NA,NA,"unmatched"
"Vall-llobrega, Girona","Vall-llobrega","Girona","Cataluña",NA,NA,NA,NA,"unmatched"
"Vallada, Valencia","Vallada","Valencia","Comunidad Valenciana",NA,NA,NA,NA,"unmatched"
"Valladolid, Valladolid","Valladolid","Valladolid","Castilla y León","1005546","Valladolid","Valladolid,Castile and Leon,Spain","City","name+community"
"Vallanca, Valencia","Vallanca","Valencia","Comunidad Valenciana",NA,NA,NA,NA,"unmatched"
"Vallarta de Bureba, Burgos","Vallarta de Bureba","Burgos","Castilla y León",NA,NA,NA,NA,"unmatched"
"Vallat, Castellón","Vallat","Castellón","Comunidad Valenciana",NA,NA,NA,NA,"unmatched"
"Vallbona d'Anoia, Barcelona","Vallbona d'Anoia","Barcelona","Cataluña",NA,NA,NA,NA,"unmatched"
"Vallbona de les Monges, Lleida","Vallbona de les Monges","Lleida","Cataluña",NA,NA,NA,NA,"unmatched"
"Vallcebre, Barcelona","Vallcebre","Barcelona","Cataluña",NA,NA,NA,NA,"unmatched"
"Vallclara, Tarragona","Vallclara","Tarragona","Cataluña",NA,NA,NA,NA,"unmatched"
"Valldemossa, Baleares","Valldemossa","Baleares","Islas Baleares","9210447","Valldemossa","Valldemossa,Balearic Islands,Spain","Municipality","name+community"
"Valle Gran Rey, Santa Cruz de Tenerife","Valle Gran Rey","Santa Cruz de Tenerife","Islas Canarias",NA,NA,NA,NA,"unmatched"
"Valle de Abdalajís, Málaga","Valle de Abdalajís","Málaga","Andalucía",NA,NA,NA,NA,"unmatched"
"Valle de Bardají, Huesca","Valle de Bardají","Huesca","Aragón",NA,NA,NA,NA,"unmatched"
"Valle de Cerrato, Palencia","Valle de Cerrato","Palencia","Castilla y León",NA,NA,NA,NA,"unmatched"
"Valle de Hecho, Huesca","Valle de Hecho","Huesca","Aragón",NA,NA,NA,NA,"unmatched"
"Valle de Lierp, Huesca","Valle de Lierp","Huesca","Aragón",NA,NA,NA,NA,"unmatched"
"Valle de Losa, Burgos","Valle de Losa","Burgos","Castilla y León",NA,NA,NA,NA,"unmatched"
"Valle de Manzanedo, Burgos","Valle de Manzanedo","Burgos","Castilla y León",NA,NA,NA,NA,"unmatched"
"Valle de Matamoros, Badajoz","Valle de Matamoros","Badajoz","Extremadura",NA,NA,NA,NA,"unmatched"
"Valle de Mena, Burgos","Valle de Mena","Burgos","Castilla y León","9209474","Valle de Mena","Valle de Mena,Castile and Leon,Spain","Municipality","name+community"
"Valle de Oca, Burgos","Valle de Oca","Burgos","Castilla y León",NA,NA,NA,NA,"unmatched"
"Valle de Santa Ana, Badajoz","Valle de Santa Ana","Badajoz","Extremadura",NA,NA,NA,NA,"unmatched"
"Valle de Santibáñez, Burgos","Valle de Santibáñez","Burgos","Castilla y León",NA,NA,NA,NA,"unmatched"
"Valle de Sedano, Burgos","Valle de Sedano","Burgos","Castilla y León",NA,NA,NA,NA,"unmatched"
"Valle de Tabladillo, Segovia","Valle de Tabladillo","Segovia","Castilla y León",NA,NA,NA,NA,"unmatched"
"Valle de Tobalina, Burgos","Valle de Tobalina","Burgos","Castilla y León",NA,NA,NA,NA,"unmatched"
"Valle de Trápaga-Trapagaran, Vizcaya","Valle de Trápaga-Trapagaran","Vizcaya","País Vasco",NA,NA,NA,NA,"unmatched"
"Valle de Valdebezana, Burgos","Valle de Valdebezana","Burgos","Castilla y León",NA,NA,NA,NA,"unmatched"
"Valle de Valdelaguna, Burgos","Valle de Valdelaguna","Burgos","Castilla y León",NA,NA,NA,NA,"unmatched"
"Valle de Valdelucio, Burgos","Valle de Valdelucio","Burgos","Castilla y León",NA,NA,NA,NA,"unmatched"
"Valle de Zamanzas, Burgos","Valle de Zamanzas","Burgos","Castilla y León",NA,NA,NA,NA,"unmatched"
"Valle de la Serena, Badajoz","Valle de la Serena","Badajoz","Extremadura",NA,NA,NA,NA,"unmatched"
"Valle de las Navas, Burgos","Valle de las Navas","Burgos","Castilla y León",NA,NA,NA,NA,"unmatched"
"Valle del Retortillo, Palencia","Valle del Retortillo","Palencia","Castilla y León",NA,NA,NA,NA,"unmatched"
"Valle del Zalabí, Granada","Valle del Zalabí","Granada","Andalucía",NA,NA,NA,NA,"unmatched"
"Vallecillo, León","Vallecillo","León","Castilla y León",NA,NA,NA,NA,"unmatched"
"Vallehermoso, Santa Cruz de Tenerife","Vallehermoso","Santa Cruz de Tenerife","Islas Canarias","9218813","Vallehermoso","Vallehermoso,Canary Islands,Spain","Municipality","name+community"
"Vallejera de Riofrío, Salamanca","Vallejera de Riofrío","Salamanca","Castilla y León",NA,NA,NA,NA,"unmatched"
"Vallejera, Burgos","Vallejera","Burgos","Castilla y León",NA,NA,NA,NA,"unmatched"
"Vallelado, Segovia","Vallelado","Segovia","Castilla y León",NA,NA,NA,NA,"unmatched"
"Valleruela de Pedraza, Segovia","Valleruela de Pedraza","Segovia","Castilla y León",NA,NA,NA,NA,"unmatched"
"Valleruela de Sepúlveda, Segovia","Valleruela de Sepúlveda","Segovia","Castilla y León",NA,NA,NA,NA,"unmatched"
"Valles de Palenzuela, Burgos","Valles de Palenzuela","Burgos","Castilla y León",NA,NA,NA,NA,"unmatched"
"Vallesa de la Guareña, Zamora","Vallesa de la Guareña","Zamora","Castilla y León",NA,NA,NA,NA,"unmatched"
"Valleseco, Las Palmas","Valleseco","Las Palmas","Islas Canarias",NA,NA,NA,NA,"unmatched"
"Vallfogona de Balaguer, Lleida","Vallfogona de Balaguer","Lleida","Cataluña",NA,NA,NA,NA,"unmatched"
"Vallfogona de Ripollès, Girona","Vallfogona de Ripollès","Girona","Cataluña",NA,NA,NA,NA,"unmatched"
"Vallfogona de Riucorb, Tarragona","Vallfogona de Riucorb","Tarragona","Cataluña",NA,NA,NA,NA,"unmatched"
"Vallgorguina, Barcelona","Vallgorguina","Barcelona","Cataluña",NA,NA,NA,NA,"unmatched"
"Vallibona, Castellón","Vallibona","Castellón","Comunidad Valenciana",NA,NA,NA,NA,"unmatched"
"Vallirana, Barcelona","Vallirana","Barcelona","Cataluña","9211948","Vallirana","Vallirana,Catalonia,Spain","City","name+community"
"Vallmoll, Tarragona","Vallmoll","Tarragona","Cataluña","9218792","Vallmoll","Vallmoll,Catalonia,Spain","Municipality","name+community"
"Vallromanes, Barcelona","Vallromanes","Barcelona","Cataluña",NA,NA,NA,NA,"unmatched"
"Valls, Tarragona","Valls","Tarragona","Cataluña","9208376","Valls","Valls,Catalonia,Spain","Municipality","name+community"
"Valluércanes, Burgos","Valluércanes","Burgos","Castilla y León",NA,NA,NA,NA,"unmatched"
"Vallés, Valencia","Vallés","Valencia","Comunidad Valenciana",NA,NA,NA,NA,"unmatched"
"Valmadrid, Zaragoza","Valmadrid","Zaragoza","Aragón",NA,NA,NA,NA,"unmatched"
"Valmala, Burgos","Valmala","Burgos","Castilla y León",NA,NA,NA,NA,"unmatched"
"Valmojado, Toledo","Valmojado","Toledo","Castilla-La Mancha",NA,NA,NA,NA,"unmatched"
"Valoria la Buena, Valladolid","Valoria la Buena","Valladolid","Castilla y León",NA,NA,NA,NA,"unmatched"
"Valpalmas, Zaragoza","Valpalmas","Zaragoza","Aragón",NA,NA,NA,NA,"unmatched"
"Valsalabroso, Salamanca","Valsalabroso","Salamanca","Castilla y León",NA,NA,NA,NA,"unmatched"
"Valsalobre, Cuenca","Valsalobre","Cuenca","Castilla-La Mancha",NA,NA,NA,NA,"unmatched"
"Valseca, Segovia","Valseca","Segovia","Castilla y León",NA,NA,NA,NA,"unmatched"
"Valsequillo de Gran Canaria, Las Palmas","Valsequillo de Gran Canaria","Las Palmas","Islas Canarias",NA,NA,NA,NA,"unmatched"
"Valsequillo, Córdoba","Valsequillo","Córdoba","Andalucía",NA,NA,NA,NA,"unmatched"
"Valtablado del Río, Guadalajara","Valtablado del Río","Guadalajara","Castilla-La Mancha",NA,NA,NA,NA,"unmatched"
"Valtajeros, Soria","Valtajeros","Soria","Castilla y León",NA,NA,NA,NA,"unmatched"
"Valtiendas, Segovia","Valtiendas","Segovia","Castilla y León",NA,NA,NA,NA,"unmatched"
"Valtierra, Navarra","Valtierra","Navarra","Comunidad Foral de Navarra",NA,NA,NA,NA,"unmatched"
"Valtorres, Zaragoza","Valtorres","Zaragoza","Aragón",NA,NA,NA,NA,"unmatched"
"Valverde de Alcalá, Madrid","Valverde de Alcalá","Madrid","Comunidad de Madrid",NA,NA,NA,NA,"unmatched"
"Valverde de Burguillos, Badajoz","Valverde de Burguillos","Badajoz","Extremadura",NA,NA,NA,NA,"unmatched"
"Valverde de Campos, Valladolid","Valverde de Campos","Valladolid","Castilla y León",NA,NA,NA,NA,"unmatched"
"Valverde de Júcar, Cuenca","Valverde de Júcar","Cuenca","Castilla-La Mancha",NA,NA,NA,NA,"unmatched"
"Valverde de Leganés, Badajoz","Valverde de Leganés","Badajoz","Extremadura",NA,NA,NA,NA,"unmatched"
"Valverde de Llerena, Badajoz","Valverde de Llerena","Badajoz","Extremadura",NA,NA,NA,NA,"unmatched"
"Valverde de Mérida, Badajoz","Valverde de Mérida","Badajoz","Extremadura",NA,NA,NA,NA,"unmatched"
"Valverde de Valdelacasa, Salamanca","Valverde de Valdelacasa","Salamanca","Castilla y León",NA,NA,NA,NA,"unmatched"
"Valverde de la Vera, Cáceres","Valverde de la Vera","Cáceres","Extremadura",NA,NA,NA,NA,"unmatched"
"Valverde de la Virgen, León","Valverde de la Virgen","León","Castilla y León",NA,NA,NA,NA,"unmatched"
"Valverde de los Arroyos, Guadalajara","Valverde de los Arroyos","Guadalajara","Castilla-La Mancha",NA,NA,NA,NA,"unmatched"
"Valverde del Camino, Huelva","Valverde del Camino","Huelva","Andalucía",NA,NA,NA,NA,"unmatched"
"Valverde del Fresno, Cáceres","Valverde del Fresno","Cáceres","Extremadura",NA,NA,NA,NA,"unmatched"
"Valverde del Majano, Segovia","Valverde del Majano","Segovia","Castilla y León",NA,NA,NA,NA,"unmatched"
"Valverde, Santa Cruz de Tenerife","Valverde","Santa Cruz de Tenerife","Islas Canarias",NA,NA,NA,NA,"unmatched"
"Valverde-Enrique, León","Valverde-Enrique","León","Castilla y León",NA,NA,NA,NA,"unmatched"
"Valverdejo, Cuenca","Valverdejo","Cuenca","Castilla-La Mancha",NA,NA,NA,NA,"unmatched"
"Valverdón, Salamanca","Valverdón","Salamanca","Castilla y León",NA,NA,NA,NA,"unmatched"
"Vandellòs i l'Hospitalet de l'In, Tarragona","Vandellòs i l'Hospitalet de l'In","Tarragona","Cataluña",NA,NA,NA,NA,"unmatched"
"Vara de Rey, Cuenca","Vara de Rey","Cuenca","Castilla-La Mancha",NA,NA,NA,NA,"unmatched"
"Veciana, Barcelona","Veciana","Barcelona","Cataluña",NA,NA,NA,NA,"unmatched"
"Vecinos, Salamanca","Vecinos","Salamanca","Castilla y León",NA,NA,NA,NA,"unmatched"
"Vedra, A Coruña","Vedra","A Coruña","Galicia","9217093","Vedra","Vedra,Galicia,Spain","Municipality","name+community"
"Vega de Espinareda, León","Vega de Espinareda","León","Castilla y León",NA,NA,NA,NA,"unmatched"
"Vega de Infanzones, León","Vega de Infanzones","León","Castilla y León",NA,NA,NA,NA,"unmatched"
"Vega de Liébana, Cantabria","Vega de Liébana","Cantabria","Cantabria",NA,NA,NA,NA,"unmatched"
"Vega de Pas, Cantabria","Vega de Pas","Cantabria","Cantabria",NA,NA,NA,NA,"unmatched"
"Vega de Ruiponce, Valladolid","Vega de Ruiponce","Valladolid","Castilla y León",NA,NA,NA,NA,"unmatched"
"Vega de San Mateo, Las Palmas","Vega de San Mateo","Las Palmas","Islas Canarias",NA,NA,NA,NA,"unmatched"
"Vega de Santa María, Ávila","Vega de Santa María","Ávila","Castilla y León",NA,NA,NA,NA,"unmatched"
"Vega de Tera, Zamora","Vega de Tera","Zamora","Castilla y León",NA,NA,NA,NA,"unmatched"
"Vega de Tirados, Salamanca","Vega de Tirados","Salamanca","Castilla y León",NA,NA,NA,NA,"unmatched"
"Vega de Valcarce, León","Vega de Valcarce","León","Castilla y León",NA,NA,NA,NA,"unmatched"
"Vega de Valdetronco, Valladolid","Vega de Valdetronco","Valladolid","Castilla y León",NA,NA,NA,NA,"unmatched"
"Vega de Villalobos, Zamora","Vega de Villalobos","Zamora","Castilla y León",NA,NA,NA,NA,"unmatched"
"Vega del Codorno, Cuenca","Vega del Codorno","Cuenca","Castilla-La Mancha",NA,NA,NA,NA,"unmatched"
"Vegacervera, León","Vegacervera","León","Castilla y León",NA,NA,NA,NA,"unmatched"
"Vegadeo, Asturias","Vegadeo","Asturias","Principado de Asturias",NA,NA,NA,NA,"unmatched"
"Vegalatrave, Zamora","Vegalatrave","Zamora","Castilla y León",NA,NA,NA,NA,"unmatched"
"Veganzones, Segovia","Veganzones","Segovia","Castilla y León",NA,NA,NA,NA,"unmatched"
"Vegaquemada, León","Vegaquemada","León","Castilla y León",NA,NA,NA,NA,"unmatched"
"Vegas de Matute, Segovia","Vegas de Matute","Segovia","Castilla y León",NA,NA,NA,NA,"unmatched"
"Vegas del Condado, León","Vegas del Condado","León","Castilla y León",NA,NA,NA,NA,"unmatched"
"Vegas del Genil, Granada","Vegas del Genil","Granada","Andalucía",NA,NA,NA,NA,"unmatched"
"Veguillas de la Sierra, Teruel","Veguillas de la Sierra","Teruel","Aragón",NA,NA,NA,NA,"unmatched"
"Vejer de la Frontera, Cádiz","Vejer de la Frontera","Cádiz","Andalucía",NA,NA,NA,NA,"unmatched"
"Velada, Toledo","Velada","Toledo","Castilla-La Mancha",NA,NA,NA,NA,"unmatched"
"Velamazán, Soria","Velamazán","Soria","Castilla y León",NA,NA,NA,NA,"unmatched"
"Velascálvaro, Valladolid","Velascálvaro","Valladolid","Castilla y León",NA,NA,NA,NA,"unmatched"
"Velayos, Ávila","Velayos","Ávila","Castilla y León",NA,NA,NA,NA,"unmatched"
"Velefique, Almería","Velefique","Almería","Andalucía",NA,NA,NA,NA,"unmatched"
"Velilla de Cinca, Huesca","Velilla de Cinca","Huesca","Aragón",NA,NA,NA,NA,"unmatched"
"Velilla de Ebro, Zaragoza","Velilla de Ebro","Zaragoza","Aragón",NA,NA,NA,NA,"unmatched"
"Velilla de Jiloca, Zaragoza","Velilla de Jiloca","Zaragoza","Aragón",NA,NA,NA,NA,"unmatched"
"Velilla de San Antonio, Madrid","Velilla de San Antonio","Madrid","Comunidad de Madrid","9236656","Velilla de San Antonio","Velilla de San Antonio,Community of Madrid,Spain","Municipality","name+community"
"Velilla de la Sierra, Soria","Velilla de la Sierra","Soria","Castilla y León",NA,NA,NA,NA,"unmatched"
"Velilla de los Ajos, Soria","Velilla de los Ajos","Soria","Castilla y León",NA,NA,NA,NA,"unmatched"
"Velilla del Río Carrión, Palencia","Velilla del Río Carrión","Palencia","Castilla y León",NA,NA,NA,NA,"unmatched"
"Velilla, Valladolid","Velilla","Valladolid","Castilla y León",NA,NA,NA,NA,"unmatched"
"Vellisca, Cuenca","Vellisca","Cuenca","Castilla-La Mancha",NA,NA,NA,NA,"unmatched"
"Velliza, Valladolid","Velliza","Valladolid","Castilla y León",NA,NA,NA,NA,"unmatched"
"Vencillón, Huesca","Vencillón","Huesca","Aragón",NA,NA,NA,NA,"unmatched"
"Venialbo, Zamora","Venialbo","Zamora","Castilla y León",NA,NA,NA,NA,"unmatched"
"Venta de Baños, Palencia","Venta de Baños","Palencia","Castilla y León",NA,NA,NA,NA,"unmatched"
"Venta del Moro, Valencia","Venta del Moro","Valencia","Comunidad Valenciana",NA,NA,NA,NA,"unmatched"
"Ventalló, Girona","Ventalló","Girona","Cataluña",NA,NA,NA,NA,"unmatched"
"Ventas de Huelma, Granada","Ventas de Huelma","Granada","Andalucía",NA,NA,NA,NA,"unmatched"
"Ventosa de la Cuesta, Valladolid","Ventosa de la Cuesta","Valladolid","Castilla y León",NA,NA,NA,NA,"unmatched"
"Ventosa del Río Almar, Salamanca","Ventosa del Río Almar","Salamanca","Castilla y León",NA,NA,NA,NA,"unmatched"
"Ventosa, La Rioja","Ventosa","La Rioja","La Rioja",NA,NA,NA,NA,"unmatched"
"Ventosilla y Tejadilla, Segovia","Ventosilla y Tejadilla","Segovia","Castilla y León",NA,NA,NA,NA,"unmatched"
"Ventrosa, La Rioja","Ventrosa","La Rioja","La Rioja",NA,NA,NA,NA,"unmatched"
"Venturada, Madrid","Venturada","Madrid","Comunidad de Madrid",NA,NA,NA,NA,"unmatched"
"Vera de Moncayo, Zaragoza","Vera de Moncayo","Zaragoza","Aragón",NA,NA,NA,NA,"unmatched"
"Vera, Almería","Vera","Almería","Andalucía","9049237","Vera","Vera,Andalusia,Spain","City","name+community"
"Veracruz, Huesca","Veracruz","Huesca","Aragón",NA,NA,NA,NA,"unmatched"
"Verdú, Lleida","Verdú","Lleida","Cataluña",NA,NA,NA,NA,"unmatched"
"Verea, Ourense","Verea","Ourense","Galicia","9222665","Verea","Verea,Galicia,Spain","Municipality","name+community"
"Verges, Girona","Verges","Girona","Cataluña",NA,NA,NA,NA,"unmatched"
"Vertavillo, Palencia","Vertavillo","Palencia","Castilla y León",NA,NA,NA,NA,"unmatched"
"Verín, Ourense","Verín","Ourense","Galicia","9210391","Verin","Verin,Galicia,Spain","Municipality","name+community"
"Vespella de Gaià, Tarragona","Vespella de Gaià","Tarragona","Cataluña","9211743","Vespella de Gaia","Vespella de Gaia,Catalonia,Spain","Municipality","name+community"
"Vezdemarbán, Zamora","Vezdemarbán","Zamora","Castilla y León",NA,NA,NA,NA,"unmatched"
"Viacamp y Litera, Huesca","Viacamp y Litera","Huesca","Aragón",NA,NA,NA,NA,"unmatched"
"Viana de Cega, Valladolid","Viana de Cega","Valladolid","Castilla y León",NA,NA,NA,NA,"unmatched"
"Viana de Duero, Soria","Viana de Duero","Soria","Castilla y León",NA,NA,NA,NA,"unmatched"
"Viana de Jadraque, Guadalajara","Viana de Jadraque","Guadalajara","Castilla-La Mancha",NA,NA,NA,NA,"unmatched"
"Viana do Bolo, Ourense","Viana do Bolo","Ourense","Galicia",NA,NA,NA,NA,"unmatched"
"Viana, Navarra","Viana","Navarra","Comunidad Foral de Navarra",NA,NA,NA,NA,"unmatched"
"Viandar de la Vera, Cáceres","Viandar de la Vera","Cáceres","Extremadura",NA,NA,NA,NA,"unmatched"
"Vianos, Albacete","Vianos","Albacete","Castilla-La Mancha",NA,NA,NA,NA,"unmatched"
"Viator, Almería","Viator","Almería","Andalucía",NA,NA,NA,NA,"unmatched"
"Vic, Barcelona","Vic","Barcelona","Cataluña","9196741","Vic","Vic,Catalonia,Spain","City","name+community"
"Vicién, Huesca","Vicién","Huesca","Aragón",NA,NA,NA,NA,"unmatched"
"Vidayanes, Zamora","Vidayanes","Zamora","Castilla y León",NA,NA,NA,NA,"unmatched"
"Videmala, Zamora","Videmala","Zamora","Castilla y León",NA,NA,NA,NA,"unmatched"
"Vidreres, Girona","Vidreres","Girona","Cataluña",NA,NA,NA,NA,"unmatched"
"Vidrà, Girona","Vidrà","Girona","Cataluña",NA,NA,NA,NA,"unmatched"
"Vidángoz, Navarra","Vidángoz","Navarra","Comunidad Foral de Navarra",NA,NA,NA,NA,"unmatched"
"Vielha e Mijaran, Lleida","Vielha e Mijaran","Lleida","Cataluña",NA,NA,NA,NA,"unmatched"
"Vierlas, Zaragoza","Vierlas","Zaragoza","Aragón",NA,NA,NA,NA,"unmatched"
"Vigo, Pontevedra","Vigo","Pontevedra","Galicia","1005518","Vigo","Vigo,Galicia,Spain","City","name+community"
"Viguera, La Rioja","Viguera","La Rioja","La Rioja",NA,NA,NA,NA,"unmatched"
"Vila de Cruces, Pontevedra","Vila de Cruces","Pontevedra","Galicia",NA,NA,NA,NA,"unmatched"
"Vila-rodona, Tarragona","Vila-rodona","Tarragona","Cataluña",NA,NA,NA,NA,"unmatched"
"Vila-sacra, Girona","Vila-sacra","Girona","Cataluña",NA,NA,NA,NA,"unmatched"
"Vila-sana, Lleida","Vila-sana","Lleida","Cataluña",NA,NA,NA,NA,"unmatched"
"Vila-seca, Tarragona","Vila-seca","Tarragona","Cataluña","9210753","Vila-seca","Vila-seca,Catalonia,Spain","Municipality","name+community"
"Vilabella, Tarragona","Vilabella","Tarragona","Cataluña","9220268","Vilabella","Vilabella,Catalonia,Spain","Municipality","name+community"
"Vilabertran, Girona","Vilabertran","Girona","Cataluña",NA,NA,NA,NA,"unmatched"
"Vilablareix, Girona","Vilablareix","Girona","Cataluña",NA,NA,NA,NA,"unmatched"
"Vilaboa, Pontevedra","Vilaboa","Pontevedra","Galicia",NA,NA,NA,NA,"unmatched"
"Vilada, Barcelona","Vilada","Barcelona","Cataluña",NA,NA,NA,NA,"unmatched"
"Viladamat, Girona","Viladamat","Girona","Cataluña",NA,NA,NA,NA,"unmatched"
"Viladasens, Girona","Viladasens","Girona","Cataluña",NA,NA,NA,NA,"unmatched"
"Viladecans, Barcelona","Viladecans","Barcelona","Cataluña","9235599","Viladecans","Viladecans,Catalonia,Spain","Municipality","name+community"
"Viladecavalls, Barcelona","Viladecavalls","Barcelona","Cataluña",NA,NA,NA,NA,"unmatched"
"Vilademuls, Girona","Vilademuls","Girona","Cataluña",NA,NA,NA,NA,"unmatched"
"Viladrau, Girona","Viladrau","Girona","Cataluña",NA,NA,NA,NA,"unmatched"
"Vilafamés, Castellón","Vilafamés","Castellón","Comunidad Valenciana",NA,NA,NA,NA,"unmatched"
"Vilafant, Girona","Vilafant","Girona","Cataluña",NA,NA,NA,NA,"unmatched"
"Vilaflor, Santa Cruz de Tenerife","Vilaflor","Santa Cruz de Tenerife","Islas Canarias",NA,NA,NA,NA,"unmatched"
"Vilafranc de Bonany, Baleares","Vilafranc de Bonany","Baleares","Islas Baleares",NA,NA,NA,NA,"unmatched"
"Vilafranca del Penedès, Barcelona","Vilafranca del Penedès","Barcelona","Cataluña","1005474","Vilafranca del Penedes","Vilafranca del Penedes,Catalonia,Spain","City","name+community"
"Vilagarcía de Arousa, Pontevedra","Vilagarcía de Arousa","Pontevedra","Galicia","9252302","Vilagarcia de Arousa","Vilagarcia de Arousa,Galicia,Spain","Municipality","name+community"
"Vilagrassa, Lleida","Vilagrassa","Lleida","Cataluña",NA,NA,NA,NA,"unmatched"
"Vilajuïga, Girona","Vilajuïga","Girona","Cataluña",NA,NA,NA,NA,"unmatched"
"Vilalba Sasserra, Barcelona","Vilalba Sasserra","Barcelona","Cataluña",NA,NA,NA,NA,"unmatched"
"Vilalba dels Arcs, Tarragona","Vilalba dels Arcs","Tarragona","Cataluña",NA,NA,NA,NA,"unmatched"
"Vilalba, Lugo","Vilalba","Lugo","Galicia","9209172","Vilalba","Vilalba,Galicia,Spain","Municipality","name+community"
"Vilaller, Lleida","Vilaller","Lleida","Cataluña",NA,NA,NA,NA,"unmatched"
"Vilallonga de Ter, Girona","Vilallonga de Ter","Girona","Cataluña","9213300","Vilallonga de Ter","Vilallonga de Ter,Catalonia,Spain","Municipality","name+community"
"Vilallonga del Camp, Tarragona","Vilallonga del Camp","Tarragona","Cataluña",NA,NA,NA,NA,"unmatched"
"Vilamacolum, Girona","Vilamacolum","Girona","Cataluña",NA,NA,NA,NA,"unmatched"
"Vilamalla, Girona","Vilamalla","Girona","Cataluña",NA,NA,NA,NA,"unmatched"
"Vilamaniscle, Girona","Vilamaniscle","Girona","Cataluña",NA,NA,NA,NA,"unmatched"
"Vilamartín de Valdeorras, Ourense","Vilamartín de Valdeorras","Ourense","Galicia","9211626","Vilamartin de Valdeorras","Vilamartin de Valdeorras,Galicia,Spain","Municipality","name+community"
"Vilamarxant, Valencia","Vilamarxant","Valencia","Comunidad Valenciana",NA,NA,NA,NA,"unmatched"
"Vilamarín, Ourense","Vilamarín","Ourense","Galicia",NA,NA,NA,NA,"unmatched"
"Vilamòs, Lleida","Vilamòs","Lleida","Cataluña",NA,NA,NA,NA,"unmatched"
"Vilanant, Girona","Vilanant","Girona","Cataluña",NA,NA,NA,NA,"unmatched"
"Vilanova d'Alcolea, Castellón","Vilanova d'Alcolea","Castellón","Comunidad Valenciana",NA,NA,NA,NA,"unmatched"
"Vilanova d'Escornalbou, Tarragona","Vilanova d'Escornalbou","Tarragona","Cataluña",NA,NA,NA,NA,"unmatched"
"Vilanova de Arousa, Pontevedra","Vilanova de Arousa","Pontevedra","Galicia","9217198","Vilanova de Arousa","Vilanova de Arousa,Galicia,Spain","Municipality","name+community"
"Vilanova de Bellpuig, Lleida","Vilanova de Bellpuig","Lleida","Cataluña",NA,NA,NA,NA,"unmatched"
"Vilanova de Meià, Lleida","Vilanova de Meià","Lleida","Cataluña",NA,NA,NA,NA,"unmatched"
"Vilanova de Prades, Tarragona","Vilanova de Prades","Tarragona","Cataluña",NA,NA,NA,NA,"unmatched"
"Vilanova de Sau, Barcelona","Vilanova de Sau","Barcelona","Cataluña",NA,NA,NA,NA,"unmatched"
"Vilanova de Segrià, Lleida","Vilanova de Segrià","Lleida","Cataluña",NA,NA,NA,NA,"unmatched"
"Vilanova de l'Aguda, Lleida","Vilanova de l'Aguda","Lleida","Cataluña",NA,NA,NA,NA,"unmatched"
"Vilanova de la Barca, Lleida","Vilanova de la Barca","Lleida","Cataluña",NA,NA,NA,NA,"unmatched"
"Vilanova del Camí, Barcelona","Vilanova del Camí","Barcelona","Cataluña","9223471","Vilanova del Cami","Vilanova del Cami,Catalonia,Spain","Municipality","name+community"
"Vilanova del Vallès, Barcelona","Vilanova del Vallès","Barcelona","Cataluña",NA,NA,NA,NA,"unmatched"
"Vilanova i la Geltrú, Barcelona","Vilanova i la Geltrú","Barcelona","Cataluña","1005437","Vilanova i la Geltru","Vilanova i la Geltru,Catalonia,Spain","City","name+community"
"Vilaplana, Tarragona","Vilaplana","Tarragona","Cataluña",NA,NA,NA,NA,"unmatched"
"Vilar de Barrio, Ourense","Vilar de Barrio","Ourense","Galicia",NA,NA,NA,NA,"unmatched"
"Vilar de Canes, Castellón","Vilar de Canes","Castellón","Comunidad Valenciana",NA,NA,NA,NA,"unmatched"
"Vilar de Santos, Ourense","Vilar de Santos","Ourense","Galicia",NA,NA,NA,NA,"unmatched"
"Vilardevós, Ourense","Vilardevós","Ourense","Galicia",NA,NA,NA,NA,"unmatched"
"Vilariño de Conso, Ourense","Vilariño de Conso","Ourense","Galicia",NA,NA,NA,NA,"unmatched"
"Vilarmaior, A Coruña","Vilarmaior","A Coruña","Galicia",NA,NA,NA,NA,"unmatched"
"Vilasantar, A Coruña","Vilasantar","A Coruña","Galicia",NA,NA,NA,NA,"unmatched"
"Vilassar de Dalt, Barcelona","Vilassar de Dalt","Barcelona","Cataluña","9049238","Vilassar de Dalt","Vilassar de Dalt,Catalonia,Spain","City","name+community"
"Vilassar de Mar, Barcelona","Vilassar de Mar","Barcelona","Cataluña",NA,NA,NA,NA,"unmatched"
"Vilaverd, Tarragona","Vilaverd","Tarragona","Cataluña",NA,NA,NA,NA,"unmatched"
"Vilaür, Girona","Vilaür","Girona","Cataluña",NA,NA,NA,NA,"unmatched"
"Vilches, Jaén","Vilches","Jaén","Andalucía",NA,NA,NA,NA,"unmatched"
"Vileña, Burgos","Vileña","Burgos","Castilla y León",NA,NA,NA,NA,"unmatched"
"Villa de Mazo, Santa Cruz de Tenerife","Villa de Mazo","Santa Cruz de Tenerife","Islas Canarias",NA,NA,NA,NA,"unmatched"
"Villa de Ves, Albacete","Villa de Ves","Albacete","Castilla-La Mancha",NA,NA,NA,NA,"unmatched"
"Villa del Campo, Cáceres","Villa del Campo","Cáceres","Extremadura",NA,NA,NA,NA,"unmatched"
"Villa del Prado, Madrid","Villa del Prado","Madrid","Comunidad de Madrid",NA,NA,NA,NA,"unmatched"
"Villa del Rey, Cáceres","Villa del Rey","Cáceres","Extremadura",NA,NA,NA,NA,"unmatched"
"Villa del Río, Córdoba","Villa del Río","Córdoba","Andalucía","9236960","Villa del Rio","Villa del Rio,Andalusia,Spain","City","name+community"
"Villabaruz de Campos, Valladolid","Villabaruz de Campos","Valladolid","Castilla y León",NA,NA,NA,NA,"unmatched"
"Villabasta de Valdavia, Palencia","Villabasta de Valdavia","Palencia","Castilla y León",NA,NA,NA,NA,"unmatched"
"Villablanca, Huelva","Villablanca","Huelva","Andalucía",NA,NA,NA,NA,"unmatched"
"Villablino, León","Villablino","León","Castilla y León",NA,NA,NA,NA,"unmatched"
"Villabona, Guipúzcoa","Villabona","Guipúzcoa","País Vasco","9227013","Villabona","Villabona,Basque Country,Spain","Municipality","name+community"
"Villabraz, León","Villabraz","León","Castilla y León",NA,NA,NA,NA,"unmatched"
"Villabrágima, Valladolid","Villabrágima","Valladolid","Castilla y León",NA,NA,NA,NA,"unmatched"
"Villabrázaro, Zamora","Villabrázaro","Zamora","Castilla y León",NA,NA,NA,NA,"unmatched"
"Villabuena del Puente, Zamora","Villabuena del Puente","Zamora","Castilla y León",NA,NA,NA,NA,"unmatched"
"Villabáñez, Valladolid","Villabáñez","Valladolid","Castilla y León",NA,NA,NA,NA,"unmatched"
"Villacarralón, Valladolid","Villacarralón","Valladolid","Castilla y León",NA,NA,NA,NA,"unmatched"
"Villacarriedo, Cantabria","Villacarriedo","Cantabria","Cantabria",NA,NA,NA,NA,"unmatched"
"Villacarrillo, Jaén","Villacarrillo","Jaén","Andalucía",NA,NA,NA,NA,"unmatched"
"Villacastín, Segovia","Villacastín","Segovia","Castilla y León",NA,NA,NA,NA,"unmatched"
"Villacañas, Toledo","Villacañas","Toledo","Castilla-La Mancha",NA,NA,NA,NA,"unmatched"
"Villacid de Campos, Valladolid","Villacid de Campos","Valladolid","Castilla y León",NA,NA,NA,NA,"unmatched"
"Villacidaler, Palencia","Villacidaler","Palencia","Castilla y León",NA,NA,NA,NA,"unmatched"
"Villaciervos, Soria","Villaciervos","Soria","Castilla y León",NA,NA,NA,NA,"unmatched"
"Villaco, Valladolid","Villaco","Valladolid","Castilla y León",NA,NA,NA,NA,"unmatched"
"Villaconancio, Palencia","Villaconancio","Palencia","Castilla y León",NA,NA,NA,NA,"unmatched"
"Villaconejos de Trabaque, Cuenca","Villaconejos de Trabaque","Cuenca","Castilla-La Mancha",NA,NA,NA,NA,"unmatched"
"Villaconejos, Madrid","Villaconejos","Madrid","Comunidad de Madrid",NA,NA,NA,NA,"unmatched"
"Villada, Palencia","Villada","Palencia","Castilla y León",NA,NA,NA,NA,"unmatched"
"Villadangos del Páramo, León","Villadangos del Páramo","León","Castilla y León",NA,NA,NA,NA,"unmatched"
"Villadecanes, León","Villadecanes","León","Castilla y León",NA,NA,NA,NA,"unmatched"
"Villademor de la Vega, León","Villademor de la Vega","León","Castilla y León",NA,NA,NA,NA,"unmatched"
"Villadepera, Zamora","Villadepera","Zamora","Castilla y León",NA,NA,NA,NA,"unmatched"
"Villadiego, Burgos","Villadiego","Burgos","Castilla y León",NA,NA,NA,NA,"unmatched"
"Villadoz, Zaragoza","Villadoz","Zaragoza","Aragón",NA,NA,NA,NA,"unmatched"
"Villaeles de Valdavia, Palencia","Villaeles de Valdavia","Palencia","Castilla y León",NA,NA,NA,NA,"unmatched"
"Villaescusa de Haro, Cuenca","Villaescusa de Haro","Cuenca","Castilla-La Mancha",NA,NA,NA,NA,"unmatched"
"Villaescusa de Roa, Burgos","Villaescusa de Roa","Burgos","Castilla y León",NA,NA,NA,NA,"unmatched"
"Villaescusa la Sombría, Burgos","Villaescusa la Sombría","Burgos","Castilla y León",NA,NA,NA,NA,"unmatched"
"Villaescusa, Cantabria","Villaescusa","Cantabria","Cantabria",NA,NA,NA,NA,"unmatched"
"Villaescusa, Zamora","Villaescusa","Zamora","Castilla y León",NA,NA,NA,NA,"unmatched"
"Villaespasa, Burgos","Villaespasa","Burgos","Castilla y León",NA,NA,NA,NA,"unmatched"
"Villafeliche, Zaragoza","Villafeliche","Zaragoza","Aragón",NA,NA,NA,NA,"unmatched"
"Villaferrueña, Zamora","Villaferrueña","Zamora","Castilla y León",NA,NA,NA,NA,"unmatched"
"Villaflor, Ávila","Villaflor","Ávila","Castilla y León",NA,NA,NA,NA,"unmatched"
"Villaflores, Salamanca","Villaflores","Salamanca","Castilla y León",NA,NA,NA,NA,"unmatched"
"Villafrades de Campos, Valladolid","Villafrades de Campos","Valladolid","Castilla y León",NA,NA,NA,NA,"unmatched"
"Villafranca Montes de Oca, Burgos","Villafranca Montes de Oca","Burgos","Castilla y León",NA,NA,NA,NA,"unmatched"
"Villafranca de Córdoba, Córdoba","Villafranca de Córdoba","Córdoba","Andalucía",NA,NA,NA,NA,"unmatched"
"Villafranca de Duero, Valladolid","Villafranca de Duero","Valladolid","Castilla y León",NA,NA,NA,NA,"unmatched"
"Villafranca de Ebro, Zaragoza","Villafranca de Ebro","Zaragoza","Aragón",NA,NA,NA,NA,"unmatched"
"Villafranca de la Sierra, Ávila","Villafranca de la Sierra","Ávila","Castilla y León",NA,NA,NA,NA,"unmatched"
"Villafranca de los Barros, Badajoz","Villafranca de los Barros","Badajoz","Extremadura","9256217","Villafranca de los Barros","Villafranca de los Barros,Extremadura,Spain","City","name+community"
"Villafranca de los Caballeros, Toledo","Villafranca de los Caballeros","Toledo","Castilla-La Mancha",NA,NA,NA,NA,"unmatched"
"Villafranca del Bierzo, León","Villafranca del Bierzo","León","Castilla y León",NA,NA,NA,NA,"unmatched"
"Villafranca del Campo, Teruel","Villafranca del Campo","Teruel","Aragón",NA,NA,NA,NA,"unmatched"
"Villafranca del Cid, Castellón","Villafranca del Cid","Castellón","Comunidad Valenciana",NA,NA,NA,NA,"unmatched"
"Villafranca, Navarra","Villafranca","Navarra","Comunidad Foral de Navarra",NA,NA,NA,NA,"unmatched"
"Villafrechós, Valladolid","Villafrechós","Valladolid","Castilla y León",NA,NA,NA,NA,"unmatched"
"Villafruela, Burgos","Villafruela","Burgos","Castilla y León",NA,NA,NA,NA,"unmatched"
"Villafuerte, Valladolid","Villafuerte","Valladolid","Castilla y León",NA,NA,NA,NA,"unmatched"
"Villafufre, Cantabria","Villafufre","Cantabria","Cantabria",NA,NA,NA,NA,"unmatched"
"Villafáfila, Zamora","Villafáfila","Zamora","Castilla y León",NA,NA,NA,NA,"unmatched"
"Villagalijo, Burgos","Villagalijo","Burgos","Castilla y León",NA,NA,NA,NA,"unmatched"
"Villagarcía de Campos, Valladolid","Villagarcía de Campos","Valladolid","Castilla y León",NA,NA,NA,NA,"unmatched"
"Villagarcía de la Torre, Badajoz","Villagarcía de la Torre","Badajoz","Extremadura",NA,NA,NA,NA,"unmatched"
"Villagarcía del Llano, Cuenca","Villagarcía del Llano","Cuenca","Castilla-La Mancha",NA,NA,NA,NA,"unmatched"
"Villagatón, León","Villagatón","León","Castilla y León",NA,NA,NA,NA,"unmatched"
"Villageriz, Zamora","Villageriz","Zamora","Castilla y León",NA,NA,NA,NA,"unmatched"
"Villagonzalo Pedernales, Burgos","Villagonzalo Pedernales","Burgos","Castilla y León",NA,NA,NA,NA,"unmatched"
"Villagonzalo de Tormes, Salamanca","Villagonzalo de Tormes","Salamanca","Castilla y León",NA,NA,NA,NA,"unmatched"
"Villagonzalo, Badajoz","Villagonzalo","Badajoz","Extremadura",NA,NA,NA,NA,"unmatched"
"Villagómez la Nueva, Valladolid","Villagómez la Nueva","Valladolid","Castilla y León",NA,NA,NA,NA,"unmatched"
"Villaharta, Córdoba","Villaharta","Córdoba","Andalucía",NA,NA,NA,NA,"unmatched"
"Villahermosa del Campo, Teruel","Villahermosa del Campo","Teruel","Aragón",NA,NA,NA,NA,"unmatched"
"Villahermosa del Río, Castellón","Villahermosa del Río","Castellón","Comunidad Valenciana",NA,NA,NA,NA,"unmatched"
"Villahermosa, Ciudad Real","Villahermosa","Ciudad Real","Castilla-La Mancha",NA,NA,NA,NA,"unmatched"
"Villaherreros, Palencia","Villaherreros","Palencia","Castilla y León",NA,NA,NA,NA,"unmatched"
"Villahoz, Burgos","Villahoz","Burgos","Castilla y León",NA,NA,NA,NA,"unmatched"
"Villahán, Palencia","Villahán","Palencia","Castilla y León",NA,NA,NA,NA,"unmatched"
"Villajoyosa, Alicante","Villajoyosa","Alicante","Comunidad Valenciana",NA,NA,NA,NA,"unmatched"
"Villalaco, Palencia","Villalaco","Palencia","Castilla y León",NA,NA,NA,NA,"unmatched"
"Villalar de los Comuneros, Valladolid","Villalar de los Comuneros","Valladolid","Castilla y León",NA,NA,NA,NA,"unmatched"
"Villalazán, Zamora","Villalazán","Zamora","Castilla y León",NA,NA,NA,NA,"unmatched"
"Villalba de Duero, Burgos","Villalba de Duero","Burgos","Castilla y León",NA,NA,NA,NA,"unmatched"
"Villalba de Guardo, Palencia","Villalba de Guardo","Palencia","Castilla y León",NA,NA,NA,NA,"unmatched"
"Villalba de Perejil, Zaragoza","Villalba de Perejil","Zaragoza","Aragón",NA,NA,NA,NA,"unmatched"
"Villalba de Rioja, La Rioja","Villalba de Rioja","La Rioja","La Rioja",NA,NA,NA,NA,"unmatched"
"Villalba de la Lampreana, Zamora","Villalba de la Lampreana","Zamora","Castilla y León",NA,NA,NA,NA,"unmatched"
"Villalba de la Loma, Valladolid","Villalba de la Loma","Valladolid","Castilla y León",NA,NA,NA,NA,"unmatched"
"Villalba de la Sierra, Cuenca","Villalba de la Sierra","Cuenca","Castilla-La Mancha",NA,NA,NA,NA,"unmatched"
"Villalba de los Alcores, Valladolid","Villalba de los Alcores","Valladolid","Castilla y León",NA,NA,NA,NA,"unmatched"
"Villalba de los Barros, Badajoz","Villalba de los Barros","Badajoz","Extremadura",NA,NA,NA,NA,"unmatched"
"Villalba de los Llanos, Salamanca","Villalba de los Llanos","Salamanca","Castilla y León",NA,NA,NA,NA,"unmatched"
"Villalba del Alcor, Huelva","Villalba del Alcor","Huelva","Andalucía",NA,NA,NA,NA,"unmatched"
"Villalba del Rey, Cuenca","Villalba del Rey","Cuenca","Castilla-La Mancha",NA,NA,NA,NA,"unmatched"
"Villalbarba, Valladolid","Villalbarba","Valladolid","Castilla y León",NA,NA,NA,NA,"unmatched"
"Villalbilla de Burgos, Burgos","Villalbilla de Burgos","Burgos","Castilla y León",NA,NA,NA,NA,"unmatched"
"Villalbilla de Gumiel, Burgos","Villalbilla de Gumiel","Burgos","Castilla y León",NA,NA,NA,NA,"unmatched"
"Villalbilla, Madrid","Villalbilla","Madrid","Comunidad de Madrid","9212378","Villalbilla","Villalbilla,Community of Madrid,Spain","Municipality","name+community"
"Villalcampo, Zamora","Villalcampo","Zamora","Castilla y León",NA,NA,NA,NA,"unmatched"
"Villalcázar de Sirga, Palencia","Villalcázar de Sirga","Palencia","Castilla y León",NA,NA,NA,NA,"unmatched"
"Villalcón, Palencia","Villalcón","Palencia","Castilla y León",NA,NA,NA,NA,"unmatched"
"Villaldemiro, Burgos","Villaldemiro","Burgos","Castilla y León",NA,NA,NA,NA,"unmatched"
"Villalengua, Zaragoza","Villalengua","Zaragoza","Aragón",NA,NA,NA,NA,"unmatched"
"Villalgordo del Júcar, Albacete","Villalgordo del Júcar","Albacete","Castilla-La Mancha",NA,NA,NA,NA,"unmatched"
"Villalgordo del Marquesado, Cuenca","Villalgordo del Marquesado","Cuenca","Castilla-La Mancha",NA,NA,NA,NA,"unmatched"
"Villalmanzo, Burgos","Villalmanzo","Burgos","Castilla y León",NA,NA,NA,NA,"unmatched"
"Villalobar de Rioja, La Rioja","Villalobar de Rioja","La Rioja","La Rioja",NA,NA,NA,NA,"unmatched"
"Villalobos, Zamora","Villalobos","Zamora","Castilla y León",NA,NA,NA,NA,"unmatched"
"Villalobón, Palencia","Villalobón","Palencia","Castilla y León",NA,NA,NA,NA,"unmatched"
"Villalonga, Valencia","Villalonga","Valencia","Comunidad Valenciana",NA,NA,NA,NA,"unmatched"
"Villalonso, Zamora","Villalonso","Zamora","Castilla y León",NA,NA,NA,NA,"unmatched"
"Villalpando, Zamora","Villalpando","Zamora","Castilla y León",NA,NA,NA,NA,"unmatched"
"Villalpardo, Cuenca","Villalpardo","Cuenca","Castilla-La Mancha",NA,NA,NA,NA,"unmatched"
"Villalube, Zamora","Villalube","Zamora","Castilla y León",NA,NA,NA,NA,"unmatched"
"Villaluenga de la Sagra, Toledo","Villaluenga de la Sagra","Toledo","Castilla-La Mancha",NA,NA,NA,NA,"unmatched"
"Villaluenga de la Vega, Palencia","Villaluenga de la Vega","Palencia","Castilla y León",NA,NA,NA,NA,"unmatched"
"Villaluenga del Rosario, Cádiz","Villaluenga del Rosario","Cádiz","Andalucía",NA,NA,NA,NA,"unmatched"
"Villalán de Campos, Valladolid","Villalán de Campos","Valladolid","Castilla y León",NA,NA,NA,NA,"unmatched"
"Villalón de Campos, Valladolid","Villalón de Campos","Valladolid","Castilla y León",NA,NA,NA,NA,"unmatched"
"Villamalea, Albacete","Villamalea","Albacete","Castilla-La Mancha",NA,NA,NA,NA,"unmatched"
"Villamalur, Castellón","Villamalur","Castellón","Comunidad Valenciana",NA,NA,NA,NA,"unmatched"
"Villamandos, León","Villamandos","León","Castilla y León",NA,NA,NA,NA,"unmatched"
"Villamanrique de Tajo, Madrid","Villamanrique de Tajo","Madrid","Comunidad de Madrid",NA,NA,NA,NA,"unmatched"
"Villamanrique de la Condesa, Sevilla","Villamanrique de la Condesa","Sevilla","Andalucía",NA,NA,NA,NA,"unmatched"
"Villamanrique, Ciudad Real","Villamanrique","Ciudad Real","Castilla-La Mancha",NA,NA,NA,NA,"unmatched"
"Villamanta, Madrid","Villamanta","Madrid","Comunidad de Madrid","9214090","Villamanta","Villamanta,Community of Madrid,Spain","Municipality","name+community"
"Villamantilla, Madrid","Villamantilla","Madrid","Comunidad de Madrid","9208031","Villamantilla","Villamantilla,Community of Madrid,Spain","Municipality","name+community"
"Villamanín, León","Villamanín","León","Castilla y León",NA,NA,NA,NA,"unmatched"
"Villamartín de Campos, Palencia","Villamartín de Campos","Palencia","Castilla y León",NA,NA,NA,NA,"unmatched"
"Villamartín de Don Sancho, León","Villamartín de Don Sancho","León","Castilla y León",NA,NA,NA,NA,"unmatched"
"Villamartín, Cádiz","Villamartín","Cádiz","Andalucía",NA,NA,NA,NA,"unmatched"
"Villamayor de Calatrava, Ciudad Real","Villamayor de Calatrava","Ciudad Real","Castilla-La Mancha",NA,NA,NA,NA,"unmatched"
"Villamayor de Campos, Zamora","Villamayor de Campos","Zamora","Castilla y León",NA,NA,NA,NA,"unmatched"
"Villamayor de Monjardín, Navarra","Villamayor de Monjardín","Navarra","Comunidad Foral de Navarra",NA,NA,NA,NA,"unmatched"
"Villamayor de Santiago, Cuenca","Villamayor de Santiago","Cuenca","Castilla-La Mancha",NA,NA,NA,NA,"unmatched"
"Villamayor de Treviño, Burgos","Villamayor de Treviño","Burgos","Castilla y León",NA,NA,NA,NA,"unmatched"
"Villamayor de los Montes, Burgos","Villamayor de los Montes","Burgos","Castilla y León",NA,NA,NA,NA,"unmatched"
"Villamayor, Salamanca","Villamayor","Salamanca","Castilla y León","9250383","Villamayor","Villamayor,Castile and Leon,Spain","Municipality","name+community"
"Villamañán, León","Villamañán","León","Castilla y León",NA,NA,NA,NA,"unmatched"
"Villambistia, Burgos","Villambistia","Burgos","Castilla y León",NA,NA,NA,NA,"unmatched"
"Villamediana de Iregua, La Rioja","Villamediana de Iregua","La Rioja","La Rioja",NA,NA,NA,NA,"unmatched"
"Villamediana, Palencia","Villamediana","Palencia","Castilla y León",NA,NA,NA,NA,"unmatched"
"Villamedianilla, Burgos","Villamedianilla","Burgos","Castilla y León",NA,NA,NA,NA,"unmatched"
"Villamejil, León","Villamejil","León","Castilla y León",NA,NA,NA,NA,"unmatched"
"Villamena, Granada","Villamena","Granada","Andalucía",NA,NA,NA,NA,"unmatched"
"Villameriel, Palencia","Villameriel","Palencia","Castilla y León",NA,NA,NA,NA,"unmatched"
"Villamesías, Cáceres","Villamesías","Cáceres","Extremadura",NA,NA,NA,NA,"unmatched"
"Villamiel de Toledo, Toledo","Villamiel de Toledo","Toledo","Castilla-La Mancha",NA,NA,NA,NA,"unmatched"
"Villamiel de la Sierra, Burgos","Villamiel de la Sierra","Burgos","Castilla y León",NA,NA,NA,NA,"unmatched"
"Villamiel, Cáceres","Villamiel","Cáceres","Extremadura",NA,NA,NA,NA,"unmatched"
"Villaminaya, Toledo","Villaminaya","Toledo","Castilla-La Mancha",NA,NA,NA,NA,"unmatched"
"Villamol, León","Villamol","León","Castilla y León",NA,NA,NA,NA,"unmatched"
"Villamontán de la Valduerna, León","Villamontán de la Valduerna","León","Castilla y León",NA,NA,NA,NA,"unmatched"
"Villamor de los Escuderos, Zamora","Villamor de los Escuderos","Zamora","Castilla y León",NA,NA,NA,NA,"unmatched"
"Villamoratiel de las Matas, León","Villamoratiel de las Matas","León","Castilla y León",NA,NA,NA,NA,"unmatched"
"Villamoronta, Palencia","Villamoronta","Palencia","Castilla y León",NA,NA,NA,NA,"unmatched"
"Villamuelas, Toledo","Villamuelas","Toledo","Castilla-La Mancha",NA,NA,NA,NA,"unmatched"
"Villamuera de la Cueza, Palencia","Villamuera de la Cueza","Palencia","Castilla y León",NA,NA,NA,NA,"unmatched"
"Villamuriel de Campos, Valladolid","Villamuriel de Campos","Valladolid","Castilla y León",NA,NA,NA,NA,"unmatched"
"Villamuriel de Cerrato, Palencia","Villamuriel de Cerrato","Palencia","Castilla y León",NA,NA,NA,NA,"unmatched"
"Villangómez, Burgos","Villangómez","Burgos","Castilla y León",NA,NA,NA,NA,"unmatched"
"Villanova, Huesca","Villanova","Huesca","Aragón",NA,NA,NA,NA,"unmatched"
"Villanubla, Valladolid","Villanubla","Valladolid","Castilla y León",NA,NA,NA,NA,"unmatched"
"Villanueva Mesía, Granada","Villanueva Mesía","Granada","Andalucía",NA,NA,NA,NA,"unmatched"
"Villanueva de Alcardete, Toledo","Villanueva de Alcardete","Toledo","Castilla-La Mancha",NA,NA,NA,NA,"unmatched"
"Villanueva de Alcorón, Guadalajara","Villanueva de Alcorón","Guadalajara","Castilla-La Mancha",NA,NA,NA,NA,"unmatched"
"Villanueva de Algaidas, Málaga","Villanueva de Algaidas","Málaga","Andalucía",NA,NA,NA,NA,"unmatched"
"Villanueva de Argaño, Burgos","Villanueva de Argaño","Burgos","Castilla y León",NA,NA,NA,NA,"unmatched"
"Villanueva de Argecilla, Guadalajara","Villanueva de Argecilla","Guadalajara","Castilla-La Mancha",NA,NA,NA,NA,"unmatched"
"Villanueva de Azoague, Zamora","Villanueva de Azoague","Zamora","Castilla y León",NA,NA,NA,NA,"unmatched"
"Villanueva de Bogas, Toledo","Villanueva de Bogas","Toledo","Castilla-La Mancha",NA,NA,NA,NA,"unmatched"
"Villanueva de Cameros, La Rioja","Villanueva de Cameros","La Rioja","La Rioja",NA,NA,NA,NA,"unmatched"
"Villanueva de Campeán, Zamora","Villanueva de Campeán","Zamora","Castilla y León",NA,NA,NA,NA,"unmatched"
"Villanueva de Carazo, Burgos","Villanueva de Carazo","Burgos","Castilla y León",NA,NA,NA,NA,"unmatched"
"Villanueva de Castellón, Valencia","Villanueva de Castellón","Valencia","Comunidad Valenciana",NA,NA,NA,NA,"unmatched"
"Villanueva de Córdoba, Córdoba","Villanueva de Córdoba","Córdoba","Andalucía",NA,NA,NA,NA,"unmatched"
"Villanueva de Duero, Valladolid","Villanueva de Duero","Valladolid","Castilla y León",NA,NA,NA,NA,"unmatched"
"Villanueva de Gormaz, Soria","Villanueva de Gormaz","Soria","Castilla y León",NA,NA,NA,NA,"unmatched"
"Villanueva de Guadamejud, Cuenca","Villanueva de Guadamejud","Cuenca","Castilla-La Mancha",NA,NA,NA,NA,"unmatched"
"Villanueva de Gumiel, Burgos","Villanueva de Gumiel","Burgos","Castilla y León",NA,NA,NA,NA,"unmatched"
"Villanueva de Gállego, Zaragoza","Villanueva de Gállego","Zaragoza","Aragón","9234743","Villanueva de Gallego","Villanueva de Gallego,Aragon,Spain","Municipality","name+community"
"Villanueva de Gómez, Ávila","Villanueva de Gómez","Ávila","Castilla y León",NA,NA,NA,NA,"unmatched"
"Villanueva de Huerva, Zaragoza","Villanueva de Huerva","Zaragoza","Aragón",NA,NA,NA,NA,"unmatched"
"Villanueva de Jiloca, Zaragoza","Villanueva de Jiloca","Zaragoza","Aragón",NA,NA,NA,NA,"unmatched"
"Villanueva de Oscos, Asturias","Villanueva de Oscos","Asturias","Principado de Asturias","9222329","Villanueva de Oscos","Villanueva de Oscos,Asturias,Spain","Municipality","name+community"
"Villanueva de Perales, Madrid","Villanueva de Perales","Madrid","Comunidad de Madrid",NA,NA,NA,NA,"unmatched"
"Villanueva de San Carlos, Ciudad Real","Villanueva de San Carlos","Ciudad Real","Castilla-La Mancha",NA,NA,NA,NA,"unmatched"
"Villanueva de San Juan, Sevilla","Villanueva de San Juan","Sevilla","Andalucía",NA,NA,NA,NA,"unmatched"
"Villanueva de San Mancio, Valladolid","Villanueva de San Mancio","Valladolid","Castilla y León",NA,NA,NA,NA,"unmatched"
"Villanueva de Sigena, Huesca","Villanueva de Sigena","Huesca","Aragón",NA,NA,NA,NA,"unmatched"
"Villanueva de Tapia, Málaga","Villanueva de Tapia","Málaga","Andalucía",NA,NA,NA,NA,"unmatched"
"Villanueva de Teba, Burgos","Villanueva de Teba","Burgos","Castilla y León",NA,NA,NA,NA,"unmatched"
"Villanueva de Viver, Castellón","Villanueva de Viver","Castellón","Comunidad Valenciana",NA,NA,NA,NA,"unmatched"
"Villanueva de la Cañada, Madrid","Villanueva de la Cañada","Madrid","Comunidad de Madrid","9225174","Villanueva de la Canada","Villanueva de la Canada,Community of Madrid,Spain","Municipality","name+community"
"Villanueva de la Condesa, Valladolid","Villanueva de la Condesa","Valladolid","Castilla y León",NA,NA,NA,NA,"unmatched"
"Villanueva de la Fuente, Ciudad Real","Villanueva de la Fuente","Ciudad Real","Castilla-La Mancha",NA,NA,NA,NA,"unmatched"
"Villanueva de la Jara, Cuenca","Villanueva de la Jara","Cuenca","Castilla-La Mancha",NA,NA,NA,NA,"unmatched"
"Villanueva de la Reina, Jaén","Villanueva de la Reina","Jaén","Andalucía",NA,NA,NA,NA,"unmatched"
"Villanueva de la Serena, Badajoz","Villanueva de la Serena","Badajoz","Extremadura","9049241","Villanueva de la Serena","Villanueva de la Serena,Extremadura,Spain","City","name+community"
"Villanueva de la Sierra, Cáceres","Villanueva de la Sierra","Cáceres","Extremadura",NA,NA,NA,NA,"unmatched"
"Villanueva de la Torre, Guadalajara","Villanueva de la Torre","Guadalajara","Castilla-La Mancha","9253274","Villanueva de la Torre","Villanueva de la Torre,Castile-La Mancha,Spain","Municipality","name+community"
"Villanueva de la Vera, Cáceres","Villanueva de la Vera","Cáceres","Extremadura",NA,NA,NA,NA,"unmatched"
"Villanueva de las Cruces, Huelva","Villanueva de las Cruces","Huelva","Andalucía",NA,NA,NA,NA,"unmatched"
"Villanueva de las Manzanas, León","Villanueva de las Manzanas","León","Castilla y León",NA,NA,NA,NA,"unmatched"
"Villanueva de las Peras, Zamora","Villanueva de las Peras","Zamora","Castilla y León",NA,NA,NA,NA,"unmatched"
"Villanueva de las Torres, Granada","Villanueva de las Torres","Granada","Andalucía",NA,NA,NA,NA,"unmatched"
"Villanueva de los Caballeros, Valladolid","Villanueva de los Caballeros","Valladolid","Castilla y León",NA,NA,NA,NA,"unmatched"
"Villanueva de los Castillejos, Huelva","Villanueva de los Castillejos","Huelva","Andalucía",NA,NA,NA,NA,"unmatched"
"Villanueva de los Infantes, Ciudad Real","Villanueva de los Infantes","Ciudad Real","Castilla-La Mancha",NA,NA,NA,NA,"unmatched"
"Villanueva de los Infantes, Valladolid","Villanueva de los Infantes","Valladolid","Castilla y León",NA,NA,NA,NA,"unmatched"
"Villanueva de Ávila, Ávila","Villanueva de Ávila","Ávila","Castilla y León",NA,NA,NA,NA,"unmatched"
"Villanueva del Aceral, Ávila","Villanueva del Aceral","Ávila","Castilla y León",NA,NA,NA,NA,"unmatched"
"Villanueva del Ariscal, Sevilla","Villanueva del Ariscal","Sevilla","Andalucía",NA,NA,NA,NA,"unmatched"
"Villanueva del Arzobispo, Jaén","Villanueva del Arzobispo","Jaén","Andalucía",NA,NA,NA,NA,"unmatched"
"Villanueva del Campillo, Ávila","Villanueva del Campillo","Ávila","Castilla y León",NA,NA,NA,NA,"unmatched"
"Villanueva del Campo, Zamora","Villanueva del Campo","Zamora","Castilla y León",NA,NA,NA,NA,"unmatched"
"Villanueva del Conde, Salamanca","Villanueva del Conde","Salamanca","Castilla y León",NA,NA,NA,NA,"unmatched"
"Villanueva del Duque, Córdoba","Villanueva del Duque","Córdoba","Andalucía",NA,NA,NA,NA,"unmatched"
"Villanueva del Fresno, Badajoz","Villanueva del Fresno","Badajoz","Extremadura",NA,NA,NA,NA,"unmatched"
"Villanueva del Pardillo, Madrid","Villanueva del Pardillo","Madrid","Comunidad de Madrid","9234506","Villanueva del Pardillo","Villanueva del Pardillo,Community of Madrid,Spain","Municipality","name+community"
"Villanueva del Rebollar de la Si, Teruel","Villanueva del Rebollar de la Si","Teruel","Aragón",NA,NA,NA,NA,"unmatched"
"Villanueva del Rebollar, Palencia","Villanueva del Rebollar","Palencia","Castilla y León",NA,NA,NA,NA,"unmatched"
"Villanueva del Rey, Córdoba","Villanueva del Rey","Córdoba","Andalucía",NA,NA,NA,NA,"unmatched"
"Villanueva del Rosario, Málaga","Villanueva del Rosario","Málaga","Andalucía",NA,NA,NA,NA,"unmatched"
"Villanueva del Río Segura, Murcia","Villanueva del Río Segura","Murcia","Región de Murcia",NA,NA,NA,NA,"unmatched"
"Villanueva del Río y Minas, Sevilla","Villanueva del Río y Minas","Sevilla","Andalucía",NA,NA,NA,NA,"unmatched"
"Villanueva del Trabuco, Málaga","Villanueva del Trabuco","Málaga","Andalucía",NA,NA,NA,NA,"unmatched"
"Villanuño de Valdavia, Palencia","Villanuño de Valdavia","Palencia","Castilla y León",NA,NA,NA,NA,"unmatched"
"Villanázar, Zamora","Villanázar","Zamora","Castilla y León",NA,NA,NA,NA,"unmatched"
"Villanúa, Huesca","Villanúa","Huesca","Aragón",NA,NA,NA,NA,"unmatched"
"Villaobispo de Otero, León","Villaobispo de Otero","León","Castilla y León",NA,NA,NA,NA,"unmatched"
"Villaornate y Castro, León","Villaornate y Castro","León","Castilla y León",NA,NA,NA,NA,"unmatched"
"Villapalacios, Albacete","Villapalacios","Albacete","Castilla-La Mancha",NA,NA,NA,NA,"unmatched"
"Villaprovedo, Palencia","Villaprovedo","Palencia","Castilla y León",NA,NA,NA,NA,"unmatched"
"Villaquejida, León","Villaquejida","León","Castilla y León",NA,NA,NA,NA,"unmatched"
"Villaquilambre, León","Villaquilambre","León","Castilla y León",NA,NA,NA,NA,"unmatched"
"Villaquirán de la Puebla, Burgos","Villaquirán de la Puebla","Burgos","Castilla y León",NA,NA,NA,NA,"unmatched"
"Villaquirán de los Infantes, Burgos","Villaquirán de los Infantes","Burgos","Castilla y León",NA,NA,NA,NA,"unmatched"
"Villar de Argañán, Salamanca","Villar de Argañán","Salamanca","Castilla y León",NA,NA,NA,NA,"unmatched"
"Villar de Cañas, Cuenca","Villar de Cañas","Cuenca","Castilla-La Mancha",NA,NA,NA,NA,"unmatched"
"Villar de Ciervo, Salamanca","Villar de Ciervo","Salamanca","Castilla y León",NA,NA,NA,NA,"unmatched"
"Villar de Corneja, Ávila","Villar de Corneja","Ávila","Castilla y León",NA,NA,NA,NA,"unmatched"
"Villar de Domingo García, Cuenca","Villar de Domingo García","Cuenca","Castilla-La Mancha",NA,NA,NA,NA,"unmatched"
"Villar de Fallaves, Zamora","Villar de Fallaves","Zamora","Castilla y León",NA,NA,NA,NA,"unmatched"
"Villar de Gallimazo, Salamanca","Villar de Gallimazo","Salamanca","Castilla y León",NA,NA,NA,NA,"unmatched"
"Villar de Olalla, Cuenca","Villar de Olalla","Cuenca","Castilla-La Mancha",NA,NA,NA,NA,"unmatched"
"Villar de Peralonso, Salamanca","Villar de Peralonso","Salamanca","Castilla y León",NA,NA,NA,NA,"unmatched"
"Villar de Plasencia, Cáceres","Villar de Plasencia","Cáceres","Extremadura",NA,NA,NA,NA,"unmatched"
"Villar de Rena, Badajoz","Villar de Rena","Badajoz","Extremadura",NA,NA,NA,NA,"unmatched"
"Villar de Samaniego, Salamanca","Villar de Samaniego","Salamanca","Castilla y León",NA,NA,NA,NA,"unmatched"
"Villar de Torre, La Rioja","Villar de Torre","La Rioja","La Rioja",NA,NA,NA,NA,"unmatched"
"Villar de la Encina, Cuenca","Villar de la Encina","Cuenca","Castilla-La Mancha",NA,NA,NA,NA,"unmatched"
"Villar de la Yegua, Salamanca","Villar de la Yegua","Salamanca","Castilla y León",NA,NA,NA,NA,"unmatched"
"Villar de los Navarros, Zaragoza","Villar de los Navarros","Zaragoza","Aragón",NA,NA,NA,NA,"unmatched"
"Villar del Ala, Soria","Villar del Ala","Soria","Castilla y León",NA,NA,NA,NA,"unmatched"
"Villar del Arzobispo, Valencia","Villar del Arzobispo","Valencia","Comunidad Valenciana",NA,NA,NA,NA,"unmatched"
"Villar del Buey, Zamora","Villar del Buey","Zamora","Castilla y León",NA,NA,NA,NA,"unmatched"
"Villar del Campo, Soria","Villar del Campo","Soria","Castilla y León",NA,NA,NA,NA,"unmatched"
"Villar del Cobo, Teruel","Villar del Cobo","Teruel","Aragón",NA,NA,NA,NA,"unmatched"
"Villar del Humo, Cuenca","Villar del Humo","Cuenca","Castilla-La Mancha",NA,NA,NA,NA,"unmatched"
"Villar del Infantado, Cuenca","Villar del Infantado","Cuenca","Castilla-La Mancha",NA,NA,NA,NA,"unmatched"
"Villar del Olmo, Madrid","Villar del Olmo","Madrid","Comunidad de Madrid",NA,NA,NA,NA,"unmatched"
"Villar del Pedroso, Cáceres","Villar del Pedroso","Cáceres","Extremadura",NA,NA,NA,NA,"unmatched"
"Villar del Pozo, Ciudad Real","Villar del Pozo","Ciudad Real","Castilla-La Mancha",NA,NA,NA,NA,"unmatched"
"Villar del Rey, Badajoz","Villar del Rey","Badajoz","Extremadura",NA,NA,NA,NA,"unmatched"
"Villar del Río, Soria","Villar del Río","Soria","Castilla y León",NA,NA,NA,NA,"unmatched"
"Villar del Salz, Teruel","Villar del Salz","Teruel","Aragón",NA,NA,NA,NA,"unmatched"
"Villar y Velasco, Cuenca","Villar y Velasco","Cuenca","Castilla-La Mancha",NA,NA,NA,NA,"unmatched"
"Villaralbo, Zamora","Villaralbo","Zamora","Castilla y León",NA,NA,NA,NA,"unmatched"
"Villaralto, Córdoba","Villaralto","Córdoba","Andalucía",NA,NA,NA,NA,"unmatched"
"Villarcayo de Merindad de Castil, Burgos","Villarcayo de Merindad de Castil","Burgos","Castilla y León",NA,NA,NA,NA,"unmatched"
"Villardeciervos, Zamora","Villardeciervos","Zamora","Castilla y León",NA,NA,NA,NA,"unmatched"
"Villardefrades, Valladolid","Villardefrades","Valladolid","Castilla y León",NA,NA,NA,NA,"unmatched"
"Villardiegua de la Ribera, Zamora","Villardiegua de la Ribera","Zamora","Castilla y León",NA,NA,NA,NA,"unmatched"
"Villardompardo, Jaén","Villardompardo","Jaén","Andalucía",NA,NA,NA,NA,"unmatched"
"Villardondiego, Zamora","Villardondiego","Zamora","Castilla y León",NA,NA,NA,NA,"unmatched"
"Villarejo de Fuentes, Cuenca","Villarejo de Fuentes","Cuenca","Castilla-La Mancha",NA,NA,NA,NA,"unmatched"
"Villarejo de Montalbán, Toledo","Villarejo de Montalbán","Toledo","Castilla-La Mancha",NA,NA,NA,NA,"unmatched"
"Villarejo de Salvanés, Madrid","Villarejo de Salvanés","Madrid","Comunidad de Madrid","9245405","Villarejo de Salvanes","Villarejo de Salvanes,Community of Madrid,Spain","Municipality","name+community"
"Villarejo de la Peñuela, Cuenca","Villarejo de la Peñuela","Cuenca","Castilla-La Mancha",NA,NA,NA,NA,"unmatched"
"Villarejo de Órbigo, León","Villarejo de Órbigo","León","Castilla y León",NA,NA,NA,NA,"unmatched"
"Villarejo del Valle, Ávila","Villarejo del Valle","Ávila","Castilla y León",NA,NA,NA,NA,"unmatched"
"Villarejo, La Rioja","Villarejo","La Rioja","La Rioja",NA,NA,NA,NA,"unmatched"
"Villarejo-Periesteban, Cuenca","Villarejo-Periesteban","Cuenca","Castilla-La Mancha",NA,NA,NA,NA,"unmatched"
"Villares de Jadraque, Guadalajara","Villares de Jadraque","Guadalajara","Castilla-La Mancha",NA,NA,NA,NA,"unmatched"
"Villares de Yeltes, Salamanca","Villares de Yeltes","Salamanca","Castilla y León",NA,NA,NA,NA,"unmatched"
"Villares de la Reina, Salamanca","Villares de la Reina","Salamanca","Castilla y León",NA,NA,NA,NA,"unmatched"
"Villares de Órbigo, León","Villares de Órbigo","León","Castilla y León",NA,NA,NA,NA,"unmatched"
"Villares del Saz, Cuenca","Villares del Saz","Cuenca","Castilla-La Mancha",NA,NA,NA,NA,"unmatched"
"Villargordo del Cabriel, Valencia","Villargordo del Cabriel","Valencia","Comunidad Valenciana",NA,NA,NA,NA,"unmatched"
"Villariezo, Burgos","Villariezo","Burgos","Castilla y León",NA,NA,NA,NA,"unmatched"
"Villarino de los Aires, Salamanca","Villarino de los Aires","Salamanca","Castilla y León",NA,NA,NA,NA,"unmatched"
"Villarluengo, Teruel","Villarluengo","Teruel","Aragón",NA,NA,NA,NA,"unmatched"
"Villarmayor, Salamanca","Villarmayor","Salamanca","Castilla y León",NA,NA,NA,NA,"unmatched"
"Villarmentero de Campos, Palencia","Villarmentero de Campos","Palencia","Castilla y León",NA,NA,NA,NA,"unmatched"
"Villarmentero de Esgueva, Valladolid","Villarmentero de Esgueva","Valladolid","Castilla y León",NA,NA,NA,NA,"unmatched"
"Villarmuerto, Salamanca","Villarmuerto","Salamanca","Castilla y León",NA,NA,NA,NA,"unmatched"
"Villarquemado, Teruel","Villarquemado","Teruel","Aragón",NA,NA,NA,NA,"unmatched"
"Villarrabé, Palencia","Villarrabé","Palencia","Castilla y León",NA,NA,NA,NA,"unmatched"
"Villarramiel, Palencia","Villarramiel","Palencia","Castilla y León",NA,NA,NA,NA,"unmatched"
"Villarrasa, Huelva","Villarrasa","Huelva","Andalucía",NA,NA,NA,NA,"unmatched"
"Villarreal de Huerva, Zaragoza","Villarreal de Huerva","Zaragoza","Aragón",NA,NA,NA,NA,"unmatched"
"Villarreal, Castellón","Villarreal","Castellón","Comunidad Valenciana",NA,NA,NA,NA,"unmatched"
"Villarrobledo, Albacete","Villarrobledo","Albacete","Castilla-La Mancha","9049243","Villarrobledo","Villarrobledo,Castile-La Mancha,Spain","City","name+community"
"Villarrodrigo, Jaén","Villarrodrigo","Jaén","Andalucía",NA,NA,NA,NA,"unmatched"
"Villarroya de la Sierra, Zaragoza","Villarroya de la Sierra","Zaragoza","Aragón",NA,NA,NA,NA,"unmatched"
"Villarroya de los Pinares, Teruel","Villarroya de los Pinares","Teruel","Aragón",NA,NA,NA,NA,"unmatched"
"Villarroya del Campo, Zaragoza","Villarroya del Campo","Zaragoza","Aragón",NA,NA,NA,NA,"unmatched"
"Villarroya, La Rioja","Villarroya","La Rioja","La Rioja",NA,NA,NA,NA,"unmatched"
"Villarrubia de Santiago, Toledo","Villarrubia de Santiago","Toledo","Castilla-La Mancha",NA,NA,NA,NA,"unmatched"
"Villarrubia de los Ojos, Ciudad Real","Villarrubia de los Ojos","Ciudad Real","Castilla-La Mancha","9236349","Villarrubia de los Ojos","Villarrubia de los Ojos,Castile-La Mancha,Spain","Municipality","name+community"
"Villarrubio, Cuenca","Villarrubio","Cuenca","Castilla-La Mancha",NA,NA,NA,NA,"unmatched"
"Villarrín de Campos, Zamora","Villarrín de Campos","Zamora","Castilla y León",NA,NA,NA,NA,"unmatched"
"Villarta de San Juan, Ciudad Real","Villarta de San Juan","Ciudad Real","Castilla-La Mancha",NA,NA,NA,NA,"unmatched"
"Villarta de los Montes, Badajoz","Villarta de los Montes","Badajoz","Extremadura",NA,NA,NA,NA,"unmatched"
"Villarta, Cuenca","Villarta","Cuenca","Castilla-La Mancha",NA,NA,NA,NA,"unmatched"
"Villarta-Quintana, La Rioja","Villarta-Quintana","La Rioja","La Rioja","9216053","Villarta-Quintana","Villarta-Quintana,La Rioja,Spain","Municipality","name+community"
"Villas de la Ventosa, Cuenca","Villas de la Ventosa","Cuenca","Castilla-La Mancha",NA,NA,NA,NA,"unmatched"
"Villasabariego, León","Villasabariego","León","Castilla y León",NA,NA,NA,NA,"unmatched"
"Villasandino, Burgos","Villasandino","Burgos","Castilla y León",NA,NA,NA,NA,"unmatched"
"Villasarracino, Palencia","Villasarracino","Palencia","Castilla y León",NA,NA,NA,NA,"unmatched"
"Villasayas, Soria","Villasayas","Soria","Castilla y León",NA,NA,NA,NA,"unmatched"
"Villasbuenas de Gata, Cáceres","Villasbuenas de Gata","Cáceres","Extremadura",NA,NA,NA,NA,"unmatched"
"Villasbuenas, Salamanca","Villasbuenas","Salamanca","Castilla y León",NA,NA,NA,NA,"unmatched"
"Villasdardo, Salamanca","Villasdardo","Salamanca","Castilla y León",NA,NA,NA,NA,"unmatched"
"Villaseca de Arciel, Soria","Villaseca de Arciel","Soria","Castilla y León",NA,NA,NA,NA,"unmatched"
"Villaseca de Henares, Guadalajara","Villaseca de Henares","Guadalajara","Castilla-La Mancha",NA,NA,NA,NA,"unmatched"
"Villaseca de Uceda, Guadalajara","Villaseca de Uceda","Guadalajara","Castilla-La Mancha",NA,NA,NA,NA,"unmatched"
"Villaseca de la Sagra, Toledo","Villaseca de la Sagra","Toledo","Castilla-La Mancha",NA,NA,NA,NA,"unmatched"
"Villaseco de los Gamitos, Salamanca","Villaseco de los Gamitos","Salamanca","Castilla y León",NA,NA,NA,NA,"unmatched"
"Villaseco de los Reyes, Salamanca","Villaseco de los Reyes","Salamanca","Castilla y León",NA,NA,NA,NA,"unmatched"
"Villaseco del Pan, Zamora","Villaseco del Pan","Zamora","Castilla y León",NA,NA,NA,NA,"unmatched"
"Villaselán, León","Villaselán","León","Castilla y León",NA,NA,NA,NA,"unmatched"
"Villasequilla, Toledo","Villasequilla","Toledo","Castilla-La Mancha",NA,NA,NA,NA,"unmatched"
"Villasexmir, Valladolid","Villasexmir","Valladolid","Castilla y León",NA,NA,NA,NA,"unmatched"
"Villasila de Valdavia, Palencia","Villasila de Valdavia","Palencia","Castilla y León",NA,NA,NA,NA,"unmatched"
"Villasrubias, Salamanca","Villasrubias","Salamanca","Castilla y León",NA,NA,NA,NA,"unmatched"
"Villastar, Teruel","Villastar","Teruel","Aragón",NA,NA,NA,NA,"unmatched"
"Villasur de Herreros, Burgos","Villasur de Herreros","Burgos","Castilla y León",NA,NA,NA,NA,"unmatched"
"Villatobas, Toledo","Villatobas","Toledo","Castilla-La Mancha",NA,NA,NA,NA,"unmatched"
"Villatoro, Ávila","Villatoro","Ávila","Castilla y León",NA,NA,NA,NA,"unmatched"
"Villatorres, Jaén","Villatorres","Jaén","Andalucía",NA,NA,NA,NA,"unmatched"
"Villatoya, Albacete","Villatoya","Albacete","Castilla-La Mancha",NA,NA,NA,NA,"unmatched"
"Villatuelda, Burgos","Villatuelda","Burgos","Castilla y León",NA,NA,NA,NA,"unmatched"
"Villatuerta, Navarra","Villatuerta","Navarra","Comunidad Foral de Navarra",NA,NA,NA,NA,"unmatched"
"Villaturde, Palencia","Villaturde","Palencia","Castilla y León",NA,NA,NA,NA,"unmatched"
"Villaturiel, León","Villaturiel","León","Castilla y León",NA,NA,NA,NA,"unmatched"
"Villaumbrales, Palencia","Villaumbrales","Palencia","Castilla y León",NA,NA,NA,NA,"unmatched"
"Villava, Navarra","Villava","Navarra","Comunidad Foral de Navarra",NA,NA,NA,NA,"unmatched"
"Villavaliente, Albacete","Villavaliente","Albacete","Castilla-La Mancha",NA,NA,NA,NA,"unmatched"
"Villavaquerín, Valladolid","Villavaquerín","Valladolid","Castilla y León",NA,NA,NA,NA,"unmatched"
"Villavelayo, La Rioja","Villavelayo","La Rioja","La Rioja",NA,NA,NA,NA,"unmatched"
"Villavellid, Valladolid","Villavellid","Valladolid","Castilla y León",NA,NA,NA,NA,"unmatched"
"Villavendimio, Zamora","Villavendimio","Zamora","Castilla y León",NA,NA,NA,NA,"unmatched"
"Villaverde de Guadalimar, Albacete","Villaverde de Guadalimar","Albacete","Castilla-La Mancha",NA,NA,NA,NA,"unmatched"
"Villaverde de Guareña, Salamanca","Villaverde de Guareña","Salamanca","Castilla y León",NA,NA,NA,NA,"unmatched"
"Villaverde de Medina, Valladolid","Villaverde de Medina","Valladolid","Castilla y León",NA,NA,NA,NA,"unmatched"
"Villaverde de Montejo, Segovia","Villaverde de Montejo","Segovia","Castilla y León",NA,NA,NA,NA,"unmatched"
"Villaverde de Rioja, La Rioja","Villaverde de Rioja","La Rioja","La Rioja",NA,NA,NA,NA,"unmatched"
"Villaverde de Trucíos, Cantabria","Villaverde de Trucíos","Cantabria","Cantabria",NA,NA,NA,NA,"unmatched"
"Villaverde de Íscar, Segovia","Villaverde de Íscar","Segovia","Castilla y León",NA,NA,NA,NA,"unmatched"
"Villaverde del Monte, Burgos","Villaverde del Monte","Burgos","Castilla y León",NA,NA,NA,NA,"unmatched"
"Villaverde del Río, Sevilla","Villaverde del Río","Sevilla","Andalucía","9219885","Villaverde del Rio","Villaverde del Rio,Andalusia,Spain","Municipality","name+community"
"Villaverde y Pasaconsol, Cuenca","Villaverde y Pasaconsol","Cuenca","Castilla-La Mancha",NA,NA,NA,NA,"unmatched"
"Villaverde-Mogina, Burgos","Villaverde-Mogina","Burgos","Castilla y León",NA,NA,NA,NA,"unmatched"
"Villaveza de Valverde, Zamora","Villaveza de Valverde","Zamora","Castilla y León",NA,NA,NA,NA,"unmatched"
"Villaveza del Agua, Zamora","Villaveza del Agua","Zamora","Castilla y León",NA,NA,NA,NA,"unmatched"
"Villavicencio de los Caballeros, Valladolid","Villavicencio de los Caballeros","Valladolid","Castilla y León",NA,NA,NA,NA,"unmatched"
"Villaviciosa de Córdoba, Córdoba","Villaviciosa de Córdoba","Córdoba","Andalucía",NA,NA,NA,NA,"unmatched"
"Villaviciosa de Odón, Madrid","Villaviciosa de Odón","Madrid","Comunidad de Madrid","9049245","Villaviciosa de Odon","Villaviciosa de Odon,Community of Madrid,Spain","City","name+community"
"Villaviciosa, Asturias","Villaviciosa","Asturias","Principado de Asturias","9210403","Villaviciosa","Villaviciosa,Asturias,Spain","Municipality","name+community"
"Villavieja de Yeltes, Salamanca","Villavieja de Yeltes","Salamanca","Castilla y León",NA,NA,NA,NA,"unmatched"
"Villavieja del Lozoya, Madrid","Villavieja del Lozoya","Madrid","Comunidad de Madrid",NA,NA,NA,NA,"unmatched"
"Villaviudas, Palencia","Villaviudas","Palencia","Castilla y León",NA,NA,NA,NA,"unmatched"
"Villayerno Morquillas, Burgos","Villayerno Morquillas","Burgos","Castilla y León",NA,NA,NA,NA,"unmatched"
"Villayón, Asturias","Villayón","Asturias","Principado de Asturias","9217122","Villayon","Villayon,Asturias,Spain","Municipality","name+community"
"Villazala, León","Villazala","León","Castilla y León",NA,NA,NA,NA,"unmatched"
"Villazanzo de Valderaduey, León","Villazanzo de Valderaduey","León","Castilla y León",NA,NA,NA,NA,"unmatched"
"Villazopeque, Burgos","Villazopeque","Burgos","Castilla y León",NA,NA,NA,NA,"unmatched"
"Villegas, Burgos","Villegas","Burgos","Castilla y León",NA,NA,NA,NA,"unmatched"
"Villeguillo, Segovia","Villeguillo","Segovia","Castilla y León",NA,NA,NA,NA,"unmatched"
"Villel de Mesa, Guadalajara","Villel de Mesa","Guadalajara","Castilla-La Mancha",NA,NA,NA,NA,"unmatched"
"Villel, Teruel","Villel","Teruel","Aragón",NA,NA,NA,NA,"unmatched"
"Villena, Alicante","Villena","Alicante","Comunidad Valenciana","9049246","Villena","Villena,Valencian Community,Spain","City","name+community"
"Villerías de Campos, Palencia","Villerías de Campos","Palencia","Castilla y León",NA,NA,NA,NA,"unmatched"
"Villodre, Palencia","Villodre","Palencia","Castilla y León",NA,NA,NA,NA,"unmatched"
"Villodrigo, Palencia","Villodrigo","Palencia","Castilla y León",NA,NA,NA,NA,"unmatched"
"Villoldo, Palencia","Villoldo","Palencia","Castilla y León",NA,NA,NA,NA,"unmatched"
"Villores, Castellón","Villores","Castellón","Comunidad Valenciana",NA,NA,NA,NA,"unmatched"
"Villoria, Salamanca","Villoria","Salamanca","Castilla y León",NA,NA,NA,NA,"unmatched"
"Villoruebo, Burgos","Villoruebo","Burgos","Castilla y León",NA,NA,NA,NA,"unmatched"
"Villoruela, Salamanca","Villoruela","Salamanca","Castilla y León",NA,NA,NA,NA,"unmatched"
"Villoslada de Cameros, La Rioja","Villoslada de Cameros","La Rioja","La Rioja",NA,NA,NA,NA,"unmatched"
"Villota del Páramo, Palencia","Villota del Páramo","Palencia","Castilla y León",NA,NA,NA,NA,"unmatched"
"Villovieco, Palencia","Villovieco","Palencia","Castilla y León",NA,NA,NA,NA,"unmatched"
"Villán de Tordesillas, Valladolid","Villán de Tordesillas","Valladolid","Castilla y León",NA,NA,NA,NA,"unmatched"
"Villárdiga, Zamora","Villárdiga","Zamora","Castilla y León",NA,NA,NA,NA,"unmatched"
"Vilobí d'Onyar, Girona","Vilobí d'Onyar","Girona","Cataluña",NA,NA,NA,NA,"unmatched"
"Vilobí del Penedès, Barcelona","Vilobí del Penedès","Barcelona","Cataluña",NA,NA,NA,NA,"unmatched"
"Vilopriu, Girona","Vilopriu","Girona","Cataluña",NA,NA,NA,NA,"unmatched"
"Viloria de Rioja, Burgos","Viloria de Rioja","Burgos","Castilla y León",NA,NA,NA,NA,"unmatched"
"Viloria, Valladolid","Viloria","Valladolid","Castilla y León",NA,NA,NA,NA,"unmatched"
"Vilvestre, Salamanca","Vilvestre","Salamanca","Castilla y León",NA,NA,NA,NA,"unmatched"
"Vilviestre del Pinar, Burgos","Vilviestre del Pinar","Burgos","Castilla y León",NA,NA,NA,NA,"unmatched"
"Vimbodí, Tarragona","Vimbodí","Tarragona","Cataluña",NA,NA,NA,NA,"unmatched"
"Vimianzo, A Coruña","Vimianzo","A Coruña","Galicia",NA,NA,NA,NA,"unmatched"
"Vinaceite, Teruel","Vinaceite","Teruel","Aragón",NA,NA,NA,NA,"unmatched"
"Vinaixa, Lleida","Vinaixa","Lleida","Cataluña",NA,NA,NA,NA,"unmatched"
"Vinalesa, Valencia","Vinalesa","Valencia","Comunidad Valenciana",NA,NA,NA,NA,"unmatched"
"Vinaròs, Castellón","Vinaròs","Castellón","Comunidad Valenciana","9049247","Vinaros","Vinaros,Valencian Community,Spain","City","name+community"
"Vindel, Cuenca","Vindel","Cuenca","Castilla-La Mancha",NA,NA,NA,NA,"unmatched"
"Vinebre, Tarragona","Vinebre","Tarragona","Cataluña",NA,NA,NA,NA,"unmatched"
"Viniegra de Abajo, La Rioja","Viniegra de Abajo","La Rioja","La Rioja",NA,NA,NA,NA,"unmatched"
"Viniegra de Arriba, La Rioja","Viniegra de Arriba","La Rioja","La Rioja",NA,NA,NA,NA,"unmatched"
"Vinuesa, Soria","Vinuesa","Soria","Castilla y León",NA,NA,NA,NA,"unmatched"
"Vinyols i els Arcs, Tarragona","Vinyols i els Arcs","Tarragona","Cataluña","9216696","Vinyols i els Arcs","Vinyols i els Arcs,Catalonia,Spain","Municipality","name+community"
"Visiedo, Teruel","Visiedo","Teruel","Aragón",NA,NA,NA,NA,"unmatched"
"Viso del Marqués, Ciudad Real","Viso del Marqués","Ciudad Real","Castilla-La Mancha",NA,NA,NA,NA,"unmatched"
"Vistabella del Maestrazgo, Castellón","Vistabella del Maestrazgo","Castellón","Comunidad Valenciana",NA,NA,NA,NA,"unmatched"
"Vistabella, Zaragoza","Vistabella","Zaragoza","Aragón",NA,NA,NA,NA,"unmatched"
"Vita, Ávila","Vita","Ávila","Castilla y León",NA,NA,NA,NA,"unmatched"
"Vitigudino, Salamanca","Vitigudino","Salamanca","Castilla y León",NA,NA,NA,NA,"unmatched"
"Vitoria-Gasteiz, Álava","Vitoria-Gasteiz","Álava","País Vasco","9215403","Vitoria-Gasteiz","Vitoria-Gasteiz,Basque Country,Spain","Municipality","name+community"
"Viveiro, Lugo","Viveiro","Lugo","Galicia",NA,NA,NA,NA,"unmatched"
"Vivel del Río Martín, Teruel","Vivel del Río Martín","Teruel","Aragón",NA,NA,NA,NA,"unmatched"
"Viver i Serrateix, Barcelona","Viver i Serrateix","Barcelona","Cataluña",NA,NA,NA,NA,"unmatched"
"Viver, Castellón","Viver","Castellón","Comunidad Valenciana",NA,NA,NA,NA,"unmatched"
"Viveros, Albacete","Viveros","Albacete","Castilla-La Mancha",NA,NA,NA,NA,"unmatched"
"Vizcaínos, Burgos","Vizcaínos","Burgos","Castilla y León",NA,NA,NA,NA,"unmatched"
"Vizmanos, Soria","Vizmanos","Soria","Castilla y León",NA,NA,NA,NA,"unmatched"
"Viñas, Zamora","Viñas","Zamora","Castilla y León",NA,NA,NA,NA,"unmatched"
"Viñegra de Moraña, Ávila","Viñegra de Moraña","Ávila","Castilla y León",NA,NA,NA,NA,"unmatched"
"Viñuela, Málaga","Viñuela","Málaga","Andalucía",NA,NA,NA,NA,"unmatched"
"Viñuelas, Guadalajara","Viñuelas","Guadalajara","Castilla-La Mancha",NA,NA,NA,NA,"unmatched"
"Voto, Cantabria","Voto","Cantabria","Cantabria",NA,NA,NA,NA,"unmatched"
"Vozmediano, Soria","Vozmediano","Soria","Castilla y León",NA,NA,NA,NA,"unmatched"
"Válor, Granada","Válor","Granada","Andalucía",NA,NA,NA,NA,"unmatched"
"Vélez de Benaudalla, Granada","Vélez de Benaudalla","Granada","Andalucía",NA,NA,NA,NA,"unmatched"
"Vélez-Blanco, Almería","Vélez-Blanco","Almería","Andalucía","9210027","Velez-Blanco","Velez-Blanco,Andalusia,Spain","Municipality","name+community"
"Vélez-Málaga, Málaga","Vélez-Málaga","Málaga","Andalucía","9221698","Velez-Malaga","Velez-Malaga,Andalusia,Spain","Municipality","name+community"
"Vélez-Rubio, Almería","Vélez-Rubio","Almería","Andalucía",NA,NA,NA,NA,"unmatched"
"Vícar, Almería","Vícar","Almería","Andalucía",NA,NA,NA,NA,"unmatched"
"Víllora, Cuenca","Víllora","Cuenca","Castilla-La Mancha",NA,NA,NA,NA,"unmatched"
"Víznar, Granada","Víznar","Granada","Andalucía",NA,NA,NA,NA,"unmatched"
"Wamba, Valladolid","Wamba","Valladolid","Castilla y León",NA,NA,NA,NA,"unmatched"
"Xeraco, Valencia","Xeraco","Valencia","Comunidad Valenciana",NA,NA,NA,NA,"unmatched"
"Xeresa, Valencia","Xeresa","Valencia","Comunidad Valenciana",NA,NA,NA,NA,"unmatched"
"Xermade, Lugo","Xermade","Lugo","Galicia",NA,NA,NA,NA,"unmatched"
"Xerta, Tarragona","Xerta","Tarragona","Cataluña",NA,NA,NA,NA,"unmatched"
"Xinzo de Limia, Ourense","Xinzo de Limia","Ourense","Galicia",NA,NA,NA,NA,"unmatched"
"Xirivella, Valencia","Xirivella","Valencia","Comunidad Valenciana",NA,NA,NA,NA,"unmatched"
"Xove, Lugo","Xove","Lugo","Galicia","9216465","Xove","Xove,Galicia,Spain","Municipality","name+community"
"Xunqueira de Ambía, Ourense","Xunqueira de Ambía","Ourense","Galicia",NA,NA,NA,NA,"unmatched"
"Xunqueira de Espadanedo, Ourense","Xunqueira de Espadanedo","Ourense","Galicia",NA,NA,NA,NA,"unmatched"
"Xàtiva, Valencia","Xàtiva","Valencia","Comunidad Valenciana","9049248","Xativa","Xativa,Valencian Community,Spain","City","name+community"
"Yaiza, Las Palmas","Yaiza","Las Palmas","Islas Canarias",NA,NA,NA,NA,"unmatched"
"Yanguas de Eresma, Segovia","Yanguas de Eresma","Segovia","Castilla y León",NA,NA,NA,NA,"unmatched"
"Yanguas, Soria","Yanguas","Soria","Castilla y León",NA,NA,NA,NA,"unmatched"
"Yebes, Guadalajara","Yebes","Guadalajara","Castilla-La Mancha",NA,NA,NA,NA,"unmatched"
"Yebra de Basa, Huesca","Yebra de Basa","Huesca","Aragón",NA,NA,NA,NA,"unmatched"
"Yebra, Guadalajara","Yebra","Guadalajara","Castilla-La Mancha",NA,NA,NA,NA,"unmatched"
"Yecla de Yeltes, Salamanca","Yecla de Yeltes","Salamanca","Castilla y León",NA,NA,NA,NA,"unmatched"
"Yecla, Murcia","Yecla","Murcia","Región de Murcia","9218206","Yecla","Yecla,Region of Murcia,Spain","City","name+community"
"Yeles, Toledo","Yeles","Toledo","Castilla-La Mancha",NA,NA,NA,NA,"unmatched"
"Yelo, Soria","Yelo","Soria","Castilla y León",NA,NA,NA,NA,"unmatched"
"Yepes, Toledo","Yepes","Toledo","Castilla-La Mancha",NA,NA,NA,NA,"unmatched"
"Yernes y Tameza, Asturias","Yernes y Tameza","Asturias","Principado de Asturias",NA,NA,NA,NA,"unmatched"
"Yerri, Navarra","Yerri","Navarra","Comunidad Foral de Navarra",NA,NA,NA,NA,"unmatched"
"Yesa, Navarra","Yesa","Navarra","Comunidad Foral de Navarra",NA,NA,NA,NA,"unmatched"
"Yeste, Albacete","Yeste","Albacete","Castilla-La Mancha",NA,NA,NA,NA,"unmatched"
"Yuncler, Toledo","Yuncler","Toledo","Castilla-La Mancha",NA,NA,NA,NA,"unmatched"
"Yunclillos, Toledo","Yunclillos","Toledo","Castilla-La Mancha",NA,NA,NA,NA,"unmatched"
"Yuncos, Toledo","Yuncos","Toledo","Castilla-La Mancha",NA,NA,NA,NA,"unmatched"
"Yunquera de Henares, Guadalajara","Yunquera de Henares","Guadalajara","Castilla-La Mancha",NA,NA,NA,NA,"unmatched"
"Yunquera, Málaga","Yunquera","Málaga","Andalucía",NA,NA,NA,NA,"unmatched"
"Yátova, Valencia","Yátova","Valencia","Comunidad Valenciana",NA,NA,NA,NA,"unmatched"
"Yécora, Álava","Yécora","Álava","País Vasco",NA,NA,NA,NA,"unmatched"
"Yélamos de Abajo, Guadalajara","Yélamos de Abajo","Guadalajara","Castilla-La Mancha",NA,NA,NA,NA,"unmatched"
"Yélamos de Arriba, Guadalajara","Yélamos de Arriba","Guadalajara","Castilla-La Mancha",NA,NA,NA,NA,"unmatched"
"Yémeda, Cuenca","Yémeda","Cuenca","Castilla-La Mancha",NA,NA,NA,NA,"unmatched"
"Yésero, Huesca","Yésero","Huesca","Aragón",NA,NA,NA,NA,"unmatched"
"Zabalza, Navarra","Zabalza","Navarra","Comunidad Foral de Navarra",NA,NA,NA,NA,"unmatched"
"Zael, Burgos","Zael","Burgos","Castilla y León",NA,NA,NA,NA,"unmatched"
"Zafarraya, Granada","Zafarraya","Granada","Andalucía",NA,NA,NA,NA,"unmatched"
"Zafra de Záncara, Cuenca","Zafra de Záncara","Cuenca","Castilla-La Mancha",NA,NA,NA,NA,"unmatched"
"Zafra, Badajoz","Zafra","Badajoz","Extremadura","9246819","Zafra","Zafra,Extremadura,Spain","Municipality","name+community"
"Zafrilla, Cuenca","Zafrilla","Cuenca","Castilla-La Mancha",NA,NA,NA,NA,"unmatched"
"Zagra, Granada","Zagra","Granada","Andalucía",NA,NA,NA,NA,"unmatched"
"Zahara, Cádiz","Zahara","Cádiz","Andalucía",NA,NA,NA,NA,"unmatched"
"Zahínos, Badajoz","Zahínos","Badajoz","Extremadura",NA,NA,NA,NA,"unmatched"
"Zaidín, Huesca","Zaidín","Huesca","Aragón",NA,NA,NA,NA,"unmatched"
"Zalamea de la Serena, Badajoz","Zalamea de la Serena","Badajoz","Extremadura",NA,NA,NA,NA,"unmatched"
"Zalamea la Real, Huelva","Zalamea la Real","Huelva","Andalucía",NA,NA,NA,NA,"unmatched"
"Zaldibar, Vizcaya","Zaldibar","Vizcaya","País Vasco",NA,NA,NA,NA,"unmatched"
"Zaldibia, Guipúzcoa","Zaldibia","Guipúzcoa","País Vasco",NA,NA,NA,NA,"unmatched"
"Zalduondo, Álava","Zalduondo","Álava","País Vasco",NA,NA,NA,NA,"unmatched"
"Zalla, Vizcaya","Zalla","Vizcaya","País Vasco","9214801","Zalla","Zalla,Basque Country,Spain","Municipality","name+community"
"Zamarra, Salamanca","Zamarra","Salamanca","Castilla y León",NA,NA,NA,NA,"unmatched"
"Zamayón, Salamanca","Zamayón","Salamanca","Castilla y León",NA,NA,NA,NA,"unmatched"
"Zambrana, Álava","Zambrana","Álava","País Vasco",NA,NA,NA,NA,"unmatched"
"Zamora, Zamora","Zamora","Zamora","Castilla y León","9049250","Zamora","Zamora,Castile and Leon,Spain","City","name+community"
"Zamudio, Vizcaya","Zamudio","Vizcaya","País Vasco","1005523","Zamudio","Zamudio,Basque Country,Spain","City","name+community"
"Zaorejas, Guadalajara","Zaorejas","Guadalajara","Castilla-La Mancha",NA,NA,NA,NA,"unmatched"
"Zapardiel de la Cañada, Ávila","Zapardiel de la Cañada","Ávila","Castilla y León",NA,NA,NA,NA,"unmatched"
"Zapardiel de la Ribera, Ávila","Zapardiel de la Ribera","Ávila","Castilla y León",NA,NA,NA,NA,"unmatched"
"Zaragoza, Zaragoza","Zaragoza","Zaragoza","Aragón","9218777","Municipality of Zaragoza","Municipality of Zaragoza,Aragon,Spain","Municipality","name+community"
"Zarapicos, Salamanca","Zarapicos","Salamanca","Castilla y León",NA,NA,NA,NA,"unmatched"
"Zaratamo, Vizcaya","Zaratamo","Vizcaya","País Vasco",NA,NA,NA,NA,"unmatched"
"Zaratán, Valladolid","Zaratán","Valladolid","Castilla y León",NA,NA,NA,NA,"unmatched"
"Zarautz, Guipúzcoa","Zarautz","Guipúzcoa","País Vasco","9263148","Zarautz","Zarautz,Basque Country,Spain","Municipality","name+community"
"Zarra, Valencia","Zarra","Valencia","Comunidad Valenciana",NA,NA,NA,NA,"unmatched"
"Zarratón, La Rioja","Zarratón","La Rioja","La Rioja",NA,NA,NA,NA,"unmatched"
"Zarza de Granadilla, Cáceres","Zarza de Granadilla","Cáceres","Extremadura",NA,NA,NA,NA,"unmatched"
"Zarza de Montánchez, Cáceres","Zarza de Montánchez","Cáceres","Extremadura",NA,NA,NA,NA,"unmatched"
"Zarza de Tajo, Cuenca","Zarza de Tajo","Cuenca","Castilla-La Mancha",NA,NA,NA,NA,"unmatched"
"Zarza la Mayor, Cáceres","Zarza la Mayor","Cáceres","Extremadura",NA,NA,NA,NA,"unmatched"
"Zarza-Capilla, Badajoz","Zarza-Capilla","Badajoz","Extremadura",NA,NA,NA,NA,"unmatched"
"Zarzalejo, Madrid","Zarzalejo","Madrid","Comunidad de Madrid",NA,NA,NA,NA,"unmatched"
"Zarzosa de Río Pisuerga, Burgos","Zarzosa de Río Pisuerga","Burgos","Castilla y León",NA,NA,NA,NA,"unmatched"
"Zarzosa, La Rioja","Zarzosa","La Rioja","La Rioja",NA,NA,NA,NA,"unmatched"
"Zarzuela de Jadraque, Guadalajara","Zarzuela de Jadraque","Guadalajara","Castilla-La Mancha",NA,NA,NA,NA,"unmatched"
"Zarzuela del Monte, Segovia","Zarzuela del Monte","Segovia","Castilla y León",NA,NA,NA,NA,"unmatched"
"Zarzuela del Pinar, Segovia","Zarzuela del Pinar","Segovia","Castilla y León",NA,NA,NA,NA,"unmatched"
"Zarzuela, Cuenca","Zarzuela","Cuenca","Castilla-La Mancha",NA,NA,NA,NA,"unmatched"
"Zas, A Coruña","Zas","A Coruña","Galicia","9207319","Zas","Zas,Galicia,Spain","Municipality","name+community"
"Zazuar, Burgos","Zazuar","Burgos","Castilla y León",NA,NA,NA,NA,"unmatched"
"Zeanuri, Vizcaya","Zeanuri","Vizcaya","País Vasco",NA,NA,NA,NA,"unmatched"
"Zeberio, Vizcaya","Zeberio","Vizcaya","País Vasco",NA,NA,NA,NA,"unmatched"
"Zegama, Guipúzcoa","Zegama","Guipúzcoa","País Vasco",NA,NA,NA,NA,"unmatched"
"Zerain, Guipúzcoa","Zerain","Guipúzcoa","País Vasco",NA,NA,NA,NA,"unmatched"
"Zestoa, Guipúzcoa","Zestoa","Guipúzcoa","País Vasco",NA,NA,NA,NA,"unmatched"
"Zierbena, Vizcaya","Zierbena","Vizcaya","País Vasco",NA,NA,NA,NA,"unmatched"
"Zigoitia, Álava","Zigoitia","Álava","País Vasco",NA,NA,NA,NA,"unmatched"
"Ziordia, Navarra","Ziordia","Navarra","Comunidad Foral de Navarra",NA,NA,NA,NA,"unmatched"
"Zizur Mayor, Navarra","Zizur Mayor","Navarra","Comunidad Foral de Navarra",NA,NA,NA,NA,"name only (rejected)"
"Zizurkil, Guipúzcoa","Zizurkil","Guipúzcoa","País Vasco",NA,NA,NA,NA,"unmatched"
"Zorita de la Frontera, Salamanca","Zorita de la Frontera","Salamanca","Castilla y León",NA,NA,NA,NA,"unmatched"
"Zorita de los Canes, Guadalajara","Zorita de los Canes","Guadalajara","Castilla-La Mancha",NA,NA,NA,NA,"unmatched"
"Zorita del Maestrazgo, Castellón","Zorita del Maestrazgo","Castellón","Comunidad Valenciana",NA,NA,NA,NA,"unmatched"
"Zorita, Cáceres","Zorita","Cáceres","Extremadura",NA,NA,NA,NA,"unmatched"
"Zorraquín, La Rioja","Zorraquín","La Rioja","La Rioja",NA,NA,NA,NA,"unmatched"
"Zotes del Páramo, León","Zotes del Páramo","León","Castilla y León",NA,NA,NA,NA,"unmatched"
"Zubieta, Navarra","Zubieta","Navarra","Comunidad Foral de Navarra",NA,NA,NA,NA,"unmatched"
"Zucaina, Castellón","Zucaina","Castellón","Comunidad Valenciana",NA,NA,NA,NA,"unmatched"
"Zuera, Zaragoza","Zuera","Zaragoza","Aragón",NA,NA,NA,NA,"unmatched"
"Zufre, Huelva","Zufre","Huelva","Andalucía",NA,NA,NA,NA,"unmatched"
"Zugarramurdi, Navarra","Zugarramurdi","Navarra","Comunidad Foral de Navarra",NA,NA,NA,NA,"unmatched"
"Zuheros, Córdoba","Zuheros","Córdoba","Andalucía",NA,NA,NA,NA,"unmatched"
"Zuia, Álava","Zuia","Álava","País Vasco",NA,NA,NA,NA,"unmatched"
"Zumaia, Guipúzcoa","Zumaia","Guipúzcoa","País Vasco",NA,NA,NA,NA,"unmatched"
"Zumarraga, Guipúzcoa","Zumarraga","Guipúzcoa","País Vasco","9247678","Zumarraga","Zumarraga,Basque Country,Spain","Municipality","name+community"
"Zurgena, Almería","Zurgena","Almería","Andalucía",NA,NA,NA,NA,"unmatched"
"Zuñeda, Burgos","Zuñeda","Burgos","Castilla y León",NA,NA,NA,NA,"unmatched"
"Zújar, Granada","Zújar","Granada","Andalucía",NA,NA,NA,NA,"unmatched"
"Zúñiga, Navarra","Zúñiga","Navarra","Comunidad Foral de Navarra",NA,NA,NA,NA,"unmatched"
"Àger, Lleida","Àger","Lleida","Cataluña",NA,NA,NA,NA,"unmatched"
"Ábalos, La Rioja","Ábalos","La Rioja","La Rioja",NA,NA,NA,NA,"unmatched"
"Ágreda, Soria","Ágreda","Soria","Castilla y León",NA,NA,NA,NA,"unmatched"
"Águilas, Murcia","Águilas","Murcia","Región de Murcia","9048959","Aguilas","Aguilas,Region of Murcia,Spain","City","name+community"
"Álora, Málaga","Álora","Málaga","Andalucía",NA,NA,NA,NA,"unmatched"
"Árchez, Málaga","Árchez","Málaga","Andalucía",NA,NA,NA,NA,"unmatched"
"Ávila, Ávila","Ávila","Ávila","Castilla y León","1005449","Avila‎","Avila‎,Castile and Leon,Spain","City","name+community"
"Écija, Sevilla","Écija","Sevilla","Andalucía","9213918","Ecija","Ecija,Andalusia,Spain","City","name+community"
"Épila, Zaragoza","Épila","Zaragoza","Aragón",NA,NA,NA,NA,"unmatched"
"Íscar, Valladolid","Íscar","Valladolid","Castilla y León","9256908","Iscar","Iscar,Castile and Leon,Spain","Municipality","name+community"
"Òdena, Barcelona","Òdena","Barcelona","Cataluña",NA,NA,NA,NA,"unmatched"
"Òrrius, Barcelona","Òrrius","Barcelona","Cataluña",NA,NA,NA,NA,"unmatched"
"Ólvega, Soria","Ólvega","Soria","Castilla y León","9220777","Olvega","Olvega,Castile and Leon,Spain","Municipality","name+community"
"Órgiva, Granada","Órgiva","Granada","Andalucía",NA,NA,NA,NA,"unmatched"
"Úbeda, Jaén","Úbeda","Jaén","Andalucía","9049229","Ubeda","Ubeda,Andalusia,Spain","City","name+community"
"Úrbel del Castillo, Burgos","Úrbel del Castillo","Burgos","Castilla y León",NA,NA,NA,NA,"unmatched"
