"unit_name","neighbour_name","distance_km"
"A Coruña, A Coruña","Arteixo, A Coruña",0
"A Coruña, A Coruña","Culleredo, A Coruña",0
"A Coruña, A Coruña","Oleiros, A Coruña",0.1282
"A Coruña, A Coruña","Cambre, A Coruña",1.4709
"A Coruña, A Coruña","Sada, A Coruña",5.5353
"A Coruña, A Coruña","A Laracha, A Coruña",6.172
"A Coruña, A Coruña","Abegondo, A Coruña",8.5703
"A Coruña, A Coruña","Ferrol, A Coruña",8.9118
"A Estrada, Pontevedra","Teo, A Coruña",0
"A Estrada, Pontevedra","Vedra, A Coruña",0
"A Estrada, Pontevedra","Campo Lameiro, Pontevedra",0
"A Estrada, Pontevedra","Cuntis, Pontevedra",0
"A Estrada, Pontevedra","Silleda, Pontevedra",0
"A Estrada, Pontevedra","Santiago de Compostela, A Coruña",7.5364
"A Estrada, Pontevedra","Ames, A Coruña",8.7603
"A Estrada, Pontevedra","Vilagarcía de Arousa, Pontevedra",9.4986
"A Fonsagrada, Lugo","Villanueva de Oscos, Asturias",0.2381
"A Fonsagrada, Lugo","Becerreá, Lugo",0.9156
"A Fonsagrada, Lugo","Meira, Lugo",1.9441
"A Fonsagrada, Lugo","Pol, Lugo",3.9322
"A Fonsagrada, Lugo","Castroverde, Lugo",6.7742
"A Lama, Pontevedra","Campo Lameiro, Pontevedra",7.1682
"A Lama, Pontevedra","Pontevedra, Pontevedra",7.8438
"A Laracha, A Coruña","Arteixo, A Coruña",0
"A Laracha, A Coruña","Carballo, A Coruña",0
"A Laracha, A Coruña","Culleredo, A Coruña",0
"A Laracha, A Coruña","Tordoia, A Coruña",1.5799
"A Laracha, A Coruña","Ordes, A Coruña",5.2194
"A Laracha, A Coruña","Cambre, A Coruña",5.4624
"A Laracha, A Coruña","Malpica de Bergantiños, A Coruña",5.6727
"A Laracha, A Coruña","A Coruña, A Coruña",6.172
"A Laracha, A Coruña","Abegondo, A Coruña",6.8271
"A Laracha, A Coruña","Val do Dubra, A Coruña",8.4866
"A Pobra do Brollón, Lugo","Folgoso do Courel, Lugo",0
"A Pobra do Brollón, Lugo","Monforte de Lemos, Lugo",0
"A Pobra do Brollón, Lugo","Quiroga, Lugo",0
"A Pobra do Brollón, Lugo","Samos, Lugo",0
"A Pobra do Brollón, Lugo","Sarria, Lugo",5.1646
"A Pobra do Brollón, Lugo","O Saviñao, Lugo",8.3496
"A Pobra do Caramiñal, A Coruña","Boiro, A Coruña",0
"A Pobra do Caramiñal, A Coruña","Ribeira, A Coruña",0
"A Pobra do Caramiñal, A Coruña","Vilanova de Arousa, Pontevedra",7.5167
"A Pobra do Caramiñal, A Coruña","Noia, A Coruña",9.1975
"A Pobra do Caramiñal, A Coruña","Vilagarcía de Arousa, Pontevedra",9.6132
"A Pobra do Caramiñal, A Coruña","Cambados, Pontevedra",9.8619
"A Veiga, Ourense","Vilamartín de Valdeorras, Ourense",2.0943
"A Veiga, Ourense","Quiroga, Lugo",9.5008
"Abegondo, A Coruña","Betanzos, A Coruña",0
"Abegondo, A Coruña","Cambre, A Coruña",0
"Abegondo, A Coruña","Ordes, A Coruña",0
"Abegondo, A Coruña","Culleredo, A Coruña",1.5532
"Abegondo, A Coruña","Sada, A Coruña",1.8596
"Abegondo, A Coruña","Oleiros, A Coruña",2.6159
"Abegondo, A Coruña","A Laracha, A Coruña",6.8271
"Abegondo, A Coruña","Miño, A Coruña",7.9423
"Abegondo, A Coruña","A Coruña, A Coruña",8.5703
"Abegondo, A Coruña","Curtis, A Coruña",8.9714
"Abegondo, A Coruña","Arteixo, A Coruña",9.0275
"Abegondo, A Coruña","Tordoia, A Coruña",9.7894
"Adeje, Santa Cruz de Tenerife","Arona, Santa Cruz de Tenerife",0
"Adeje, Santa Cruz de Tenerife","La Orotava, Santa Cruz de Tenerife",0
"Adeje, Santa Cruz de Tenerife","Granadilla de Abona, Santa Cruz de Tenerife",3.9723
"Adeje, Santa Cruz de Tenerife","Santiago del Teide, Santa Cruz de Tenerife",6.1708
"Adeje, Santa Cruz de Tenerife","Icod de los Vinos, Santa Cruz de Tenerife",6.1755
"Adra, Almería","El Ejido, Almería",2.3439
"Aguadulce, Sevilla","Osuna, Sevilla",0
"Aguadulce, Sevilla","Estepa, Sevilla",0
"Aguilar de la Frontera, Córdoba","Montilla, Córdoba",0
"Aguilar de la Frontera, Córdoba","Puente Genil, Córdoba",0
"Aguilar de la Frontera, Córdoba","Lucena, Córdoba",0
"Aguilar de la Frontera, Córdoba","Casariche, Sevilla",2.5989
"Aguilar de la Frontera, Córdoba","Cabra, Córdoba",2.6817
"Aguilar de la Frontera, Córdoba","Estepa, Sevilla",5.5344
"Aguilar de la Frontera, Córdoba","Écija, Sevilla",7.2274
"Aguilar de la Frontera, Córdoba","Herrera, Sevilla",7.7553
"Águilas, Murcia","Lorca, Murcia",0
"Águilas, Murcia","Mazarrón, Murcia",5.4871
"Águilas, Murcia","Huércal-Overa, Almería",9.281
"Agullent, Valencia","Ontinyent, Valencia",0
"Agullent, Valencia","L'Olleria, Valencia",1.4995
"Agullent, Valencia","Canals, Valencia",4.9795
"Agullent, Valencia","Cocentaina, Alicante",5.3926
"Agullent, Valencia","Xàtiva, Valencia",8.3175
"Ajalvir, Madrid","Paracuellos de Jarama, Madrid",0
"Ajalvir, Madrid","Torrejón de Ardoz, Madrid",0
"Ajalvir, Madrid","Alcalá de Henares, Madrid",0.4046
"Ajalvir, Madrid","Algete, Madrid",2.6299
"Ajalvir, Madrid","San Fernando de Henares, Madrid",2.8083
"Ajalvir, Madrid","Camarma de Esteruelas, Madrid",2.9137
"Ajalvir, Madrid","San Sebastián de los Reyes, Madrid",3.0212
"Ajalvir, Madrid","Alcobendas, Madrid",3.265
"Ajalvir, Madrid","Madrid, Madrid",4.4405
"Ajalvir, Madrid","Torres de la Alameda, Madrid",5.553
"Ajalvir, Madrid","Villalbilla, Madrid",6.3811
"Ajalvir, Madrid","Coslada, Madrid",6.8626
"Ajalvir, Madrid","Meco, Madrid",7.5245
"Ajalvir, Madrid","Mejorada del Campo, Madrid",8.0502
"Ajalvir, Madrid","Rivas-Vaciamadrid, Madrid",9.6666
"Ajalvir, Madrid","Valdeavero, Madrid",9.7254
"Alaior, Baleares","Es Mercadal, Baleares",0
"Alaior, Baleares","Es Migjorn Gran, Baleares",0
"Alaior, Baleares","Mahón, Baleares",0
"Alaior, Baleares","Ferreries, Baleares",2.99
"Alaior, Baleares","Sant Lluís, Baleares",3.6675
"Alaior, Baleares","Es Castell, Baleares",6.2282
"Alaior, Baleares","Ciutadella de Menorca, Baleares",8.0423
"Alaquàs, Valencia","Aldaia, Valencia",0
"Alaquàs, Valencia","Torrent, Valencia",0
"Alaquàs, Valencia","Valencia, Valencia",1.3262
"Alaquàs, Valencia","Mislata, Valencia",1.5413
"Alaquàs, Valencia","Chiva, Valencia",2.2946
"Alaquàs, Valencia","Manises, Valencia",2.7476
"Alaquàs, Valencia","Paiporta, Valencia",2.9573
"Alaquàs, Valencia","Paterna, Valencia",3.2111
"Alaquàs, Valencia","Catarroja, Valencia",4.2126
"Alaquàs, Valencia","Alfafar, Valencia",4.7288
"Alaquàs, Valencia","Picassent, Valencia",4.9348
"Alaquàs, Valencia","Alcàsser, Valencia",5.1943
"Alaquàs, Valencia","Burjassot, Valencia",5.2533
"Alaquàs, Valencia","Albal, Valencia",5.3626
"Alaquàs, Valencia","Massanassa, Valencia",5.5214
"Alaquàs, Valencia","Beniparrell, Valencia",7.1365
"Alaquàs, Valencia","Silla, Valencia",8.5787
"Alaquàs, Valencia","Alboraya, Valencia",8.6939
"Alaquàs, Valencia","Moncada, Valencia",8.8479
"Alaquàs, Valencia","Godelleta, Valencia",8.9116
"Alaquàs, Valencia","Bétera, Valencia",9.5373
"Alaró, Baleares","Bunyola, Baleares",0
"Alaró, Baleares","Escorca, Baleares",0
"Alaró, Baleares","Binissalem, Baleares",0
"Alaró, Baleares","Consell, Baleares",0
"Alaró, Baleares","Lloseta, Baleares",0
"Alaró, Baleares","Mancor de la Vall, Baleares",0
"Alaró, Baleares","Selva, Baleares",0.7488
"Alaró, Baleares","Inca, Baleares",2.2759
"Alaró, Baleares","Fornalutx, Baleares",2.6417
"Alaró, Baleares","Sóller, Baleares",2.67
"Alaró, Baleares","Marratxí, Baleares",3.248
"Alaró, Baleares","Sencelles, Baleares",3.8174
"Alaró, Baleares","Santa Eugènia, Baleares",4.2258
"Alaró, Baleares","Palma de Mallorca, Baleares",6.5633
"Alaró, Baleares","Campanet, Baleares",7.4166
"Alaró, Baleares","Valldemossa, Baleares",7.9543
"Alaró, Baleares","Costitx, Baleares",8.0266
"Alaró, Baleares","Búger, Baleares",9.9186
"Albacete, Albacete","Hellín, Albacete",0
"Albacete, Albacete","La Roda, Albacete",0
"Albal, Valencia","Alcàsser, Valencia",0
"Albal, Valencia","Beniparrell, Valencia",0
"Albal, Valencia","Catarroja, Valencia",0
"Albal, Valencia","Silla, Valencia",0
"Albal, Valencia","Valencia, Valencia",0
"Albal, Valencia","Torrent, Valencia",0.2214
"Albal, Valencia","Massanassa, Valencia",0.8955
"Albal, Valencia","Paiporta, Valencia",1.2377
"Albal, Valencia","Alfafar, Valencia",1.274
"Albal, Valencia","Picassent, Valencia",1.3642
"Albal, Valencia","Sollana, Valencia",5.3222
"Albal, Valencia","Alaquàs, Valencia",5.3626
"Albal, Valencia","Sueca, Valencia",5.8057
"Albal, Valencia","Almussafes, Valencia",5.9355
"Albal, Valencia","Aldaia, Valencia",6.3452
"Albal, Valencia","Mislata, Valencia",7.0559
"Albal, Valencia","Chiva, Valencia",8.6754
"Albal, Valencia","Manises, Valencia",9.0883
"Albal, Valencia","Paterna, Valencia",9.2183
"Albalat dels Sorells, Valencia","Foios, Valencia",0
"Albalat dels Sorells, Valencia","Moncada, Valencia",0
"Albalat dels Sorells, Valencia","Valencia, Valencia",0
"Albalat dels Sorells, Valencia","Massamagrell, Valencia",1.6071
"Albalat dels Sorells, Valencia","Alboraya, Valencia",1.6104
"Albalat dels Sorells, Valencia","Bétera, Valencia",1.9415
"Albalat dels Sorells, Valencia","Náquera, Valencia",2.1306
"Albalat dels Sorells, Valencia","La Pobla de Farnals, Valencia",2.6953
"Albalat dels Sorells, Valencia","Burjassot, Valencia",5.3416
"Albalat dels Sorells, Valencia","Sagunto, Valencia",5.3881
"Albalat dels Sorells, Valencia","Paterna, Valencia",6.1766
"Albalat dels Sorells, Valencia","Puçol, Valencia",6.2803
"Albalat dels Sorells, Valencia","Mislata, Valencia",8.2977
"Albalat dels Sorells, Valencia","Manises, Valencia",9.9586
"Albatera, Alicante","Callosa de Segura, Alicante",0
"Albatera, Alicante","Catral, Alicante",0
"Albatera, Alicante","Cox, Alicante",0
"Albatera, Alicante","Orihuela, Alicante",0
"Albatera, Alicante","San Isidro, Alicante",0
"Albatera, Alicante","Crevillent, Alicante",0
"Albatera, Alicante","Dolores, Alicante",3.841
"Albatera, Alicante","Almoradí, Alicante",3.8957
"Albatera, Alicante","Redován, Alicante",4.1204
"Albatera, Alicante","Rafal, Alicante",4.9445
"Albatera, Alicante","Elche, Alicante",5.7412
"Albatera, Alicante","Aspe, Alicante",6.5272
"Albatera, Alicante","San Fulgencio, Alicante",7.7826
"Albinyana, Tarragona","El Vendrell, Tarragona",0
"Albinyana, Tarragona","Masllorenç, Tarragona",0
"Albinyana, Tarragona","Montferri, Tarragona",1.4326
"Albinyana, Tarragona","Creixell, Tarragona",3.398
"Albinyana, Tarragona","La Pobla de Montornès, Tarragona",4.5555
"Albinyana, Tarragona","Vespella de Gaià, Tarragona",5.917
"Albinyana, Tarragona","La Nou de Gaià, Tarragona",6.6052
"Albinyana, Tarragona","Cunit, Tarragona",7.8526
"Albinyana, Tarragona","Vilabella, Tarragona",7.8851
"Albinyana, Tarragona","Altafulla, Tarragona",8.1343
"Albinyana, Tarragona","Bràfim, Tarragona",8.5228
"Albinyana, Tarragona","Cubelles, Barcelona",8.9862
"Albinyana, Tarragona","El Catllar, Tarragona",9.6162
"Albinyana, Tarragona","Alió, Tarragona",9.8549
"Alboraya, Valencia","Valencia, Valencia",0
"Alboraya, Valencia","Foios, Valencia",1.2601
"Alboraya, Valencia","Albalat dels Sorells, Valencia",1.6104
"Alboraya, Valencia","Burjassot, Valencia",3.1711
"Alboraya, Valencia","Moncada, Valencia",3.7117
"Alboraya, Valencia","Mislata, Valencia",4.7243
"Alboraya, Valencia","Massamagrell, Valencia",4.9128
"Alboraya, Valencia","Paterna, Valencia",5.2607
"Alboraya, Valencia","La Pobla de Farnals, Valencia",5.7405
"Alboraya, Valencia","Alfafar, Valencia",7.1916
"Alboraya, Valencia","Paiporta, Valencia",7.2938
"Alboraya, Valencia","Aldaia, Valencia",7.5121
"Alboraya, Valencia","Manises, Valencia",7.6107
"Alboraya, Valencia","Bétera, Valencia",8.0265
"Alboraya, Valencia","Alaquàs, Valencia",8.6939
"Alboraya, Valencia","Massanassa, Valencia",9.0777
"Alboraya, Valencia","Náquera, Valencia",9.4396
"Alboraya, Valencia","Catarroja, Valencia",9.4458
"Alboraya, Valencia","Puçol, Valencia",9.5948
"Alboraya, Valencia","Torrent, Valencia",9.6358
"Alburquerque, Badajoz","Cáceres, Cáceres",0
"Alburquerque, Badajoz","Badajoz, Badajoz",0
"Alcalá de Guadaíra, Sevilla","Arahal, Sevilla",0
"Alcalá de Guadaíra, Sevilla","Carmona, Sevilla",0
"Alcalá de Guadaíra, Sevilla","Mairena del Alcor, Sevilla",0
"Alcalá de Guadaíra, Sevilla","Utrera, Sevilla",0
"Alcalá de Guadaíra, Sevilla","Dos Hermanas, Sevilla",0
"Alcalá de Guadaíra, Sevilla","Los Palacios y Villafranca, Sevilla",0
"Alcalá de Guadaíra, Sevilla","Sevilla, Sevilla",0
"Alcalá de Guadaíra, Sevilla","La Rinconada, Sevilla",0.8554
"Alcalá de Guadaíra, Sevilla","El Viso del Alcor, Sevilla",4.5955
"Alcalá de Guadaíra, Sevilla","San Juan de Aznalfarache, Sevilla",6.3343
"Alcalá de Guadaíra, Sevilla","Coria del Río, Sevilla",6.5098
"Alcalá de Guadaíra, Sevilla","Tomares, Sevilla",6.6795
"Alcalá de Guadaíra, Sevilla","Camas, Sevilla",6.7736
"Alcalá de Guadaíra, Sevilla","Gelves, Sevilla",6.8004
"Alcalá de Guadaíra, Sevilla","Santiponce, Sevilla",7.3473
"Alcalá de Guadaíra, Sevilla","Morón de la Frontera, Sevilla",7.3788
"Alcalá de Guadaíra, Sevilla","Mairena del Aljarafe, Sevilla",7.6341
"Alcalá de Guadaíra, Sevilla","Palomares del Río, Sevilla",8.835
"Alcalá de Guadaíra, Sevilla","Bormujos, Sevilla",9.5885
"Alcalá de Guadaíra, Sevilla","Valencina de la Concepción, Sevilla",9.6968
"Alcalá de Henares, Madrid","Azuqueca de Henares, Guadalajara",0
"Alcalá de Henares, Madrid","Camarma de Esteruelas, Madrid",0
"Alcalá de Henares, Madrid","Meco, Madrid",0
"Alcalá de Henares, Madrid","Torres de la Alameda, Madrid",0
"Alcalá de Henares, Madrid","Villalbilla, Madrid",0
"Alcalá de Henares, Madrid","San Fernando de Henares, Madrid",0
"Alcalá de Henares, Madrid","Torrejón de Ardoz, Madrid",0
"Alcalá de Henares, Madrid","Ajalvir, Madrid",0.4046
"Alcalá de Henares, Madrid","Mejorada del Campo, Madrid",2.6492
"Alcalá de Henares, Madrid","Paracuellos de Jarama, Madrid",3.8722
"Alcalá de Henares, Madrid","Villanueva de la Torre, Guadalajara",4.5613
"Alcalá de Henares, Madrid","Guadalajara, Guadalajara",5.6569
"Alcalá de Henares, Madrid","Algete, Madrid",6.2526
"Alcalá de Henares, Madrid","Rivas-Vaciamadrid, Madrid",6.3632
"Alcalá de Henares, Madrid","Velilla de San Antonio, Madrid",6.523
"Alcalá de Henares, Madrid","Madrid, Madrid",6.8027
"Alcalá de Henares, Madrid","Coslada, Madrid",6.8951
"Alcalá de Henares, Madrid","Valdeavero, Madrid",7.2683
"Alcalá de Henares, Madrid","Pioz, Guadalajara",7.799
"Alcalá de Henares, Madrid","San Sebastián de los Reyes, Madrid",9.1543
"Alcalá de Henares, Madrid","Alcobendas, Madrid",9.3708
"Alcalá de Henares, Madrid","Torrejón del Rey, Guadalajara",9.6757
"Alcalá del Río, Sevilla","Brenes, Sevilla",0
"Alcalá del Río, Sevilla","Burguillos, Sevilla",0
"Alcalá del Río, Sevilla","La Algaba, Sevilla",0
"Alcalá del Río, Sevilla","La Rinconada, Sevilla",0
"Alcalá del Río, Sevilla","Villaverde del Río, Sevilla",0
"Alcalá del Río, Sevilla","Cantillana, Sevilla",2.0951
"Alcalá del Río, Sevilla","Carmona, Sevilla",3.6421
"Alcalá del Río, Sevilla","Sevilla, Sevilla",3.7914
"Alcalá del Río, Sevilla","Santiponce, Sevilla",5.3856
"Alcalá del Río, Sevilla","Gerena, Sevilla",5.8789
"Alcalá del Río, Sevilla","Valencina de la Concepción, Sevilla",6.5381
"Alcalá del Río, Sevilla","Camas, Sevilla",7.8274
"Alcalá del Río, Sevilla","Olivares, Sevilla",9.7126
"Alcalá la Real, Jaén","Priego de Córdoba, Córdoba",0
"Alcalá la Real, Jaén","Martos, Jaén",4.183
"Alcantarilla, Murcia","Murcia, Murcia",0
"Alcantarilla, Murcia","Las Torres de Cotillas, Murcia",0.8967
"Alcantarilla, Murcia","Molina de Segura, Murcia",1.9187
"Alcantarilla, Murcia","Alhama de Murcia, Murcia",6.4273
"Alcantarilla, Murcia","Ceutí, Murcia",8.8294
"Alcàsser, Valencia","Torrent, Valencia",0
"Alcàsser, Valencia","Albal, Valencia",0
"Alcàsser, Valencia","Beniparrell, Valencia",0
"Alcàsser, Valencia","Catarroja, Valencia",0
"Alcàsser, Valencia","Picassent, Valencia",0
"Alcàsser, Valencia","Silla, Valencia",0
"Alcàsser, Valencia","Paiporta, Valencia",3.1447
"Alcàsser, Valencia","Massanassa, Valencia",3.8103
"Alcàsser, Valencia","Almussafes, Valencia",3.8418
"Alcàsser, Valencia","Valencia, Valencia",4.1047
"Alcàsser, Valencia","Alfafar, Valencia",4.3043
"Alcàsser, Valencia","Sollana, Valencia",4.8454
"Alcàsser, Valencia","Alaquàs, Valencia",5.1943
"Alcàsser, Valencia","Aldaia, Valencia",5.8886
"Alcàsser, Valencia","Mislata, Valencia",7.2904
"Alcàsser, Valencia","Chiva, Valencia",7.6592
"Alcàsser, Valencia","Manises, Valencia",9.1138
"Alcàsser, Valencia","Alginet, Valencia",9.2835
"Alcàsser, Valencia","Paterna, Valencia",9.4425
"Alcázar de San Juan, Ciudad Real","Manzanares, Ciudad Real",0
"Alcázar de San Juan, Ciudad Real","Tomelloso, Ciudad Real",4.4856
"Alcázar de San Juan, Ciudad Real","Daimiel, Ciudad Real",6.1429
"Alcobendas, Madrid","Madrid, Madrid",0
"Alcobendas, Madrid","Paracuellos de Jarama, Madrid",0
"Alcobendas, Madrid","San Sebastián de los Reyes, Madrid",0
"Alcobendas, Madrid","Tres Cantos, Madrid",0.8154
"Alcobendas, Madrid","Ajalvir, Madrid",3.265
"Alcobendas, Madrid","Colmenar Viejo, Madrid",4.5937
"Alcobendas, Madrid","San Fernando de Henares, Madrid",4.8983
"Alcobendas, Madrid","Algete, Madrid",5.5497
"Alcobendas, Madrid","Torrejón de Ardoz, Madrid",6.3609
"Alcobendas, Madrid","Coslada, Madrid",7.3175
"Alcobendas, Madrid","Alcalá de Henares, Madrid",9.3708
"Alcóntar, Almería","Serón, Almería",0
"Alcóntar, Almería","Baza, Granada",0
"Alcóntar, Almería","Caniles, Granada",0
"Alcóntar, Almería","Cúllar, Granada",4.7968
"Alcorcón, Madrid","Boadilla del Monte, Madrid",0
"Alcorcón, Madrid","Leganés, Madrid",0
"Alcorcón, Madrid","Madrid, Madrid",0
"Alcorcón, Madrid","Pozuelo de Alarcón, Madrid",0
"Alcorcón, Madrid","Villaviciosa de Odón, Madrid",0
"Alcorcón, Madrid","Fuenlabrada, Madrid",0
"Alcorcón, Madrid","Móstoles, Madrid",0
"Alcorcón, Madrid","Arroyomolinos, Madrid",4.5338
"Alcorcón, Madrid","Majadahonda, Madrid",4.9063
"Alcorcón, Madrid","Humanes de Madrid, Madrid",5.2919
"Alcorcón, Madrid","Getafe, Madrid",5.3208
"Alcorcón, Madrid","Brunete, Madrid",5.5558
"Alcorcón, Madrid","Villanueva de la Cañada, Madrid",6.9899
"Alcorcón, Madrid","Las Rozas de Madrid, Madrid",7.9984
"Alcorcón, Madrid","Navalcarnero, Madrid",8.1163
"Alcorcón, Madrid","Parla, Madrid",8.661
"Alcorcón, Madrid","Pinto, Madrid",8.994
"Alcorcón, Madrid","Griñón, Madrid",9.5773
"Alcover, Tarragona","El Milà, Tarragona",0
"Alcover, Tarragona","La Riba, Tarragona",0
"Alcover, Tarragona","La Selva del Camp, Tarragona",0
"Alcover, Tarragona","Perafort, Tarragona",0
"Alcover, Tarragona","Valls, Tarragona",0
"Alcover, Tarragona","Mont-ral, Tarragona",0
"Alcover, Tarragona","Montblanc, Tarragona",0.7249
"Alcover, Tarragona","Vallmoll, Tarragona",1.4108
"Alcover, Tarragona","La Pobla de Mafumet, Tarragona",3.1169
"Alcover, Tarragona","Constantí, Tarragona",3.4022
"Alcover, Tarragona","L'Aleixar, Tarragona",4.1182
"Alcover, Tarragona","Reus, Tarragona",4.515
"Alcover, Tarragona","Alió, Tarragona",5.3325
"Alcover, Tarragona","Castellvell del Camp, Tarragona",6.0928
"Alcover, Tarragona","El Catllar, Tarragona",6.6551
"Alcover, Tarragona","Renau, Tarragona",6.7484
"Alcover, Tarragona","Vilabella, Tarragona",7.1726
"Alcover, Tarragona","Tarragona, Tarragona",8.0912
"Alcover, Tarragona","Bràfim, Tarragona",9.2645
"Alcover, Tarragona","Les Borges del Camp, Tarragona",9.5908
"Alcover, Tarragona","Riudoms, Tarragona",9.7734
"Alcúdia, Baleares","Muro, Baleares",0
"Alcúdia, Baleares","Sa Pobla, Baleares",0
"Alcúdia, Baleares","Pollença, Baleares",0
"Alcúdia, Baleares","Campanet, Baleares",2.3317
"Alcúdia, Baleares","Búger, Baleares",3.3464
"Alcúdia, Baleares","Santa Margalida, Baleares",5.3481
"Alcúdia, Baleares","Escorca, Baleares",7.1696
"Alcúdia, Baleares","Llubí, Baleares",7.486
"Alcúdia, Baleares","Inca, Baleares",8.2489
"Alcúdia, Baleares","Selva, Baleares",8.512
"Aldaia, Valencia","Chiva, Valencia",0
"Aldaia, Valencia","Alaquàs, Valencia",0
"Aldaia, Valencia","Torrent, Valencia",0
"Aldaia, Valencia","Mislata, Valencia",0.5597
"Aldaia, Valencia","Manises, Valencia",0.762
"Aldaia, Valencia","Paterna, Valencia",1.5336
"Aldaia, Valencia","Valencia, Valencia",1.5561
"Aldaia, Valencia","Paiporta, Valencia",3.6102
"Aldaia, Valencia","Burjassot, Valencia",3.8016
"Aldaia, Valencia","Picassent, Valencia",4.871
"Aldaia, Valencia","Catarroja, Valencia",5.0309
"Aldaia, Valencia","Alfafar, Valencia",5.1804
"Aldaia, Valencia","Godelleta, Valencia",5.4356
"Aldaia, Valencia","Alcàsser, Valencia",5.8886
"Aldaia, Valencia","Massanassa, Valencia",6.2113
"Aldaia, Valencia","Albal, Valencia",6.3452
"Aldaia, Valencia","Moncada, Valencia",7.335
"Aldaia, Valencia","Alboraya, Valencia",7.5121
"Aldaia, Valencia","Bétera, Valencia",7.5381
"Aldaia, Valencia","L'Eliana, Valencia",8.0011
"Aldaia, Valencia","Beniparrell, Valencia",8.0229
"Aldaia, Valencia","Silla, Valencia",9.5219
"Aldaia, Valencia","Foios, Valencia",9.5418
"Alfafar, Valencia","Massanassa, Valencia",0
"Alfafar, Valencia","Paiporta, Valencia",0
"Alfafar, Valencia","Valencia, Valencia",0
"Alfafar, Valencia","Catarroja, Valencia",0.282
"Alfafar, Valencia","Albal, Valencia",1.274
"Alfafar, Valencia","Silla, Valencia",1.4721
"Alfafar, Valencia","Torrent, Valencia",2.7371
"Alfafar, Valencia","Beniparrell, Valencia",2.9323
"Alfafar, Valencia","Alcàsser, Valencia",4.3043
"Alfafar, Valencia","Alaquàs, Valencia",4.7288
"Alfafar, Valencia","Mislata, Valencia",4.7396
"Alfafar, Valencia","Aldaia, Valencia",5.1804
"Alfafar, Valencia","Sollana, Valencia",5.3021
"Alfafar, Valencia","Sueca, Valencia",5.4728
"Alfafar, Valencia","Picassent, Valencia",5.6641
"Alfafar, Valencia","Paterna, Valencia",6.957
"Alfafar, Valencia","Alboraya, Valencia",7.1916
"Alfafar, Valencia","Almussafes, Valencia",7.3594
"Alfafar, Valencia","Manises, Valencia",7.503
"Alfafar, Valencia","Burjassot, Valencia",7.7454
"Alfaro, La Rioja","Calahorra, La Rioja",6.0457
"Alfaro, La Rioja","Arnedo, La Rioja",8.766
"Algaida, Baleares","Llucmajor, Baleares",0
"Algaida, Baleares","Lloret de Vistalegre, Baleares",0
"Algaida, Baleares","Montuïri, Baleares",0
"Algaida, Baleares","Santa Eugènia, Baleares",0
"Algaida, Baleares","Sencelles, Baleares",0
"Algaida, Baleares","Palma de Mallorca, Baleares",0
"Algaida, Baleares","Porreres, Baleares",1.1114
"Algaida, Baleares","Costitx, Baleares",1.5993
"Algaida, Baleares","Sant Joan, Baleares",2.2796
"Algaida, Baleares","Sineu, Baleares",3.883
"Algaida, Baleares","Marratxí, Baleares",4.5522
"Algaida, Baleares","Binissalem, Baleares",5.1624
"Algaida, Baleares","Consell, Baleares",5.6397
"Algaida, Baleares","Inca, Baleares",6.5182
"Algaida, Baleares","Campos, Baleares",6.8442
"Algaida, Baleares","Llubí, Baleares",8.7906
"Algaida, Baleares","Petra, Baleares",9.1171
"Algaida, Baleares","Lloseta, Baleares",9.2536
"Algaida, Baleares","Maria de la Salut, Baleares",9.4487
"Algaida, Baleares","Felanitx, Baleares",9.9884
"Algeciras, Cádiz","Los Barrios, Cádiz",0
"Algeciras, Cádiz","Tarifa, Cádiz",0
"Algeciras, Cádiz","San Roque, Cádiz",1.6648
"Algeciras, Cádiz","La Línea de la Concepción, Cádiz",5.3418
"Algemesí, Valencia","Alginet, Valencia",0
"Algemesí, Valencia","Alzira, Valencia",0
"Algemesí, Valencia","Sollana, Valencia",0
"Algemesí, Valencia","Carlet, Valencia",0.4729
"Algemesí, Valencia","L'Alcúdia, Valencia",1.1939
"Algemesí, Valencia","Almussafes, Valencia",1.2866
"Algemesí, Valencia","Sueca, Valencia",1.6018
"Algemesí, Valencia","Carcaixent, Valencia",3.7636
"Algemesí, Valencia","Picassent, Valencia",6.037
"Algemesí, Valencia","Valencia, Valencia",7.0278
"Algemesí, Valencia","Silla, Valencia",8.8707
"Algemesí, Valencia","La Pobla Llarga, Valencia",9.2707
"Algemesí, Valencia","Cullera, Valencia",9.4215
"Algete, Madrid","Colmenar Viejo, Madrid",0
"Algete, Madrid","San Sebastián de los Reyes, Madrid",0
"Algete, Madrid","Paracuellos de Jarama, Madrid",1.1326
"Algete, Madrid","Madrid, Madrid",2.4814
"Algete, Madrid","Ajalvir, Madrid",2.6299
"Algete, Madrid","Alcobendas, Madrid",5.5497
"Algete, Madrid","Camarma de Esteruelas, Madrid",5.8233
"Algete, Madrid","Valdeavero, Madrid",5.9213
"Algete, Madrid","Alcalá de Henares, Madrid",6.2526
"Algete, Madrid","Tres Cantos, Madrid",6.5224
"Algete, Madrid","Torrejón del Rey, Guadalajara",6.5459
"Algete, Madrid","Meco, Madrid",9.0969
"Algete, Madrid","Torrejón de Ardoz, Madrid",9.4967
"Alginet, Valencia","Algemesí, Valencia",0
"Alginet, Valencia","Carlet, Valencia",0
"Alginet, Valencia","Almussafes, Valencia",0
"Alginet, Valencia","Sollana, Valencia",0
"Alginet, Valencia","L'Alcúdia, Valencia",1.0464
"Alginet, Valencia","Picassent, Valencia",1.8494
"Alginet, Valencia","Sueca, Valencia",4.7863
"Alginet, Valencia","Alzira, Valencia",6.1662
"Alginet, Valencia","Valencia, Valencia",6.4881
"Alginet, Valencia","Silla, Valencia",6.6894
"Alginet, Valencia","Alcàsser, Valencia",9.2835
"Alhama de Murcia, Murcia","Mazarrón, Murcia",0
"Alhama de Murcia, Murcia","Totana, Murcia",0
"Alhama de Murcia, Murcia","Murcia, Murcia",0
"Alhama de Murcia, Murcia","Alcantarilla, Murcia",6.4273
"Alhama de Murcia, Murcia","Lorca, Murcia",9.0966
"Alhaurín de la Torre, Málaga","Alhaurín el Grande, Málaga",0
"Alhaurín de la Torre, Málaga","Benalmádena, Málaga",0
"Alhaurín de la Torre, Málaga","Torremolinos, Málaga",0
"Alhaurín de la Torre, Málaga","Málaga, Málaga",0
"Alhaurín de la Torre, Málaga","Fuengirola, Málaga",2.5535
"Alhaurín de la Torre, Málaga","Coín, Málaga",5.8917
"Alhaurín el Grande, Málaga","Alhaurín de la Torre, Málaga",0
"Alhaurín el Grande, Málaga","Coín, Málaga",0
"Alhaurín el Grande, Málaga","Benalmádena, Málaga",3.9413
"Alhaurín el Grande, Málaga","Fuengirola, Málaga",4.393
"Alhaurín el Grande, Málaga","Málaga, Málaga",6.3936
"Alhaurín el Grande, Málaga","Torremolinos, Málaga",6.9385
"Alhaurín el Grande, Málaga","Marbella, Málaga",7.7887
"Alhendín, Granada","Armilla, Granada",0
"Alhendín, Granada","Churriana de la Vega, Granada",0
"Alhendín, Granada","Gójar, Granada",0
"Alhendín, Granada","Las Gabias, Granada",0
"Alhendín, Granada","Padul, Granada",0
"Alhendín, Granada","La Zubia, Granada",1.3416
"Alhendín, Granada","Granada, Granada",1.3945
"Alhendín, Granada","Maracena, Granada",6.8471
"Alhendín, Granada","Atarfe, Granada",7.6977
"Alhendín, Granada","Chauchina, Granada",8.4701
"Alhendín, Granada","Peligros, Granada",8.8869
"Alhendín, Granada","Dúrcal, Granada",9.097
"Alicante, Alicante","Busot, Alicante",0
"Alicante, Alicante","El Campello, Alicante",0
"Alicante, Alicante","Mutxamel, Alicante",0
"Alicante, Alicante","Sant Joan d'Alacant, Alicante",0
"Alicante, Alicante","Elche, Alicante",0
"Alicante, Alicante","Castalla, Alicante",3.011
"Alicante, Alicante","Petrer, Alicante",3.518
"Alicante, Alicante","Santa Pola, Alicante",3.5342
"Alicante, Alicante","Aspe, Alicante",5.9296
"Alicante, Alicante","Novelda, Alicante",6.4689
"Alió, Tarragona","Bràfim, Tarragona",0
"Alió, Tarragona","Valls, Tarragona",0
"Alió, Tarragona","Montferri, Tarragona",0.9402
"Alió, Tarragona","Vilabella, Tarragona",1.6798
"Alió, Tarragona","Vallmoll, Tarragona",1.8137
"Alió, Tarragona","Masllorenç, Tarragona",5.0052
"Alió, Tarragona","Alcover, Tarragona",5.3325
"Alió, Tarragona","Renau, Tarragona",5.5663
"Alió, Tarragona","El Milà, Tarragona",5.9647
"Alió, Tarragona","Montblanc, Tarragona",6.4787
"Alió, Tarragona","La Riba, Tarragona",7.2188
"Alió, Tarragona","Vespella de Gaià, Tarragona",7.3194
"Alió, Tarragona","El Catllar, Tarragona",8.8086
"Alió, Tarragona","Perafort, Tarragona",9.4449
"Alió, Tarragona","Albinyana, Tarragona",9.8549
"Aljaraque, Huelva","Gibraleón, Huelva",0
"Aljaraque, Huelva","Moguer, Huelva",0
"Aljaraque, Huelva","Cartaya, Huelva",0.0421
"Aljaraque, Huelva","Punta Umbría, Huelva",1.124
"Aljaraque, Huelva","Lepe, Huelva",6.3982
"Aljaraque, Huelva","Huelva, Huelva",8.5668
"Aller, Asturias","Puebla de Lillo, León",0
"Aller, Asturias","Lena, Asturias",0
"Aller, Asturias","Mieres, Asturias",0
"Aller, Asturias","San Martín del Rey Aurelio, Asturias",3.0922
"Aller, Asturias","Langreo, Asturias",4.1046
"Aller, Asturias","Quirós, Asturias",8.0122
"Aller, Asturias","Morcín, Asturias",8.5472
"Aller, Asturias","Oviedo, Asturias",9.8366
"Almagro, Ciudad Real","Daimiel, Ciudad Real",0
"Almagro, Ciudad Real","Manzanares, Ciudad Real",0
"Almagro, Ciudad Real","Bolaños de Calatrava, Ciudad Real",0
"Almagro, Ciudad Real","Miguelturra, Ciudad Real",0
"Almagro, Ciudad Real","Ciudad Real, Ciudad Real",4.2532
"Almagro, Ciudad Real","Valdepeñas, Ciudad Real",5.3541
"Almagro, Ciudad Real","Puertollano, Ciudad Real",8.3041
"Almansa, Albacete","Caudete, Albacete",0
"Almansa, Albacete","Villena, Alicante",0
"Almansa, Albacete","Yecla, Murcia",0
"Almenara, Castellón","La Vall d'Uixó, Castellón",0
"Almenara, Castellón","Sagunto, Valencia",0
"Almenara, Castellón","Canet d'En Berenguer, Valencia",4.2219
"Almenara, Castellón","Segorbe, Castellón",9.367
"Almendralejo, Badajoz","Mérida, Badajoz",0
"Almendralejo, Badajoz","Villafranca de los Barros, Badajoz",0
"Almendralejo, Badajoz","Badajoz, Badajoz",6.7287
"Almería, Almería","Níjar, Almería",0
"Almería, Almería","Roquetas de Mar, Almería",2.1976
"Almería, Almería","Rioja, Almería",3.8435
"Almonte, Huelva","Sanlúcar de Barrameda, Cádiz",0
"Almonte, Huelva","Bollullos Par del Condado, Huelva",0
"Almonte, Huelva","Moguer, Huelva",0
"Almonte, Huelva","La Palma del Condado, Huelva",4.1064
"Almonte, Huelva","Chipiona, Cádiz",4.3336
"Almonte, Huelva","Jerez de la Frontera, Cádiz",6.4396
"Almonte, Huelva","Rota, Cádiz",6.9751
"Almonte, Huelva","Pilas, Sevilla",7.0252
"Almonte, Huelva","Lebrija, Sevilla",8.8936
"Almonte, Huelva","El Puerto de Santa María, Cádiz",9.5514
"Almoradí, Alicante","Catral, Alicante",0
"Almoradí, Alicante","Dolores, Alicante",0
"Almoradí, Alicante","Orihuela, Alicante",0
"Almoradí, Alicante","Los Montesinos, Alicante",0.3608
"Almoradí, Alicante","Callosa de Segura, Alicante",0.3987
"Almoradí, Alicante","Rafal, Alicante",1.0108
"Almoradí, Alicante","San Fulgencio, Alicante",2.5504
"Almoradí, Alicante","Crevillent, Alicante",3.3416
"Almoradí, Alicante","Albatera, Alicante",3.8957
"Almoradí, Alicante","Elche, Alicante",4.4781
"Almoradí, Alicante","San Isidro, Alicante",4.5184
"Almoradí, Alicante","San Miguel de Salinas, Alicante",4.6067
"Almoradí, Alicante","Cox, Alicante",4.7961
"Almoradí, Alicante","Torrevieja, Alicante",4.9369
"Almoradí, Alicante","Redován, Alicante",5.5777
"Almoradí, Alicante","Guardamar del Segura, Alicante",5.798
"Almuñécar, Granada","Nerja, Málaga",0
"Almuñécar, Granada","Motril, Granada",6.2877
"Almussafes, Valencia","Picassent, Valencia",0
"Almussafes, Valencia","Silla, Valencia",0
"Almussafes, Valencia","Alginet, Valencia",0
"Almussafes, Valencia","Sollana, Valencia",0
"Almussafes, Valencia","Valencia, Valencia",0.818
"Almussafes, Valencia","Algemesí, Valencia",1.2866
"Almussafes, Valencia","Sueca, Valencia",3.7528
"Almussafes, Valencia","Alcàsser, Valencia",3.8418
"Almussafes, Valencia","Beniparrell, Valencia",5.102
"Almussafes, Valencia","Carlet, Valencia",5.5218
"Almussafes, Valencia","Albal, Valencia",5.9355
"Almussafes, Valencia","Catarroja, Valencia",6.115
"Almussafes, Valencia","L'Alcúdia, Valencia",6.5465
"Almussafes, Valencia","Massanassa, Valencia",6.9239
"Almussafes, Valencia","Alfafar, Valencia",7.3594
"Almussafes, Valencia","Alzira, Valencia",7.9214
"Almussafes, Valencia","Torrent, Valencia",8.3253
"Almussafes, Valencia","Paiporta, Valencia",9.3277
"Alpedrete, Madrid","Collado Villalba, Madrid",0
"Alpedrete, Madrid","Guadarrama, Madrid",0
"Alpedrete, Madrid","San Lorenzo de El Escorial, Madrid",0.1238
"Alpedrete, Madrid","Galapagar, Madrid",0.2251
"Alpedrete, Madrid","El Escorial, Madrid",0.6495
"Alpedrete, Madrid","Los Molinos, Madrid",4.0095
"Alpedrete, Madrid","Cercedilla, Madrid",4.6335
"Alpedrete, Madrid","Manzanares el Real, Madrid",5.4626
"Alpedrete, Madrid","Colmenarejo, Madrid",5.5109
"Alpedrete, Madrid","Valdemorillo, Madrid",7.0779
"Alpedrete, Madrid","Torrelodones, Madrid",7.1357
"Alpicat, Lleida","Lleida, Lleida",0
"Altafulla, Tarragona","La Nou de Gaià, Tarragona",0
"Altafulla, Tarragona","La Pobla de Montornès, Tarragona",0
"Altafulla, Tarragona","Tarragona, Tarragona",0
"Altafulla, Tarragona","El Catllar, Tarragona",1.2302
"Altafulla, Tarragona","Vespella de Gaià, Tarragona",1.8797
"Altafulla, Tarragona","Creixell, Tarragona",2.1756
"Altafulla, Tarragona","Renau, Tarragona",5.1427
"Altafulla, Tarragona","Vilabella, Tarragona",5.7002
"Altafulla, Tarragona","Montferri, Tarragona",7.4085
"Altafulla, Tarragona","El Vendrell, Tarragona",7.6216
"Altafulla, Tarragona","Albinyana, Tarragona",8.1343
"Altafulla, Tarragona","Perafort, Tarragona",9.1658
"Altafulla, Tarragona","Masllorenç, Tarragona",9.6071
"Altea, Alicante","Benissa, Alicante",0
"Altea, Alicante","Benidorm, Alicante",2.4501
"Alzira, Valencia","Algemesí, Valencia",0
"Alzira, Valencia","Carcaixent, Valencia",0
"Alzira, Valencia","L'Alcúdia, Valencia",0.5368
"Alzira, Valencia","La Pobla Llarga, Valencia",3.174
"Alzira, Valencia","Cullera, Valencia",3.5026
"Alzira, Valencia","Xàtiva, Valencia",4.052
"Alzira, Valencia","Sueca, Valencia",4.1338
"Alzira, Valencia","Carlet, Valencia",4.4735
"Alzira, Valencia","Alginet, Valencia",6.1662
"Alzira, Valencia","Sollana, Valencia",6.2767
"Alzira, Valencia","Almussafes, Valencia",7.9214
"Alzira, Valencia","Gandia, Valencia",8.2983
"Ames, A Coruña","Santiago de Compostela, A Coruña",0
"Ames, A Coruña","Teo, A Coruña",0
"Ames, A Coruña","Val do Dubra, A Coruña",0
"Ames, A Coruña","Vedra, A Coruña",3.9411
"Ames, A Coruña","Santa Comba, A Coruña",6.4028
"Ames, A Coruña","Noia, A Coruña",8.1949
"Ames, A Coruña","A Estrada, Pontevedra",8.7603
"Ames, A Coruña","Tordoia, A Coruña",9.8897
"Amorebieta-Etxano, Vizcaya","Durango, Vizcaya",0
"Amorebieta-Etxano, Vizcaya","Galdakao, Vizcaya",0
"Amorebieta-Etxano, Vizcaya","Gernika-Lumo, Vizcaya",3.8696
"Amorebieta-Etxano, Vizcaya","Zamudio, Vizcaya",6.3408
"Amorebieta-Etxano, Vizcaya","Basauri, Vizcaya",6.9188
"Amorebieta-Etxano, Vizcaya","Arratzu, Vizcaya",7.2455
"Amorebieta-Etxano, Vizcaya","Bilbao, Vizcaya",8.1974
"Amorebieta-Etxano, Vizcaya","Derio, Vizcaya",8.4004
"Amorebieta-Etxano, Vizcaya","Arrigorriaga, Vizcaya",8.7849
"Amposta, Tarragona","Deltebre, Tarragona",0
"Amposta, Tarragona","Tortosa, Tarragona",0
"Amposta, Tarragona","Santa Bàrbara, Tarragona",0.8023
"Amurrio, Álava","Urduña-Orduña, Álava",0
"Amurrio, Álava","Valle de Mena, Burgos",8.8682
"Andoain, Guipúzcoa","Donostia-San Sebastián, Guipúzcoa",0
"Andoain, Guipúzcoa","Lasarte-Oria, Guipúzcoa",0
"Andoain, Guipúzcoa","Urnieta, Guipúzcoa",0
"Andoain, Guipúzcoa","Villabona, Guipúzcoa",0
"Andoain, Guipúzcoa","Hernani, Guipúzcoa",0.8795
"Andoain, Guipúzcoa","Tolosa, Guipúzcoa",2.6952
"Andoain, Guipúzcoa","Errenteria, Guipúzcoa",4.9513
"Andoain, Guipúzcoa","Zarautz, Guipúzcoa",7.7616
"Andratx, Baleares","Calvià, Baleares",0
"Andratx, Baleares","Estellencs, Baleares",0
"Andratx, Baleares","Puigpunyent, Baleares",2.3183
"Andratx, Baleares","Banyalbufar, Baleares",5.0373
"Andratx, Baleares","Esporles, Baleares",8.2279
"Andratx, Baleares","Palma de Mallorca, Baleares",9.0731
"Andújar, Jaén","Bailén, Jaén",5.6083
"Andújar, Jaén","Mengíbar, Jaén",9.1878
"Anglès, Girona","Santa Coloma de Farners, Girona",1.276
"Anglès, Girona","Riudellots de la Selva, Girona",8.8144
"Anglès, Girona","Girona, Girona",9.8796
"Antas de Ulla, Lugo","Taboada, Lugo",0
"Antas de Ulla, Lugo","Monterroso, Lugo",0
"Antas de Ulla, Lugo","Chantada, Lugo",3.4122
"Antas de Ulla, Lugo","Melide, A Coruña",4.4928
"Antas de Ulla, Lugo","Portomarín, Lugo",6.1688
"Antas de Ulla, Lugo","O Saviñao, Lugo",9.3703
"Antequera, Málaga","Mollina, Málaga",0
"Antequera, Málaga","Málaga, Málaga",2.6689
"Antequera, Málaga","Lucena, Córdoba",5.0618
"Antequera, Málaga","Loja, Granada",8.2194
"Antequera, Málaga","Casariche, Sevilla",9.8492
"Arahal, Sevilla","Alcalá de Guadaíra, Sevilla",0
"Arahal, Sevilla","Carmona, Sevilla",0
"Arahal, Sevilla","Utrera, Sevilla",0
"Arahal, Sevilla","Morón de la Frontera, Sevilla",0
"Arahal, Sevilla","Marchena, Sevilla",0.3742
"Arahal, Sevilla","La Puebla de Cazalla, Sevilla",7.3572
"Arahal, Sevilla","Mairena del Alcor, Sevilla",7.7164
"Aranjuez, Madrid","Mocejón, Toledo",0
"Aranjuez, Madrid","Seseña, Toledo",0
"Aranjuez, Madrid","Toledo, Toledo",0
"Aranjuez, Madrid","Ciempozuelos, Madrid",0
"Aranjuez, Madrid","Valdemoro, Madrid",4.023
"Aranjuez, Madrid","San Martín de la Vega, Madrid",6.8709
"Arboleas, Almería","Huércal-Overa, Almería",1.0049
"Arboleas, Almería","Macael, Almería",9.8915
"Archena, Murcia","Ceutí, Murcia",0
"Archena, Murcia","Molina de Segura, Murcia",0
"Archena, Murcia","Las Torres de Cotillas, Murcia",4.4459
"Archena, Murcia","Murcia, Murcia",6.4182
"Arcos de la Frontera, Cádiz","Ubrique, Cádiz",0
"Arcos de la Frontera, Cádiz","Lebrija, Sevilla",0
"Arcos de la Frontera, Cádiz","Jerez de la Frontera, Cádiz",0
"Arcos de la Frontera, Cádiz","El Cuervo de Sevilla, Sevilla",4.6034
"Arcos de la Frontera, Cádiz","Utrera, Sevilla",8.6195
"Arenas de Iguña, Cantabria","Los Corrales de Buelna, Cantabria",0
"Arenas de Iguña, Cantabria","Torrelavega, Cantabria",7.9134
"Arenas de Iguña, Cantabria","Campoo de Yuso, Cantabria",8.0331
"Arenys de Mar, Barcelona","Canet de Mar, Barcelona",0
"Arenys de Mar, Barcelona","Sant Vicenç de Montalt, Barcelona",0
"Arenys de Mar, Barcelona","Sant Cebrià de Vallalta, Barcelona",1.6235
"Arenys de Mar, Barcelona","Sant Pol de Mar, Barcelona",1.7652
"Arenys de Mar, Barcelona","Mataró, Barcelona",3.9862
"Arenys de Mar, Barcelona","Calella, Barcelona",5.9973
"Arenys de Mar, Barcelona","Pineda de Mar, Barcelona",6.9118
"Arenys de Mar, Barcelona","Llinars del Vallès, Barcelona",7.6454
"Arenys de Mar, Barcelona","Cabrera de Mar, Barcelona",9.8568
"Arévalo, Ávila","San Pascual, Ávila",6.7966
"Arévalo, Ávila","Salvador de Zapardiel, Valladolid",7.9682
"Arganda del Rey, Madrid","Rivas-Vaciamadrid, Madrid",0
"Arganda del Rey, Madrid","Velilla de San Antonio, Madrid",0
"Arganda del Rey, Madrid","Morata de Tajuña, Madrid",0
"Arganda del Rey, Madrid","San Martín de la Vega, Madrid",0
"Arganda del Rey, Madrid","Getafe, Madrid",4.359
"Arganda del Rey, Madrid","Mejorada del Campo, Madrid",4.5985
"Arganda del Rey, Madrid","Madrid, Madrid",5.2624
"Arganda del Rey, Madrid","Torres de la Alameda, Madrid",5.2895
"Arganda del Rey, Madrid","San Fernando de Henares, Madrid",6.7647
"Arganda del Rey, Madrid","Pinto, Madrid",9.1679
"Arganda del Rey, Madrid","Torrejón de Ardoz, Madrid",9.5196
"Arganda del Rey, Madrid","Ciempozuelos, Madrid",9.7339
"Arganda del Rey, Madrid","Villarejo de Salvanés, Madrid",9.8341
"Ariany, Baleares","Santa Margalida, Baleares",0
"Ariany, Baleares","Maria de la Salut, Baleares",0
"Ariany, Baleares","Petra, Baleares",0
"Ariany, Baleares","Sineu, Baleares",0
"Ariany, Baleares","Manacor, Baleares",0.9708
"Ariany, Baleares","Artà, Baleares",1.8664
"Ariany, Baleares","Sant Joan, Baleares",2.4075
"Ariany, Baleares","Llubí, Baleares",3.7563
"Ariany, Baleares","Sant Llorenç des Cardassar, Baleares",4.2429
"Ariany, Baleares","Muro, Baleares",5.2779
"Ariany, Baleares","Lloret de Vistalegre, Baleares",5.9923
"Ariany, Baleares","Montuïri, Baleares",7.9344
"Ariany, Baleares","Porreres, Baleares",8.6108
"Ariany, Baleares","Costitx, Baleares",9.1292
"Ariany, Baleares","Inca, Baleares",9.2832
"Armilla, Granada","Alhendín, Granada",0
"Armilla, Granada","Churriana de la Vega, Granada",0
"Armilla, Granada","Granada, Granada",0
"Armilla, Granada","La Zubia, Granada",0.1499
"Armilla, Granada","Las Gabias, Granada",0.963
"Armilla, Granada","Gójar, Granada",2.5208
"Armilla, Granada","Maracena, Granada",4.4888
"Armilla, Granada","Atarfe, Granada",5.422
"Armilla, Granada","Peligros, Granada",6.4199
"Armilla, Granada","Pinos Puente, Granada",8.9356
"Armilla, Granada","Padul, Granada",9.0576
"Arnedo, La Rioja","Calahorra, La Rioja",0.8674
"Arnedo, La Rioja","Alfaro, La Rioja",8.766
"Arona, Santa Cruz de Tenerife","Adeje, Santa Cruz de Tenerife",0
"Arona, Santa Cruz de Tenerife","Granadilla de Abona, Santa Cruz de Tenerife",2.8468
"Arona, Santa Cruz de Tenerife","La Orotava, Santa Cruz de Tenerife",9.2405
"Arratzu, Vizcaya","Gernika-Lumo, Vizcaya",0
"Arratzu, Vizcaya","Amorebieta-Etxano, Vizcaya",7.2455
"Arratzu, Vizcaya","Bermeo, Vizcaya",8.0526
"Arrecife, Las Palmas","San Bartolomé, Las Palmas",0
"Arrecife, Las Palmas","Tías, Las Palmas",2.6136
"Arrigorriaga, Vizcaya","Basauri, Vizcaya",0
"Arrigorriaga, Vizcaya","Bilbao, Vizcaya",0
"Arrigorriaga, Vizcaya","Galdakao, Vizcaya",1.4358
"Arrigorriaga, Vizcaya","Derio, Vizcaya",2.9249
"Arrigorriaga, Vizcaya","Zamudio, Vizcaya",3.1447
"Arrigorriaga, Vizcaya","Loiu, Vizcaya",3.9339
"Arrigorriaga, Vizcaya","Barakaldo, Vizcaya",4.271
"Arrigorriaga, Vizcaya","Erandio, Vizcaya",5.4064
"Arrigorriaga, Vizcaya","Sestao, Vizcaya",8.1115
"Arrigorriaga, Vizcaya","Amorebieta-Etxano, Vizcaya",8.7849
"Arrigorriaga, Vizcaya","Leioa, Vizcaya",9.2588
"Arroyo de la Encomienda, Valladolid","Simancas, Valladolid",0
"Arroyo de la Encomienda, Valladolid","Valladolid, Valladolid",0
"Arroyo de la Encomienda, Valladolid","Tudela de Duero, Valladolid",9.8175
"Arroyomolinos, Madrid","Móstoles, Madrid",0
"Arroyomolinos, Madrid","Navalcarnero, Madrid",0
"Arroyomolinos, Madrid","Villaviciosa de Odón, Madrid",0.352
"Arroyomolinos, Madrid","El Álamo, Madrid",2.6587
"Arroyomolinos, Madrid","Fuenlabrada, Madrid",2.8089
"Arroyomolinos, Madrid","Humanes de Madrid, Madrid",3.35
"Arroyomolinos, Madrid","Griñón, Madrid",3.5393
"Arroyomolinos, Madrid","Alcorcón, Madrid",4.5338
"Arroyomolinos, Madrid","Leganés, Madrid",5.7351
"Arroyomolinos, Madrid","Sevilla la Nueva, Madrid",7.0088
"Arroyomolinos, Madrid","Parla, Madrid",7.4986
"Arroyomolinos, Madrid","Brunete, Madrid",7.6792
"Arroyomolinos, Madrid","Boadilla del Monte, Madrid",8.5494
"Arroyomolinos, Madrid","Torrejón de la Calzada, Madrid",9.3461
"Arroyomolinos, Madrid","Getafe, Madrid",9.7519
"Arroyomolinos, Madrid","Madrid, Madrid",9.7724
"Artà, Baleares","Capdepera, Baleares",0
"Artà, Baleares","Sant Llorenç des Cardassar, Baleares",0
"Artà, Baleares","Son Servera, Baleares",0
"Artà, Baleares","Santa Margalida, Baleares",0
"Artà, Baleares","Petra, Baleares",0
"Artà, Baleares","Manacor, Baleares",1.0339
"Artà, Baleares","Ariany, Baleares",1.8664
"Artà, Baleares","Maria de la Salut, Baleares",4.8544
"Artà, Baleares","Muro, Baleares",9.1524
"Arteixo, A Coruña","A Coruña, A Coruña",0
"Arteixo, A Coruña","A Laracha, A Coruña",0
"Arteixo, A Coruña","Culleredo, A Coruña",0
"Arteixo, A Coruña","Carballo, A Coruña",0.0358
"Arteixo, A Coruña","Cambre, A Coruña",3.7609
"Arteixo, A Coruña","Oleiros, A Coruña",4.3825
"Arteixo, A Coruña","Abegondo, A Coruña",9.0275
"Arteixo, A Coruña","Sada, A Coruña",9.4493
"Artés, Barcelona","Santpedor, Barcelona",3.3468
"Artés, Barcelona","Manresa, Barcelona",5.0942
"Arzúa, A Coruña","Melide, A Coruña",0
"Arzúa, A Coruña","Oroso, A Coruña",3.3013
"Arzúa, A Coruña","Ordes, A Coruña",7.5903
"Arzúa, A Coruña","Santiago de Compostela, A Coruña",8.1367
"Arzúa, A Coruña","Silleda, Pontevedra",9.6347
"As Neves, Pontevedra","Ponteareas, Pontevedra",0
"As Neves, Pontevedra","Salvaterra de Miño, Pontevedra",0
"As Neves, Pontevedra","Tui, Pontevedra",8.3957
"As Pontes de García Rodríguez, A Coruña","San Sadurniño, A Coruña",0
"As Pontes de García Rodríguez, A Coruña","As Somozas, A Coruña",0
"As Pontes de García Rodríguez, A Coruña","Muras, Lugo",0
"As Pontes de García Rodríguez, A Coruña","Vilalba, Lugo",7.0093
"As Pontes de García Rodríguez, A Coruña","Fene, A Coruña",8.7073
"As Pontes de García Rodríguez, A Coruña","Narón, A Coruña",9.7377
"As Somozas, A Coruña","San Sadurniño, A Coruña",0
"As Somozas, A Coruña","As Pontes de García Rodríguez, A Coruña",0
"As Somozas, A Coruña","Muras, Lugo",7.1798
"As Somozas, A Coruña","Narón, A Coruña",7.8918
"As Somozas, A Coruña","Fene, A Coruña",9.493
"Aspe, Alicante","Crevillent, Alicante",0
"Aspe, Alicante","Elche, Alicante",0
"Aspe, Alicante","Novelda, Alicante",0
"Aspe, Alicante","Alicante, Alicante",5.9296
"Aspe, Alicante","Albatera, Alicante",6.5272
"Aspe, Alicante","Elda, Alicante",8.1041
"Aspe, Alicante","Pinoso, Alicante",8.2613
"Aspe, Alicante","Petrer, Alicante",8.4204
"Aspe, Alicante","Orihuela, Alicante",8.7036
"Atarfe, Granada","Granada, Granada",0
"Atarfe, Granada","Maracena, Granada",0
"Atarfe, Granada","Pinos Puente, Granada",0
"Atarfe, Granada","Fuente Vaqueros, Granada",0.4843
"Atarfe, Granada","Peligros, Granada",2.0263
"Atarfe, Granada","Chauchina, Granada",2.6066
"Atarfe, Granada","Churriana de la Vega, Granada",4.3818
"Atarfe, Granada","Las Gabias, Granada",4.805
"Atarfe, Granada","Armilla, Granada",5.422
"Atarfe, Granada","Alhendín, Granada",7.6977
"Atarfe, Granada","La Zubia, Granada",8.4809
"Avià, Barcelona","Berga, Barcelona",0
"Avià, Barcelona","Gironella, Barcelona",0.8528
"Avià, Barcelona","Guixers, Lleida",7.3364
"Ávila, Ávila","Sotalbo, Ávila",2.9063
"Avilés, Asturias","Castrillón, Asturias",0
"Avilés, Asturias","Gozón, Asturias",0
"Avilés, Asturias","Soto del Barco, Asturias",5.2385
"Avilés, Asturias","Gijón, Asturias",7.4007
"Azkoitia, Guipúzcoa","Azpeitia, Guipúzcoa",0
"Azkoitia, Guipúzcoa","Bergara, Guipúzcoa",0
"Azkoitia, Guipúzcoa","Elgoibar, Guipúzcoa",0
"Azkoitia, Guipúzcoa","Zumarraga, Guipúzcoa",0
"Azkoitia, Guipúzcoa","Legazpi, Guipúzcoa",3.4583
"Azkoitia, Guipúzcoa","Eibar, Guipúzcoa",5.5437
"Azkoitia, Guipúzcoa","Beasain, Guipúzcoa",5.8601
"Azkoitia, Guipúzcoa","Oñati, Guipúzcoa",6.732
"Azkoitia, Guipúzcoa","Zarautz, Guipúzcoa",9.2786
"Azpeitia, Guipúzcoa","Azkoitia, Guipúzcoa",0
"Azpeitia, Guipúzcoa","Beasain, Guipúzcoa",0
"Azpeitia, Guipúzcoa","Zumarraga, Guipúzcoa",0
"Azpeitia, Guipúzcoa","Bergara, Guipúzcoa",3.5632
"Azpeitia, Guipúzcoa","Elgoibar, Guipúzcoa",4.5784
"Azpeitia, Guipúzcoa","Legazpi, Guipúzcoa",4.6368
"Azpeitia, Guipúzcoa","Tolosa, Guipúzcoa",5.3348
"Azpeitia, Guipúzcoa","Zarautz, Guipúzcoa",5.4044
"Azpeitia, Guipúzcoa","Oñati, Guipúzcoa",8.963
"Azuqueca de Henares, Guadalajara","Villanueva de la Torre, Guadalajara",0
"Azuqueca de Henares, Guadalajara","Alcalá de Henares, Madrid",0
"Azuqueca de Henares, Guadalajara","Meco, Madrid",0
"Azuqueca de Henares, Guadalajara","Guadalajara, Guadalajara",1.1314
"Azuqueca de Henares, Guadalajara","Camarma de Esteruelas, Madrid",4.5286
"Azuqueca de Henares, Guadalajara","Valdeavero, Madrid",4.846
"Azuqueca de Henares, Guadalajara","Pioz, Guadalajara",6.6121
"Azuqueca de Henares, Guadalajara","Villalbilla, Madrid",7.1572
"Azuqueca de Henares, Guadalajara","Marchamalo, Guadalajara",7.4612
"Azuqueca de Henares, Guadalajara","Torrejón del Rey, Guadalajara",7.9809
"Badajoz, Badajoz","Alburquerque, Badajoz",0
"Badajoz, Badajoz","Mérida, Badajoz",0
"Badajoz, Badajoz","Cáceres, Cáceres",0
"Badajoz, Badajoz","Almendralejo, Badajoz",6.7287
"Badalona, Barcelona","Sant Adrià de Besòs, Barcelona",0
"Badalona, Barcelona","Santa Coloma de Gramenet, Barcelona",0
"Badalona, Barcelona","Montcada i Reixac, Barcelona",0
"Badalona, Barcelona","Barcelona, Barcelona",0.3384
"Badalona, Barcelona","El Masnou, Barcelona",2.5223
"Badalona, Barcelona","Santa Perpètua de Mogoda, Barcelona",3.4331
"Badalona, Barcelona","Ripollet, Barcelona",3.4956
"Badalona, Barcelona","Mollet del Vallès, Barcelona",3.6062
"Badalona, Barcelona","Montornès del Vallès, Barcelona",4.0027
"Badalona, Barcelona","Cerdanyola del Vallès, Barcelona",4.3474
"Badalona, Barcelona","Teià, Barcelona",4.4087
"Badalona, Barcelona","Barberà del Vallès, Barcelona",5.1526
"Badalona, Barcelona","Montmeló, Barcelona",5.3378
"Badalona, Barcelona","Premià de Dalt, Barcelona",6.6405
"Badalona, Barcelona","Sant Cugat del Vallès, Barcelona",6.922
"Badalona, Barcelona","Polinyà, Barcelona",7.1538
"Badalona, Barcelona","Vilassar de Dalt, Barcelona",7.5653
"Badalona, Barcelona","Sabadell, Barcelona",8.109
"Badalona, Barcelona","Granollers, Barcelona",8.4248
"Badalona, Barcelona","Lliçà de Vall, Barcelona",8.5865
"Badalona, Barcelona","Cabrils, Barcelona",9.2505
"Badalona, Barcelona","La Roca del Vallès, Barcelona",9.8224
"Badalona, Barcelona","Sant Just Desvern, Barcelona",9.8958
"Baena, Córdoba","Cabra, Córdoba",0
"Baena, Córdoba","Martos, Jaén",0
"Baena, Córdoba","Córdoba, Córdoba",1.7269
"Baena, Córdoba","Torredonjimeno, Jaén",5.8311
"Baena, Córdoba","Priego de Córdoba, Córdoba",7.7009
"Baeza, Jaén","Mancha Real, Jaén",0
"Baeza, Jaén","Jódar, Jaén",0
"Baeza, Jaén","Úbeda, Jaén",0
"Baeza, Jaén","Jaén, Jaén",1.7329
"Baeza, Jaén","Linares, Jaén",4.7604
"Bailén, Jaén","Linares, Jaén",0
"Bailén, Jaén","Mengíbar, Jaén",2.2518
"Bailén, Jaén","Andújar, Jaén",5.6083
"Baiona, Pontevedra","Vigo, Pontevedra",4.9258
"Baiona, Pontevedra","Tui, Pontevedra",6.1632
"Baiona, Pontevedra","O Porriño, Pontevedra",9.5078
"Balenyà, Barcelona","Tona, Barcelona",0
"Balenyà, Barcelona","Vic, Barcelona",4.7184
"Balenyà, Barcelona","Gurb, Barcelona",8.9131
"Balsa de Ves, Albacete","Requena, Valencia",0
"Banyalbufar, Baleares","Esporles, Baleares",0
"Banyalbufar, Baleares","Estellencs, Baleares",0
"Banyalbufar, Baleares","Puigpunyent, Baleares",0
"Banyalbufar, Baleares","Valldemossa, Baleares",0
"Banyalbufar, Baleares","Calvià, Baleares",2.9243
"Banyalbufar, Baleares","Palma de Mallorca, Baleares",3.4399
"Banyalbufar, Baleares","Andratx, Baleares",5.0373
"Banyalbufar, Baleares","Bunyola, Baleares",6.9193
"Banyoles, Girona","Besalú, Girona",7.2602
"Banyoles, Girona","Celrà, Girona",9.2631
"Banyoles, Girona","Girona, Girona",9.8489
"Barakaldo, Vizcaya","Bilbao, Vizcaya",0
"Barakaldo, Vizcaya","Erandio, Vizcaya",0
"Barakaldo, Vizcaya","Sestao, Vizcaya",0
"Barakaldo, Vizcaya","Leioa, Vizcaya",0.9587
"Barakaldo, Vizcaya","Portugalete, Vizcaya",1.106
"Barakaldo, Vizcaya","Loiu, Vizcaya",1.8296
"Barakaldo, Vizcaya","Getxo, Vizcaya",2.0978
"Barakaldo, Vizcaya","Arrigorriaga, Vizcaya",4.271
"Barakaldo, Vizcaya","Derio, Vizcaya",4.5131
"Barakaldo, Vizcaya","Basauri, Vizcaya",4.8121
"Barakaldo, Vizcaya","Zamudio, Vizcaya",4.8788
"Barakaldo, Vizcaya","Galdakao, Vizcaya",7.0598
"Barakaldo, Vizcaya","Zalla, Vizcaya",7.2458
"Barakaldo, Vizcaya","Castro-Urdiales, Cantabria",9.4829
"Barbastro, Huesca","Monzón, Huesca",2.0509
"Barbate, Cádiz","Tarifa, Cádiz",0
"Barbate, Cádiz","Conil de la Frontera, Cádiz",4.6567
"Barbate, Cádiz","Benalup-Casas Viejas, Cádiz",6.8895
"Barbate, Cádiz","Los Barrios, Cádiz",7.9444
"Barberà del Vallès, Barcelona","Cerdanyola del Vallès, Barcelona",0
"Barberà del Vallès, Barcelona","Montcada i Reixac, Barcelona",0
"Barberà del Vallès, Barcelona","Ripollet, Barcelona",0
"Barberà del Vallès, Barcelona","Sabadell, Barcelona",0
"Barberà del Vallès, Barcelona","Santa Perpètua de Mogoda, Barcelona",0
"Barberà del Vallès, Barcelona","Sant Quirze del Vallès, Barcelona",0.8504
"Barberà del Vallès, Barcelona","Polinyà, Barcelona",1.4171
"Barberà del Vallès, Barcelona","Sant Cugat del Vallès, Barcelona",3.2412
"Barberà del Vallès, Barcelona","Mollet del Vallès, Barcelona",3.8701
"Barberà del Vallès, Barcelona","Terrassa, Barcelona",4.341
"Barberà del Vallès, Barcelona","Barcelona, Barcelona",4.6808
"Barberà del Vallès, Barcelona","Rubí, Barcelona",4.7608
"Barberà del Vallès, Barcelona","Santa Coloma de Gramenet, Barcelona",4.7856
"Barberà del Vallès, Barcelona","Badalona, Barcelona",5.1526
"Barberà del Vallès, Barcelona","Castellar del Vallès, Barcelona",5.9588
"Barberà del Vallès, Barcelona","Montmeló, Barcelona",6.3058
"Barberà del Vallès, Barcelona","Montornès del Vallès, Barcelona",6.4957
"Barberà del Vallès, Barcelona","Lliçà de Vall, Barcelona",6.6432
"Barberà del Vallès, Barcelona","Caldes de Montbui, Barcelona",7.8969
"Barberà del Vallès, Barcelona","Molins de Rei, Barcelona",8.4448
"Barberà del Vallès, Barcelona","Sant Adrià de Besòs, Barcelona",9.1519
"Barcelona, Barcelona","Sant Adrià de Besòs, Barcelona",0
"Barcelona, Barcelona","Santa Coloma de Gramenet, Barcelona",0
"Barcelona, Barcelona","Cerdanyola del Vallès, Barcelona",0
"Barcelona, Barcelona","Montcada i Reixac, Barcelona",0
"Barcelona, Barcelona","Sant Cugat del Vallès, Barcelona",0
"Barcelona, Barcelona","El Prat de Llobregat, Barcelona",0
"Barcelona, Barcelona","Esplugues de Llobregat, Barcelona",0
"Barcelona, Barcelona","L'Hospitalet de Llobregat, Barcelona",0
"Barcelona, Barcelona","Molins de Rei, Barcelona",0
"Barcelona, Barcelona","Sant Feliu de Llobregat, Barcelona",0
"Barcelona, Barcelona","Sant Just Desvern, Barcelona",0
"Barcelona, Barcelona","Badalona, Barcelona",0.3384
"Barcelona, Barcelona","Cornellà de Llobregat, Barcelona",1.07
"Barcelona, Barcelona","Sant Boi de Llobregat, Barcelona",2.0439
"Barcelona, Barcelona","Ripollet, Barcelona",2.4693
"Barcelona, Barcelona","Sant Joan Despí, Barcelona",2.6398
"Barcelona, Barcelona","Sant Vicenç dels Horts, Barcelona",3.5947
"Barcelona, Barcelona","Rubí, Barcelona",4.3218
"Barcelona, Barcelona","Barberà del Vallès, Barcelona",4.6808
"Barcelona, Barcelona","Castellbisbal, Barcelona",4.9951
"Barcelona, Barcelona","Cervelló, Barcelona",5.1366
"Barcelona, Barcelona","Santa Perpètua de Mogoda, Barcelona",5.2838
"Barcelona, Barcelona","Viladecans, Barcelona",5.4547
"Barcelona, Barcelona","Corbera de Llobregat, Barcelona",5.5029
"Barcelona, Barcelona","Sant Andreu de la Barca, Barcelona",5.9827
"Barcelona, Barcelona","Mollet del Vallès, Barcelona",6.7085
"Barcelona, Barcelona","Sabadell, Barcelona",7.0409
"Barcelona, Barcelona","Polinyà, Barcelona",7.8348
"Barcelona, Barcelona","Sant Quirze del Vallès, Barcelona",7.8392
"Barcelona, Barcelona","Gavà, Barcelona",7.877
"Barcelona, Barcelona","El Masnou, Barcelona",8.1391
"Barcelona, Barcelona","Montmeló, Barcelona",8.9475
"Barcelona, Barcelona","Montornès del Vallès, Barcelona",9.0171
"Barcelona, Barcelona","Martorell, Barcelona",9.2212
"Barcelona, Barcelona","Terrassa, Barcelona",9.2985
"Barcelona, Barcelona","Vallirana, Barcelona",9.4225
"Barcelona, Barcelona","Teià, Barcelona",9.933
"Bárcena de Cicero, Cantabria","Colindres, Cantabria",0.202
"Bárcena de Cicero, Cantabria","Laredo, Cantabria",0.996
"Bárcena de Cicero, Cantabria","Santoña, Cantabria",2.3473
"Bárcena de Cicero, Cantabria","Noja, Cantabria",3.4692
"Basauri, Vizcaya","Arrigorriaga, Vizcaya",0
"Basauri, Vizcaya","Bilbao, Vizcaya",0
"Basauri, Vizcaya","Galdakao, Vizcaya",0
"Basauri, Vizcaya","Zamudio, Vizcaya",2.2459
"Basauri, Vizcaya","Derio, Vizcaya",2.8097
"Basauri, Vizcaya","Loiu, Vizcaya",3.8734
"Basauri, Vizcaya","Barakaldo, Vizcaya",4.8121
"Basauri, Vizcaya","Erandio, Vizcaya",5.4064
"Basauri, Vizcaya","Amorebieta-Etxano, Vizcaya",6.9188
"Basauri, Vizcaya","Sestao, Vizcaya",8.1324
"Basauri, Vizcaya","Leioa, Vizcaya",9.2588
"Baza, Granada","Alcóntar, Almería",0
"Baza, Granada","Benamaurel, Granada",0
"Baza, Granada","Caniles, Granada",0
"Baza, Granada","Cortes de Baza, Granada",0
"Baza, Granada","Cúllar, Granada",0
"Baza, Granada","Gor, Granada",0
"Baza, Granada","Serón, Almería",3.064
"Baza, Granada","Pozo Alcón, Jaén",6.2482
"Beasain, Guipúzcoa","Azpeitia, Guipúzcoa",0
"Beasain, Guipúzcoa","Zumarraga, Guipúzcoa",3.0131
"Beasain, Guipúzcoa","Tolosa, Guipúzcoa",3.1182
"Beasain, Guipúzcoa","Azkoitia, Guipúzcoa",5.8601
"Beasain, Guipúzcoa","Legazpi, Guipúzcoa",5.9348
"Beasain, Guipúzcoa","Bergara, Guipúzcoa",9.016
"Beasain, Guipúzcoa","Oñati, Guipúzcoa",9.3072
"Becerreá, Lugo","Láncara, Lugo",0
"Becerreá, Lugo","A Fonsagrada, Lugo",0.9156
"Becerreá, Lugo","Samos, Lugo",4.4399
"Becerreá, Lugo","Castroverde, Lugo",5.0159
"Becerreá, Lugo","Sarria, Lugo",8.0414
"Becerreá, Lugo","Folgoso do Courel, Lugo",9.1515
"Begues, Barcelona","Gavà, Barcelona",0
"Begues, Barcelona","Vallirana, Barcelona",0
"Begues, Barcelona","Olivella, Barcelona",0
"Begues, Barcelona","Sitges, Barcelona",0
"Begues, Barcelona","Castelldefels, Barcelona",1.9027
"Begues, Barcelona","Cervelló, Barcelona",2.1349
"Begues, Barcelona","Viladecans, Barcelona",2.4058
"Begues, Barcelona","Sant Pere de Ribes, Barcelona",3.0229
"Begues, Barcelona","Sant Boi de Llobregat, Barcelona",3.9714
"Begues, Barcelona","Sant Vicenç dels Horts, Barcelona",4.2841
"Begues, Barcelona","Corbera de Llobregat, Barcelona",5.4473
"Begues, Barcelona","Sant Joan Despí, Barcelona",7.472
"Begues, Barcelona","Sant Feliu de Llobregat, Barcelona",7.6136
"Begues, Barcelona","Cornellà de Llobregat, Barcelona",7.7519
"Begues, Barcelona","Molins de Rei, Barcelona",7.822
"Begues, Barcelona","Canyelles, Barcelona",8.1811
"Begues, Barcelona","El Prat de Llobregat, Barcelona",8.4478
"Begues, Barcelona","Sant Just Desvern, Barcelona",9.2963
"Begues, Barcelona","Vilafranca del Penedès, Barcelona",9.7123
"Begues, Barcelona","Sant Sadurní d'Anoia, Barcelona",9.7463
"Begues, Barcelona","Sant Andreu de la Barca, Barcelona",9.8779
"Belmonte de Miranda, Asturias","Tineo, Asturias",0
"Belmonte de Miranda, Asturias","Grado, Asturias",0
"Belmonte de Miranda, Asturias","Salas, Asturias",0
"Belmonte de Miranda, Asturias","Cangas del Narcea, Asturias",2.5041
"Belmonte de Miranda, Asturias","Pravia, Asturias",5.1117
"Belmonte de Miranda, Asturias","Oviedo, Asturias",9.6202
"Benaguasil, Valencia","La Pobla de Vallbona, Valencia",0
"Benaguasil, Valencia","Llíria, Valencia",0
"Benaguasil, Valencia","L'Eliana, Valencia",1.5941
"Benaguasil, Valencia","Bétera, Valencia",4.6891
"Benaguasil, Valencia","Paterna, Valencia",5.5518
"Benaguasil, Valencia","Olocau, Valencia",5.5777
"Benaguasil, Valencia","Manises, Valencia",6.6573
"Benaguasil, Valencia","Chiva, Valencia",9.5522
"Benalmádena, Málaga","Alhaurín de la Torre, Málaga",0
"Benalmádena, Málaga","Fuengirola, Málaga",0
"Benalmádena, Málaga","Torremolinos, Málaga",0
"Benalmádena, Málaga","Málaga, Málaga",2.3564
"Benalmádena, Málaga","Alhaurín el Grande, Málaga",3.9413
"Benalup-Casas Viejas, Cádiz","Tarifa, Cádiz",3.2914
"Benalup-Casas Viejas, Cádiz","Los Barrios, Cádiz",5.2716
"Benalup-Casas Viejas, Cádiz","Barbate, Cádiz",6.8895
"Benamaurel, Granada","Baza, Granada",0
"Benamaurel, Granada","Cortes de Baza, Granada",0
"Benamaurel, Granada","Cúllar, Granada",0
"Benamaurel, Granada","Caniles, Granada",7.4016
"Benicarló, Castellón","Peñíscola, Castellón",0
"Benicarló, Castellón","Vinaròs, Castellón",0
"Benidorm, Alicante","Altea, Alicante",2.4501
"Beniparrell, Valencia","Albal, Valencia",0
"Beniparrell, Valencia","Alcàsser, Valencia",0
"Beniparrell, Valencia","Silla, Valencia",0
"Beniparrell, Valencia","Catarroja, Valencia",0.3024
"Beniparrell, Valencia","Picassent, Valencia",1.3636
"Beniparrell, Valencia","Massanassa, Valencia",1.9107
"Beniparrell, Valencia","Torrent, Valencia",2.4865
"Beniparrell, Valencia","Paiporta, Valencia",2.7144
"Beniparrell, Valencia","Valencia, Valencia",2.8195
"Beniparrell, Valencia","Alfafar, Valencia",2.9323
"Beniparrell, Valencia","Almussafes, Valencia",5.102
"Beniparrell, Valencia","Sollana, Valencia",5.6725
"Beniparrell, Valencia","Alaquàs, Valencia",7.1365
"Beniparrell, Valencia","Aldaia, Valencia",8.0229
"Beniparrell, Valencia","Mislata, Valencia",8.5713
"Beniparrell, Valencia","Sueca, Valencia",8.8661
"Benissa, Alicante","Altea, Alicante",0
"Benissa, Alicante","Dénia, Alicante",0.7922
"Benissa, Alicante","Orba, Alicante",6.6579
"Benissa, Alicante","Ondara, Alicante",7.1228
"Berga, Barcelona","Avià, Barcelona",0
"Berga, Barcelona","Gironella, Barcelona",3.1777
"Berga, Barcelona","Guixers, Lleida",7.3479
"Bergara, Guipúzcoa","Azkoitia, Guipúzcoa",0
"Bergara, Guipúzcoa","Eibar, Guipúzcoa",0
"Bergara, Guipúzcoa","Elgoibar, Guipúzcoa",0
"Bergara, Guipúzcoa","Oñati, Guipúzcoa",0
"Bergara, Guipúzcoa","Zumarraga, Guipúzcoa",1.0099
"Bergara, Guipúzcoa","Legazpi, Guipúzcoa",2.6722
"Bergara, Guipúzcoa","Azpeitia, Guipúzcoa",3.5632
"Bergara, Guipúzcoa","Eskoriatza, Guipúzcoa",5.832
"Bergara, Guipúzcoa","Beasain, Guipúzcoa",9.016
"Bermeo, Vizcaya","Maruri-Jatabe, Vizcaya",3.8145
"Bermeo, Vizcaya","Gernika-Lumo, Vizcaya",6.5068
"Bermeo, Vizcaya","Arratzu, Vizcaya",8.0526
"Bermeo, Vizcaya","Zamudio, Vizcaya",9.5774
"Bernedo, Álava","Vitoria-Gasteiz, Álava",0
"Besalú, Girona","Banyoles, Girona",7.2602
"Betanzos, A Coruña","Abegondo, A Coruña",0
"Betanzos, A Coruña","Cambre, A Coruña",1.4125
"Betanzos, A Coruña","Miño, A Coruña",2.4578
"Betanzos, A Coruña","Sada, A Coruña",2.9148
"Betanzos, A Coruña","Oleiros, A Coruña",3.8396
"Betanzos, A Coruña","Culleredo, A Coruña",7.2738
"Bétera, Valencia","La Pobla de Vallbona, Valencia",0
"Bétera, Valencia","Náquera, Valencia",0
"Bétera, Valencia","Moncada, Valencia",0
"Bétera, Valencia","Paterna, Valencia",0
"Bétera, Valencia","Valencia, Valencia",0
"Bétera, Valencia","Olocau, Valencia",0.3989
"Bétera, Valencia","L'Eliana, Valencia",0.8631
"Bétera, Valencia","Foios, Valencia",1.8294
"Bétera, Valencia","Albalat dels Sorells, Valencia",1.9415
"Bétera, Valencia","Llíria, Valencia",2.6711
"Bétera, Valencia","Massamagrell, Valencia",2.9115
"Bétera, Valencia","Sagunto, Valencia",3.1391
"Bétera, Valencia","Burjassot, Valencia",4.0713
"Bétera, Valencia","Manises, Valencia",4.5458
"Bétera, Valencia","Benaguasil, Valencia",4.6891
"Bétera, Valencia","La Pobla de Farnals, Valencia",5.0028
"Bétera, Valencia","Puçol, Valencia",5.5749
"Bétera, Valencia","Mislata, Valencia",7.0614
"Bétera, Valencia","Aldaia, Valencia",7.5381
"Bétera, Valencia","Segorbe, Castellón",7.7157
"Bétera, Valencia","Alboraya, Valencia",8.0265
"Bétera, Valencia","Alaquàs, Valencia",9.5373
"Bilbao, Vizcaya","Arrigorriaga, Vizcaya",0
"Bilbao, Vizcaya","Barakaldo, Vizcaya",0
"Bilbao, Vizcaya","Basauri, Vizcaya",0
"Bilbao, Vizcaya","Derio, Vizcaya",0
"Bilbao, Vizcaya","Erandio, Vizcaya",0
"Bilbao, Vizcaya","Galdakao, Vizcaya",0
"Bilbao, Vizcaya","Loiu, Vizcaya",0
"Bilbao, Vizcaya","Zamudio, Vizcaya",0
"Bilbao, Vizcaya","Sestao, Vizcaya",1.1033
"Bilbao, Vizcaya","Leioa, Vizcaya",2.465
"Bilbao, Vizcaya","Portugalete, Vizcaya",3.5079
"Bilbao, Vizcaya","Getxo, Vizcaya",4.3012
"Bilbao, Vizcaya","Amorebieta-Etxano, Vizcaya",8.1974
"Bimenes, Asturias","San Martín del Rey Aurelio, Asturias",0
"Bimenes, Asturias","Siero, Asturias",0
"Bimenes, Asturias","Langreo, Asturias",1.0638
"Bimenes, Asturias","Villaviciosa, Asturias",7.63
"Bimenes, Asturias","Noreña, Asturias",9.2686
"Bimenes, Asturias","Mieres, Asturias",9.5926
"Bimenes, Asturias","Gijón, Asturias",9.6684
"Binéfar, Huesca","Monzón, Huesca",0
"Binissalem, Baleares","Alaró, Baleares",0
"Binissalem, Baleares","Consell, Baleares",0
"Binissalem, Baleares","Inca, Baleares",0
"Binissalem, Baleares","Lloseta, Baleares",0
"Binissalem, Baleares","Sencelles, Baleares",0
"Binissalem, Baleares","Santa Eugènia, Baleares",1.5256
"Binissalem, Baleares","Selva, Baleares",1.7197
"Binissalem, Baleares","Costitx, Baleares",2.0829
"Binissalem, Baleares","Mancor de la Vall, Baleares",2.3699
"Binissalem, Baleares","Bunyola, Baleares",4.179
"Binissalem, Baleares","Algaida, Baleares",5.1624
"Binissalem, Baleares","Escorca, Baleares",5.7046
"Binissalem, Baleares","Marratxí, Baleares",5.7561
"Binissalem, Baleares","Sineu, Baleares",5.8214
"Binissalem, Baleares","Lloret de Vistalegre, Baleares",6.1504
"Binissalem, Baleares","Llubí, Baleares",6.6079
"Binissalem, Baleares","Palma de Mallorca, Baleares",6.6999
"Binissalem, Baleares","Sóller, Baleares",8.0691
"Binissalem, Baleares","Montuïri, Baleares",8.5956
"Binissalem, Baleares","Búger, Baleares",8.7046
"Binissalem, Baleares","Sa Pobla, Baleares",8.851
"Binissalem, Baleares","Fornalutx, Baleares",9.093
"Binissalem, Baleares","Campanet, Baleares",9.3202
"Blanes, Girona","Malgrat de Mar, Barcelona",0
"Blanes, Girona","Lloret de Mar, Girona",0
"Blanes, Girona","Santa Susanna, Barcelona",4.3221
"Blanes, Girona","Tossa de Mar, Girona",6.4049
"Blanes, Girona","Pineda de Mar, Barcelona",6.4754
"Blanes, Girona","Llagostera, Girona",8.9796
"Blanes, Girona","Calella, Barcelona",9.6447
"Boadilla del Monte, Madrid","Alcorcón, Madrid",0
"Boadilla del Monte, Madrid","Majadahonda, Madrid",0
"Boadilla del Monte, Madrid","Pozuelo de Alarcón, Madrid",0
"Boadilla del Monte, Madrid","Villanueva de la Cañada, Madrid",0
"Boadilla del Monte, Madrid","Villaviciosa de Odón, Madrid",0
"Boadilla del Monte, Madrid","Madrid, Madrid",0.577
"Boadilla del Monte, Madrid","Brunete, Madrid",0.6699
"Boadilla del Monte, Madrid","Villanueva del Pardillo, Madrid",1.7787
"Boadilla del Monte, Madrid","Móstoles, Madrid",2.7233
"Boadilla del Monte, Madrid","Las Rozas de Madrid, Madrid",3.5161
"Boadilla del Monte, Madrid","Valdemorillo, Madrid",4.4454
"Boadilla del Monte, Madrid","Leganés, Madrid",5.4483
"Boadilla del Monte, Madrid","Colmenarejo, Madrid",5.8025
"Boadilla del Monte, Madrid","Galapagar, Madrid",5.9016
"Boadilla del Monte, Madrid","Fuenlabrada, Madrid",6.0461
"Boadilla del Monte, Madrid","Quijorna, Madrid",6.2879
"Boadilla del Monte, Madrid","Sevilla la Nueva, Madrid",7.4366
"Boadilla del Monte, Madrid","Arroyomolinos, Madrid",8.5494
"Boadilla del Monte, Madrid","Navalcarnero, Madrid",9.6139
"Boiro, A Coruña","A Pobra do Caramiñal, A Coruña",0
"Boiro, A Coruña","Noia, A Coruña",2.1756
"Boiro, A Coruña","Ribeira, A Coruña",2.8417
"Boiro, A Coruña","Vilanova de Arousa, Pontevedra",4.0708
"Boiro, A Coruña","Vilagarcía de Arousa, Pontevedra",4.1704
"Boiro, A Coruña","Cambados, Pontevedra",8.7166
"Bolaños de Calatrava, Ciudad Real","Daimiel, Ciudad Real",0
"Bolaños de Calatrava, Ciudad Real","Almagro, Ciudad Real",0
"Bolaños de Calatrava, Ciudad Real","Manzanares, Ciudad Real",1.6723
"Bolaños de Calatrava, Ciudad Real","Valdepeñas, Ciudad Real",4.2252
"Bollullos Par del Condado, Huelva","Almonte, Huelva",0
"Bollullos Par del Condado, Huelva","La Palma del Condado, Huelva",0
"Bollullos Par del Condado, Huelva","Pilas, Sevilla",7.7733
"Bormujos, Sevilla","Espartinas, Sevilla",0
"Bormujos, Sevilla","Mairena del Aljarafe, Sevilla",0
"Bormujos, Sevilla","Tomares, Sevilla",0
"Bormujos, Sevilla","San Juan de Aznalfarache, Sevilla",0.1182
"Bormujos, Sevilla","Valencina de la Concepción, Sevilla",0.5721
"Bormujos, Sevilla","Camas, Sevilla",0.9819
"Bormujos, Sevilla","Gelves, Sevilla",1.2145
"Bormujos, Sevilla","Palomares del Río, Sevilla",2.5327
"Bormujos, Sevilla","Umbrete, Sevilla",2.9109
"Bormujos, Sevilla","Sevilla, Sevilla",2.9892
"Bormujos, Sevilla","Coria del Río, Sevilla",4.4825
"Bormujos, Sevilla","Santiponce, Sevilla",5.2561
"Bormujos, Sevilla","Sanlúcar la Mayor, Sevilla",5.3994
"Bormujos, Sevilla","Olivares, Sevilla",5.5509
"Bormujos, Sevilla","Dos Hermanas, Sevilla",6.0603
"Bormujos, Sevilla","La Algaba, Sevilla",7.1538
"Bormujos, Sevilla","La Rinconada, Sevilla",8.0578
"Bormujos, Sevilla","Alcalá de Guadaíra, Sevilla",9.5885
"Bràfim, Tarragona","Alió, Tarragona",0
"Bràfim, Tarragona","Montferri, Tarragona",0
"Bràfim, Tarragona","Vilabella, Tarragona",0
"Bràfim, Tarragona","Valls, Tarragona",3.5623
"Bràfim, Tarragona","Masllorenç, Tarragona",3.8808
"Bràfim, Tarragona","Renau, Tarragona",4.0215
"Bràfim, Tarragona","Vespella de Gaià, Tarragona",4.1063
"Bràfim, Tarragona","Vallmoll, Tarragona",4.4958
"Bràfim, Tarragona","El Catllar, Tarragona",6.4511
"Bràfim, Tarragona","La Pobla de Montornès, Tarragona",7.4411
"Bràfim, Tarragona","La Nou de Gaià, Tarragona",7.6132
"Bràfim, Tarragona","Creixell, Tarragona",7.9964
"Bràfim, Tarragona","Albinyana, Tarragona",8.5228
"Bràfim, Tarragona","El Milà, Tarragona",9.2055
"Bràfim, Tarragona","Alcover, Tarragona",9.2645
"Bràfim, Tarragona","Perafort, Tarragona",9.5628
"Brenes, Sevilla","Carmona, Sevilla",0
"Brenes, Sevilla","Alcalá del Río, Sevilla",0
"Brenes, Sevilla","Cantillana, Sevilla",0
"Brenes, Sevilla","La Rinconada, Sevilla",0
"Brenes, Sevilla","Villaverde del Río, Sevilla",0
"Brenes, Sevilla","Burguillos, Sevilla",1.7552
"Brenes, Sevilla","Tocina, Sevilla",8.2664
"Brenes, Sevilla","La Algaba, Sevilla",9.2056
"Brenes, Sevilla","Sevilla, Sevilla",9.9017
"Brunete, Madrid","Quijorna, Madrid",0
"Brunete, Madrid","Villanueva de la Cañada, Madrid",0
"Brunete, Madrid","Villaviciosa de Odón, Madrid",0
"Brunete, Madrid","Sevilla la Nueva, Madrid",0
"Brunete, Madrid","Boadilla del Monte, Madrid",0.6699
"Brunete, Madrid","Villanueva del Pardillo, Madrid",1.9999
"Brunete, Madrid","Navalcarnero, Madrid",2.2219
"Brunete, Madrid","Valdemorillo, Madrid",2.5219
"Brunete, Madrid","Majadahonda, Madrid",3.5656
"Brunete, Madrid","Móstoles, Madrid",3.6757
"Brunete, Madrid","Villamanta, Madrid",4.8828
"Brunete, Madrid","Alcorcón, Madrid",5.5558
"Brunete, Madrid","Colmenarejo, Madrid",5.6451
"Brunete, Madrid","Villamantilla, Madrid",6.6761
"Brunete, Madrid","Arroyomolinos, Madrid",7.6792
"Brunete, Madrid","Pozuelo de Alarcón, Madrid",8.0468
"Brunete, Madrid","Las Rozas de Madrid, Madrid",8.0546
"Brunete, Madrid","Galapagar, Madrid",8.596
"Brunete, Madrid","Madrid, Madrid",9.3487
"Brunete, Madrid","Fuenlabrada, Madrid",9.7504
"Búger, Baleares","Sa Pobla, Baleares",0
"Búger, Baleares","Campanet, Baleares",0
"Búger, Baleares","Inca, Baleares",0
"Búger, Baleares","Selva, Baleares",0
"Búger, Baleares","Llubí, Baleares",1.2443
"Búger, Baleares","Muro, Baleares",1.9596
"Búger, Baleares","Alcúdia, Baleares",3.3464
"Búger, Baleares","Pollença, Baleares",3.6251
"Búger, Baleares","Sineu, Baleares",5.441
"Búger, Baleares","Mancor de la Vall, Baleares",5.9478
"Búger, Baleares","Escorca, Baleares",6.1057
"Búger, Baleares","Costitx, Baleares",6.6997
"Búger, Baleares","Lloseta, Baleares",7.1155
"Búger, Baleares","Sencelles, Baleares",7.2239
"Búger, Baleares","Maria de la Salut, Baleares",7.7276
"Búger, Baleares","Santa Margalida, Baleares",7.8801
"Búger, Baleares","Binissalem, Baleares",8.7046
"Búger, Baleares","Alaró, Baleares",9.9186
"Bullas, Murcia","Cehegín, Murcia",0
"Bullas, Murcia","Lorca, Murcia",2.4455
"Bullas, Murcia","Calasparra, Murcia",7.3618
"Bullas, Murcia","Caravaca de la Cruz, Murcia",9.141
"Buñol, Valencia","Chiva, Valencia",0
"Buñol, Valencia","Godelleta, Valencia",0
"Buñol, Valencia","Requena, Valencia",0
"Bunyola, Baleares","Escorca, Baleares",0
"Bunyola, Baleares","Sóller, Baleares",0
"Bunyola, Baleares","Valldemossa, Baleares",0
"Bunyola, Baleares","Alaró, Baleares",0
"Bunyola, Baleares","Marratxí, Baleares",0
"Bunyola, Baleares","Palma de Mallorca, Baleares",0
"Bunyola, Baleares","Esporles, Baleares",0.8205
"Bunyola, Baleares","Fornalutx, Baleares",1.3627
"Bunyola, Baleares","Lloseta, Baleares",2.1402
"Bunyola, Baleares","Mancor de la Vall, Baleares",2.9772
"Bunyola, Baleares","Selva, Baleares",3.8651
"Bunyola, Baleares","Binissalem, Baleares",4.179
"Bunyola, Baleares","Consell, Baleares",4.2198
"Bunyola, Baleares","Santa Eugènia, Baleares",6.4052
"Bunyola, Baleares","Banyalbufar, Baleares",6.9193
"Bunyola, Baleares","Puigpunyent, Baleares",7.3465
"Bunyola, Baleares","Inca, Baleares",7.5686
"Bunyola, Baleares","Calvià, Baleares",8.077
"Bunyola, Baleares","Sencelles, Baleares",8.5045
"Burela, Lugo","Xove, Lugo",7.0827
"Burguillos del Cerro, Badajoz","Zafra, Badajoz",1.6467
"Burguillos, Sevilla","Alcalá del Río, Sevilla",0
"Burguillos, Sevilla","Villaverde del Río, Sevilla",0
"Burguillos, Sevilla","Brenes, Sevilla",1.7552
"Burguillos, Sevilla","Cantillana, Sevilla",4.0103
"Burguillos, Sevilla","La Rinconada, Sevilla",4.0481
"Burguillos, Sevilla","La Algaba, Sevilla",6.5694
"Burguillos, Sevilla","Carmona, Sevilla",6.8015
"Burjassot, Valencia","Paterna, Valencia",0
"Burjassot, Valencia","Valencia, Valencia",0
"Burjassot, Valencia","Mislata, Valencia",1.5624
"Burjassot, Valencia","Moncada, Valencia",1.8025
"Burjassot, Valencia","Manises, Valencia",2.7647
"Burjassot, Valencia","Alboraya, Valencia",3.1711
"Burjassot, Valencia","Aldaia, Valencia",3.8016
"Burjassot, Valencia","Foios, Valencia",3.9885
"Burjassot, Valencia","Bétera, Valencia",4.0713
"Burjassot, Valencia","Alaquàs, Valencia",5.2533
"Burjassot, Valencia","Albalat dels Sorells, Valencia",5.3416
"Burjassot, Valencia","Torrent, Valencia",6.6083
"Burjassot, Valencia","Paiporta, Valencia",6.8127
"Burjassot, Valencia","Alfafar, Valencia",7.7454
"Burjassot, Valencia","Massamagrell, Valencia",8.197
"Burjassot, Valencia","L'Eliana, Valencia",8.225
"Burjassot, Valencia","Náquera, Valencia",8.234
"Burjassot, Valencia","Catarroja, Valencia",8.7622
"Burjassot, Valencia","Massanassa, Valencia",9.1392
"Burjassot, Valencia","La Pobla de Farnals, Valencia",9.4276
"Busot, Alicante","El Campello, Alicante",0
"Busot, Alicante","Alicante, Alicante",0
"Busot, Alicante","Mutxamel, Alicante",0.4956
"Busot, Alicante","Sant Joan d'Alacant, Alicante",3.3904
"Cabana de Bergantiños, A Coruña","Zas, A Coruña",0
"Cabana de Bergantiños, A Coruña","Santa Comba, A Coruña",1.8946
"Cabana de Bergantiños, A Coruña","Carballo, A Coruña",3.7111
"Cabana de Bergantiños, A Coruña","Malpica de Bergantiños, A Coruña",3.9034
"Cabana de Bergantiños, A Coruña","Tordoia, A Coruña",9.933
"Cabra, Córdoba","Montilla, Córdoba",0
"Cabra, Córdoba","Baena, Córdoba",0
"Cabra, Córdoba","Lucena, Córdoba",0
"Cabra, Córdoba","Priego de Córdoba, Córdoba",2.6566
"Cabra, Córdoba","Aguilar de la Frontera, Córdoba",2.6817
"Cabrera de Mar, Barcelona","Cabrils, Barcelona",0
"Cabrera de Mar, Barcelona","Mataró, Barcelona",0
"Cabrera de Mar, Barcelona","Vilassar de Dalt, Barcelona",1.0547
"Cabrera de Mar, Barcelona","Premià de Dalt, Barcelona",2.5789
"Cabrera de Mar, Barcelona","La Roca del Vallès, Barcelona",3.6328
"Cabrera de Mar, Barcelona","Teià, Barcelona",4.7354
"Cabrera de Mar, Barcelona","El Masnou, Barcelona",5.0498
"Cabrera de Mar, Barcelona","Montornès del Vallès, Barcelona",5.8319
"Cabrera de Mar, Barcelona","Llinars del Vallès, Barcelona",6.2125
"Cabrera de Mar, Barcelona","Sant Vicenç de Montalt, Barcelona",7.4715
"Cabrera de Mar, Barcelona","Granollers, Barcelona",8.104
"Cabrera de Mar, Barcelona","Cardedeu, Barcelona",8.655
"Cabrera de Mar, Barcelona","Les Franqueses del Vallès, Barcelona",9.2484
"Cabrera de Mar, Barcelona","Montmeló, Barcelona",9.4746
"Cabrera de Mar, Barcelona","Arenys de Mar, Barcelona",9.8568
"Cabrils, Barcelona","Cabrera de Mar, Barcelona",0
"Cabrils, Barcelona","Vilassar de Dalt, Barcelona",0
"Cabrils, Barcelona","Premià de Dalt, Barcelona",1.0003
"Cabrils, Barcelona","Teià, Barcelona",2.2863
"Cabrils, Barcelona","La Roca del Vallès, Barcelona",2.3649
"Cabrils, Barcelona","Mataró, Barcelona",2.7272
"Cabrils, Barcelona","Montornès del Vallès, Barcelona",3.2238
"Cabrils, Barcelona","El Masnou, Barcelona",3.8757
"Cabrils, Barcelona","Llinars del Vallès, Barcelona",6.0423
"Cabrils, Barcelona","Granollers, Barcelona",6.1237
"Cabrils, Barcelona","Montmeló, Barcelona",7.1569
"Cabrils, Barcelona","Cardedeu, Barcelona",8.1579
"Cabrils, Barcelona","Les Franqueses del Vallès, Barcelona",8.1849
"Cabrils, Barcelona","Lliçà de Vall, Barcelona",8.739
"Cabrils, Barcelona","Badalona, Barcelona",9.2505
"Cabrils, Barcelona","Mollet del Vallès, Barcelona",9.3037
"Cáceres, Cáceres","Alburquerque, Badajoz",0
"Cáceres, Cáceres","Mérida, Badajoz",0
"Cáceres, Cáceres","Montánchez, Cáceres",0
"Cáceres, Cáceres","Badajoz, Badajoz",0
"Cádiz, Cádiz","San Fernando, Cádiz",0
"Cádiz, Cádiz","Puerto Real, Cádiz",0.6347
"Cádiz, Cádiz","Chiclana de la Frontera, Cádiz",2.7016
"Cádiz, Cádiz","El Puerto de Santa María, Cádiz",3.5499
"Cádiz, Cádiz","Rota, Cádiz",8.2024
"Calahorra, La Rioja","Arnedo, La Rioja",0.8674
"Calahorra, La Rioja","Alfaro, La Rioja",6.0457
"Calasparra, Murcia","Hellín, Albacete",0
"Calasparra, Murcia","Cehegín, Murcia",0
"Calasparra, Murcia","Cieza, Murcia",0
"Calasparra, Murcia","Caravaca de la Cruz, Murcia",7.1519
"Calasparra, Murcia","Bullas, Murcia",7.3618
"Caldes de Montbui, Barcelona","Santa Eulàlia de Ronçana, Barcelona",0
"Caldes de Montbui, Barcelona","Castellar del Vallès, Barcelona",0.4115
"Caldes de Montbui, Barcelona","Lliçà de Vall, Barcelona",2.0351
"Caldes de Montbui, Barcelona","Polinyà, Barcelona",3.0353
"Caldes de Montbui, Barcelona","Montcada i Reixac, Barcelona",3.1699
"Caldes de Montbui, Barcelona","Mollet del Vallès, Barcelona",3.1731
"Caldes de Montbui, Barcelona","L'Ametlla del Vallès, Barcelona",3.6842
"Caldes de Montbui, Barcelona","Sabadell, Barcelona",4.0805
"Caldes de Montbui, Barcelona","Matadepera, Barcelona",4.6356
"Caldes de Montbui, Barcelona","Santa Perpètua de Mogoda, Barcelona",4.9129
"Caldes de Montbui, Barcelona","Granollers, Barcelona",5.404
"Caldes de Montbui, Barcelona","Les Franqueses del Vallès, Barcelona",5.9881
"Caldes de Montbui, Barcelona","Montmeló, Barcelona",6.4753
"Caldes de Montbui, Barcelona","La Garriga, Barcelona",6.6377
"Caldes de Montbui, Barcelona","Terrassa, Barcelona",7.1328
"Caldes de Montbui, Barcelona","Montornès del Vallès, Barcelona",7.7718
"Caldes de Montbui, Barcelona","Barberà del Vallès, Barcelona",7.8969
"Caldes de Montbui, Barcelona","La Roca del Vallès, Barcelona",8.2475
"Caldes de Montbui, Barcelona","Sant Quirze del Vallès, Barcelona",8.9181
"Calella, Barcelona","Pineda de Mar, Barcelona",0
"Calella, Barcelona","Sant Cebrià de Vallalta, Barcelona",0
"Calella, Barcelona","Sant Pol de Mar, Barcelona",0
"Calella, Barcelona","Santa Susanna, Barcelona",2.2277
"Calella, Barcelona","Canet de Mar, Barcelona",3.9817
"Calella, Barcelona","Malgrat de Mar, Barcelona",5.2029
"Calella, Barcelona","Arenys de Mar, Barcelona",5.9973
"Calella, Barcelona","Blanes, Girona",9.6447
"Calella, Barcelona","Sant Vicenç de Montalt, Barcelona",9.7051
"Callosa de Segura, Alicante","Albatera, Alicante",0
"Callosa de Segura, Alicante","Catral, Alicante",0
"Callosa de Segura, Alicante","Cox, Alicante",0
"Callosa de Segura, Alicante","Orihuela, Alicante",0
"Callosa de Segura, Alicante","Redován, Alicante",0
"Callosa de Segura, Alicante","Crevillent, Alicante",0
"Callosa de Segura, Alicante","Rafal, Alicante",0.1807
"Callosa de Segura, Alicante","Almoradí, Alicante",0.3987
"Callosa de Segura, Alicante","San Isidro, Alicante",0.4556
"Callosa de Segura, Alicante","Dolores, Alicante",1.8143
"Callosa de Segura, Alicante","San Fulgencio, Alicante",6.0155
"Callosa de Segura, Alicante","Elche, Alicante",6.6735
"Callosa de Segura, Alicante","Los Montesinos, Alicante",8.3012
"Callosa de Segura, Alicante","Santomera, Murcia",8.4023
"Calvià, Baleares","Andratx, Baleares",0
"Calvià, Baleares","Estellencs, Baleares",0
"Calvià, Baleares","Puigpunyent, Baleares",0
"Calvià, Baleares","Palma de Mallorca, Baleares",0
"Calvià, Baleares","Esporles, Baleares",2.1667
"Calvià, Baleares","Banyalbufar, Baleares",2.9243
"Calvià, Baleares","Marratxí, Baleares",7.028
"Calvià, Baleares","Valldemossa, Baleares",7.1213
"Calvià, Baleares","Bunyola, Baleares",8.077
"Camaleño, Cantabria","Potes, Cantabria",0
"Camaleño, Cantabria","Cangas de Onís, Asturias",9.2228
"Camargo, Cantabria","El Astillero, Cantabria",0
"Camargo, Cantabria","Santa Cruz de Bezana, Cantabria",0
"Camargo, Cantabria","Santander, Cantabria",0
"Camargo, Cantabria","Torrelavega, Cantabria",7.2399
"Camarma de Esteruelas, Madrid","Alcalá de Henares, Madrid",0
"Camarma de Esteruelas, Madrid","Meco, Madrid",0
"Camarma de Esteruelas, Madrid","Valdeavero, Madrid",0
"Camarma de Esteruelas, Madrid","Villanueva de la Torre, Guadalajara",0.6241
"Camarma de Esteruelas, Madrid","Torrejón del Rey, Guadalajara",1.9184
"Camarma de Esteruelas, Madrid","Torrejón de Ardoz, Madrid",2.5246
"Camarma de Esteruelas, Madrid","Ajalvir, Madrid",2.9137
"Camarma de Esteruelas, Madrid","Azuqueca de Henares, Guadalajara",4.5286
"Camarma de Esteruelas, Madrid","Algete, Madrid",5.8233
"Camarma de Esteruelas, Madrid","Villalbilla, Madrid",6.5906
"Camarma de Esteruelas, Madrid","Paracuellos de Jarama, Madrid",6.8215
"Camarma de Esteruelas, Madrid","Marchamalo, Guadalajara",7.6343
"Camarma de Esteruelas, Madrid","Torres de la Alameda, Madrid",7.7049
"Camarma de Esteruelas, Madrid","San Fernando de Henares, Madrid",8.2103
"Camas, Sevilla","Santiponce, Sevilla",0
"Camas, Sevilla","Tomares, Sevilla",0
"Camas, Sevilla","Valencina de la Concepción, Sevilla",0
"Camas, Sevilla","Sevilla, Sevilla",0
"Camas, Sevilla","San Juan de Aznalfarache, Sevilla",0.1851
"Camas, Sevilla","Bormujos, Sevilla",0.9819
"Camas, Sevilla","Espartinas, Sevilla",2.0078
"Camas, Sevilla","La Algaba, Sevilla",2.0698
"Camas, Sevilla","Mairena del Aljarafe, Sevilla",2.2419
"Camas, Sevilla","La Rinconada, Sevilla",2.7656
"Camas, Sevilla","Gelves, Sevilla",3.05
"Camas, Sevilla","Palomares del Río, Sevilla",5.0883
"Camas, Sevilla","Dos Hermanas, Sevilla",6.7704
"Camas, Sevilla","Alcalá de Guadaíra, Sevilla",6.7736
"Camas, Sevilla","Olivares, Sevilla",7.0973
"Camas, Sevilla","Alcalá del Río, Sevilla",7.8274
"Camas, Sevilla","Coria del Río, Sevilla",8.2522
"Camas, Sevilla","Umbrete, Sevilla",8.4118
"Camas, Sevilla","Gerena, Sevilla",8.8169
"Camas, Sevilla","Sanlúcar la Mayor, Sevilla",9.33
"Cambados, Pontevedra","Vilanova de Arousa, Pontevedra",0
"Cambados, Pontevedra","O Grove, Pontevedra",0.4215
"Cambados, Pontevedra","Sanxenxo, Pontevedra",0.4957
"Cambados, Pontevedra","Meis, Pontevedra",1.2539
"Cambados, Pontevedra","Vilagarcía de Arousa, Pontevedra",1.3748
"Cambados, Pontevedra","Pontevedra, Pontevedra",7.3823
"Cambados, Pontevedra","Boiro, A Coruña",8.7166
"Cambados, Pontevedra","A Pobra do Caramiñal, A Coruña",9.8619
"Cambre, A Coruña","Abegondo, A Coruña",0
"Cambre, A Coruña","Culleredo, A Coruña",0
"Cambre, A Coruña","Oleiros, A Coruña",0
"Cambre, A Coruña","Sada, A Coruña",0
"Cambre, A Coruña","Betanzos, A Coruña",1.4125
"Cambre, A Coruña","A Coruña, A Coruña",1.4709
"Cambre, A Coruña","Arteixo, A Coruña",3.7609
"Cambre, A Coruña","A Laracha, A Coruña",5.4624
"Cambre, A Coruña","Miño, A Coruña",7.029
"Cambre, A Coruña","Ordes, A Coruña",8.8359
"Cambrils, Tarragona","Montbrió del Camp, Tarragona",0
"Cambrils, Tarragona","Riudoms, Tarragona",0
"Cambrils, Tarragona","Salou, Tarragona",0
"Cambrils, Tarragona","Vila-seca, Tarragona",0
"Cambrils, Tarragona","Vinyols i els Arcs, Tarragona",0
"Cambrils, Tarragona","Reus, Tarragona",1.1772
"Cambrils, Tarragona","Les Borges del Camp, Tarragona",3.9672
"Cambrils, Tarragona","Tarragona, Tarragona",5.0956
"Cambrils, Tarragona","L'Aleixar, Tarragona",6.8556
"Cambrils, Tarragona","Constantí, Tarragona",7.5517
"Cambrils, Tarragona","Castellvell del Camp, Tarragona",7.5827
"Cambrils, Tarragona","La Selva del Camp, Tarragona",7.9085
"Campanet, Baleares","Sa Pobla, Baleares",0
"Campanet, Baleares","Escorca, Baleares",0
"Campanet, Baleares","Pollença, Baleares",0
"Campanet, Baleares","Búger, Baleares",0
"Campanet, Baleares","Selva, Baleares",0
"Campanet, Baleares","Inca, Baleares",0.587
"Campanet, Baleares","Alcúdia, Baleares",2.3317
"Campanet, Baleares","Muro, Baleares",3.6573
"Campanet, Baleares","Llubí, Baleares",3.7137
"Campanet, Baleares","Mancor de la Vall, Baleares",4.2591
"Campanet, Baleares","Lloseta, Baleares",7.0955
"Campanet, Baleares","Alaró, Baleares",7.4166
"Campanet, Baleares","Sineu, Baleares",7.5966
"Campanet, Baleares","Sencelles, Baleares",7.8494
"Campanet, Baleares","Costitx, Baleares",8.4584
"Campanet, Baleares","Binissalem, Baleares",9.3202
"Campanet, Baleares","Santa Margalida, Baleares",9.5877
"Campanet, Baleares","Maria de la Salut, Baleares",9.7291
"Campo Lameiro, Pontevedra","Pontevedra, Pontevedra",0
"Campo Lameiro, Pontevedra","A Estrada, Pontevedra",0
"Campo Lameiro, Pontevedra","Cuntis, Pontevedra",0
"Campo Lameiro, Pontevedra","Meis, Pontevedra",6.0861
"Campo Lameiro, Pontevedra","A Lama, Pontevedra",7.1682
"Campo Lameiro, Pontevedra","Vilanova de Arousa, Pontevedra",8.968
"Campoo de Yuso, Cantabria","Reinosa, Cantabria",2.645
"Campoo de Yuso, Cantabria","Valderredible, Cantabria",7.4906
"Campoo de Yuso, Cantabria","Arenas de Iguña, Cantabria",8.0331
"Campos, Baleares","Felanitx, Baleares",0
"Campos, Baleares","Llucmajor, Baleares",0
"Campos, Baleares","Santanyí, Baleares",0
"Campos, Baleares","Ses Salines, Baleares",0
"Campos, Baleares","Porreres, Baleares",0
"Campos, Baleares","Montuïri, Baleares",6.2292
"Campos, Baleares","Algaida, Baleares",6.8442
"Campos, Baleares","Manacor, Baleares",7.9399
"Campos, Baleares","Sant Joan, Baleares",8.3053
"Canals, Valencia","L'Olleria, Valencia",0
"Canals, Valencia","Xàtiva, Valencia",0
"Canals, Valencia","Agullent, Valencia",4.9795
"Canals, Valencia","Ontinyent, Valencia",5.0084
"Canet d'En Berenguer, Valencia","Sagunto, Valencia",0
"Canet d'En Berenguer, Valencia","Almenara, Castellón",4.2219
"Canet d'En Berenguer, Valencia","Puçol, Valencia",7.3279
"Canet d'En Berenguer, Valencia","La Vall d'Uixó, Castellón",9.8267
"Canet de Mar, Barcelona","Arenys de Mar, Barcelona",0
"Canet de Mar, Barcelona","Sant Cebrià de Vallalta, Barcelona",0
"Canet de Mar, Barcelona","Sant Pol de Mar, Barcelona",0
"Canet de Mar, Barcelona","Sant Vicenç de Montalt, Barcelona",3.0239
"Canet de Mar, Barcelona","Calella, Barcelona",3.9817
"Canet de Mar, Barcelona","Pineda de Mar, Barcelona",4.9203
"Canet de Mar, Barcelona","Mataró, Barcelona",7.6665
"Canet de Mar, Barcelona","Santa Susanna, Barcelona",8.584
"Canet de Mar, Barcelona","Llinars del Vallès, Barcelona",8.5865
"Canet de Mar, Barcelona","Santa Maria de Palautordera, Barcelona",9.1746
"Cangas de Onís, Asturias","Llanes, Asturias",0
"Cangas de Onís, Asturias","Ribadesella, Asturias",0
"Cangas de Onís, Asturias","Camaleño, Cantabria",9.2228
"Cangas del Narcea, Asturias","Tineo, Asturias",0
"Cangas del Narcea, Asturias","Belmonte de Miranda, Asturias",2.5041
"Cangas, Pontevedra","Vigo, Pontevedra",2.4664
"Cangas, Pontevedra","Redondela, Pontevedra",6.6259
"Cangas, Pontevedra","Sanxenxo, Pontevedra",8.2954
"Caniles, Granada","Alcóntar, Almería",0
"Caniles, Granada","Serón, Almería",0
"Caniles, Granada","Baza, Granada",0
"Caniles, Granada","Cúllar, Granada",0
"Caniles, Granada","Gor, Granada",6.9421
"Caniles, Granada","Benamaurel, Granada",7.4016
"Cantillana, Sevilla","Carmona, Sevilla",0
"Cantillana, Sevilla","Brenes, Sevilla",0
"Cantillana, Sevilla","Tocina, Sevilla",0
"Cantillana, Sevilla","Villaverde del Río, Sevilla",0
"Cantillana, Sevilla","Alcalá del Río, Sevilla",2.0951
"Cantillana, Sevilla","La Rinconada, Sevilla",3.7158
"Cantillana, Sevilla","Burguillos, Sevilla",4.0103
"Cantillana, Sevilla","Constantina, Sevilla",8.0563
"Canyelles, Barcelona","Olivella, Barcelona",0
"Canyelles, Barcelona","Sant Pere de Ribes, Barcelona",0
"Canyelles, Barcelona","Vilanova i la Geltrú, Barcelona",0
"Canyelles, Barcelona","Vilafranca del Penedès, Barcelona",2.6198
"Canyelles, Barcelona","Cubelles, Barcelona",3.4804
"Canyelles, Barcelona","Sitges, Barcelona",4.124
"Canyelles, Barcelona","Cunit, Tarragona",5.8107
"Canyelles, Barcelona","Begues, Barcelona",8.1811
"Capdepera, Baleares","Artà, Baleares",0
"Capdepera, Baleares","Son Servera, Baleares",0
"Capdepera, Baleares","Sant Llorenç des Cardassar, Baleares",5.7875
"Capdepera, Baleares","Manacor, Baleares",9.4134
"Caravaca de la Cruz, Murcia","Vélez-Blanco, Almería",0
"Caravaca de la Cruz, Murcia","Lorca, Murcia",0
"Caravaca de la Cruz, Murcia","Cehegín, Murcia",0
"Caravaca de la Cruz, Murcia","Calasparra, Murcia",7.1519
"Caravaca de la Cruz, Murcia","Bullas, Murcia",9.141
"Carballedo, Lugo","Chantada, Lugo",0
"Carballedo, Lugo","O Saviñao, Lugo",2.5586
"Carballedo, Lugo","Taboada, Lugo",7.9967
"Carballedo, Lugo","Monforte de Lemos, Lugo",8.6874
"Carballedo, Lugo","O Carballiño, Ourense",9.5352
"Carballo, A Coruña","A Laracha, A Coruña",0
"Carballo, A Coruña","Malpica de Bergantiños, A Coruña",0
"Carballo, A Coruña","Tordoia, A Coruña",0
"Carballo, A Coruña","Arteixo, A Coruña",0.0358
"Carballo, A Coruña","Val do Dubra, A Coruña",0.7081
"Carballo, A Coruña","Santa Comba, A Coruña",2.4012
"Carballo, A Coruña","Cabana de Bergantiños, A Coruña",3.7111
"Carballo, A Coruña","Ordes, A Coruña",9.336
"Carcaixent, Valencia","Alzira, Valencia",0
"Carcaixent, Valencia","La Pobla Llarga, Valencia",0
"Carcaixent, Valencia","Xàtiva, Valencia",0
"Carcaixent, Valencia","Algemesí, Valencia",3.7636
"Carcaixent, Valencia","L'Alcúdia, Valencia",3.8383
"Carcaixent, Valencia","Cullera, Valencia",7.0835
"Carcaixent, Valencia","Carlet, Valencia",8.2942
"Carcaixent, Valencia","Gandia, Valencia",8.7562
"Carcaixent, Valencia","Sueca, Valencia",9.6251
"Cardedeu, Barcelona","La Roca del Vallès, Barcelona",0
"Cardedeu, Barcelona","Les Franqueses del Vallès, Barcelona",0
"Cardedeu, Barcelona","Llinars del Vallès, Barcelona",0
"Cardedeu, Barcelona","Granollers, Barcelona",3.2342
"Cardedeu, Barcelona","La Garriga, Barcelona",3.4324
"Cardedeu, Barcelona","L'Ametlla del Vallès, Barcelona",4.3822
"Cardedeu, Barcelona","Santa Maria de Palautordera, Barcelona",5.0665
"Cardedeu, Barcelona","Santa Eulàlia de Ronçana, Barcelona",6.4013
"Cardedeu, Barcelona","Mataró, Barcelona",6.6245
"Cardedeu, Barcelona","Lliçà de Vall, Barcelona",7.1258
"Cardedeu, Barcelona","Montornès del Vallès, Barcelona",7.1959
"Cardedeu, Barcelona","Vilassar de Dalt, Barcelona",7.8477
"Cardedeu, Barcelona","Cabrils, Barcelona",8.1579
"Cardedeu, Barcelona","Cabrera de Mar, Barcelona",8.655
"Cardedeu, Barcelona","Montmeló, Barcelona",8.9626
"Carlet, Valencia","Alginet, Valencia",0
"Carlet, Valencia","L'Alcúdia, Valencia",0
"Carlet, Valencia","Algemesí, Valencia",0.4729
"Carlet, Valencia","Picassent, Valencia",3.9919
"Carlet, Valencia","Alzira, Valencia",4.4735
"Carlet, Valencia","Sollana, Valencia",5.1596
"Carlet, Valencia","Almussafes, Valencia",5.5218
"Carlet, Valencia","Carcaixent, Valencia",8.2942
"Carlet, Valencia","Silla, Valencia",9.4177
"Carlet, Valencia","Sueca, Valencia",9.8701
"Carmona, Sevilla","Alcalá de Guadaíra, Sevilla",0
"Carmona, Sevilla","Arahal, Sevilla",0
"Carmona, Sevilla","El Viso del Alcor, Sevilla",0
"Carmona, Sevilla","Mairena del Alcor, Sevilla",0
"Carmona, Sevilla","Marchena, Sevilla",0
"Carmona, Sevilla","Brenes, Sevilla",0
"Carmona, Sevilla","Cantillana, Sevilla",0
"Carmona, Sevilla","La Rinconada, Sevilla",0
"Carmona, Sevilla","Lora del Río, Sevilla",0
"Carmona, Sevilla","Sevilla, Sevilla",0
"Carmona, Sevilla","Tocina, Sevilla",1.3654
"Carmona, Sevilla","Villaverde del Río, Sevilla",2.6649
"Carmona, Sevilla","Alcalá del Río, Sevilla",3.6421
"Carmona, Sevilla","Utrera, Sevilla",5.0063
"Carmona, Sevilla","Burguillos, Sevilla",6.8015
"Carmona, Sevilla","Écija, Sevilla",9.3871
"Carmona, Sevilla","Dos Hermanas, Sevilla",9.8268
"Carmona, Sevilla","Palma del Río, Córdoba",9.9095
"Cartagena, Murcia","Mazarrón, Murcia",0
"Cartagena, Murcia","La Unión, Murcia",0
"Cartagena, Murcia","Los Alcázares, Murcia",0
"Cartagena, Murcia","Torre-Pacheco, Murcia",0
"Cartagena, Murcia","Murcia, Murcia",0
"Cartagena, Murcia","San Javier, Murcia",3.4624
"Cartagena, Murcia","Pilar de la Horadada, Alicante",6.1834
"Cartaya, Huelva","Gibraleón, Huelva",0
"Cartaya, Huelva","Lepe, Huelva",0
"Cartaya, Huelva","Punta Umbría, Huelva",0
"Cartaya, Huelva","Aljaraque, Huelva",0.0421
"Cartaya, Huelva","Moguer, Huelva",4.5478
"Cartelle, Ourense","Ramirás, Ourense",0
"Cartelle, Ourense","San Cibrao das Viñas, Ourense",2.8984
"Cartelle, Ourense","Verea, Ourense",5.1582
"Cartelle, Ourense","Ourense, Ourense",6.9235
"Casariche, Sevilla","Puente Genil, Córdoba",0
"Casariche, Sevilla","Estepa, Sevilla",0
"Casariche, Sevilla","Aguilar de la Frontera, Córdoba",2.5989
"Casariche, Sevilla","Lucena, Córdoba",2.8423
"Casariche, Sevilla","Herrera, Sevilla",3.7195
"Casariche, Sevilla","Mollina, Málaga",8.0598
"Casariche, Sevilla","Antequera, Málaga",9.8492
"Casasimarro, Cuenca","La Roda, Albacete",9.8476
"Cassà de la Selva, Girona","Llagostera, Girona",0
"Cassà de la Selva, Girona","Riudellots de la Selva, Girona",1.5642
"Cassà de la Selva, Girona","Girona, Girona",4.0917
"Cassà de la Selva, Girona","Castell-Platja d'Aro, Girona",6.9117
"Cassà de la Selva, Girona","Tossa de Mar, Girona",8.3814
"Cassà de la Selva, Girona","Celrà, Girona",8.7329
"Cassà de la Selva, Girona","Sant Feliu de Guíxols, Girona",8.7412
"Cassà de la Selva, Girona","Lloret de Mar, Girona",9.5069
"Castalla, Alicante","Ibi, Alicante",0
"Castalla, Alicante","Petrer, Alicante",0
"Castalla, Alicante","Alicante, Alicante",3.011
"Castalla, Alicante","Villena, Alicante",3.4052
"Castalla, Alicante","Elda, Alicante",6.7524
"Castalla, Alicante","Mutxamel, Alicante",8.8027
"Castalla, Alicante","Novelda, Alicante",9.1031
"Castell-Platja d'Aro, Girona","Sant Feliu de Guíxols, Girona",0
"Castell-Platja d'Aro, Girona","Llagostera, Girona",3.6229
"Castell-Platja d'Aro, Girona","Palamós, Girona",3.7624
"Castell-Platja d'Aro, Girona","Cassà de la Selva, Girona",6.9117
"Castell-Platja d'Aro, Girona","Tossa de Mar, Girona",6.9165
"Castell-Platja d'Aro, Girona","Mont-ras, Girona",7.3234
"Castell-Platja d'Aro, Girona","Palafrugell, Girona",9.2843
"Castellar del Vallès, Barcelona","Matadepera, Barcelona",0
"Castellar del Vallès, Barcelona","Sabadell, Barcelona",0
"Castellar del Vallès, Barcelona","Terrassa, Barcelona",0
"Castellar del Vallès, Barcelona","Caldes de Montbui, Barcelona",0.4115
"Castellar del Vallès, Barcelona","Polinyà, Barcelona",1.8314
"Castellar del Vallès, Barcelona","Vacarisses, Barcelona",4.1081
"Castellar del Vallès, Barcelona","Sant Quirze del Vallès, Barcelona",4.1833
"Castellar del Vallès, Barcelona","Barberà del Vallès, Barcelona",5.9588
"Castellar del Vallès, Barcelona","Santa Perpètua de Mogoda, Barcelona",5.9619
"Castellar del Vallès, Barcelona","Montcada i Reixac, Barcelona",6.0789
"Castellar del Vallès, Barcelona","Mollet del Vallès, Barcelona",6.415
"Castellar del Vallès, Barcelona","Santa Eulàlia de Ronçana, Barcelona",6.9133
"Castellar del Vallès, Barcelona","Sant Cugat del Vallès, Barcelona",6.9661
"Castellar del Vallès, Barcelona","Lliçà de Vall, Barcelona",7.2136
"Castellar del Vallès, Barcelona","Rubí, Barcelona",7.273
"Castellar del Vallès, Barcelona","Cerdanyola del Vallès, Barcelona",7.7129
"Castellar del Vallès, Barcelona","Ripollet, Barcelona",8.898
"Castellar del Vallès, Barcelona","Castellbisbal, Barcelona",9.9935
"Castellbisbal, Barcelona","Rubí, Barcelona",0
"Castellbisbal, Barcelona","Sant Cugat del Vallès, Barcelona",0
"Castellbisbal, Barcelona","Corbera de Llobregat, Barcelona",0
"Castellbisbal, Barcelona","Martorell, Barcelona",0
"Castellbisbal, Barcelona","Sant Andreu de la Barca, Barcelona",0
"Castellbisbal, Barcelona","Terrassa, Barcelona",1.184
"Castellbisbal, Barcelona","Molins de Rei, Barcelona",1.6726
"Castellbisbal, Barcelona","Sant Vicenç dels Horts, Barcelona",2.9994
"Castellbisbal, Barcelona","Olesa de Montserrat, Barcelona",3.0562
"Castellbisbal, Barcelona","Esparreguera, Barcelona",3.1109
"Castellbisbal, Barcelona","Cervelló, Barcelona",3.259
"Castellbisbal, Barcelona","Sant Quirze del Vallès, Barcelona",3.9197
"Castellbisbal, Barcelona","Sant Llorenç d'Hortons, Barcelona",4.4553
"Castellbisbal, Barcelona","Sant Feliu de Llobregat, Barcelona",4.9392
"Castellbisbal, Barcelona","Barcelona, Barcelona",4.9951
"Castellbisbal, Barcelona","Vallirana, Barcelona",6.299
"Castellbisbal, Barcelona","Vacarisses, Barcelona",6.3907
"Castellbisbal, Barcelona","Masquefa, Barcelona",6.4964
"Castellbisbal, Barcelona","Cerdanyola del Vallès, Barcelona",6.5503
"Castellbisbal, Barcelona","Sant Just Desvern, Barcelona",7.1978
"Castellbisbal, Barcelona","Sabadell, Barcelona",7.4155
"Castellbisbal, Barcelona","Sant Joan Despí, Barcelona",7.8783
"Castellbisbal, Barcelona","Sant Boi de Llobregat, Barcelona",8.6605
"Castellbisbal, Barcelona","Matadepera, Barcelona",8.8676
"Castellbisbal, Barcelona","Esplugues de Llobregat, Barcelona",9.1767
"Castellbisbal, Barcelona","Cornellà de Llobregat, Barcelona",9.6242
"Castellbisbal, Barcelona","Castellar del Vallès, Barcelona",9.9935
"Castelldefels, Barcelona","Gavà, Barcelona",0
"Castelldefels, Barcelona","Sitges, Barcelona",0
"Castelldefels, Barcelona","Begues, Barcelona",1.9027
"Castelldefels, Barcelona","Viladecans, Barcelona",2.1287
"Castelldefels, Barcelona","Sant Boi de Llobregat, Barcelona",5.0763
"Castelldefels, Barcelona","Olivella, Barcelona",5.5224
"Castelldefels, Barcelona","El Prat de Llobregat, Barcelona",5.7318
"Castelldefels, Barcelona","Vallirana, Barcelona",6.5753
"Castelldefels, Barcelona","Cervelló, Barcelona",7.6499
"Castelldefels, Barcelona","Sant Joan Despí, Barcelona",8.0259
"Castelldefels, Barcelona","Cornellà de Llobregat, Barcelona",8.1641
"Castelldefels, Barcelona","Sant Pere de Ribes, Barcelona",8.5139
"Castelldefels, Barcelona","Sant Vicenç dels Horts, Barcelona",8.547
"Castelldefels, Barcelona","Sant Feliu de Llobregat, Barcelona",9.5408
"Castellón de la Plana, Castellón","L'Alcora, Castellón",0
"Castellón de la Plana, Castellón","Onda, Castellón",0
"Castellón de la Plana, Castellón","Oropesa del Mar, Castellón",6.2361
"Castellvell del Camp, Tarragona","L'Aleixar, Tarragona",0
"Castellvell del Camp, Tarragona","Reus, Tarragona",0
"Castellvell del Camp, Tarragona","La Selva del Camp, Tarragona",0.763
"Castellvell del Camp, Tarragona","Riudoms, Tarragona",1.7714
"Castellvell del Camp, Tarragona","Constantí, Tarragona",3.0025
"Castellvell del Camp, Tarragona","Les Borges del Camp, Tarragona",3.4578
"Castellvell del Camp, Tarragona","Vila-seca, Tarragona",4.9814
"Castellvell del Camp, Tarragona","Perafort, Tarragona",5.5747
"Castellvell del Camp, Tarragona","La Pobla de Mafumet, Tarragona",6.0035
"Castellvell del Camp, Tarragona","Alcover, Tarragona",6.0928
"Castellvell del Camp, Tarragona","Tarragona, Tarragona",6.3709
"Castellvell del Camp, Tarragona","Mont-ral, Tarragona",6.6729
"Castellvell del Camp, Tarragona","Vinyols i els Arcs, Tarragona",6.9557
"Castellvell del Camp, Tarragona","Montbrió del Camp, Tarragona",7.0313
"Castellvell del Camp, Tarragona","Cambrils, Tarragona",7.5827
"Castellvell del Camp, Tarragona","Salou, Tarragona",8.5518
"Castellvell del Camp, Tarragona","El Milà, Tarragona",9.6624
"Castrillón, Asturias","Avilés, Asturias",0
"Castrillón, Asturias","Soto del Barco, Asturias",0
"Castrillón, Asturias","Gozón, Asturias",0.0929
"Castrillón, Asturias","Pravia, Asturias",4.1352
"Castrillón, Asturias","Cudillero, Asturias",5.6384
"Castro-Urdiales, Cantabria","Laredo, Cantabria",3.6236
"Castro-Urdiales, Cantabria","Colindres, Cantabria",6.5889
"Castro-Urdiales, Cantabria","Zalla, Vizcaya",6.8809
"Castro-Urdiales, Cantabria","Santoña, Cantabria",7.8893
"Castro-Urdiales, Cantabria","Portugalete, Vizcaya",9.004
"Castro-Urdiales, Cantabria","Barakaldo, Vizcaya",9.4829
"Castro-Urdiales, Cantabria","Getxo, Vizcaya",9.5058
"Castroverde, Lugo","Lugo, Lugo",0
"Castroverde, Lugo","Pol, Lugo",0
"Castroverde, Lugo","Láncara, Lugo",3.2349
"Castroverde, Lugo","Becerreá, Lugo",5.0159
"Castroverde, Lugo","Outeiro de Rei, Lugo",5.4046
"Castroverde, Lugo","A Fonsagrada, Lugo",6.7742
"Castroverde, Lugo","Meira, Lugo",7.7011
"Catarroja, Valencia","Torrent, Valencia",0
"Catarroja, Valencia","Albal, Valencia",0
"Catarroja, Valencia","Alcàsser, Valencia",0
"Catarroja, Valencia","Massanassa, Valencia",0
"Catarroja, Valencia","Paiporta, Valencia",0
"Catarroja, Valencia","Valencia, Valencia",0
"Catarroja, Valencia","Silla, Valencia",0.0853
"Catarroja, Valencia","Alfafar, Valencia",0.282
"Catarroja, Valencia","Beniparrell, Valencia",0.3024
"Catarroja, Valencia","Picassent, Valencia",1.3443
"Catarroja, Valencia","Alaquàs, Valencia",4.2126
"Catarroja, Valencia","Aldaia, Valencia",5.0309
"Catarroja, Valencia","Mislata, Valencia",5.387
"Catarroja, Valencia","Sollana, Valencia",5.4905
"Catarroja, Valencia","Sueca, Valencia",5.8057
"Catarroja, Valencia","Almussafes, Valencia",6.115
"Catarroja, Valencia","Paterna, Valencia",7.488
"Catarroja, Valencia","Manises, Valencia",7.6526
"Catarroja, Valencia","Chiva, Valencia",8.5103
"Catarroja, Valencia","Burjassot, Valencia",8.7622
"Catarroja, Valencia","Alboraya, Valencia",9.4458
"Catral, Alicante","Albatera, Alicante",0
"Catral, Alicante","Almoradí, Alicante",0
"Catral, Alicante","Callosa de Segura, Alicante",0
"Catral, Alicante","Dolores, Alicante",0
"Catral, Alicante","Orihuela, Alicante",0
"Catral, Alicante","Crevillent, Alicante",0
"Catral, Alicante","Elche, Alicante",0.2675
"Catral, Alicante","San Isidro, Alicante",0.6177
"Catral, Alicante","Cox, Alicante",2.1442
"Catral, Alicante","Rafal, Alicante",2.9455
"Catral, Alicante","San Fulgencio, Alicante",3.5857
"Catral, Alicante","Redován, Alicante",6.116
"Catral, Alicante","Guardamar del Segura, Alicante",7.2743
"Catral, Alicante","Santa Pola, Alicante",7.4955
"Catral, Alicante","Los Montesinos, Alicante",7.8829
"Caudete, Albacete","Almansa, Albacete",0
"Caudete, Albacete","Villena, Alicante",0
"Caudete, Albacete","Yecla, Murcia",0
"Cazorla, Jaén","Quesada, Jaén",0
"Cazorla, Jaén","Úbeda, Jaén",0
"Cazorla, Jaén","Pozo Alcón, Jaén",0.3195
"Cazorla, Jaén","Cortes de Baza, Granada",3.4657
"Cazorla, Jaén","Huéscar, Granada",5.2807
"Cehegín, Murcia","Lorca, Murcia",0
"Cehegín, Murcia","Bullas, Murcia",0
"Cehegín, Murcia","Calasparra, Murcia",0
"Cehegín, Murcia","Caravaca de la Cruz, Murcia",0
"Cehegín, Murcia","Cieza, Murcia",4.2778
"Celrà, Girona","Girona, Girona",0
"Celrà, Girona","Cassà de la Selva, Girona",8.7329
"Celrà, Girona","Banyoles, Girona",9.2631
"Celrà, Girona","Riudellots de la Selva, Girona",9.8791
"Cercedilla, Madrid","Los Molinos, Madrid",0
"Cercedilla, Madrid","Guadarrama, Madrid",1.6014
"Cercedilla, Madrid","Manzanares el Real, Madrid",3.5263
"Cercedilla, Madrid","Alpedrete, Madrid",4.6335
"Cercedilla, Madrid","Collado Villalba, Madrid",5.6448
"Cercedilla, Madrid","Segovia, Segovia",5.6799
"Cercedilla, Madrid","San Lorenzo de El Escorial, Madrid",6.7713
"Cercedilla, Madrid","El Escorial, Madrid",8.6022
"Cercedilla, Madrid","Galapagar, Madrid",9.4637
"Cerdanyola del Vallès, Barcelona","Barberà del Vallès, Barcelona",0
"Cerdanyola del Vallès, Barcelona","Montcada i Reixac, Barcelona",0
"Cerdanyola del Vallès, Barcelona","Ripollet, Barcelona",0
"Cerdanyola del Vallès, Barcelona","Sabadell, Barcelona",0
"Cerdanyola del Vallès, Barcelona","Sant Cugat del Vallès, Barcelona",0
"Cerdanyola del Vallès, Barcelona","Sant Quirze del Vallès, Barcelona",0
"Cerdanyola del Vallès, Barcelona","Barcelona, Barcelona",0
"Cerdanyola del Vallès, Barcelona","Rubí, Barcelona",1.5756
"Cerdanyola del Vallès, Barcelona","Santa Perpètua de Mogoda, Barcelona",2.089
"Cerdanyola del Vallès, Barcelona","Santa Coloma de Gramenet, Barcelona",2.2964
"Cerdanyola del Vallès, Barcelona","Terrassa, Barcelona",2.44
"Cerdanyola del Vallès, Barcelona","Polinyà, Barcelona",3.8828
"Cerdanyola del Vallès, Barcelona","Badalona, Barcelona",4.3474
"Cerdanyola del Vallès, Barcelona","Molins de Rei, Barcelona",4.5412
"Cerdanyola del Vallès, Barcelona","Sant Adrià de Besòs, Barcelona",4.5746
"Cerdanyola del Vallès, Barcelona","Sant Just Desvern, Barcelona",4.6095
"Cerdanyola del Vallès, Barcelona","Sant Feliu de Llobregat, Barcelona",5.2139
"Cerdanyola del Vallès, Barcelona","Mollet del Vallès, Barcelona",6.0582
"Cerdanyola del Vallès, Barcelona","Esplugues de Llobregat, Barcelona",6.1028
"Cerdanyola del Vallès, Barcelona","L'Hospitalet de Llobregat, Barcelona",6.4494
"Cerdanyola del Vallès, Barcelona","Castellbisbal, Barcelona",6.5503
"Cerdanyola del Vallès, Barcelona","Castellar del Vallès, Barcelona",7.7129
"Cerdanyola del Vallès, Barcelona","Montmeló, Barcelona",8.6001
"Cerdanyola del Vallès, Barcelona","Montornès del Vallès, Barcelona",8.7963
"Cerdanyola del Vallès, Barcelona","Sant Joan Despí, Barcelona",8.9037
"Cerdanyola del Vallès, Barcelona","Lliçà de Vall, Barcelona",9.0103
"Cerdanyola del Vallès, Barcelona","Cornellà de Llobregat, Barcelona",9.1935
"Cerdanyola del Vallès, Barcelona","Sant Andreu de la Barca, Barcelona",9.2503
"Cerdanyola del Vallès, Barcelona","Corbera de Llobregat, Barcelona",9.4243
"Cervelló, Barcelona","Corbera de Llobregat, Barcelona",0
"Cervelló, Barcelona","Sant Vicenç dels Horts, Barcelona",0
"Cervelló, Barcelona","Vallirana, Barcelona",0
"Cervelló, Barcelona","Molins de Rei, Barcelona",1.4799
"Cervelló, Barcelona","Sant Boi de Llobregat, Barcelona",2.0832
"Cervelló, Barcelona","Begues, Barcelona",2.1349
"Cervelló, Barcelona","Sant Feliu de Llobregat, Barcelona",2.3696
"Cervelló, Barcelona","Sant Andreu de la Barca, Barcelona",3.0148
"Cervelló, Barcelona","Castellbisbal, Barcelona",3.259
"Cervelló, Barcelona","Sant Joan Despí, Barcelona",3.8343
"Cervelló, Barcelona","Viladecans, Barcelona",4.2683
"Cervelló, Barcelona","Gavà, Barcelona",4.6668
"Cervelló, Barcelona","Martorell, Barcelona",4.7228
"Cervelló, Barcelona","Sant Just Desvern, Barcelona",5.1269
"Cervelló, Barcelona","Barcelona, Barcelona",5.1366
"Cervelló, Barcelona","Sant Cugat del Vallès, Barcelona",5.2618
"Cervelló, Barcelona","Sant Llorenç d'Hortons, Barcelona",5.6114
"Cervelló, Barcelona","Cornellà de Llobregat, Barcelona",5.823
"Cervelló, Barcelona","Rubí, Barcelona",6.1995
"Cervelló, Barcelona","Sant Sadurní d'Anoia, Barcelona",6.367
"Cervelló, Barcelona","Esplugues de Llobregat, Barcelona",7.1141
"Cervelló, Barcelona","El Prat de Llobregat, Barcelona",7.4342
"Cervelló, Barcelona","Castelldefels, Barcelona",7.6499
"Cervelló, Barcelona","L'Hospitalet de Llobregat, Barcelona",8.0782
"Cervelló, Barcelona","Olivella, Barcelona",8.1603
"Cervelló, Barcelona","Sitges, Barcelona",8.8503
"Cervelló, Barcelona","Masquefa, Barcelona",9.6225
"Ceutí, Murcia","Archena, Murcia",0
"Ceutí, Murcia","Molina de Segura, Murcia",0.6416
"Ceutí, Murcia","Las Torres de Cotillas, Murcia",2.806
"Ceutí, Murcia","Murcia, Murcia",5.4375
"Ceutí, Murcia","Alcantarilla, Murcia",8.8294
"Chandrexa de Queixa, Ourense","Quiroga, Lugo",8.4644
"Chandrexa de Queixa, Ourense","Monforte de Lemos, Lugo",9.1314
"Chantada, Lugo","Carballedo, Lugo",0
"Chantada, Lugo","O Saviñao, Lugo",0
"Chantada, Lugo","Taboada, Lugo",0
"Chantada, Lugo","Antas de Ulla, Lugo",3.4122
"Chantada, Lugo","Monterroso, Lugo",5.2846
"Chantada, Lugo","Monforte de Lemos, Lugo",6.666
"Chauchina, Granada","Fuente Vaqueros, Granada",0
"Chauchina, Granada","Pinos Puente, Granada",1.4072
"Chauchina, Granada","Atarfe, Granada",2.6066
"Chauchina, Granada","Las Gabias, Granada",2.8951
"Chauchina, Granada","Granada, Granada",4.7498
"Chauchina, Granada","Maracena, Granada",8.1538
"Chauchina, Granada","Alhendín, Granada",8.4701
"Chauchina, Granada","Churriana de la Vega, Granada",9.4904
"Chauchina, Granada","Peligros, Granada",9.9368
"Chiclana de la Frontera, Cádiz","Puerto Real, Cádiz",0
"Chiclana de la Frontera, Cádiz","San Fernando, Cádiz",0
"Chiclana de la Frontera, Cádiz","Conil de la Frontera, Cádiz",0
"Chiclana de la Frontera, Cádiz","Cádiz, Cádiz",2.7016
"Chiclana de la Frontera, Cádiz","El Puerto de Santa María, Cádiz",8.3099
"Chiclana de la Frontera, Cádiz","Jerez de la Frontera, Cádiz",9.37
"Chipiona, Cádiz","Rota, Cádiz",0
"Chipiona, Cádiz","Sanlúcar de Barrameda, Cádiz",0
"Chipiona, Cádiz","Almonte, Huelva",4.3336
"Chipiona, Cádiz","El Puerto de Santa María, Cádiz",5.1332
"Chipiona, Cádiz","Jerez de la Frontera, Cádiz",5.8261
"Chiva, Valencia","Buñol, Valencia",0
"Chiva, Valencia","Godelleta, Valencia",0
"Chiva, Valencia","Aldaia, Valencia",0
"Chiva, Valencia","Torrent, Valencia",0
"Chiva, Valencia","Alaquàs, Valencia",2.2946
"Chiva, Valencia","Manises, Valencia",2.7013
"Chiva, Valencia","Picassent, Valencia",4.8323
"Chiva, Valencia","Requena, Valencia",5.1362
"Chiva, Valencia","Paterna, Valencia",6.3522
"Chiva, Valencia","Alcàsser, Valencia",7.6592
"Chiva, Valencia","Catarroja, Valencia",8.5103
"Chiva, Valencia","L'Eliana, Valencia",8.6664
"Chiva, Valencia","Albal, Valencia",8.6754
"Chiva, Valencia","Valencia, Valencia",8.8771
"Chiva, Valencia","Mislata, Valencia",9.0648
"Chiva, Valencia","Paiporta, Valencia",9.428
"Chiva, Valencia","Benaguasil, Valencia",9.5522
"Chiva, Valencia","La Pobla de Vallbona, Valencia",9.6937
"Churriana de la Vega, Granada","Alhendín, Granada",0
"Churriana de la Vega, Granada","Armilla, Granada",0
"Churriana de la Vega, Granada","Granada, Granada",0
"Churriana de la Vega, Granada","Las Gabias, Granada",0
"Churriana de la Vega, Granada","La Zubia, Granada",1.8627
"Churriana de la Vega, Granada","Gójar, Granada",2.5566
"Churriana de la Vega, Granada","Maracena, Granada",3.7979
"Churriana de la Vega, Granada","Atarfe, Granada",4.3818
"Churriana de la Vega, Granada","Peligros, Granada",6.322
"Churriana de la Vega, Granada","Pinos Puente, Granada",6.9366
"Churriana de la Vega, Granada","Fuente Vaqueros, Granada",8.1378
"Churriana de la Vega, Granada","Padul, Granada",8.2481
"Churriana de la Vega, Granada","Chauchina, Granada",9.4904
"Ciempozuelos, Madrid","Seseña, Toledo",0
"Ciempozuelos, Madrid","Valdemoro, Madrid",0
"Ciempozuelos, Madrid","Aranjuez, Madrid",0
"Ciempozuelos, Madrid","San Martín de la Vega, Madrid",0
"Ciempozuelos, Madrid","Pinto, Madrid",5.171
"Ciempozuelos, Madrid","Morata de Tajuña, Madrid",5.4759
"Ciempozuelos, Madrid","Getafe, Madrid",8.248
"Ciempozuelos, Madrid","Parla, Madrid",8.3223
"Ciempozuelos, Madrid","Illescas, Toledo",8.9292
"Ciempozuelos, Madrid","Arganda del Rey, Madrid",9.7339
"Cieza, Murcia","Hellín, Albacete",0
"Cieza, Murcia","Jumilla, Murcia",0
"Cieza, Murcia","Calasparra, Murcia",0
"Cieza, Murcia","Cehegín, Murcia",4.2778
"Cieza, Murcia","Molina de Segura, Murcia",9.8023
"Ciudad Real, Ciudad Real","Miguelturra, Ciudad Real",0
"Ciudad Real, Ciudad Real","Almagro, Ciudad Real",4.2532
"Ciudad Real, Ciudad Real","Daimiel, Ciudad Real",9.915
"Ciutadella de Menorca, Baleares","Ferreries, Baleares",0
"Ciutadella de Menorca, Baleares","Es Mercadal, Baleares",2.0816
"Ciutadella de Menorca, Baleares","Es Migjorn Gran, Baleares",2.4443
"Ciutadella de Menorca, Baleares","Alaior, Baleares",8.0423
"Cocentaina, Alicante","Agullent, Valencia",5.3926
"Cocentaina, Alicante","Ontinyent, Valencia",6.4903
"Cocentaina, Alicante","Ibi, Alicante",8.1805
"Coín, Málaga","Alhaurín el Grande, Málaga",0
"Coín, Málaga","Marbella, Málaga",5.0436
"Coín, Málaga","Alhaurín de la Torre, Málaga",5.8917
"Coín, Málaga","Fuengirola, Málaga",9.874
"Colindres, Cantabria","Laredo, Cantabria",0
"Colindres, Cantabria","Bárcena de Cicero, Cantabria",0.202
"Colindres, Cantabria","Santoña, Cantabria",3.9555
"Colindres, Cantabria","Castro-Urdiales, Cantabria",6.5889
"Colindres, Cantabria","Noja, Cantabria",7.3631
"Collado Villalba, Madrid","Alpedrete, Madrid",0
"Collado Villalba, Madrid","Galapagar, Madrid",0
"Collado Villalba, Madrid","Guadarrama, Madrid",0
"Collado Villalba, Madrid","San Lorenzo de El Escorial, Madrid",0
"Collado Villalba, Madrid","El Escorial, Madrid",0.0544
"Collado Villalba, Madrid","Manzanares el Real, Madrid",1.7188
"Collado Villalba, Madrid","Torrelodones, Madrid",3.4208
"Collado Villalba, Madrid","Colmenarejo, Madrid",4.168
"Collado Villalba, Madrid","Cercedilla, Madrid",5.6448
"Collado Villalba, Madrid","Los Molinos, Madrid",5.8787
"Collado Villalba, Madrid","Valdemorillo, Madrid",5.8802
"Collado Villalba, Madrid","Colmenar Viejo, Madrid",6.8208
"Collado Villalba, Madrid","Las Rozas de Madrid, Madrid",7.815
"Collado Villalba, Madrid","Madrid, Madrid",8.2169
"Colmenar Viejo, Madrid","Miraflores de la Sierra, Madrid",0
"Colmenar Viejo, Madrid","Soto del Real, Madrid",0
"Colmenar Viejo, Madrid","Algete, Madrid",0
"Colmenar Viejo, Madrid","Madrid, Madrid",0
"Colmenar Viejo, Madrid","San Sebastián de los Reyes, Madrid",0
"Colmenar Viejo, Madrid","Tres Cantos, Madrid",0
"Colmenar Viejo, Madrid","Manzanares el Real, Madrid",0
"Colmenar Viejo, Madrid","Torrelodones, Madrid",3.6298
"Colmenar Viejo, Madrid","Las Rozas de Madrid, Madrid",4.194
"Colmenar Viejo, Madrid","Alcobendas, Madrid",4.5937
"Colmenar Viejo, Madrid","Paracuellos de Jarama, Madrid",6.1536
"Colmenar Viejo, Madrid","Collado Villalba, Madrid",6.8208
"Colmenar Viejo, Madrid","Galapagar, Madrid",7.9208
"Colmenarejo, Madrid","Villanueva del Pardillo, Madrid",0
"Colmenarejo, Madrid","Valdemorillo, Madrid",0
"Colmenarejo, Madrid","El Escorial, Madrid",0
"Colmenarejo, Madrid","Galapagar, Madrid",0
"Colmenarejo, Madrid","Villanueva de la Cañada, Madrid",1.4353
"Colmenarejo, Madrid","Las Rozas de Madrid, Madrid",3.4366
"Colmenarejo, Madrid","Torrelodones, Madrid",3.8613
"Colmenarejo, Madrid","Collado Villalba, Madrid",4.168
"Colmenarejo, Madrid","Majadahonda, Madrid",4.5993
"Colmenarejo, Madrid","San Lorenzo de El Escorial, Madrid",5.0733
"Colmenarejo, Madrid","Quijorna, Madrid",5.2585
"Colmenarejo, Madrid","Guadarrama, Madrid",5.2896
"Colmenarejo, Madrid","Alpedrete, Madrid",5.5109
"Colmenarejo, Madrid","Brunete, Madrid",5.6451
"Colmenarejo, Madrid","Boadilla del Monte, Madrid",5.8025
"Colmenarejo, Madrid","Villaviciosa de Odón, Madrid",9.0941
"Colmenarejo, Madrid","Madrid, Madrid",9.4011
"Comillas, Cantabria","Valdáliga, Cantabria",0
"Conil de la Frontera, Cádiz","Chiclana de la Frontera, Cádiz",0
"Conil de la Frontera, Cádiz","Barbate, Cádiz",4.6567
"Conil de la Frontera, Cádiz","San Fernando, Cádiz",8.2323
"Consell, Baleares","Alaró, Baleares",0
"Consell, Baleares","Binissalem, Baleares",0
"Consell, Baleares","Santa Eugènia, Baleares",0
"Consell, Baleares","Sencelles, Baleares",0
"Consell, Baleares","Marratxí, Baleares",2.9069
"Consell, Baleares","Palma de Mallorca, Baleares",3.752
"Consell, Baleares","Lloseta, Baleares",3.8797
"Consell, Baleares","Bunyola, Baleares",4.2198
"Consell, Baleares","Inca, Baleares",4.4365
"Consell, Baleares","Selva, Baleares",5.6249
"Consell, Baleares","Costitx, Baleares",5.6359
"Consell, Baleares","Algaida, Baleares",5.6397
"Consell, Baleares","Mancor de la Vall, Baleares",5.9385
"Consell, Baleares","Escorca, Baleares",8.4056
"Consell, Baleares","Sóller, Baleares",9.1447
"Consell, Baleares","Lloret de Vistalegre, Baleares",9.2541
"Consell, Baleares","Sineu, Baleares",9.6635
"Constantí, Tarragona","La Pobla de Mafumet, Tarragona",0
"Constantí, Tarragona","La Selva del Camp, Tarragona",0
"Constantí, Tarragona","Perafort, Tarragona",0
"Constantí, Tarragona","Reus, Tarragona",0
"Constantí, Tarragona","Tarragona, Tarragona",0
"Constantí, Tarragona","El Catllar, Tarragona",2.5235
"Constantí, Tarragona","Vila-seca, Tarragona",2.8285
"Constantí, Tarragona","Castellvell del Camp, Tarragona",3.0025
"Constantí, Tarragona","Alcover, Tarragona",3.4022
"Constantí, Tarragona","Vallmoll, Tarragona",4.6464
"Constantí, Tarragona","Salou, Tarragona",5.1004
"Constantí, Tarragona","El Milà, Tarragona",5.5273
"Constantí, Tarragona","L'Aleixar, Tarragona",5.6185
"Constantí, Tarragona","Riudoms, Tarragona",5.7847
"Constantí, Tarragona","Valls, Tarragona",6.8977
"Constantí, Tarragona","Renau, Tarragona",7.5066
"Constantí, Tarragona","Cambrils, Tarragona",7.5517
"Constantí, Tarragona","Vespella de Gaià, Tarragona",8.4014
"Constantí, Tarragona","Vinyols i els Arcs, Tarragona",8.5563
"Constantí, Tarragona","Les Borges del Camp, Tarragona",8.9123
"Constantí, Tarragona","Mont-ral, Tarragona",9.1007
"Constantí, Tarragona","Vilabella, Tarragona",9.1664
"Constantina, Sevilla","Lora del Río, Sevilla",0
"Constantina, Sevilla","Cantillana, Sevilla",8.0563
"Constantina, Sevilla","Tocina, Sevilla",8.3068
"Consuegra, Toledo","Villarrubia de los Ojos, Ciudad Real",0
"Consuegra, Toledo","Madridejos, Toledo",0
"Consuegra, Toledo","Tembleque, Toledo",6.778
"Corbera de Llobregat, Barcelona","Castellbisbal, Barcelona",0
"Corbera de Llobregat, Barcelona","Cervelló, Barcelona",0
"Corbera de Llobregat, Barcelona","Sant Andreu de la Barca, Barcelona",0
"Corbera de Llobregat, Barcelona","Vallirana, Barcelona",1.2849
"Corbera de Llobregat, Barcelona","Martorell, Barcelona",2.1349
"Corbera de Llobregat, Barcelona","Molins de Rei, Barcelona",2.1543
"Corbera de Llobregat, Barcelona","Sant Cugat del Vallès, Barcelona",2.1579
"Corbera de Llobregat, Barcelona","Rubí, Barcelona",2.4524
"Corbera de Llobregat, Barcelona","Sant Vicenç dels Horts, Barcelona",2.5854
"Corbera de Llobregat, Barcelona","Sant Llorenç d'Hortons, Barcelona",3.3771
"Corbera de Llobregat, Barcelona","Begues, Barcelona",5.4473
"Corbera de Llobregat, Barcelona","Sant Feliu de Llobregat, Barcelona",5.4489
"Corbera de Llobregat, Barcelona","Barcelona, Barcelona",5.5029
"Corbera de Llobregat, Barcelona","Sant Sadurní d'Anoia, Barcelona",6.1982
"Corbera de Llobregat, Barcelona","Sant Just Desvern, Barcelona",7.6757
"Corbera de Llobregat, Barcelona","Sant Boi de Llobregat, Barcelona",7.9254
"Corbera de Llobregat, Barcelona","Masquefa, Barcelona",8.009
"Corbera de Llobregat, Barcelona","Sant Joan Despí, Barcelona",8.1879
"Corbera de Llobregat, Barcelona","Sant Quirze del Vallès, Barcelona",8.6308
"Corbera de Llobregat, Barcelona","Terrassa, Barcelona",9.0871
"Corbera de Llobregat, Barcelona","Cerdanyola del Vallès, Barcelona",9.4243
"Corbera de Llobregat, Barcelona","Esplugues de Llobregat, Barcelona",9.708
"Corbera de Llobregat, Barcelona","Gavà, Barcelona",9.7117
"Corbera de Llobregat, Barcelona","Esparreguera, Barcelona",9.7763
"Corbera de Llobregat, Barcelona","Cornellà de Llobregat, Barcelona",9.9491
"Córdoba, Córdoba","La Carlota, Córdoba",0
"Córdoba, Córdoba","La Rambla, Córdoba",0
"Córdoba, Córdoba","Baena, Córdoba",1.7269
"Córdoba, Córdoba","Montilla, Córdoba",3.3178
"Córdoba, Córdoba","Posadas, Córdoba",5.8891
"Córdoba, Córdoba","Écija, Sevilla",6.0024
"Coria del Río, Sevilla","Dos Hermanas, Sevilla",0
"Coria del Río, Sevilla","Palomares del Río, Sevilla",0
"Coria del Río, Sevilla","Sevilla, Sevilla",0.7272
"Coria del Río, Sevilla","Mairena del Aljarafe, Sevilla",1.658
"Coria del Río, Sevilla","Gelves, Sevilla",1.8973
"Coria del Río, Sevilla","Utrera, Sevilla",2.9513
"Coria del Río, Sevilla","Los Palacios y Villafranca, Sevilla",3.8085
"Coria del Río, Sevilla","Bormujos, Sevilla",4.4825
"Coria del Río, Sevilla","San Juan de Aznalfarache, Sevilla",5.1728
"Coria del Río, Sevilla","Tomares, Sevilla",5.8064
"Coria del Río, Sevilla","Alcalá de Guadaíra, Sevilla",6.5098
"Coria del Río, Sevilla","Espartinas, Sevilla",6.9611
"Coria del Río, Sevilla","Camas, Sevilla",8.2522
"Coria del Río, Sevilla","Umbrete, Sevilla",9.0075
"Coria del Río, Sevilla","Valencina de la Concepción, Sevilla",9.2069
"Cornellà de Llobregat, Barcelona","El Prat de Llobregat, Barcelona",0
"Cornellà de Llobregat, Barcelona","Esplugues de Llobregat, Barcelona",0
"Cornellà de Llobregat, Barcelona","L'Hospitalet de Llobregat, Barcelona",0
"Cornellà de Llobregat, Barcelona","Sant Boi de Llobregat, Barcelona",0
"Cornellà de Llobregat, Barcelona","Sant Joan Despí, Barcelona",0
"Cornellà de Llobregat, Barcelona","Sant Just Desvern, Barcelona",0.4396
"Cornellà de Llobregat, Barcelona","Barcelona, Barcelona",1.07
"Cornellà de Llobregat, Barcelona","Sant Feliu de Llobregat, Barcelona",1.7451
"Cornellà de Llobregat, Barcelona","Viladecans, Barcelona",2.9662
"Cornellà de Llobregat, Barcelona","Sant Vicenç dels Horts, Barcelona",3.464
"Cornellà de Llobregat, Barcelona","Molins de Rei, Barcelona",4.1474
"Cornellà de Llobregat, Barcelona","Sant Cugat del Vallès, Barcelona",5.033
"Cornellà de Llobregat, Barcelona","Gavà, Barcelona",5.5949
"Cornellà de Llobregat, Barcelona","Cervelló, Barcelona",5.823
"Cornellà de Llobregat, Barcelona","Begues, Barcelona",7.7519
"Cornellà de Llobregat, Barcelona","Castelldefels, Barcelona",8.1641
"Cornellà de Llobregat, Barcelona","Vallirana, Barcelona",8.3863
"Cornellà de Llobregat, Barcelona","Cerdanyola del Vallès, Barcelona",9.1935
"Cornellà de Llobregat, Barcelona","Castellbisbal, Barcelona",9.6242
"Cornellà de Llobregat, Barcelona","Corbera de Llobregat, Barcelona",9.9491
"Cortes de Baza, Granada","Baza, Granada",0
"Cortes de Baza, Granada","Benamaurel, Granada",0
"Cortes de Baza, Granada","Pozo Alcón, Jaén",0
"Cortes de Baza, Granada","Cazorla, Jaén",3.4657
"Cortes de Baza, Granada","Quesada, Jaén",5.8931
"Cortes de Baza, Granada","Cúllar, Granada",8.1466
"Coslada, Madrid","Madrid, Madrid",0
"Coslada, Madrid","San Fernando de Henares, Madrid",0
"Coslada, Madrid","Rivas-Vaciamadrid, Madrid",2.0139
"Coslada, Madrid","Paracuellos de Jarama, Madrid",2.6317
"Coslada, Madrid","Torrejón de Ardoz, Madrid",3.2329
"Coslada, Madrid","Mejorada del Campo, Madrid",3.521
"Coslada, Madrid","Velilla de San Antonio, Madrid",5.2111
"Coslada, Madrid","Ajalvir, Madrid",6.8626
"Coslada, Madrid","Alcalá de Henares, Madrid",6.8951
"Coslada, Madrid","Alcobendas, Madrid",7.3175
"Coslada, Madrid","Torres de la Alameda, Madrid",8.7684
"Coslada, Madrid","San Sebastián de los Reyes, Madrid",9.7124
"Costitx, Baleares","Inca, Baleares",0
"Costitx, Baleares","Lloret de Vistalegre, Baleares",0
"Costitx, Baleares","Sencelles, Baleares",0
"Costitx, Baleares","Sineu, Baleares",0
"Costitx, Baleares","Llubí, Baleares",1.4
"Costitx, Baleares","Algaida, Baleares",1.5993
"Costitx, Baleares","Binissalem, Baleares",2.0829
"Costitx, Baleares","Montuïri, Baleares",2.5458
"Costitx, Baleares","Sant Joan, Baleares",3.5117
"Costitx, Baleares","Lloseta, Baleares",4.6121
"Costitx, Baleares","Maria de la Salut, Baleares",5.3629
"Costitx, Baleares","Consell, Baleares",5.6359
"Costitx, Baleares","Santa Eugènia, Baleares",6.1464
"Costitx, Baleares","Sa Pobla, Baleares",6.1705
"Costitx, Baleares","Búger, Baleares",6.6997
"Costitx, Baleares","Selva, Baleares",6.885
"Costitx, Baleares","Muro, Baleares",6.9114
"Costitx, Baleares","Alaró, Baleares",8.0266
"Costitx, Baleares","Campanet, Baleares",8.4584
"Costitx, Baleares","Mancor de la Vall, Baleares",8.5579
"Costitx, Baleares","Santa Margalida, Baleares",8.7418
"Costitx, Baleares","Petra, Baleares",8.792
"Costitx, Baleares","Palma de Mallorca, Baleares",9.0844
"Costitx, Baleares","Ariany, Baleares",9.1292
"Cox, Alicante","Albatera, Alicante",0
"Cox, Alicante","Callosa de Segura, Alicante",0
"Cox, Alicante","Orihuela, Alicante",0
"Cox, Alicante","Redován, Alicante",0
"Cox, Alicante","San Isidro, Alicante",1.5162
"Cox, Alicante","Catral, Alicante",2.1442
"Cox, Alicante","Crevillent, Alicante",2.1442
"Cox, Alicante","Rafal, Alicante",3.0788
"Cox, Alicante","Almoradí, Alicante",4.7961
"Cox, Alicante","Dolores, Alicante",6.178
"Cox, Alicante","Elche, Alicante",9.3671
"Cox, Alicante","Santomera, Murcia",9.4736
"Creixell, Tarragona","La Pobla de Montornès, Tarragona",0
"Creixell, Tarragona","La Nou de Gaià, Tarragona",1.2192
"Creixell, Tarragona","Vespella de Gaià, Tarragona",1.3628
"Creixell, Tarragona","Altafulla, Tarragona",2.1756
"Creixell, Tarragona","El Vendrell, Tarragona",2.6103
"Creixell, Tarragona","Montferri, Tarragona",3.3077
"Creixell, Tarragona","Albinyana, Tarragona",3.398
"Creixell, Tarragona","El Catllar, Tarragona",4.0403
"Creixell, Tarragona","Masllorenç, Tarragona",4.4353
"Creixell, Tarragona","Tarragona, Tarragona",5.0624
"Creixell, Tarragona","Vilabella, Tarragona",5.3276
"Creixell, Tarragona","Renau, Tarragona",5.8228
"Creixell, Tarragona","Bràfim, Tarragona",7.9964
"Crevillent, Alicante","Albatera, Alicante",0
"Crevillent, Alicante","Callosa de Segura, Alicante",0
"Crevillent, Alicante","Catral, Alicante",0
"Crevillent, Alicante","Dolores, Alicante",0
"Crevillent, Alicante","San Isidro, Alicante",0
"Crevillent, Alicante","Elche, Alicante",0
"Crevillent, Alicante","Aspe, Alicante",0
"Crevillent, Alicante","Cox, Alicante",2.1442
"Crevillent, Alicante","Orihuela, Alicante",2.9677
"Crevillent, Alicante","Almoradí, Alicante",3.3416
"Crevillent, Alicante","San Fulgencio, Alicante",3.9783
"Crevillent, Alicante","Rafal, Alicante",4.8736
"Crevillent, Alicante","Novelda, Alicante",6.5372
"Crevillent, Alicante","Guardamar del Segura, Alicante",7.0647
"Crevillent, Alicante","Redován, Alicante",7.0982
"Crevillent, Alicante","Santa Pola, Alicante",7.2249
"Cuarte de Huerva, Zaragoza","Zaragoza, Zaragoza",0
"Cubelles, Barcelona","Vilanova i la Geltrú, Barcelona",0
"Cubelles, Barcelona","Cunit, Tarragona",0
"Cubelles, Barcelona","Canyelles, Barcelona",3.4804
"Cubelles, Barcelona","Sant Pere de Ribes, Barcelona",4.9254
"Cubelles, Barcelona","Sitges, Barcelona",6.4113
"Cubelles, Barcelona","El Vendrell, Tarragona",6.4694
"Cubelles, Barcelona","Olivella, Barcelona",8.2267
"Cubelles, Barcelona","Vilafranca del Penedès, Barcelona",8.7754
"Cubelles, Barcelona","Albinyana, Tarragona",8.9862
"Cudillero, Asturias","Pravia, Asturias",0
"Cudillero, Asturias","Valdés, Asturias",0
"Cudillero, Asturias","Salas, Asturias",0
"Cudillero, Asturias","Soto del Barco, Asturias",2.5914
"Cudillero, Asturias","Castrillón, Asturias",5.6384
"Cudillero, Asturias","Tineo, Asturias",9.9592
"Cuéllar, Segovia","Íscar, Valladolid",5.9574
"Cúllar, Granada","Serón, Almería",0
"Cúllar, Granada","Baza, Granada",0
"Cúllar, Granada","Benamaurel, Granada",0
"Cúllar, Granada","Caniles, Granada",0
"Cúllar, Granada","Alcóntar, Almería",4.7968
"Cúllar, Granada","Cortes de Baza, Granada",8.1466
"Cullera, Valencia","Sueca, Valencia",0
"Cullera, Valencia","Alzira, Valencia",3.5026
"Cullera, Valencia","Valencia, Valencia",6.5387
"Cullera, Valencia","Carcaixent, Valencia",7.0835
"Cullera, Valencia","Gandia, Valencia",7.4612
"Cullera, Valencia","Sollana, Valencia",8.6126
"Cullera, Valencia","Algemesí, Valencia",9.4215
"Culleredo, A Coruña","A Coruña, A Coruña",0
"Culleredo, A Coruña","A Laracha, A Coruña",0
"Culleredo, A Coruña","Arteixo, A Coruña",0
"Culleredo, A Coruña","Cambre, A Coruña",0
"Culleredo, A Coruña","Oleiros, A Coruña",0.0093
"Culleredo, A Coruña","Abegondo, A Coruña",1.5532
"Culleredo, A Coruña","Sada, A Coruña",4.4639
"Culleredo, A Coruña","Ordes, A Coruña",6.3819
"Culleredo, A Coruña","Betanzos, A Coruña",7.2738
"Cunit, Tarragona","Cubelles, Barcelona",0
"Cunit, Tarragona","Vilanova i la Geltrú, Barcelona",2.2795
"Cunit, Tarragona","El Vendrell, Tarragona",3.7624
"Cunit, Tarragona","Canyelles, Barcelona",5.8107
"Cunit, Tarragona","Sant Pere de Ribes, Barcelona",7.4437
"Cunit, Tarragona","Albinyana, Tarragona",7.8526
"Cunit, Tarragona","Sitges, Barcelona",8.7478
"Cuntis, Pontevedra","Campo Lameiro, Pontevedra",0
"Cuntis, Pontevedra","A Estrada, Pontevedra",0
"Cuntis, Pontevedra","Teo, A Coruña",5.4817
"Cuntis, Pontevedra","Vilagarcía de Arousa, Pontevedra",7.0679
"Cuntis, Pontevedra","Vedra, A Coruña",7.7217
"Cuntis, Pontevedra","Meis, Pontevedra",8.1852
"Cuntis, Pontevedra","Vilanova de Arousa, Pontevedra",8.1852
"Cuntis, Pontevedra","Pontevedra, Pontevedra",9.3292
"Curtis, A Coruña","Friol, Lugo",4.5824
"Curtis, A Coruña","Abegondo, A Coruña",8.9714
"Daimiel, Ciudad Real","Manzanares, Ciudad Real",0
"Daimiel, Ciudad Real","Villarrubia de los Ojos, Ciudad Real",0
"Daimiel, Ciudad Real","Almagro, Ciudad Real",0
"Daimiel, Ciudad Real","Bolaños de Calatrava, Ciudad Real",0
"Daimiel, Ciudad Real","Valdepeñas, Ciudad Real",5.4373
"Daimiel, Ciudad Real","Alcázar de San Juan, Ciudad Real",6.1429
"Daimiel, Ciudad Real","Miguelturra, Ciudad Real",6.2892
"Daimiel, Ciudad Real","Ciudad Real, Ciudad Real",9.915
"Daimús, Valencia","Gandia, Valencia",0
"Daimús, Valencia","Oliva, Valencia",3.0025
"Deltebre, Tarragona","Amposta, Tarragona",0
"Deltebre, Tarragona","Tortosa, Tarragona",2.8232
"Deltebre, Tarragona","Santa Bàrbara, Tarragona",6.1286
"Dénia, Alicante","Els Poblets, Alicante",0
"Dénia, Alicante","Ondara, Alicante",0
"Dénia, Alicante","Oliva, Valencia",0
"Dénia, Alicante","Benissa, Alicante",0.7922
"Dénia, Alicante","Orba, Alicante",3.81
"Derio, Vizcaya","Bilbao, Vizcaya",0
"Derio, Vizcaya","Loiu, Vizcaya",0
"Derio, Vizcaya","Zamudio, Vizcaya",0
"Derio, Vizcaya","Galdakao, Vizcaya",1.1635
"Derio, Vizcaya","Erandio, Vizcaya",1.2209
"Derio, Vizcaya","Basauri, Vizcaya",2.8097
"Derio, Vizcaya","Arrigorriaga, Vizcaya",2.9249
"Derio, Vizcaya","Leioa, Vizcaya",3.7961
"Derio, Vizcaya","Barakaldo, Vizcaya",4.5131
"Derio, Vizcaya","Sestao, Vizcaya",4.5742
"Derio, Vizcaya","Getxo, Vizcaya",4.6298
"Derio, Vizcaya","Maruri-Jatabe, Vizcaya",5.2171
"Derio, Vizcaya","Portugalete, Vizcaya",6.7823
"Derio, Vizcaya","Amorebieta-Etxano, Vizcaya",8.4004
"Dolores, Alicante","Almoradí, Alicante",0
"Dolores, Alicante","Catral, Alicante",0
"Dolores, Alicante","San Fulgencio, Alicante",0
"Dolores, Alicante","Crevillent, Alicante",0
"Dolores, Alicante","Elche, Alicante",0
"Dolores, Alicante","Orihuela, Alicante",1.3903
"Dolores, Alicante","Callosa de Segura, Alicante",1.8143
"Dolores, Alicante","Guardamar del Segura, Alicante",2.7755
"Dolores, Alicante","Albatera, Alicante",3.841
"Dolores, Alicante","San Isidro, Alicante",4.4071
"Dolores, Alicante","Rafal, Alicante",4.4597
"Dolores, Alicante","Santa Pola, Alicante",5.4032
"Dolores, Alicante","Los Montesinos, Alicante",5.6789
"Dolores, Alicante","Cox, Alicante",6.178
"Dolores, Alicante","Torrevieja, Alicante",7.5196
"Dolores, Alicante","Redován, Alicante",8.6177
"Don Benito, Badajoz","Villanueva de la Serena, Badajoz",0
"Don Benito, Badajoz","Mérida, Badajoz",2.4177
"Don Benito, Badajoz","Montánchez, Cáceres",4.8463
"Donostia-San Sebastián, Guipúzcoa","Andoain, Guipúzcoa",0
"Donostia-San Sebastián, Guipúzcoa","Errenteria, Guipúzcoa",0
"Donostia-San Sebastián, Guipúzcoa","Hernani, Guipúzcoa",0
"Donostia-San Sebastián, Guipúzcoa","Lasarte-Oria, Guipúzcoa",0
"Donostia-San Sebastián, Guipúzcoa","Lezo, Guipúzcoa",0.8701
"Donostia-San Sebastián, Guipúzcoa","Urnieta, Guipúzcoa",1.0376
"Donostia-San Sebastián, Guipúzcoa","Villabona, Guipúzcoa",4.288
"Donostia-San Sebastián, Guipúzcoa","Zarautz, Guipúzcoa",4.5124
"Donostia-San Sebastián, Guipúzcoa","Irun, Guipúzcoa",5.1624
"Donostia-San Sebastián, Guipúzcoa","Hondarribia, Guipúzcoa",5.5366
"Donostia-San Sebastián, Guipúzcoa","Tolosa, Guipúzcoa",8.8728
"Dos Hermanas, Sevilla","Alcalá de Guadaíra, Sevilla",0
"Dos Hermanas, Sevilla","Utrera, Sevilla",0
"Dos Hermanas, Sevilla","Coria del Río, Sevilla",0
"Dos Hermanas, Sevilla","Los Palacios y Villafranca, Sevilla",0
"Dos Hermanas, Sevilla","Gelves, Sevilla",0
"Dos Hermanas, Sevilla","Palomares del Río, Sevilla",0
"Dos Hermanas, Sevilla","Sevilla, Sevilla",0
"Dos Hermanas, Sevilla","Mairena del Aljarafe, Sevilla",2.339
"Dos Hermanas, Sevilla","San Juan de Aznalfarache, Sevilla",3.7527
"Dos Hermanas, Sevilla","Tomares, Sevilla",5.8908
"Dos Hermanas, Sevilla","Bormujos, Sevilla",6.0603
"Dos Hermanas, Sevilla","Camas, Sevilla",6.7704
"Dos Hermanas, Sevilla","La Rinconada, Sevilla",7.5792
"Dos Hermanas, Sevilla","Santiponce, Sevilla",8.2104
"Dos Hermanas, Sevilla","Lebrija, Sevilla",8.5905
"Dos Hermanas, Sevilla","Espartinas, Sevilla",9.119
"Dos Hermanas, Sevilla","Valencina de la Concepción, Sevilla",9.4371
"Dos Hermanas, Sevilla","Carmona, Sevilla",9.8268
"Durango, Vizcaya","Amorebieta-Etxano, Vizcaya",0
"Dúrcal, Granada","Padul, Granada",0
"Dúrcal, Granada","Gójar, Granada",2.9104
"Dúrcal, Granada","La Zubia, Granada",2.9104
"Dúrcal, Granada","Alhendín, Granada",9.097
"Écija, Sevilla","Palma del Río, Córdoba",0
"Écija, Sevilla","La Carlota, Córdoba",0
"Écija, Sevilla","Marchena, Sevilla",0
"Écija, Sevilla","Osuna, Sevilla",0
"Écija, Sevilla","Estepa, Sevilla",0
"Écija, Sevilla","Herrera, Sevilla",0
"Écija, Sevilla","La Rambla, Córdoba",2.0334
"Écija, Sevilla","Posadas, Córdoba",2.7622
"Écija, Sevilla","Puente Genil, Córdoba",3.5461
"Écija, Sevilla","Córdoba, Córdoba",6.0024
"Écija, Sevilla","Lora del Río, Sevilla",6.1121
"Écija, Sevilla","Aguilar de la Frontera, Córdoba",7.2274
"Écija, Sevilla","Carmona, Sevilla",9.3871
"Eibar, Guipúzcoa","Bergara, Guipúzcoa",0
"Eibar, Guipúzcoa","Elgoibar, Guipúzcoa",0
"Eibar, Guipúzcoa","Azkoitia, Guipúzcoa",5.5437
"Eibar, Guipúzcoa","Ondarroa, Vizcaya",8.9464
"Eibar, Guipúzcoa","Oñati, Guipúzcoa",9.2423
"Eibar, Guipúzcoa","Zumarraga, Guipúzcoa",9.9642
"Eivissa, Baleares","Sant Antoni de Portmany, Baleares",0
"Eivissa, Baleares","Sant Josep de sa Talaia, Baleares",0
"Eivissa, Baleares","Sant Joan de Labritja, Baleares",8.0731
"El Álamo, Madrid","Navalcarnero, Madrid",0
"El Álamo, Madrid","Arroyomolinos, Madrid",2.6587
"El Álamo, Madrid","Villamanta, Madrid",5.1658
"El Álamo, Madrid","Móstoles, Madrid",5.2764
"El Álamo, Madrid","Griñón, Madrid",5.5584
"El Álamo, Madrid","Villaviciosa de Odón, Madrid",5.8498
"El Álamo, Madrid","Illescas, Toledo",7.4924
"El Álamo, Madrid","Humanes de Madrid, Madrid",8.4453
"El Álamo, Madrid","Méntrida, Toledo",8.4532
"El Álamo, Madrid","Sevilla la Nueva, Madrid",8.5137
"El Astillero, Cantabria","Camargo, Cantabria",0
"El Astillero, Cantabria","Santander, Cantabria",2.3529
"El Astillero, Cantabria","Santa Cruz de Bezana, Cantabria",4.1138
"El Campello, Alicante","Busot, Alicante",0
"El Campello, Alicante","Mutxamel, Alicante",0
"El Campello, Alicante","Sant Joan d'Alacant, Alicante",0
"El Campello, Alicante","Alicante, Alicante",0
"El Catllar, Tarragona","La Nou de Gaià, Tarragona",0
"El Catllar, Tarragona","Renau, Tarragona",0
"El Catllar, Tarragona","Tarragona, Tarragona",0
"El Catllar, Tarragona","Vespella de Gaià, Tarragona",0
"El Catllar, Tarragona","Altafulla, Tarragona",1.2302
"El Catllar, Tarragona","La Pobla de Montornès, Tarragona",1.3447
"El Catllar, Tarragona","Perafort, Tarragona",1.4215
"El Catllar, Tarragona","Vilabella, Tarragona",1.7393
"El Catllar, Tarragona","Vallmoll, Tarragona",2.4539
"El Catllar, Tarragona","Constantí, Tarragona",2.5235
"El Catllar, Tarragona","La Pobla de Mafumet, Tarragona",3.2495
"El Catllar, Tarragona","Creixell, Tarragona",4.0403
"El Catllar, Tarragona","Valls, Tarragona",5.7822
"El Catllar, Tarragona","Montferri, Tarragona",6.0446
"El Catllar, Tarragona","Bràfim, Tarragona",6.4511
"El Catllar, Tarragona","Alcover, Tarragona",6.6551
"El Catllar, Tarragona","El Milà, Tarragona",6.8537
"El Catllar, Tarragona","Reus, Tarragona",7.0977
"El Catllar, Tarragona","La Selva del Camp, Tarragona",8.4884
"El Catllar, Tarragona","Alió, Tarragona",8.8086
"El Catllar, Tarragona","Vila-seca, Tarragona",8.9199
"El Catllar, Tarragona","Masllorenç, Tarragona",9.2016
"El Catllar, Tarragona","El Vendrell, Tarragona",9.4854
"El Catllar, Tarragona","Albinyana, Tarragona",9.6162
"El Cuervo de Sevilla, Sevilla","Lebrija, Sevilla",0
"El Cuervo de Sevilla, Sevilla","Jerez de la Frontera, Cádiz",0
"El Cuervo de Sevilla, Sevilla","Arcos de la Frontera, Cádiz",4.6034
"El Ejido, Almería","Roquetas de Mar, Almería",0
"El Ejido, Almería","Adra, Almería",2.3439
"El Escorial, Madrid","Colmenarejo, Madrid",0
"El Escorial, Madrid","Valdemorillo, Madrid",0
"El Escorial, Madrid","Galapagar, Madrid",0
"El Escorial, Madrid","San Lorenzo de El Escorial, Madrid",0
"El Escorial, Madrid","Collado Villalba, Madrid",0.0544
"El Escorial, Madrid","Guadarrama, Madrid",0.0544
"El Escorial, Madrid","Alpedrete, Madrid",0.6495
"El Escorial, Madrid","Torrelodones, Madrid",6.7211
"El Escorial, Madrid","Los Molinos, Madrid",7.0044
"El Escorial, Madrid","Villanueva del Pardillo, Madrid",8.0357
"El Escorial, Madrid","Cercedilla, Madrid",8.6022
"El Escorial, Madrid","Las Rozas de Madrid, Madrid",8.8529
"El Escorial, Madrid","Manzanares el Real, Madrid",9.265
"El Escorial, Madrid","Quijorna, Madrid",9.7169
"El Franco, Asturias","Tapia de Casariego, Asturias",0
"El Franco, Asturias","Navia, Asturias",4.1933
"El Franco, Asturias","Villayón, Asturias",5.1262
"El Franco, Asturias","Villanueva de Oscos, Asturias",9.7781
"El Masnou, Barcelona","Premià de Dalt, Barcelona",0
"El Masnou, Barcelona","Teià, Barcelona",0
"El Masnou, Barcelona","Vilassar de Dalt, Barcelona",2.3469
"El Masnou, Barcelona","Badalona, Barcelona",2.5223
"El Masnou, Barcelona","Cabrils, Barcelona",3.8757
"El Masnou, Barcelona","Montornès del Vallès, Barcelona",4.7264
"El Masnou, Barcelona","Cabrera de Mar, Barcelona",5.0498
"El Masnou, Barcelona","Montcada i Reixac, Barcelona",6.1713
"El Masnou, Barcelona","Santa Coloma de Gramenet, Barcelona",6.2597
"El Masnou, Barcelona","Sant Adrià de Besòs, Barcelona",7.0805
"El Masnou, Barcelona","Mataró, Barcelona",7.5284
"El Masnou, Barcelona","Montmeló, Barcelona",7.5402
"El Masnou, Barcelona","La Roca del Vallès, Barcelona",8.0493
"El Masnou, Barcelona","Barcelona, Barcelona",8.1391
"El Masnou, Barcelona","Mollet del Vallès, Barcelona",8.4452
"El Masnou, Barcelona","Granollers, Barcelona",8.9043
"El Masnou, Barcelona","Santa Perpètua de Mogoda, Barcelona",9.1894
"El Milà, Tarragona","Alcover, Tarragona",0
"El Milà, Tarragona","Valls, Tarragona",0
"El Milà, Tarragona","Vallmoll, Tarragona",1.0289
"El Milà, Tarragona","Perafort, Tarragona",1.1281
"El Milà, Tarragona","La Selva del Camp, Tarragona",2.9442
"El Milà, Tarragona","La Riba, Tarragona",3.7963
"El Milà, Tarragona","La Pobla de Mafumet, Tarragona",4.8833
"El Milà, Tarragona","Mont-ral, Tarragona",4.895
"El Milà, Tarragona","Constantí, Tarragona",5.5273
"El Milà, Tarragona","Alió, Tarragona",5.9647
"El Milà, Tarragona","Renau, Tarragona",6.1128
"El Milà, Tarragona","Montblanc, Tarragona",6.2384
"El Milà, Tarragona","Vilabella, Tarragona",6.3003
"El Milà, Tarragona","El Catllar, Tarragona",6.8537
"El Milà, Tarragona","Reus, Tarragona",7.6635
"El Milà, Tarragona","Tarragona, Tarragona",8.9109
"El Milà, Tarragona","L'Aleixar, Tarragona",9.1077
"El Milà, Tarragona","Bràfim, Tarragona",9.2055
"El Milà, Tarragona","Castellvell del Camp, Tarragona",9.6624
"El Prat de Llobregat, Barcelona","Barcelona, Barcelona",0
"El Prat de Llobregat, Barcelona","Cornellà de Llobregat, Barcelona",0
"El Prat de Llobregat, Barcelona","L'Hospitalet de Llobregat, Barcelona",0
"El Prat de Llobregat, Barcelona","Sant Boi de Llobregat, Barcelona",0
"El Prat de Llobregat, Barcelona","Viladecans, Barcelona",0
"El Prat de Llobregat, Barcelona","Sant Joan Despí, Barcelona",1.3799
"El Prat de Llobregat, Barcelona","Esplugues de Llobregat, Barcelona",2.0159
"El Prat de Llobregat, Barcelona","Gavà, Barcelona",2.3919
"El Prat de Llobregat, Barcelona","Sant Just Desvern, Barcelona",2.721
"El Prat de Llobregat, Barcelona","Sant Feliu de Llobregat, Barcelona",3.9414
"El Prat de Llobregat, Barcelona","Sant Vicenç dels Horts, Barcelona",5.5413
"El Prat de Llobregat, Barcelona","Castelldefels, Barcelona",5.7318
"El Prat de Llobregat, Barcelona","Molins de Rei, Barcelona",6.3316
"El Prat de Llobregat, Barcelona","Sant Cugat del Vallès, Barcelona",7.4136
"El Prat de Llobregat, Barcelona","Cervelló, Barcelona",7.4342
"El Prat de Llobregat, Barcelona","Begues, Barcelona",8.4478
"El Prat de Llobregat, Barcelona","Sitges, Barcelona",9.8773
"El Prat de Llobregat, Barcelona","Vallirana, Barcelona",9.9671
"El Puerto de Santa María, Cádiz","Puerto Real, Cádiz",0
"El Puerto de Santa María, Cádiz","Rota, Cádiz",0
"El Puerto de Santa María, Cádiz","Sanlúcar de Barrameda, Cádiz",0
"El Puerto de Santa María, Cádiz","Jerez de la Frontera, Cádiz",0
"El Puerto de Santa María, Cádiz","Cádiz, Cádiz",3.5499
"El Puerto de Santa María, Cádiz","San Fernando, Cádiz",3.5687
"El Puerto de Santa María, Cádiz","Chipiona, Cádiz",5.1332
"El Puerto de Santa María, Cádiz","Chiclana de la Frontera, Cádiz",8.3099
"El Puerto de Santa María, Cádiz","Almonte, Huelva",9.5514
"El Rosario, Santa Cruz de Tenerife","La Matanza de Acentejo, Santa Cruz de Tenerife",0
"El Rosario, Santa Cruz de Tenerife","San Cristóbal de La Laguna, Santa Cruz de Tenerife",0
"El Rosario, Santa Cruz de Tenerife","Santa Cruz de Tenerife, Santa Cruz de Tenerife",0
"El Rosario, Santa Cruz de Tenerife","Tacoronte, Santa Cruz de Tenerife",0
"El Rosario, Santa Cruz de Tenerife","La Orotava, Santa Cruz de Tenerife",7.1934
"El Vendrell, Tarragona","Albinyana, Tarragona",0
"El Vendrell, Tarragona","Creixell, Tarragona",2.6103
"El Vendrell, Tarragona","Cunit, Tarragona",3.7624
"El Vendrell, Tarragona","Masllorenç, Tarragona",4.0871
"El Vendrell, Tarragona","La Pobla de Montornès, Tarragona",4.9784
"El Vendrell, Tarragona","Montferri, Tarragona",5.5676
"El Vendrell, Tarragona","Cubelles, Barcelona",6.4694
"El Vendrell, Tarragona","La Nou de Gaià, Tarragona",6.7457
"El Vendrell, Tarragona","Vespella de Gaià, Tarragona",6.7565
"El Vendrell, Tarragona","Altafulla, Tarragona",7.6216
"El Vendrell, Tarragona","El Catllar, Tarragona",9.4854
"El Vendrell, Tarragona","Vilanova i la Geltrú, Barcelona",9.5853
"El Viso del Alcor, Sevilla","Carmona, Sevilla",0
"El Viso del Alcor, Sevilla","Mairena del Alcor, Sevilla",0
"El Viso del Alcor, Sevilla","Alcalá de Guadaíra, Sevilla",4.5955
"El Viso del Alcor, Sevilla","Sevilla, Sevilla",5.6846
"El Viso del Alcor, Sevilla","La Rinconada, Sevilla",5.6941
"El Viso, Córdoba","Pozoblanco, Córdoba",8.6361
"Elche, Alicante","Dolores, Alicante",0
"Elche, Alicante","Guardamar del Segura, Alicante",0
"Elche, Alicante","San Fulgencio, Alicante",0
"Elche, Alicante","Crevillent, Alicante",0
"Elche, Alicante","Santa Pola, Alicante",0
"Elche, Alicante","Aspe, Alicante",0
"Elche, Alicante","Alicante, Alicante",0
"Elche, Alicante","Catral, Alicante",0.2675
"Elche, Alicante","Novelda, Alicante",3.1801
"Elche, Alicante","Almoradí, Alicante",4.4781
"Elche, Alicante","Albatera, Alicante",5.7412
"Elche, Alicante","San Isidro, Alicante",5.7765
"Elche, Alicante","Orihuela, Alicante",6.4054
"Elche, Alicante","Callosa de Segura, Alicante",6.6735
"Elche, Alicante","Los Montesinos, Alicante",8.9112
"Elche, Alicante","Torrevieja, Alicante",9.2621
"Elche, Alicante","Cox, Alicante",9.3671
"Elche, Alicante","Rafal, Alicante",9.6735
"Elda, Alicante","Novelda, Alicante",0
"Elda, Alicante","Petrer, Alicante",0
"Elda, Alicante","Villena, Alicante",2.9932
"Elda, Alicante","Castalla, Alicante",6.7524
"Elda, Alicante","Aspe, Alicante",8.1041
"Elda, Alicante","Pinoso, Alicante",9.1948
"Elgoibar, Guipúzcoa","Azkoitia, Guipúzcoa",0
"Elgoibar, Guipúzcoa","Bergara, Guipúzcoa",0
"Elgoibar, Guipúzcoa","Eibar, Guipúzcoa",0
"Elgoibar, Guipúzcoa","Azpeitia, Guipúzcoa",4.5784
"Elgoibar, Guipúzcoa","Zumarraga, Guipúzcoa",6.2395
"Elgoibar, Guipúzcoa","Ondarroa, Vizcaya",6.5279
"Elgoibar, Guipúzcoa","Legazpi, Guipúzcoa",9.9712
"Els Poblets, Alicante","Dénia, Alicante",0
"Els Poblets, Alicante","Ondara, Alicante",0.403
"Els Poblets, Alicante","Oliva, Valencia",2.7451
"Els Poblets, Alicante","Orba, Alicante",6.6871
"Erandio, Vizcaya","Barakaldo, Vizcaya",0
"Erandio, Vizcaya","Bilbao, Vizcaya",0
"Erandio, Vizcaya","Getxo, Vizcaya",0
"Erandio, Vizcaya","Leioa, Vizcaya",0
"Erandio, Vizcaya","Loiu, Vizcaya",0
"Erandio, Vizcaya","Sestao, Vizcaya",0
"Erandio, Vizcaya","Derio, Vizcaya",1.2209
"Erandio, Vizcaya","Portugalete, Vizcaya",1.2845
"Erandio, Vizcaya","Zamudio, Vizcaya",2.2784
"Erandio, Vizcaya","Maruri-Jatabe, Vizcaya",5.2948
"Erandio, Vizcaya","Arrigorriaga, Vizcaya",5.4064
"Erandio, Vizcaya","Basauri, Vizcaya",5.4064
"Erandio, Vizcaya","Galdakao, Vizcaya",5.6541
"Errenteria, Guipúzcoa","Donostia-San Sebastián, Guipúzcoa",0
"Errenteria, Guipúzcoa","Hernani, Guipúzcoa",0
"Errenteria, Guipúzcoa","Lezo, Guipúzcoa",0
"Errenteria, Guipúzcoa","Urnieta, Guipúzcoa",1.3366
"Errenteria, Guipúzcoa","Irun, Guipúzcoa",2.948
"Errenteria, Guipúzcoa","Hondarribia, Guipúzcoa",3.4644
"Errenteria, Guipúzcoa","Andoain, Guipúzcoa",4.9513
"Errenteria, Guipúzcoa","Lasarte-Oria, Guipúzcoa",6.3544
"Errenteria, Guipúzcoa","Villabona, Guipúzcoa",7.9419
"Es Castell, Baleares","Mahón, Baleares",0
"Es Castell, Baleares","Sant Lluís, Baleares",0
"Es Castell, Baleares","Alaior, Baleares",6.2282
"Es Mercadal, Baleares","Es Migjorn Gran, Baleares",0
"Es Mercadal, Baleares","Ferreries, Baleares",0
"Es Mercadal, Baleares","Alaior, Baleares",0
"Es Mercadal, Baleares","Mahón, Baleares",0
"Es Mercadal, Baleares","Ciutadella de Menorca, Baleares",2.0816
"Es Migjorn Gran, Baleares","Es Mercadal, Baleares",0
"Es Migjorn Gran, Baleares","Ferreries, Baleares",0
"Es Migjorn Gran, Baleares","Alaior, Baleares",0
"Es Migjorn Gran, Baleares","Ciutadella de Menorca, Baleares",2.4443
"Escorca, Baleares","Bunyola, Baleares",0
"Escorca, Baleares","Fornalutx, Baleares",0
"Escorca, Baleares","Pollença, Baleares",0
"Escorca, Baleares","Sóller, Baleares",0
"Escorca, Baleares","Alaró, Baleares",0
"Escorca, Baleares","Campanet, Baleares",0
"Escorca, Baleares","Mancor de la Vall, Baleares",0
"Escorca, Baleares","Selva, Baleares",0
"Escorca, Baleares","Lloseta, Baleares",2.6417
"Escorca, Baleares","Sa Pobla, Baleares",3.5769
"Escorca, Baleares","Binissalem, Baleares",5.7046
"Escorca, Baleares","Búger, Baleares",6.1057
"Escorca, Baleares","Inca, Baleares",6.2253
"Escorca, Baleares","Alcúdia, Baleares",7.1696
"Escorca, Baleares","Valldemossa, Baleares",7.5006
"Escorca, Baleares","Consell, Baleares",8.4056
"Escorca, Baleares","Marratxí, Baleares",9.8696
"Eskoriatza, Guipúzcoa","Oñati, Guipúzcoa",0.388
"Eskoriatza, Guipúzcoa","Bergara, Guipúzcoa",5.832
"Eskoriatza, Guipúzcoa","Vitoria-Gasteiz, Álava",6.0179
"Eskoriatza, Guipúzcoa","Legazpi, Guipúzcoa",9.3767
"Esparreguera, Barcelona","Vacarisses, Barcelona",0
"Esparreguera, Barcelona","Olesa de Montserrat, Barcelona",0
"Esparreguera, Barcelona","Masquefa, Barcelona",1.3193
"Esparreguera, Barcelona","Martorell, Barcelona",2.296
"Esparreguera, Barcelona","Sant Llorenç d'Hortons, Barcelona",2.4087
"Esparreguera, Barcelona","Castellbisbal, Barcelona",3.1109
"Esparreguera, Barcelona","Terrassa, Barcelona",3.9664
"Esparreguera, Barcelona","Rubí, Barcelona",5.6072
"Esparreguera, Barcelona","Sant Sadurní d'Anoia, Barcelona",7.2338
"Esparreguera, Barcelona","Sant Andreu de la Barca, Barcelona",8.1322
"Esparreguera, Barcelona","Matadepera, Barcelona",8.7191
"Esparreguera, Barcelona","Corbera de Llobregat, Barcelona",9.7763
"Espartinas, Sevilla","Bormujos, Sevilla",0
"Espartinas, Sevilla","Olivares, Sevilla",0
"Espartinas, Sevilla","Sanlúcar la Mayor, Sevilla",0
"Espartinas, Sevilla","Umbrete, Sevilla",0
"Espartinas, Sevilla","Valencina de la Concepción, Sevilla",0
"Espartinas, Sevilla","Tomares, Sevilla",1.7713
"Espartinas, Sevilla","Camas, Sevilla",2.0078
"Espartinas, Sevilla","Mairena del Aljarafe, Sevilla",2.2866
"Espartinas, Sevilla","Gelves, Sevilla",2.3225
"Espartinas, Sevilla","San Juan de Aznalfarache, Sevilla",3.1373
"Espartinas, Sevilla","Santiponce, Sevilla",4.7239
"Espartinas, Sevilla","Palomares del Río, Sevilla",5.0952
"Espartinas, Sevilla","Sevilla, Sevilla",5.1833
"Espartinas, Sevilla","Gerena, Sevilla",6.6101
"Espartinas, Sevilla","Coria del Río, Sevilla",6.9611
"Espartinas, Sevilla","La Algaba, Sevilla",7.1509
"Espartinas, Sevilla","La Rinconada, Sevilla",8.4798
"Espartinas, Sevilla","Pilas, Sevilla",9.0875
"Espartinas, Sevilla","Dos Hermanas, Sevilla",9.119
"Esplugues de Llobregat, Barcelona","Barcelona, Barcelona",0
"Esplugues de Llobregat, Barcelona","Cornellà de Llobregat, Barcelona",0
"Esplugues de Llobregat, Barcelona","L'Hospitalet de Llobregat, Barcelona",0
"Esplugues de Llobregat, Barcelona","Sant Joan Despí, Barcelona",0
"Esplugues de Llobregat, Barcelona","Sant Just Desvern, Barcelona",0
"Esplugues de Llobregat, Barcelona","Sant Feliu de Llobregat, Barcelona",1.46
"Esplugues de Llobregat, Barcelona","El Prat de Llobregat, Barcelona",2.0159
"Esplugues de Llobregat, Barcelona","Sant Boi de Llobregat, Barcelona",2.591
"Esplugues de Llobregat, Barcelona","Sant Cugat del Vallès, Barcelona",2.6857
"Esplugues de Llobregat, Barcelona","Molins de Rei, Barcelona",3.8195
"Esplugues de Llobregat, Barcelona","Sant Vicenç dels Horts, Barcelona",4.235
"Esplugues de Llobregat, Barcelona","Cerdanyola del Vallès, Barcelona",6.1028
"Esplugues de Llobregat, Barcelona","Viladecans, Barcelona",6.3764
"Esplugues de Llobregat, Barcelona","Cervelló, Barcelona",7.1141
"Esplugues de Llobregat, Barcelona","Montcada i Reixac, Barcelona",7.94
"Esplugues de Llobregat, Barcelona","Gavà, Barcelona",8.9499
"Esplugues de Llobregat, Barcelona","Castellbisbal, Barcelona",9.1767
"Esplugues de Llobregat, Barcelona","Sant Adrià de Besòs, Barcelona",9.6548
"Esplugues de Llobregat, Barcelona","Corbera de Llobregat, Barcelona",9.708
"Esplugues de Llobregat, Barcelona","Rubí, Barcelona",9.7801
"Esporles, Baleares","Banyalbufar, Baleares",0
"Esporles, Baleares","Puigpunyent, Baleares",0
"Esporles, Baleares","Valldemossa, Baleares",0
"Esporles, Baleares","Palma de Mallorca, Baleares",0
"Esporles, Baleares","Bunyola, Baleares",0.8205
"Esporles, Baleares","Calvià, Baleares",2.1667
"Esporles, Baleares","Marratxí, Baleares",2.4125
"Esporles, Baleares","Estellencs, Baleares",2.6484
"Esporles, Baleares","Sóller, Baleares",7.5572
"Esporles, Baleares","Andratx, Baleares",8.2279
"Estellencs, Baleares","Andratx, Baleares",0
"Estellencs, Baleares","Banyalbufar, Baleares",0
"Estellencs, Baleares","Calvià, Baleares",0
"Estellencs, Baleares","Puigpunyent, Baleares",0
"Estellencs, Baleares","Esporles, Baleares",2.6484
"Estellencs, Baleares","Palma de Mallorca, Baleares",5.7011
"Estellencs, Baleares","Valldemossa, Baleares",6.0899
"Estepa, Sevilla","Puente Genil, Córdoba",0
"Estepa, Sevilla","Écija, Sevilla",0
"Estepa, Sevilla","Osuna, Sevilla",0
"Estepa, Sevilla","Aguadulce, Sevilla",0
"Estepa, Sevilla","Casariche, Sevilla",0
"Estepa, Sevilla","Herrera, Sevilla",0
"Estepa, Sevilla","Aguilar de la Frontera, Córdoba",5.5344
"Estepa, Sevilla","Lucena, Córdoba",8.6835
"Estepona, Málaga","Marbella, Málaga",0
"Estepona, Málaga","Manilva, Málaga",1.9429
"Estepona, Málaga","San Roque, Cádiz",8.3808
"Felanitx, Baleares","Manacor, Baleares",0
"Felanitx, Baleares","Campos, Baleares",0
"Felanitx, Baleares","Santanyí, Baleares",0
"Felanitx, Baleares","Porreres, Baleares",0
"Felanitx, Baleares","Sant Joan, Baleares",2.7262
"Felanitx, Baleares","Ses Salines, Baleares",3.227
"Felanitx, Baleares","Petra, Baleares",4.2927
"Felanitx, Baleares","Montuïri, Baleares",4.8305
"Felanitx, Baleares","Llucmajor, Baleares",7.6425
"Felanitx, Baleares","Sineu, Baleares",9.8135
"Felanitx, Baleares","Algaida, Baleares",9.9884
"Fene, A Coruña","Ferrol, A Coruña",0.4118
"Fene, A Coruña","San Sadurniño, A Coruña",0.673
"Fene, A Coruña","Narón, A Coruña",1.0675
"Fene, A Coruña","Miño, A Coruña",2.4478
"Fene, A Coruña","Sada, A Coruña",7.3277
"Fene, A Coruña","As Pontes de García Rodríguez, A Coruña",8.7073
"Fene, A Coruña","Oleiros, A Coruña",8.7144
"Fene, A Coruña","As Somozas, A Coruña",9.493
"Ferreries, Baleares","Ciutadella de Menorca, Baleares",0
"Ferreries, Baleares","Es Mercadal, Baleares",0
"Ferreries, Baleares","Es Migjorn Gran, Baleares",0
"Ferreries, Baleares","Alaior, Baleares",2.99
"Ferrol, A Coruña","Narón, A Coruña",0
"Ferrol, A Coruña","Fene, A Coruña",0.4118
"Ferrol, A Coruña","Oleiros, A Coruña",6.1555
"Ferrol, A Coruña","San Sadurniño, A Coruña",7.6079
"Ferrol, A Coruña","Sada, A Coruña",8.1548
"Ferrol, A Coruña","Miño, A Coruña",8.2809
"Ferrol, A Coruña","A Coruña, A Coruña",8.9118
"Figueres, Girona","Sant Pere Pescador, Girona",7.1419
"Figueres, Girona","Roses, Girona",8.3785
"Figueres, Girona","Llançà, Girona",9.897
"Firgas, Las Palmas","Teror, Las Palmas",0
"Firgas, Las Palmas","Las Palmas de Gran Canaria, Las Palmas",3.5632
"Firgas, Las Palmas","Gáldar, Las Palmas",5.4251
"Firgas, Las Palmas","Telde, Las Palmas",9.2441
"Fisterra, A Coruña","Muxía, A Coruña",2.8084
"Fisterra, A Coruña","Mazaricos, A Coruña",9.7624
"Flix, Tarragona","La Palma d'Ebre, Tarragona",0
"Foios, Valencia","Albalat dels Sorells, Valencia",0
"Foios, Valencia","Moncada, Valencia",0
"Foios, Valencia","Valencia, Valencia",0
"Foios, Valencia","Alboraya, Valencia",1.2601
"Foios, Valencia","Bétera, Valencia",1.8294
"Foios, Valencia","Náquera, Valencia",2.1878
"Foios, Valencia","Massamagrell, Valencia",2.4191
"Foios, Valencia","La Pobla de Farnals, Valencia",3.5856
"Foios, Valencia","Burjassot, Valencia",3.9885
"Foios, Valencia","Paterna, Valencia",4.5283
"Foios, Valencia","Sagunto, Valencia",5.478
"Foios, Valencia","Puçol, Valencia",6.4142
"Foios, Valencia","Mislata, Valencia",7.0113
"Foios, Valencia","Manises, Valencia",8.3149
"Foios, Valencia","Aldaia, Valencia",9.5418
"Foios, Valencia","L'Eliana, Valencia",9.9752
"Folgoso do Courel, Lugo","A Pobra do Brollón, Lugo",0
"Folgoso do Courel, Lugo","Quiroga, Lugo",0
"Folgoso do Courel, Lugo","Samos, Lugo",0
"Folgoso do Courel, Lugo","Vilamartín de Valdeorras, Ourense",4.9819
"Folgoso do Courel, Lugo","Becerreá, Lugo",9.1515
"Folgoso do Courel, Lugo","Monforte de Lemos, Lugo",9.2349
"Fornalutx, Baleares","Escorca, Baleares",0
"Fornalutx, Baleares","Sóller, Baleares",0
"Fornalutx, Baleares","Bunyola, Baleares",1.3627
"Fornalutx, Baleares","Alaró, Baleares",2.6417
"Fornalutx, Baleares","Mancor de la Vall, Baleares",5.4324
"Fornalutx, Baleares","Lloseta, Baleares",6.6028
"Fornalutx, Baleares","Selva, Baleares",7.2572
"Fornalutx, Baleares","Valldemossa, Baleares",7.7869
"Fornalutx, Baleares","Binissalem, Baleares",9.093
"Fraga, Huesca","Lleida, Lleida",6.0875
"Friol, Lugo","Lugo, Lugo",0
"Friol, Lugo","Outeiro de Rei, Lugo",0
"Friol, Lugo","Curtis, A Coruña",4.5824
"Friol, Lugo","Monterroso, Lugo",5.4435
"Friol, Lugo","Melide, A Coruña",6.7972
"Friol, Lugo","Portomarín, Lugo",9.9877
"Fuengirola, Málaga","Benalmádena, Málaga",0
"Fuengirola, Málaga","Alhaurín de la Torre, Málaga",2.5535
"Fuengirola, Málaga","Alhaurín el Grande, Málaga",4.393
"Fuengirola, Málaga","Torremolinos, Málaga",4.7485
"Fuengirola, Málaga","Málaga, Málaga",7.8338
"Fuengirola, Málaga","Marbella, Málaga",8.4838
"Fuengirola, Málaga","Coín, Málaga",9.874
"Fuenlabrada, Madrid","Alcorcón, Madrid",0
"Fuenlabrada, Madrid","Getafe, Madrid",0
"Fuenlabrada, Madrid","Leganés, Madrid",0
"Fuenlabrada, Madrid","Pinto, Madrid",0
"Fuenlabrada, Madrid","Humanes de Madrid, Madrid",0
"Fuenlabrada, Madrid","Móstoles, Madrid",0
"Fuenlabrada, Madrid","Parla, Madrid",0
"Fuenlabrada, Madrid","Griñón, Madrid",2.3026
"Fuenlabrada, Madrid","Arroyomolinos, Madrid",2.8089
"Fuenlabrada, Madrid","Torrejón de la Calzada, Madrid",3.0698
"Fuenlabrada, Madrid","Villaviciosa de Odón, Madrid",3.6304
"Fuenlabrada, Madrid","Madrid, Madrid",4.0733
"Fuenlabrada, Madrid","Boadilla del Monte, Madrid",6.0461
"Fuenlabrada, Madrid","Valdemoro, Madrid",6.6215
"Fuenlabrada, Madrid","Pozuelo de Alarcón, Madrid",7.2525
"Fuenlabrada, Madrid","Illescas, Toledo",8.1451
"Fuenlabrada, Madrid","Navalcarnero, Madrid",8.3362
"Fuenlabrada, Madrid","San Martín de la Vega, Madrid",9.1791
"Fuenlabrada, Madrid","Brunete, Madrid",9.7504
"Fuente Vaqueros, Granada","Chauchina, Granada",0
"Fuente Vaqueros, Granada","Pinos Puente, Granada",0
"Fuente Vaqueros, Granada","Atarfe, Granada",0.4843
"Fuente Vaqueros, Granada","Granada, Granada",2.6058
"Fuente Vaqueros, Granada","Maracena, Granada",5.5492
"Fuente Vaqueros, Granada","Las Gabias, Granada",6.4592
"Fuente Vaqueros, Granada","Peligros, Granada",7.0443
"Fuente Vaqueros, Granada","Churriana de la Vega, Granada",8.1378
"Galapagar, Madrid","Las Rozas de Madrid, Madrid",0
"Galapagar, Madrid","Villanueva del Pardillo, Madrid",0
"Galapagar, Madrid","Colmenarejo, Madrid",0
"Galapagar, Madrid","Collado Villalba, Madrid",0
"Galapagar, Madrid","El Escorial, Madrid",0
"Galapagar, Madrid","Guadarrama, Madrid",0
"Galapagar, Madrid","San Lorenzo de El Escorial, Madrid",0
"Galapagar, Madrid","Torrelodones, Madrid",0
"Galapagar, Madrid","Alpedrete, Madrid",0.2251
"Galapagar, Madrid","Majadahonda, Madrid",1.0834
"Galapagar, Madrid","Valdemorillo, Madrid",1.4306
"Galapagar, Madrid","Villanueva de la Cañada, Madrid",2.6021
"Galapagar, Madrid","Manzanares el Real, Madrid",3.3111
"Galapagar, Madrid","Madrid, Madrid",5.1241
"Galapagar, Madrid","Boadilla del Monte, Madrid",5.9016
"Galapagar, Madrid","Colmenar Viejo, Madrid",7.9208
"Galapagar, Madrid","Los Molinos, Madrid",8.1428
"Galapagar, Madrid","Brunete, Madrid",8.596
"Galapagar, Madrid","Quijorna, Madrid",8.9662
"Galapagar, Madrid","Cercedilla, Madrid",9.4637
"Galapagar, Madrid","Pozuelo de Alarcón, Madrid",9.6294
"Galdakao, Vizcaya","Amorebieta-Etxano, Vizcaya",0
"Galdakao, Vizcaya","Basauri, Vizcaya",0
"Galdakao, Vizcaya","Bilbao, Vizcaya",0
"Galdakao, Vizcaya","Zamudio, Vizcaya",0
"Galdakao, Vizcaya","Derio, Vizcaya",1.1635
"Galdakao, Vizcaya","Arrigorriaga, Vizcaya",1.4358
"Galdakao, Vizcaya","Loiu, Vizcaya",2.5148
"Galdakao, Vizcaya","Erandio, Vizcaya",5.6541
"Galdakao, Vizcaya","Barakaldo, Vizcaya",7.0598
"Galdakao, Vizcaya","Gernika-Lumo, Vizcaya",8.7446
"Galdakao, Vizcaya","Sestao, Vizcaya",8.9047
"Galdakao, Vizcaya","Leioa, Vizcaya",9.463
"Gáldar, Las Palmas","Teror, Las Palmas",4.5872
"Gáldar, Las Palmas","Firgas, Las Palmas",5.4251
"Gáldar, Las Palmas","San Bartolomé de Tirajana, Las Palmas",6.2662
"Gáldar, Las Palmas","Las Palmas de Gran Canaria, Las Palmas",9.16
"Gandia, Valencia","Daimús, Valencia",0
"Gandia, Valencia","Oliva, Valencia",2.0891
"Gandia, Valencia","Cullera, Valencia",7.4612
"Gandia, Valencia","Alzira, Valencia",8.2983
"Gandia, Valencia","Carcaixent, Valencia",8.7562
"Gandia, Valencia","Xàtiva, Valencia",9.1145
"Gavà, Barcelona","Begues, Barcelona",0
"Gavà, Barcelona","Castelldefels, Barcelona",0
"Gavà, Barcelona","Viladecans, Barcelona",0
"Gavà, Barcelona","Sitges, Barcelona",0
"Gavà, Barcelona","Sant Boi de Llobregat, Barcelona",2.2777
"Gavà, Barcelona","El Prat de Llobregat, Barcelona",2.3919
"Gavà, Barcelona","Vallirana, Barcelona",3.1029
"Gavà, Barcelona","Olivella, Barcelona",3.5438
"Gavà, Barcelona","Cervelló, Barcelona",4.6668
"Gavà, Barcelona","Sant Joan Despí, Barcelona",5.4704
"Gavà, Barcelona","Cornellà de Llobregat, Barcelona",5.5949
"Gavà, Barcelona","Sant Vicenç dels Horts, Barcelona",6.1524
"Gavà, Barcelona","Sant Pere de Ribes, Barcelona",7.0708
"Gavà, Barcelona","Sant Feliu de Llobregat, Barcelona",7.1286
"Gavà, Barcelona","L'Hospitalet de Llobregat, Barcelona",7.5031
"Gavà, Barcelona","Barcelona, Barcelona",7.877
"Gavà, Barcelona","Sant Just Desvern, Barcelona",8.6103
"Gavà, Barcelona","Molins de Rei, Barcelona",8.6283
"Gavà, Barcelona","Esplugues de Llobregat, Barcelona",8.9499
"Gavà, Barcelona","Corbera de Llobregat, Barcelona",9.7117
"Gelves, Sevilla","Dos Hermanas, Sevilla",0
"Gelves, Sevilla","San Juan de Aznalfarache, Sevilla",0
"Gelves, Sevilla","Mairena del Aljarafe, Sevilla",0
"Gelves, Sevilla","Palomares del Río, Sevilla",0
"Gelves, Sevilla","Sevilla, Sevilla",0
"Gelves, Sevilla","Bormujos, Sevilla",1.2145
"Gelves, Sevilla","Tomares, Sevilla",1.8378
"Gelves, Sevilla","Coria del Río, Sevilla",1.8973
"Gelves, Sevilla","Espartinas, Sevilla",2.3225
"Gelves, Sevilla","Camas, Sevilla",3.05
"Gelves, Sevilla","Umbrete, Sevilla",3.4735
"Gelves, Sevilla","Valencina de la Concepción, Sevilla",5.3718
"Gelves, Sevilla","Sanlúcar la Mayor, Sevilla",5.8316
"Gelves, Sevilla","Alcalá de Guadaíra, Sevilla",6.8004
"Gelves, Sevilla","Santiponce, Sevilla",7.0053
"Gelves, Sevilla","Olivares, Sevilla",7.7662
"Gerena, Sevilla","Olivares, Sevilla",0
"Gerena, Sevilla","Sanlúcar la Mayor, Sevilla",0
"Gerena, Sevilla","Valencina de la Concepción, Sevilla",2.6515
"Gerena, Sevilla","Santiponce, Sevilla",4.7184
"Gerena, Sevilla","La Algaba, Sevilla",4.8742
"Gerena, Sevilla","Alcalá del Río, Sevilla",5.8789
"Gerena, Sevilla","Espartinas, Sevilla",6.6101
"Gerena, Sevilla","La Rinconada, Sevilla",7.3945
"Gerena, Sevilla","Sevilla, Sevilla",7.9853
"Gerena, Sevilla","Camas, Sevilla",8.8169
"Gernika-Lumo, Vizcaya","Arratzu, Vizcaya",0
"Gernika-Lumo, Vizcaya","Amorebieta-Etxano, Vizcaya",3.8696
"Gernika-Lumo, Vizcaya","Bermeo, Vizcaya",6.5068
"Gernika-Lumo, Vizcaya","Galdakao, Vizcaya",8.7446
"Gernika-Lumo, Vizcaya","Zamudio, Vizcaya",8.8668
"Getafe, Madrid","Leganés, Madrid",0
"Getafe, Madrid","Madrid, Madrid",0
"Getafe, Madrid","Pinto, Madrid",0
"Getafe, Madrid","Rivas-Vaciamadrid, Madrid",0
"Getafe, Madrid","Fuenlabrada, Madrid",0
"Getafe, Madrid","San Martín de la Vega, Madrid",0
"Getafe, Madrid","Parla, Madrid",1.9092
"Getafe, Madrid","Arganda del Rey, Madrid",4.359
"Getafe, Madrid","Valdemoro, Madrid",4.4605
"Getafe, Madrid","Humanes de Madrid, Madrid",4.5453
"Getafe, Madrid","Alcorcón, Madrid",5.3208
"Getafe, Madrid","Móstoles, Madrid",6.7868
"Getafe, Madrid","Torrejón de la Calzada, Madrid",6.8295
"Getafe, Madrid","Griñón, Madrid",7.0048
"Getafe, Madrid","Morata de Tajuña, Madrid",7.0521
"Getafe, Madrid","Velilla de San Antonio, Madrid",7.7113
"Getafe, Madrid","Pozuelo de Alarcón, Madrid",8.0751
"Getafe, Madrid","Ciempozuelos, Madrid",8.248
"Getafe, Madrid","Mejorada del Campo, Madrid",9.5084
"Getafe, Madrid","Arroyomolinos, Madrid",9.7519
"Getxo, Vizcaya","Erandio, Vizcaya",0
"Getxo, Vizcaya","Leioa, Vizcaya",0
"Getxo, Vizcaya","Portugalete, Vizcaya",0
"Getxo, Vizcaya","Sestao, Vizcaya",0.4376
"Getxo, Vizcaya","Barakaldo, Vizcaya",2.0978
"Getxo, Vizcaya","Loiu, Vizcaya",2.9183
"Getxo, Vizcaya","Bilbao, Vizcaya",4.3012
"Getxo, Vizcaya","Derio, Vizcaya",4.6298
"Getxo, Vizcaya","Maruri-Jatabe, Vizcaya",6.9505
"Getxo, Vizcaya","Zamudio, Vizcaya",7.0368
"Getxo, Vizcaya","Castro-Urdiales, Cantabria",9.5058
"Gibraleón, Huelva","Aljaraque, Huelva",0
"Gibraleón, Huelva","Cartaya, Huelva",0
"Gibraleón, Huelva","Punta Umbría, Huelva",0
"Gibraleón, Huelva","Moguer, Huelva",0
"Gibraleón, Huelva","Lepe, Huelva",4.7108
"Gibraleón, Huelva","Huelva, Huelva",7.9983
"Gijón, Asturias","Villaviciosa, Asturias",0
"Gijón, Asturias","Siero, Asturias",0
"Gijón, Asturias","Noreña, Asturias",1.5568
"Gijón, Asturias","Gozón, Asturias",5.5786
"Gijón, Asturias","Oviedo, Asturias",6.4294
"Gijón, Asturias","Avilés, Asturias",7.4007
"Gijón, Asturias","Bimenes, Asturias",9.6684
"Girona, Girona","Celrà, Girona",0
"Girona, Girona","Riudellots de la Selva, Girona",2.9176
"Girona, Girona","Cassà de la Selva, Girona",4.0917
"Girona, Girona","Banyoles, Girona",9.8489
"Girona, Girona","Anglès, Girona",9.8796
"Gironella, Barcelona","Avià, Barcelona",0.8528
"Gironella, Barcelona","Berga, Barcelona",3.1777
"Godelleta, Valencia","Buñol, Valencia",0
"Godelleta, Valencia","Chiva, Valencia",0
"Godelleta, Valencia","Torrent, Valencia",0
"Godelleta, Valencia","Aldaia, Valencia",5.4356
"Godelleta, Valencia","Picassent, Valencia",6.3367
"Godelleta, Valencia","Alaquàs, Valencia",8.9116
"Godelleta, Valencia","Manises, Valencia",8.9593
"Gójar, Granada","Alhendín, Granada",0
"Gójar, Granada","La Zubia, Granada",0
"Gójar, Granada","Granada, Granada",2.215
"Gójar, Granada","Las Gabias, Granada",2.2689
"Gójar, Granada","Armilla, Granada",2.5208
"Gójar, Granada","Churriana de la Vega, Granada",2.5566
"Gójar, Granada","Dúrcal, Granada",2.9104
"Gójar, Granada","Padul, Granada",4.0167
"Gójar, Granada","Maracena, Granada",9.7014
"Gor, Granada","Baza, Granada",0
"Gor, Granada","Caniles, Granada",6.9421
"Gozón, Asturias","Avilés, Asturias",0
"Gozón, Asturias","Castrillón, Asturias",0.0929
"Gozón, Asturias","Gijón, Asturias",5.5786
"Gozón, Asturias","Soto del Barco, Asturias",8.618
"Grado, Asturias","Belmonte de Miranda, Asturias",0
"Grado, Asturias","Oviedo, Asturias",0
"Grado, Asturias","Salas, Asturias",0
"Grado, Asturias","Pravia, Asturias",2.512
"Grado, Asturias","Quirós, Asturias",3.7182
"Grado, Asturias","Morcín, Asturias",4.1491
"Grado, Asturias","Soto del Barco, Asturias",7.8635
"Grado, Asturias","Tineo, Asturias",8.6322
"Granada, Granada","Armilla, Granada",0
"Granada, Granada","Atarfe, Granada",0
"Granada, Granada","Churriana de la Vega, Granada",0
"Granada, Granada","La Zubia, Granada",0
"Granada, Granada","Maracena, Granada",0
"Granada, Granada","Peligros, Granada",0.9035
"Granada, Granada","Pinos Puente, Granada",1.2278
"Granada, Granada","Alhendín, Granada",1.3945
"Granada, Granada","Las Gabias, Granada",1.4196
"Granada, Granada","Gójar, Granada",2.215
"Granada, Granada","Fuente Vaqueros, Granada",2.6058
"Granada, Granada","Chauchina, Granada",4.7498
"Granada, Granada","Padul, Granada",9.8468
"Granadilla de Abona, Santa Cruz de Tenerife","La Orotava, Santa Cruz de Tenerife",0
"Granadilla de Abona, Santa Cruz de Tenerife","Arona, Santa Cruz de Tenerife",2.8468
"Granadilla de Abona, Santa Cruz de Tenerife","Adeje, Santa Cruz de Tenerife",3.9723
"Granadilla de Abona, Santa Cruz de Tenerife","Los Realejos, Santa Cruz de Tenerife",8.2304
"Granadilla de Abona, Santa Cruz de Tenerife","Icod de los Vinos, Santa Cruz de Tenerife",8.4374
"Granadilla de Abona, Santa Cruz de Tenerife","Santiago del Teide, Santa Cruz de Tenerife",8.4374
"Granollers, Barcelona","La Roca del Vallès, Barcelona",0
"Granollers, Barcelona","Les Franqueses del Vallès, Barcelona",0
"Granollers, Barcelona","Lliçà de Vall, Barcelona",0
"Granollers, Barcelona","Montmeló, Barcelona",0
"Granollers, Barcelona","Montornès del Vallès, Barcelona",0
"Granollers, Barcelona","L'Ametlla del Vallès, Barcelona",1.7139
"Granollers, Barcelona","Santa Eulàlia de Ronçana, Barcelona",2.0663
"Granollers, Barcelona","Mollet del Vallès, Barcelona",2.8711
"Granollers, Barcelona","Cardedeu, Barcelona",3.2342
"Granollers, Barcelona","La Garriga, Barcelona",4.0629
"Granollers, Barcelona","Vilassar de Dalt, Barcelona",4.7583
"Granollers, Barcelona","Llinars del Vallès, Barcelona",4.8835
"Granollers, Barcelona","Montcada i Reixac, Barcelona",4.948
"Granollers, Barcelona","Caldes de Montbui, Barcelona",5.404
"Granollers, Barcelona","Santa Perpètua de Mogoda, Barcelona",5.7694
"Granollers, Barcelona","Cabrils, Barcelona",6.1237
"Granollers, Barcelona","Teià, Barcelona",6.3125
"Granollers, Barcelona","Premià de Dalt, Barcelona",6.4224
"Granollers, Barcelona","Polinyà, Barcelona",7.1451
"Granollers, Barcelona","Cabrera de Mar, Barcelona",8.104
"Granollers, Barcelona","Badalona, Barcelona",8.4248
"Granollers, Barcelona","El Masnou, Barcelona",8.9043
"Granollers, Barcelona","Sabadell, Barcelona",9.5563
"Griñón, Madrid","Humanes de Madrid, Madrid",0
"Griñón, Madrid","Parla, Madrid",0
"Griñón, Madrid","Torrejón de la Calzada, Madrid",0
"Griñón, Madrid","Fuenlabrada, Madrid",2.3026
"Griñón, Madrid","Illescas, Toledo",3.343
"Griñón, Madrid","Arroyomolinos, Madrid",3.5393
"Griñón, Madrid","Navalcarnero, Madrid",4.9181
"Griñón, Madrid","Móstoles, Madrid",5.4048
"Griñón, Madrid","Pinto, Madrid",5.4611
"Griñón, Madrid","El Álamo, Madrid",5.5584
"Griñón, Madrid","Getafe, Madrid",7.0048
"Griñón, Madrid","Leganés, Madrid",7.5165
"Griñón, Madrid","Villaviciosa de Odón, Madrid",9.0256
"Griñón, Madrid","Valdemoro, Madrid",9.0643
"Griñón, Madrid","Alcorcón, Madrid",9.5773
"Guadalajara, Guadalajara","Marchamalo, Guadalajara",0
"Guadalajara, Guadalajara","Pioz, Guadalajara",0
"Guadalajara, Guadalajara","Azuqueca de Henares, Guadalajara",1.1314
"Guadalajara, Guadalajara","Alcalá de Henares, Madrid",5.6569
"Guadalajara, Guadalajara","Villanueva de la Torre, Guadalajara",5.7774
"Guadalajara, Guadalajara","Meco, Madrid",6.0285
"Guadalajara, Guadalajara","Torrejón del Rey, Guadalajara",9.2286
"Guadalajara, Guadalajara","Valdeavero, Madrid",9.2492
"Guadalajara, Guadalajara","Villalbilla, Madrid",9.7314
"Guadarrama, Madrid","Alpedrete, Madrid",0
"Guadarrama, Madrid","Collado Villalba, Madrid",0
"Guadarrama, Madrid","Galapagar, Madrid",0
"Guadarrama, Madrid","Los Molinos, Madrid",0
"Guadarrama, Madrid","San Lorenzo de El Escorial, Madrid",0
"Guadarrama, Madrid","El Escorial, Madrid",0.0544
"Guadarrama, Madrid","Cercedilla, Madrid",1.6014
"Guadarrama, Madrid","Colmenarejo, Madrid",5.2896
"Guadarrama, Madrid","Valdemorillo, Madrid",6.7641
"Guadarrama, Madrid","Torrelodones, Madrid",7.2922
"Guadarrama, Madrid","Manzanares el Real, Madrid",8.6096
"Gualchos, Granada","Motril, Granada",0
"Guardamar del Segura, Alicante","San Fulgencio, Alicante",0
"Guardamar del Segura, Alicante","Torrevieja, Alicante",0
"Guardamar del Segura, Alicante","Elche, Alicante",0
"Guardamar del Segura, Alicante","Santa Pola, Alicante",2.7447
"Guardamar del Segura, Alicante","Dolores, Alicante",2.7755
"Guardamar del Segura, Alicante","Los Montesinos, Alicante",2.8935
"Guardamar del Segura, Alicante","Almoradí, Alicante",5.798
"Guardamar del Segura, Alicante","Crevillent, Alicante",7.0647
"Guardamar del Segura, Alicante","Catral, Alicante",7.2743
"Guardamar del Segura, Alicante","San Miguel de Salinas, Alicante",7.6501
"Guardamar del Segura, Alicante","Orihuela, Alicante",9.8724
"Guissona, Lleida","Tàrrega, Lleida",7.8646
"Guixers, Lleida","Avià, Barcelona",7.3364
"Guixers, Lleida","Berga, Barcelona",7.3479
"Gurb, Barcelona","Manlleu, Barcelona",0
"Gurb, Barcelona","Vic, Barcelona",0
"Gurb, Barcelona","Torelló, Barcelona",1.8661
"Gurb, Barcelona","Tona, Barcelona",6.0903
"Gurb, Barcelona","Balenyà, Barcelona",8.9131
"Haro, La Rioja","Miranda de Ebro, Burgos",0
"Haro, La Rioja","Santo Domingo de la Calzada, La Rioja",9.6164
"Hellín, Albacete","Albacete, Albacete",0
"Hellín, Albacete","Jumilla, Murcia",0
"Hellín, Albacete","Calasparra, Murcia",0
"Hellín, Albacete","Cieza, Murcia",0
"Hernani, Guipúzcoa","Donostia-San Sebastián, Guipúzcoa",0
"Hernani, Guipúzcoa","Errenteria, Guipúzcoa",0
"Hernani, Guipúzcoa","Lasarte-Oria, Guipúzcoa",0
"Hernani, Guipúzcoa","Urnieta, Guipúzcoa",0
"Hernani, Guipúzcoa","Andoain, Guipúzcoa",0.8795
"Hernani, Guipúzcoa","Villabona, Guipúzcoa",3.0314
"Hernani, Guipúzcoa","Tolosa, Guipúzcoa",5.0883
"Hernani, Guipúzcoa","Lezo, Guipúzcoa",6.1575
"Hernani, Guipúzcoa","Irun, Guipúzcoa",8.4619
"Hernani, Guipúzcoa","Hondarribia, Guipúzcoa",9.3301
"Herrera, Sevilla","Puente Genil, Córdoba",0
"Herrera, Sevilla","Écija, Sevilla",0
"Herrera, Sevilla","Estepa, Sevilla",0
"Herrera, Sevilla","Casariche, Sevilla",3.7195
"Herrera, Sevilla","Aguilar de la Frontera, Córdoba",7.7553
"Herrera, Sevilla","Osuna, Sevilla",8.8049
"Hondarribia, Guipúzcoa","Irun, Guipúzcoa",0
"Hondarribia, Guipúzcoa","Lezo, Guipúzcoa",0
"Hondarribia, Guipúzcoa","Errenteria, Guipúzcoa",3.4644
"Hondarribia, Guipúzcoa","Donostia-San Sebastián, Guipúzcoa",5.5366
"Hondarribia, Guipúzcoa","Hernani, Guipúzcoa",9.3301
"Horcajo de Santiago, Cuenca","Tarancón, Cuenca",4.8681
"Huelva, Huelva","Moguer, Huelva",0
"Huelva, Huelva","Gibraleón, Huelva",7.9983
"Huelva, Huelva","Aljaraque, Huelva",8.5668
"Huelva, Huelva","Punta Umbría, Huelva",9.3103
"Huércal-Overa, Almería","Lorca, Murcia",0
"Huércal-Overa, Almería","Arboleas, Almería",1.0049
"Huércal-Overa, Almería","Vera, Almería",5.9916
"Huércal-Overa, Almería","Águilas, Murcia",9.281
"Huéscar, Granada","Cazorla, Jaén",5.2807
"Huétor Tájar, Granada","Loja, Granada",0
"Huétor Tájar, Granada","Pinos Puente, Granada",5.5928
"Humanes de Madrid, Madrid","Fuenlabrada, Madrid",0
"Humanes de Madrid, Madrid","Griñón, Madrid",0
"Humanes de Madrid, Madrid","Parla, Madrid",0
"Humanes de Madrid, Madrid","Torrejón de la Calzada, Madrid",0.9881
"Humanes de Madrid, Madrid","Móstoles, Madrid",0.9945
"Humanes de Madrid, Madrid","Leganés, Madrid",2.4845
"Humanes de Madrid, Madrid","Arroyomolinos, Madrid",3.35
"Humanes de Madrid, Madrid","Pinto, Madrid",4.5294
"Humanes de Madrid, Madrid","Getafe, Madrid",4.5453
"Humanes de Madrid, Madrid","Alcorcón, Madrid",5.2919
"Humanes de Madrid, Madrid","Illescas, Toledo",5.6831
"Humanes de Madrid, Madrid","Navalcarnero, Madrid",7.1165
"Humanes de Madrid, Madrid","El Álamo, Madrid",8.4453
"Humanes de Madrid, Madrid","Villaviciosa de Odón, Madrid",8.9148
"Humanes de Madrid, Madrid","Valdemoro, Madrid",9.2706
"Humanes de Madrid, Madrid","Madrid, Madrid",9.29
"Ibi, Alicante","Castalla, Alicante",0
"Ibi, Alicante","Cocentaina, Alicante",8.1805
"Icod de los Vinos, Santa Cruz de Tenerife","La Orotava, Santa Cruz de Tenerife",0
"Icod de los Vinos, Santa Cruz de Tenerife","Santiago del Teide, Santa Cruz de Tenerife",0
"Icod de los Vinos, Santa Cruz de Tenerife","Los Realejos, Santa Cruz de Tenerife",3.39
"Icod de los Vinos, Santa Cruz de Tenerife","Adeje, Santa Cruz de Tenerife",6.1755
"Icod de los Vinos, Santa Cruz de Tenerife","Granadilla de Abona, Santa Cruz de Tenerife",8.4374
"Igualada, Barcelona","Vilanova del Camí, Barcelona",0
"Igualada, Barcelona","Sant Martí de Tous, Barcelona",2.3947
"Illescas, Toledo","Torrejón de la Calzada, Madrid",0
"Illescas, Toledo","Griñón, Madrid",3.343
"Illescas, Toledo","Parla, Madrid",4.1694
"Illescas, Toledo","Seseña, Toledo",4.3495
"Illescas, Toledo","Valdemoro, Madrid",4.6317
"Illescas, Toledo","Humanes de Madrid, Madrid",5.6831
"Illescas, Toledo","Pinto, Madrid",6.8418
"Illescas, Toledo","El Álamo, Madrid",7.4924
"Illescas, Toledo","Fuenlabrada, Madrid",8.1451
"Illescas, Toledo","Navalcarnero, Madrid",8.5546
"Illescas, Toledo","Ciempozuelos, Madrid",8.9292
"Inca, Baleares","Sa Pobla, Baleares",0
"Inca, Baleares","Binissalem, Baleares",0
"Inca, Baleares","Búger, Baleares",0
"Inca, Baleares","Costitx, Baleares",0
"Inca, Baleares","Lloseta, Baleares",0
"Inca, Baleares","Llubí, Baleares",0
"Inca, Baleares","Selva, Baleares",0
"Inca, Baleares","Sencelles, Baleares",0
"Inca, Baleares","Sineu, Baleares",0
"Inca, Baleares","Campanet, Baleares",0.587
"Inca, Baleares","Mancor de la Vall, Baleares",0.6917
"Inca, Baleares","Muro, Baleares",1.9098
"Inca, Baleares","Alaró, Baleares",2.2759
"Inca, Baleares","Lloret de Vistalegre, Baleares",2.6227
"Inca, Baleares","Consell, Baleares",4.4365
"Inca, Baleares","Maria de la Salut, Baleares",5.4259
"Inca, Baleares","Santa Eugènia, Baleares",6.0154
"Inca, Baleares","Escorca, Baleares",6.2253
"Inca, Baleares","Santa Margalida, Baleares",6.403
"Inca, Baleares","Algaida, Baleares",6.5182
"Inca, Baleares","Montuïri, Baleares",7.1448
"Inca, Baleares","Bunyola, Baleares",7.5686
"Inca, Baleares","Sant Joan, Baleares",7.6505
"Inca, Baleares","Pollença, Baleares",7.9341
"Inca, Baleares","Alcúdia, Baleares",8.2489
"Inca, Baleares","Ariany, Baleares",9.2832
"Irun, Guipúzcoa","Hondarribia, Guipúzcoa",0
"Irun, Guipúzcoa","Lezo, Guipúzcoa",0
"Irun, Guipúzcoa","Errenteria, Guipúzcoa",2.948
"Irun, Guipúzcoa","Donostia-San Sebastián, Guipúzcoa",5.1624
"Irun, Guipúzcoa","Hernani, Guipúzcoa",8.4619
"Íscar, Valladolid","Cuéllar, Segovia",5.9574
"Jaca, Huesca","Las Peñas de Riglos, Huesca",0
"Jaén, Jaén","Mancha Real, Jaén",0
"Jaén, Jaén","Mengíbar, Jaén",0
"Jaén, Jaén","Baeza, Jaén",1.7329
"Jaén, Jaén","Martos, Jaén",4.1846
"Jaén, Jaén","Torredonjimeno, Jaén",5.3723
"Jaén, Jaén","Linares, Jaén",6.7147
"Jerez de la Frontera, Cádiz","El Puerto de Santa María, Cádiz",0
"Jerez de la Frontera, Cádiz","Puerto Real, Cádiz",0
"Jerez de la Frontera, Cádiz","Sanlúcar de Barrameda, Cádiz",0
"Jerez de la Frontera, Cádiz","Arcos de la Frontera, Cádiz",0
"Jerez de la Frontera, Cádiz","Ubrique, Cádiz",0
"Jerez de la Frontera, Cádiz","El Cuervo de Sevilla, Sevilla",0
"Jerez de la Frontera, Cádiz","Lebrija, Sevilla",0
"Jerez de la Frontera, Cádiz","Rota, Cádiz",2.5172
"Jerez de la Frontera, Cádiz","Chipiona, Cádiz",5.8261
"Jerez de la Frontera, Cádiz","Almonte, Huelva",6.4396
"Jerez de la Frontera, Cádiz","San Fernando, Cádiz",9.2287
"Jerez de la Frontera, Cádiz","Chiclana de la Frontera, Cádiz",9.37
"Jerez de la Frontera, Cádiz","Utrera, Sevilla",9.7212
"Jódar, Jaén","Baeza, Jaén",0
"Jódar, Jaén","Úbeda, Jaén",0
"Jódar, Jaén","Quesada, Jaén",4.18
"Jumilla, Murcia","Hellín, Albacete",0
"Jumilla, Murcia","Pinoso, Alicante",0
"Jumilla, Murcia","Yecla, Murcia",0
"Jumilla, Murcia","Cieza, Murcia",0
"Jumilla, Murcia","Molina de Segura, Murcia",2.2217
"Jumilla, Murcia","Orihuela, Alicante",8.8069
"Jumilla, Murcia","Villena, Alicante",9.0651
"Junta de Traslaloma, Burgos","Medina de Pomar, Burgos",0
"Junta de Traslaloma, Burgos","Valle de Mena, Burgos",0
"L'Alcora, Castellón","Castellón de la Plana, Castellón",0
"L'Alcora, Castellón","Onda, Castellón",0
"L'Alcúdia, Valencia","Carlet, Valencia",0
"L'Alcúdia, Valencia","Alzira, Valencia",0.5368
"L'Alcúdia, Valencia","Alginet, Valencia",1.0464
"L'Alcúdia, Valencia","Algemesí, Valencia",1.1939
"L'Alcúdia, Valencia","Carcaixent, Valencia",3.8383
"L'Alcúdia, Valencia","Sollana, Valencia",6.0943
"L'Alcúdia, Valencia","Almussafes, Valencia",6.5465
"L'Alcúdia, Valencia","La Pobla Llarga, Valencia",7.1617
"L'Alcúdia, Valencia","Picassent, Valencia",7.953
"L'Aleixar, Tarragona","Castellvell del Camp, Tarragona",0
"L'Aleixar, Tarragona","La Selva del Camp, Tarragona",0
"L'Aleixar, Tarragona","Reus, Tarragona",0
"L'Aleixar, Tarragona","Riudoms, Tarragona",0
"L'Aleixar, Tarragona","Les Borges del Camp, Tarragona",0.1643
"L'Aleixar, Tarragona","Mont-ral, Tarragona",3.2085
"L'Aleixar, Tarragona","Alcover, Tarragona",4.1182
"L'Aleixar, Tarragona","Montbrió del Camp, Tarragona",5.0142
"L'Aleixar, Tarragona","Vinyols i els Arcs, Tarragona",5.3935
"L'Aleixar, Tarragona","Constantí, Tarragona",5.6185
"L'Aleixar, Tarragona","Vila-seca, Tarragona",6.7375
"L'Aleixar, Tarragona","Cambrils, Tarragona",6.8556
"L'Aleixar, Tarragona","Perafort, Tarragona",7.3083
"L'Aleixar, Tarragona","La Pobla de Mafumet, Tarragona",7.6605
"L'Aleixar, Tarragona","Montblanc, Tarragona",8.7481
"L'Aleixar, Tarragona","Tarragona, Tarragona",8.819
"L'Aleixar, Tarragona","El Milà, Tarragona",9.1077
"L'Ametlla del Vallès, Barcelona","La Garriga, Barcelona",0
"L'Ametlla del Vallès, Barcelona","Les Franqueses del Vallès, Barcelona",0
"L'Ametlla del Vallès, Barcelona","Santa Eulàlia de Ronçana, Barcelona",0
"L'Ametlla del Vallès, Barcelona","Granollers, Barcelona",1.7139
"L'Ametlla del Vallès, Barcelona","La Roca del Vallès, Barcelona",3.6488
"L'Ametlla del Vallès, Barcelona","Caldes de Montbui, Barcelona",3.6842
"L'Ametlla del Vallès, Barcelona","Lliçà de Vall, Barcelona",4.1622
"L'Ametlla del Vallès, Barcelona","Cardedeu, Barcelona",4.3822
"L'Ametlla del Vallès, Barcelona","Montornès del Vallès, Barcelona",6.8765
"L'Ametlla del Vallès, Barcelona","Montmeló, Barcelona",7.0828
"L'Ametlla del Vallès, Barcelona","Llinars del Vallès, Barcelona",7.1518
"L'Ametlla del Vallès, Barcelona","Mollet del Vallès, Barcelona",8.0612
"L'Ametlla del Vallès, Barcelona","Montcada i Reixac, Barcelona",8.37
"L'Eliana, Valencia","La Pobla de Vallbona, Valencia",0
"L'Eliana, Valencia","Paterna, Valencia",0
"L'Eliana, Valencia","Bétera, Valencia",0.8631
"L'Eliana, Valencia","Benaguasil, Valencia",1.5941
"L'Eliana, Valencia","Manises, Valencia",1.9706
"L'Eliana, Valencia","Llíria, Valencia",4.1829
"L'Eliana, Valencia","Valencia, Valencia",5.9147
"L'Eliana, Valencia","Olocau, Valencia",6.182
"L'Eliana, Valencia","Moncada, Valencia",6.3934
"L'Eliana, Valencia","Aldaia, Valencia",8.0011
"L'Eliana, Valencia","Burjassot, Valencia",8.225
"L'Eliana, Valencia","Chiva, Valencia",8.6664
"L'Eliana, Valencia","Náquera, Valencia",8.8708
"L'Eliana, Valencia","Foios, Valencia",9.9752
"L'Escala, Girona","Sant Pere Pescador, Girona",0
"L'Escala, Girona","Torroella de Montgrí, Girona",0
"L'Hospitalet de Llobregat, Barcelona","Barcelona, Barcelona",0
"L'Hospitalet de Llobregat, Barcelona","Cornellà de Llobregat, Barcelona",0
"L'Hospitalet de Llobregat, Barcelona","El Prat de Llobregat, Barcelona",0
"L'Hospitalet de Llobregat, Barcelona","Esplugues de Llobregat, Barcelona",0
"L'Hospitalet de Llobregat, Barcelona","Sant Joan Despí, Barcelona",0.7204
"L'Hospitalet de Llobregat, Barcelona","Sant Just Desvern, Barcelona",0.7787
"L'Hospitalet de Llobregat, Barcelona","Sant Boi de Llobregat, Barcelona",1.1182
"L'Hospitalet de Llobregat, Barcelona","Sant Feliu de Llobregat, Barcelona",2.5597
"L'Hospitalet de Llobregat, Barcelona","Sant Cugat del Vallès, Barcelona",3.6387
"L'Hospitalet de Llobregat, Barcelona","Molins de Rei, Barcelona",4.9279
"L'Hospitalet de Llobregat, Barcelona","Viladecans, Barcelona",5.1414
"L'Hospitalet de Llobregat, Barcelona","Sant Vicenç dels Horts, Barcelona",5.3137
"L'Hospitalet de Llobregat, Barcelona","Cerdanyola del Vallès, Barcelona",6.4494
"L'Hospitalet de Llobregat, Barcelona","Gavà, Barcelona",7.5031
"L'Hospitalet de Llobregat, Barcelona","Cervelló, Barcelona",8.0782
"L'Hospitalet de Llobregat, Barcelona","Montcada i Reixac, Barcelona",8.083
"L'Hospitalet de Llobregat, Barcelona","Sant Adrià de Besòs, Barcelona",8.8294
"L'Hospitalet de Llobregat, Barcelona","Santa Coloma de Gramenet, Barcelona",9.6728
"L'Olleria, Valencia","Canals, Valencia",0
"L'Olleria, Valencia","Xàtiva, Valencia",0
"L'Olleria, Valencia","Agullent, Valencia",1.4995
"L'Olleria, Valencia","Ontinyent, Valencia",1.8665
"La Algaba, Sevilla","Alcalá del Río, Sevilla",0
"La Algaba, Sevilla","La Rinconada, Sevilla",0
"La Algaba, Sevilla","Sevilla, Sevilla",0
"La Algaba, Sevilla","Santiponce, Sevilla",0.0472
"La Algaba, Sevilla","Valencina de la Concepción, Sevilla",1.6489
"La Algaba, Sevilla","Camas, Sevilla",2.0698
"La Algaba, Sevilla","Gerena, Sevilla",4.8742
"La Algaba, Sevilla","Burguillos, Sevilla",6.5694
"La Algaba, Sevilla","Tomares, Sevilla",6.8662
"La Algaba, Sevilla","San Juan de Aznalfarache, Sevilla",7.0536
"La Algaba, Sevilla","Espartinas, Sevilla",7.1509
"La Algaba, Sevilla","Bormujos, Sevilla",7.1538
"La Algaba, Sevilla","Olivares, Sevilla",7.465
"La Algaba, Sevilla","Brenes, Sevilla",9.2056
"La Algaba, Sevilla","Mairena del Aljarafe, Sevilla",9.4119
"La Carlota, Córdoba","Córdoba, Córdoba",0
"La Carlota, Córdoba","Écija, Sevilla",0
"La Carlota, Córdoba","La Rambla, Córdoba",0
"La Carlota, Córdoba","Posadas, Córdoba",5.5662
"La Carolina, Jaén","Linares, Jaén",3.9963
"La Garriga, Barcelona","L'Ametlla del Vallès, Barcelona",0
"La Garriga, Barcelona","Les Franqueses del Vallès, Barcelona",0
"La Garriga, Barcelona","Santa Eulàlia de Ronçana, Barcelona",2.3041
"La Garriga, Barcelona","Cardedeu, Barcelona",3.4324
"La Garriga, Barcelona","Granollers, Barcelona",4.0629
"La Garriga, Barcelona","La Roca del Vallès, Barcelona",4.411
"La Garriga, Barcelona","Caldes de Montbui, Barcelona",6.6377
"La Garriga, Barcelona","Lliçà de Vall, Barcelona",6.9184
"La Garriga, Barcelona","Llinars del Vallès, Barcelona",7.0094
"La Garriga, Barcelona","Santa Maria de Palautordera, Barcelona",8.8793
"La Garriga, Barcelona","Montornès del Vallès, Barcelona",9.3283
"La Garriga, Barcelona","Montmeló, Barcelona",9.4737
"La Línea de la Concepción, Cádiz","San Roque, Cádiz",0
"La Línea de la Concepción, Cádiz","Los Barrios, Cádiz",3.946
"La Línea de la Concepción, Cádiz","Algeciras, Cádiz",5.3418
"La Matanza de Acentejo, Santa Cruz de Tenerife","El Rosario, Santa Cruz de Tenerife",0
"La Matanza de Acentejo, Santa Cruz de Tenerife","Tacoronte, Santa Cruz de Tenerife",1.6257
"La Matanza de Acentejo, Santa Cruz de Tenerife","La Orotava, Santa Cruz de Tenerife",3.1996
"La Matanza de Acentejo, Santa Cruz de Tenerife","San Cristóbal de La Laguna, Santa Cruz de Tenerife",3.8665
"La Matanza de Acentejo, Santa Cruz de Tenerife","Puerto de la Cruz, Santa Cruz de Tenerife",5.4068
"La Matanza de Acentejo, Santa Cruz de Tenerife","Santa Cruz de Tenerife, Santa Cruz de Tenerife",6.3391
"La Matanza de Acentejo, Santa Cruz de Tenerife","Los Realejos, Santa Cruz de Tenerife",9.8265
"La Nou de Gaià, Tarragona","Altafulla, Tarragona",0
"La Nou de Gaià, Tarragona","El Catllar, Tarragona",0
"La Nou de Gaià, Tarragona","La Pobla de Montornès, Tarragona",0
"La Nou de Gaià, Tarragona","Vespella de Gaià, Tarragona",0
"La Nou de Gaià, Tarragona","Creixell, Tarragona",1.2192
"La Nou de Gaià, Tarragona","Tarragona, Tarragona",2.6114
"La Nou de Gaià, Tarragona","Renau, Tarragona",3.1994
"La Nou de Gaià, Tarragona","Vilabella, Tarragona",3.5512
"La Nou de Gaià, Tarragona","Montferri, Tarragona",3.948
"La Nou de Gaià, Tarragona","Masllorenç, Tarragona",6.32
"La Nou de Gaià, Tarragona","Albinyana, Tarragona",6.6052
"La Nou de Gaià, Tarragona","El Vendrell, Tarragona",6.7457
"La Nou de Gaià, Tarragona","Bràfim, Tarragona",7.6132
"La Nou de Gaià, Tarragona","Perafort, Tarragona",8.3886
"La Nou de Gaià, Tarragona","Vallmoll, Tarragona",9.6172
"La Orotava, Santa Cruz de Tenerife","Adeje, Santa Cruz de Tenerife",0
"La Orotava, Santa Cruz de Tenerife","Granadilla de Abona, Santa Cruz de Tenerife",0
"La Orotava, Santa Cruz de Tenerife","Icod de los Vinos, Santa Cruz de Tenerife",0
"La Orotava, Santa Cruz de Tenerife","Los Realejos, Santa Cruz de Tenerife",0
"La Orotava, Santa Cruz de Tenerife","Puerto de la Cruz, Santa Cruz de Tenerife",0
"La Orotava, Santa Cruz de Tenerife","Santiago del Teide, Santa Cruz de Tenerife",0
"La Orotava, Santa Cruz de Tenerife","La Matanza de Acentejo, Santa Cruz de Tenerife",3.1996
"La Orotava, Santa Cruz de Tenerife","El Rosario, Santa Cruz de Tenerife",7.1934
"La Orotava, Santa Cruz de Tenerife","Tacoronte, Santa Cruz de Tenerife",9.0855
"La Orotava, Santa Cruz de Tenerife","Arona, Santa Cruz de Tenerife",9.2405
"La Palma d'Ebre, Tarragona","Flix, Tarragona",0
"La Palma del Condado, Huelva","Bollullos Par del Condado, Huelva",0
"La Palma del Condado, Huelva","Almonte, Huelva",4.1064
"La Pobla de Farnals, Valencia","Massamagrell, Valencia",0
"La Pobla de Farnals, Valencia","Valencia, Valencia",0.3164
"La Pobla de Farnals, Valencia","Puçol, Valencia",2.1368
"La Pobla de Farnals, Valencia","Albalat dels Sorells, Valencia",2.6953
"La Pobla de Farnals, Valencia","Náquera, Valencia",3.182
"La Pobla de Farnals, Valencia","Foios, Valencia",3.5856
"La Pobla de Farnals, Valencia","Moncada, Valencia",3.701
"La Pobla de Farnals, Valencia","Bétera, Valencia",5.0028
"La Pobla de Farnals, Valencia","Sagunto, Valencia",5.0781
"La Pobla de Farnals, Valencia","Alboraya, Valencia",5.7405
"La Pobla de Farnals, Valencia","Burjassot, Valencia",9.4276
"La Pobla de Farnals, Valencia","Paterna, Valencia",9.8775
"La Pobla de Mafumet, Tarragona","Constantí, Tarragona",0
"La Pobla de Mafumet, Tarragona","Perafort, Tarragona",0
"La Pobla de Mafumet, Tarragona","La Selva del Camp, Tarragona",0.3355
"La Pobla de Mafumet, Tarragona","Tarragona, Tarragona",1.2494
"La Pobla de Mafumet, Tarragona","Reus, Tarragona",2.4446
"La Pobla de Mafumet, Tarragona","Vallmoll, Tarragona",3.0279
"La Pobla de Mafumet, Tarragona","Alcover, Tarragona",3.1169
"La Pobla de Mafumet, Tarragona","El Catllar, Tarragona",3.2495
"La Pobla de Mafumet, Tarragona","El Milà, Tarragona",4.8833
"La Pobla de Mafumet, Tarragona","Valls, Tarragona",5.7582
"La Pobla de Mafumet, Tarragona","Castellvell del Camp, Tarragona",6.0035
"La Pobla de Mafumet, Tarragona","Renau, Tarragona",6.2701
"La Pobla de Mafumet, Tarragona","Vila-seca, Tarragona",7.3211
"La Pobla de Mafumet, Tarragona","L'Aleixar, Tarragona",7.6605
"La Pobla de Mafumet, Tarragona","Vilabella, Tarragona",7.7224
"La Pobla de Mafumet, Tarragona","Vespella de Gaià, Tarragona",8.079
"La Pobla de Mafumet, Tarragona","Mont-ral, Tarragona",9.0385
"La Pobla de Mafumet, Tarragona","Riudoms, Tarragona",9.6196
"La Pobla de Mafumet, Tarragona","Salou, Tarragona",9.987
"La Pobla de Montornès, Tarragona","Creixell, Tarragona",0
"La Pobla de Montornès, Tarragona","Altafulla, Tarragona",0
"La Pobla de Montornès, Tarragona","La Nou de Gaià, Tarragona",0
"La Pobla de Montornès, Tarragona","Vespella de Gaià, Tarragona",0
"La Pobla de Montornès, Tarragona","El Catllar, Tarragona",1.3447
"La Pobla de Montornès, Tarragona","Montferri, Tarragona",3.113
"La Pobla de Montornès, Tarragona","Tarragona, Tarragona",3.1425
"La Pobla de Montornès, Tarragona","Vilabella, Tarragona",4.0296
"La Pobla de Montornès, Tarragona","Renau, Tarragona",4.179
"La Pobla de Montornès, Tarragona","Albinyana, Tarragona",4.5555
"La Pobla de Montornès, Tarragona","Masllorenç, Tarragona",4.6823
"La Pobla de Montornès, Tarragona","El Vendrell, Tarragona",4.9784
"La Pobla de Montornès, Tarragona","Bràfim, Tarragona",7.4411
"La Pobla de Montornès, Tarragona","Perafort, Tarragona",9.8727
"La Pobla de Vallbona, Valencia","Benaguasil, Valencia",0
"La Pobla de Vallbona, Valencia","Bétera, Valencia",0
"La Pobla de Vallbona, Valencia","L'Eliana, Valencia",0
"La Pobla de Vallbona, Valencia","Llíria, Valencia",0
"La Pobla de Vallbona, Valencia","Olocau, Valencia",0
"La Pobla de Vallbona, Valencia","Paterna, Valencia",2.7911
"La Pobla de Vallbona, Valencia","Náquera, Valencia",4.0593
"La Pobla de Vallbona, Valencia","Manises, Valencia",5.2275
"La Pobla de Vallbona, Valencia","Valencia, Valencia",7.1701
"La Pobla de Vallbona, Valencia","Moncada, Valencia",7.5685
"La Pobla de Vallbona, Valencia","Segorbe, Castellón",8.99
"La Pobla de Vallbona, Valencia","Chiva, Valencia",9.6937
"La Pobla Llarga, Valencia","Carcaixent, Valencia",0
"La Pobla Llarga, Valencia","Xàtiva, Valencia",0.6867
"La Pobla Llarga, Valencia","Alzira, Valencia",3.174
"La Pobla Llarga, Valencia","L'Alcúdia, Valencia",7.1617
"La Pobla Llarga, Valencia","Algemesí, Valencia",9.2707
"La Puebla de Cazalla, Sevilla","Marchena, Sevilla",0
"La Puebla de Cazalla, Sevilla","Osuna, Sevilla",0
"La Puebla de Cazalla, Sevilla","Morón de la Frontera, Sevilla",0
"La Puebla de Cazalla, Sevilla","Olvera, Cádiz",5.5505
"La Puebla de Cazalla, Sevilla","Arahal, Sevilla",7.3572
"La Rambla, Córdoba","Córdoba, Córdoba",0
"La Rambla, Córdoba","La Carlota, Córdoba",0
"La Rambla, Córdoba","Écija, Sevilla",2.0334
"La Rambla, Córdoba","Posadas, Córdoba",7.6269
"La Riba, Tarragona","Alcover, Tarragona",0
"La Riba, Tarragona","Valls, Tarragona",0
"La Riba, Tarragona","Mont-ral, Tarragona",0
"La Riba, Tarragona","Montblanc, Tarragona",0
"La Riba, Tarragona","El Milà, Tarragona",3.7963
"La Riba, Tarragona","Vallmoll, Tarragona",5.6968
"La Riba, Tarragona","La Selva del Camp, Tarragona",6.4197
"La Riba, Tarragona","Perafort, Tarragona",7.1871
"La Riba, Tarragona","Alió, Tarragona",7.2188
"La Riba, Tarragona","Vilabella, Tarragona",9.9779
"La Rinconada, Sevilla","Carmona, Sevilla",0
"La Rinconada, Sevilla","Alcalá del Río, Sevilla",0
"La Rinconada, Sevilla","Brenes, Sevilla",0
"La Rinconada, Sevilla","La Algaba, Sevilla",0
"La Rinconada, Sevilla","Sevilla, Sevilla",0
"La Rinconada, Sevilla","Santiponce, Sevilla",0.1017
"La Rinconada, Sevilla","Alcalá de Guadaíra, Sevilla",0.8554
"La Rinconada, Sevilla","Mairena del Alcor, Sevilla",1.5836
"La Rinconada, Sevilla","Villaverde del Río, Sevilla",2.0039
"La Rinconada, Sevilla","Valencina de la Concepción, Sevilla",2.6189
"La Rinconada, Sevilla","Camas, Sevilla",2.7656
"La Rinconada, Sevilla","Cantillana, Sevilla",3.7158
"La Rinconada, Sevilla","Burguillos, Sevilla",4.0481
"La Rinconada, Sevilla","El Viso del Alcor, Sevilla",5.6941
"La Rinconada, Sevilla","Tomares, Sevilla",6.9925
"La Rinconada, Sevilla","San Juan de Aznalfarache, Sevilla",7.1663
"La Rinconada, Sevilla","Gerena, Sevilla",7.3945
"La Rinconada, Sevilla","Dos Hermanas, Sevilla",7.5792
"La Rinconada, Sevilla","Bormujos, Sevilla",8.0578
"La Rinconada, Sevilla","Espartinas, Sevilla",8.4798
"La Rinconada, Sevilla","Mairena del Aljarafe, Sevilla",9.8476
"La Roca del Vallès, Barcelona","Cardedeu, Barcelona",0
"La Roca del Vallès, Barcelona","Granollers, Barcelona",0
"La Roca del Vallès, Barcelona","Les Franqueses del Vallès, Barcelona",0
"La Roca del Vallès, Barcelona","Llinars del Vallès, Barcelona",0
"La Roca del Vallès, Barcelona","Montornès del Vallès, Barcelona",0.6527
"La Roca del Vallès, Barcelona","Vilassar de Dalt, Barcelona",1.659
"La Roca del Vallès, Barcelona","Cabrils, Barcelona",2.3649
"La Roca del Vallès, Barcelona","Montmeló, Barcelona",2.4148
"La Roca del Vallès, Barcelona","Lliçà de Vall, Barcelona",2.7472
"La Roca del Vallès, Barcelona","Mataró, Barcelona",3.5799
"La Roca del Vallès, Barcelona","Cabrera de Mar, Barcelona",3.6328
"La Roca del Vallès, Barcelona","L'Ametlla del Vallès, Barcelona",3.6488
"La Roca del Vallès, Barcelona","Premià de Dalt, Barcelona",4.0544
"La Roca del Vallès, Barcelona","La Garriga, Barcelona",4.411
"La Roca del Vallès, Barcelona","Santa Eulàlia de Ronçana, Barcelona",4.6381
"La Roca del Vallès, Barcelona","Teià, Barcelona",5.0861
"La Roca del Vallès, Barcelona","Mollet del Vallès, Barcelona",5.4717
"La Roca del Vallès, Barcelona","Santa Maria de Palautordera, Barcelona",7.3427
"La Roca del Vallès, Barcelona","Montcada i Reixac, Barcelona",7.879
"La Roca del Vallès, Barcelona","El Masnou, Barcelona",8.0493
"La Roca del Vallès, Barcelona","Caldes de Montbui, Barcelona",8.2475
"La Roca del Vallès, Barcelona","Santa Perpètua de Mogoda, Barcelona",8.5087
"La Roca del Vallès, Barcelona","Sant Vicenç de Montalt, Barcelona",9.2651
"La Roca del Vallès, Barcelona","Badalona, Barcelona",9.8224
"La Roda, Albacete","Albacete, Albacete",0
"La Roda, Albacete","Villarrobledo, Albacete",0
"La Roda, Albacete","Casasimarro, Cuenca",9.8476
"La Selva del Camp, Tarragona","Alcover, Tarragona",0
"La Selva del Camp, Tarragona","Constantí, Tarragona",0
"La Selva del Camp, Tarragona","L'Aleixar, Tarragona",0
"La Selva del Camp, Tarragona","Perafort, Tarragona",0
"La Selva del Camp, Tarragona","Reus, Tarragona",0
"La Selva del Camp, Tarragona","La Pobla de Mafumet, Tarragona",0.3355
"La Selva del Camp, Tarragona","Castellvell del Camp, Tarragona",0.763
"La Selva del Camp, Tarragona","El Milà, Tarragona",2.9442
"La Selva del Camp, Tarragona","Mont-ral, Tarragona",3.0801
"La Selva del Camp, Tarragona","Vallmoll, Tarragona",4.0219
"La Selva del Camp, Tarragona","Vila-seca, Tarragona",4.3894
"La Selva del Camp, Tarragona","Tarragona, Tarragona",4.5165
"La Selva del Camp, Tarragona","Valls, Tarragona",4.667
"La Selva del Camp, Tarragona","Riudoms, Tarragona",4.7662
"La Selva del Camp, Tarragona","Les Borges del Camp, Tarragona",5.0844
"La Selva del Camp, Tarragona","La Riba, Tarragona",6.4197
"La Selva del Camp, Tarragona","Montblanc, Tarragona",7.385
"La Selva del Camp, Tarragona","Salou, Tarragona",7.801
"La Selva del Camp, Tarragona","Cambrils, Tarragona",7.9085
"La Selva del Camp, Tarragona","El Catllar, Tarragona",8.4884
"La Selva del Camp, Tarragona","Vinyols i els Arcs, Tarragona",8.6841
"La Selva del Camp, Tarragona","Renau, Tarragona",9.0801
"La Selva del Camp, Tarragona","Montbrió del Camp, Tarragona",9.5388
"La Selva del Camp, Tarragona","Vilabella, Tarragona",9.7238
"La Solana, Ciudad Real","Manzanares, Ciudad Real",0
"La Solana, Ciudad Real","Valdepeñas, Ciudad Real",4.9347
"La Unión, Murcia","Cartagena, Murcia",0
"La Unión, Murcia","Los Alcázares, Murcia",8.3238
"La Unión, Murcia","Torre-Pacheco, Murcia",8.4286
"La Vall d'Uixó, Castellón","Almenara, Castellón",0
"La Vall d'Uixó, Castellón","Sagunto, Valencia",0
"La Vall d'Uixó, Castellón","Onda, Castellón",6.9586
"La Vall d'Uixó, Castellón","Segorbe, Castellón",6.9886
"La Vall d'Uixó, Castellón","Canet d'En Berenguer, Valencia",9.8267
"La Zubia, Granada","Gójar, Granada",0
"La Zubia, Granada","Granada, Granada",0
"La Zubia, Granada","Armilla, Granada",0.1499
"La Zubia, Granada","Alhendín, Granada",1.3416
"La Zubia, Granada","Churriana de la Vega, Granada",1.8627
"La Zubia, Granada","Las Gabias, Granada",2.5826
"La Zubia, Granada","Dúrcal, Granada",2.9104
"La Zubia, Granada","Padul, Granada",4.3701
"La Zubia, Granada","Maracena, Granada",7.2914
"La Zubia, Granada","Atarfe, Granada",8.4809
"La Zubia, Granada","Peligros, Granada",9.0141
"Láncara, Lugo","Samos, Lugo",0
"Láncara, Lugo","Sarria, Lugo",0
"Láncara, Lugo","Becerreá, Lugo",0
"Láncara, Lugo","Castroverde, Lugo",3.2349
"Láncara, Lugo","Lugo, Lugo",6.9429
"Langreo, Asturias","Mieres, Asturias",0
"Langreo, Asturias","San Martín del Rey Aurelio, Asturias",0
"Langreo, Asturias","Oviedo, Asturias",0
"Langreo, Asturias","Siero, Asturias",0
"Langreo, Asturias","Bimenes, Asturias",1.0638
"Langreo, Asturias","Aller, Asturias",4.1046
"Langreo, Asturias","Noreña, Asturias",4.3543
"Langreo, Asturias","Morcín, Asturias",6.4336
"Langreo, Asturias","Lena, Asturias",8.2416
"Laredo, Cantabria","Colindres, Cantabria",0
"Laredo, Cantabria","Santoña, Cantabria",0.537
"Laredo, Cantabria","Bárcena de Cicero, Cantabria",0.996
"Laredo, Cantabria","Castro-Urdiales, Cantabria",3.6236
"Laredo, Cantabria","Noja, Cantabria",4.2222
"Las Gabias, Granada","Alhendín, Granada",0
"Las Gabias, Granada","Churriana de la Vega, Granada",0
"Las Gabias, Granada","Armilla, Granada",0.963
"Las Gabias, Granada","Granada, Granada",1.4196
"Las Gabias, Granada","Gójar, Granada",2.2689
"Las Gabias, Granada","La Zubia, Granada",2.5826
"Las Gabias, Granada","Chauchina, Granada",2.8951
"Las Gabias, Granada","Atarfe, Granada",4.805
"Las Gabias, Granada","Maracena, Granada",5.5046
"Las Gabias, Granada","Pinos Puente, Granada",5.7982
"Las Gabias, Granada","Padul, Granada",6.1831
"Las Gabias, Granada","Fuente Vaqueros, Granada",6.4592
"Las Gabias, Granada","Peligros, Granada",8.0062
"Las Palmas de Gran Canaria, Las Palmas","Telde, Las Palmas",0
"Las Palmas de Gran Canaria, Las Palmas","Teror, Las Palmas",0
"Las Palmas de Gran Canaria, Las Palmas","Firgas, Las Palmas",3.5632
"Las Palmas de Gran Canaria, Las Palmas","Gáldar, Las Palmas",9.16
"Las Peñas de Riglos, Huesca","Jaca, Huesca",0
"Las Rozas de Madrid, Madrid","Madrid, Madrid",0
"Las Rozas de Madrid, Madrid","Majadahonda, Madrid",0
"Las Rozas de Madrid, Madrid","Villanueva del Pardillo, Madrid",0
"Las Rozas de Madrid, Madrid","Galapagar, Madrid",0
"Las Rozas de Madrid, Madrid","Torrelodones, Madrid",0
"Las Rozas de Madrid, Madrid","Pozuelo de Alarcón, Madrid",1.1535
"Las Rozas de Madrid, Madrid","Villanueva de la Cañada, Madrid",1.8388
"Las Rozas de Madrid, Madrid","Colmenarejo, Madrid",3.4366
"Las Rozas de Madrid, Madrid","Boadilla del Monte, Madrid",3.5161
"Las Rozas de Madrid, Madrid","Colmenar Viejo, Madrid",4.194
"Las Rozas de Madrid, Madrid","Valdemorillo, Madrid",5.6768
"Las Rozas de Madrid, Madrid","Tres Cantos, Madrid",7.3502
"Las Rozas de Madrid, Madrid","Collado Villalba, Madrid",7.815
"Las Rozas de Madrid, Madrid","Alcorcón, Madrid",7.9984
"Las Rozas de Madrid, Madrid","Brunete, Madrid",8.0546
"Las Rozas de Madrid, Madrid","Manzanares el Real, Madrid",8.7432
"Las Rozas de Madrid, Madrid","El Escorial, Madrid",8.8529
"Las Rozas de Madrid, Madrid","Villaviciosa de Odón, Madrid",8.9973
"Las Torres de Cotillas, Murcia","Molina de Segura, Murcia",0
"Las Torres de Cotillas, Murcia","Murcia, Murcia",0
"Las Torres de Cotillas, Murcia","Alcantarilla, Murcia",0.8967
"Las Torres de Cotillas, Murcia","Ceutí, Murcia",2.806
"Las Torres de Cotillas, Murcia","Archena, Murcia",4.4459
"Lasarte-Oria, Guipúzcoa","Andoain, Guipúzcoa",0
"Lasarte-Oria, Guipúzcoa","Donostia-San Sebastián, Guipúzcoa",0
"Lasarte-Oria, Guipúzcoa","Hernani, Guipúzcoa",0
"Lasarte-Oria, Guipúzcoa","Urnieta, Guipúzcoa",0
"Lasarte-Oria, Guipúzcoa","Villabona, Guipúzcoa",4.2317
"Lasarte-Oria, Guipúzcoa","Errenteria, Guipúzcoa",6.3544
"Lasarte-Oria, Guipúzcoa","Tolosa, Guipúzcoa",8.5032
"Lasarte-Oria, Guipúzcoa","Zarautz, Guipúzcoa",9.1472
"Lasarte-Oria, Guipúzcoa","Lezo, Guipúzcoa",9.2548
"Lebrija, Sevilla","Arcos de la Frontera, Cádiz",0
"Lebrija, Sevilla","El Cuervo de Sevilla, Sevilla",0
"Lebrija, Sevilla","Jerez de la Frontera, Cádiz",0
"Lebrija, Sevilla","Utrera, Sevilla",3.057
"Lebrija, Sevilla","Sanlúcar de Barrameda, Cádiz",4.92
"Lebrija, Sevilla","Dos Hermanas, Sevilla",8.5905
"Lebrija, Sevilla","Almonte, Huelva",8.8936
"Leganés, Madrid","Alcorcón, Madrid",0
"Leganés, Madrid","Getafe, Madrid",0
"Leganés, Madrid","Madrid, Madrid",0
"Leganés, Madrid","Fuenlabrada, Madrid",0
"Leganés, Madrid","Móstoles, Madrid",2.2773
"Leganés, Madrid","Humanes de Madrid, Madrid",2.4845
"Leganés, Madrid","Pinto, Madrid",3.0487
"Leganés, Madrid","Pozuelo de Alarcón, Madrid",3.4766
"Leganés, Madrid","Parla, Madrid",4.1587
"Leganés, Madrid","Villaviciosa de Odón, Madrid",5.2052
"Leganés, Madrid","Boadilla del Monte, Madrid",5.4483
"Leganés, Madrid","Arroyomolinos, Madrid",5.7351
"Leganés, Madrid","Griñón, Madrid",7.5165
"Leganés, Madrid","Torrejón de la Calzada, Madrid",8.0071
"Legazpi, Guipúzcoa","Oñati, Guipúzcoa",0
"Legazpi, Guipúzcoa","Zumarraga, Guipúzcoa",0
"Legazpi, Guipúzcoa","Bergara, Guipúzcoa",2.6722
"Legazpi, Guipúzcoa","Azkoitia, Guipúzcoa",3.4583
"Legazpi, Guipúzcoa","Azpeitia, Guipúzcoa",4.6368
"Legazpi, Guipúzcoa","Beasain, Guipúzcoa",5.9348
"Legazpi, Guipúzcoa","Eskoriatza, Guipúzcoa",9.3767
"Legazpi, Guipúzcoa","Elgoibar, Guipúzcoa",9.9712
"Leioa, Vizcaya","Erandio, Vizcaya",0
"Leioa, Vizcaya","Getxo, Vizcaya",0
"Leioa, Vizcaya","Portugalete, Vizcaya",0
"Leioa, Vizcaya","Sestao, Vizcaya",0
"Leioa, Vizcaya","Barakaldo, Vizcaya",0.9587
"Leioa, Vizcaya","Loiu, Vizcaya",2.1107
"Leioa, Vizcaya","Bilbao, Vizcaya",2.465
"Leioa, Vizcaya","Derio, Vizcaya",3.7961
"Leioa, Vizcaya","Zamudio, Vizcaya",6.1028
"Leioa, Vizcaya","Maruri-Jatabe, Vizcaya",7.3715
"Leioa, Vizcaya","Arrigorriaga, Vizcaya",9.2588
"Leioa, Vizcaya","Basauri, Vizcaya",9.2588
"Leioa, Vizcaya","Galdakao, Vizcaya",9.463
"Lena, Asturias","Aller, Asturias",0
"Lena, Asturias","Mieres, Asturias",0
"Lena, Asturias","Quirós, Asturias",0
"Lena, Asturias","Morcín, Asturias",3.6744
"Lena, Asturias","Langreo, Asturias",8.2416
"Lena, Asturias","Oviedo, Asturias",8.9111
"Lepe, Huelva","Cartaya, Huelva",0
"Lepe, Huelva","Punta Umbría, Huelva",1.117
"Lepe, Huelva","Gibraleón, Huelva",4.7108
"Lepe, Huelva","Moguer, Huelva",6.0198
"Lepe, Huelva","Aljaraque, Huelva",6.3982
"Les Borges del Camp, Tarragona","Riudoms, Tarragona",0
"Les Borges del Camp, Tarragona","L'Aleixar, Tarragona",0.1643
"Les Borges del Camp, Tarragona","Reus, Tarragona",1.7307
"Les Borges del Camp, Tarragona","Montbrió del Camp, Tarragona",1.863
"Les Borges del Camp, Tarragona","Vinyols i els Arcs, Tarragona",2.8261
"Les Borges del Camp, Tarragona","Castellvell del Camp, Tarragona",3.4578
"Les Borges del Camp, Tarragona","Cambrils, Tarragona",3.9672
"Les Borges del Camp, Tarragona","La Selva del Camp, Tarragona",5.0844
"Les Borges del Camp, Tarragona","Vila-seca, Tarragona",7.611
"Les Borges del Camp, Tarragona","Mont-ral, Tarragona",8.3479
"Les Borges del Camp, Tarragona","Constantí, Tarragona",8.9123
"Les Borges del Camp, Tarragona","Alcover, Tarragona",9.5908
"Les Borges del Camp, Tarragona","Salou, Tarragona",9.6643
"Les Franqueses del Vallès, Barcelona","Cardedeu, Barcelona",0
"Les Franqueses del Vallès, Barcelona","Granollers, Barcelona",0
"Les Franqueses del Vallès, Barcelona","L'Ametlla del Vallès, Barcelona",0
"Les Franqueses del Vallès, Barcelona","La Garriga, Barcelona",0
"Les Franqueses del Vallès, Barcelona","La Roca del Vallès, Barcelona",0
"Les Franqueses del Vallès, Barcelona","Santa Eulàlia de Ronçana, Barcelona",1.8206
"Les Franqueses del Vallès, Barcelona","Llinars del Vallès, Barcelona",2.9814
"Les Franqueses del Vallès, Barcelona","Lliçà de Vall, Barcelona",3.4958
"Les Franqueses del Vallès, Barcelona","Montornès del Vallès, Barcelona",4.112
"Les Franqueses del Vallès, Barcelona","Montmeló, Barcelona",5.3994
"Les Franqueses del Vallès, Barcelona","Caldes de Montbui, Barcelona",5.9881
"Les Franqueses del Vallès, Barcelona","Santa Maria de Palautordera, Barcelona",6.1083
"Les Franqueses del Vallès, Barcelona","Vilassar de Dalt, Barcelona",7.3761
"Les Franqueses del Vallès, Barcelona","Cabrils, Barcelona",8.1849
"Les Franqueses del Vallès, Barcelona","Mollet del Vallès, Barcelona",8.2723
"Les Franqueses del Vallès, Barcelona","Mataró, Barcelona",9.0243
"Les Franqueses del Vallès, Barcelona","Montcada i Reixac, Barcelona",9.1255
"Les Franqueses del Vallès, Barcelona","Cabrera de Mar, Barcelona",9.2484
"Les Franqueses del Vallès, Barcelona","Premià de Dalt, Barcelona",9.4237
"Lezo, Guipúzcoa","Errenteria, Guipúzcoa",0
"Lezo, Guipúzcoa","Hondarribia, Guipúzcoa",0
"Lezo, Guipúzcoa","Irun, Guipúzcoa",0
"Lezo, Guipúzcoa","Donostia-San Sebastián, Guipúzcoa",0.8701
"Lezo, Guipúzcoa","Hernani, Guipúzcoa",6.1575
"Lezo, Guipúzcoa","Urnieta, Guipúzcoa",8.9382
"Lezo, Guipúzcoa","Lasarte-Oria, Guipúzcoa",9.2548
"Linares, Jaén","Bailén, Jaén",0
"Linares, Jaén","La Carolina, Jaén",3.9963
"Linares, Jaén","Mengíbar, Jaén",4.6554
"Linares, Jaén","Baeza, Jaén",4.7604
"Linares, Jaén","Jaén, Jaén",6.7147
"Linares, Jaén","Mancha Real, Jaén",7.555
"Linares, Jaén","Úbeda, Jaén",8.026
"Llagostera, Girona","Cassà de la Selva, Girona",0
"Llagostera, Girona","Tossa de Mar, Girona",0
"Llagostera, Girona","Sant Feliu de Guíxols, Girona",1.462
"Llagostera, Girona","Lloret de Mar, Girona",2.1753
"Llagostera, Girona","Castell-Platja d'Aro, Girona",3.6229
"Llagostera, Girona","Riudellots de la Selva, Girona",5.0552
"Llagostera, Girona","Blanes, Girona",8.9796
"Llançà, Girona","Roses, Girona",3.9605
"Llançà, Girona","Figueres, Girona",9.897
"Llanes, Asturias","Cangas de Onís, Asturias",0
"Llanes, Asturias","Ribadesella, Asturias",0
"Lleida, Lleida","Alpicat, Lleida",0
"Lleida, Lleida","Fraga, Huesca",6.0875
"Lleida, Lleida","Mollerussa, Lleida",9.5721
"Lliçà de Vall, Barcelona","Granollers, Barcelona",0
"Lliçà de Vall, Barcelona","Mollet del Vallès, Barcelona",0
"Lliçà de Vall, Barcelona","Montcada i Reixac, Barcelona",0.5138
"Lliçà de Vall, Barcelona","Montmeló, Barcelona",0.8225
"Lliçà de Vall, Barcelona","Santa Perpètua de Mogoda, Barcelona",1.7676
"Lliçà de Vall, Barcelona","Montornès del Vallès, Barcelona",1.9376
"Lliçà de Vall, Barcelona","Caldes de Montbui, Barcelona",2.0351
"Lliçà de Vall, Barcelona","La Roca del Vallès, Barcelona",2.7472
"Lliçà de Vall, Barcelona","Santa Eulàlia de Ronçana, Barcelona",2.8534
"Lliçà de Vall, Barcelona","Polinyà, Barcelona",2.9052
"Lliçà de Vall, Barcelona","Les Franqueses del Vallès, Barcelona",3.4958
"Lliçà de Vall, Barcelona","L'Ametlla del Vallès, Barcelona",4.1622
"Lliçà de Vall, Barcelona","Sabadell, Barcelona",5.2849
"Lliçà de Vall, Barcelona","Barberà del Vallès, Barcelona",6.6432
"Lliçà de Vall, Barcelona","La Garriga, Barcelona",6.9184
"Lliçà de Vall, Barcelona","Cardedeu, Barcelona",7.1258
"Lliçà de Vall, Barcelona","Castellar del Vallès, Barcelona",7.2136
"Lliçà de Vall, Barcelona","Vilassar de Dalt, Barcelona",7.2151
"Lliçà de Vall, Barcelona","Ripollet, Barcelona",7.5909
"Lliçà de Vall, Barcelona","Teià, Barcelona",8.4289
"Lliçà de Vall, Barcelona","Badalona, Barcelona",8.5865
"Lliçà de Vall, Barcelona","Llinars del Vallès, Barcelona",8.6276
"Lliçà de Vall, Barcelona","Cabrils, Barcelona",8.739
"Lliçà de Vall, Barcelona","Premià de Dalt, Barcelona",8.8158
"Lliçà de Vall, Barcelona","Cerdanyola del Vallès, Barcelona",9.0103
"Lliçà de Vall, Barcelona","Sant Quirze del Vallès, Barcelona",9.422
"Llinars del Vallès, Barcelona","Cardedeu, Barcelona",0
"Llinars del Vallès, Barcelona","La Roca del Vallès, Barcelona",0
"Llinars del Vallès, Barcelona","Santa Maria de Palautordera, Barcelona",0
"Llinars del Vallès, Barcelona","Les Franqueses del Vallès, Barcelona",2.9814
"Llinars del Vallès, Barcelona","Mataró, Barcelona",3.5799
"Llinars del Vallès, Barcelona","Sant Vicenç de Montalt, Barcelona",4.3989
"Llinars del Vallès, Barcelona","Granollers, Barcelona",4.8835
"Llinars del Vallès, Barcelona","Cabrils, Barcelona",6.0423
"Llinars del Vallès, Barcelona","Cabrera de Mar, Barcelona",6.2125
"Llinars del Vallès, Barcelona","Vilassar de Dalt, Barcelona",6.2989
"Llinars del Vallès, Barcelona","La Garriga, Barcelona",7.0094
"Llinars del Vallès, Barcelona","L'Ametlla del Vallès, Barcelona",7.1518
"Llinars del Vallès, Barcelona","Arenys de Mar, Barcelona",7.6454
"Llinars del Vallès, Barcelona","Montornès del Vallès, Barcelona",7.8483
"Llinars del Vallès, Barcelona","Canet de Mar, Barcelona",8.5865
"Llinars del Vallès, Barcelona","Lliçà de Vall, Barcelona",8.6276
"Llinars del Vallès, Barcelona","Premià de Dalt, Barcelona",8.7858
"Llinars del Vallès, Barcelona","Santa Eulàlia de Ronçana, Barcelona",9.0364
"Llinars del Vallès, Barcelona","Riells i Viabrea, Girona",9.3607
"Llinars del Vallès, Barcelona","Montmeló, Barcelona",9.682
"Llinars del Vallès, Barcelona","Teià, Barcelona",9.9945
"Llíria, Valencia","Benaguasil, Valencia",0
"Llíria, Valencia","La Pobla de Vallbona, Valencia",0
"Llíria, Valencia","Olocau, Valencia",0
"Llíria, Valencia","Bétera, Valencia",2.6711
"Llíria, Valencia","L'Eliana, Valencia",4.1829
"Llíria, Valencia","Náquera, Valencia",6.5609
"Llíria, Valencia","Segorbe, Castellón",7.2512
"Llíria, Valencia","Paterna, Valencia",7.8313
"Llíria, Valencia","Manises, Valencia",9.9774
"Lloret de Mar, Girona","Blanes, Girona",0
"Lloret de Mar, Girona","Tossa de Mar, Girona",0
"Lloret de Mar, Girona","Llagostera, Girona",2.1753
"Lloret de Mar, Girona","Malgrat de Mar, Barcelona",4.3629
"Lloret de Mar, Girona","Santa Susanna, Barcelona",8.5141
"Lloret de Mar, Girona","Sant Feliu de Guíxols, Girona",8.9381
"Lloret de Mar, Girona","Cassà de la Selva, Girona",9.5069
"Lloret de Vistalegre, Baleares","Algaida, Baleares",0
"Lloret de Vistalegre, Baleares","Costitx, Baleares",0
"Lloret de Vistalegre, Baleares","Montuïri, Baleares",0
"Lloret de Vistalegre, Baleares","Sant Joan, Baleares",0
"Lloret de Vistalegre, Baleares","Sencelles, Baleares",0
"Lloret de Vistalegre, Baleares","Sineu, Baleares",0
"Lloret de Vistalegre, Baleares","Inca, Baleares",2.6227
"Lloret de Vistalegre, Baleares","Petra, Baleares",3.1988
"Lloret de Vistalegre, Baleares","Llubí, Baleares",4.4825
"Lloret de Vistalegre, Baleares","Maria de la Salut, Baleares",5.3339
"Lloret de Vistalegre, Baleares","Ariany, Baleares",5.9923
"Lloret de Vistalegre, Baleares","Binissalem, Baleares",6.1504
"Lloret de Vistalegre, Baleares","Porreres, Baleares",6.2906
"Lloret de Vistalegre, Baleares","Santa Eugènia, Baleares",6.8892
"Lloret de Vistalegre, Baleares","Llucmajor, Baleares",7.9889
"Lloret de Vistalegre, Baleares","Lloseta, Baleares",8.6002
"Lloret de Vistalegre, Baleares","Consell, Baleares",9.2541
"Lloret de Vistalegre, Baleares","Palma de Mallorca, Baleares",9.2843
"Lloret de Vistalegre, Baleares","Sa Pobla, Baleares",9.5391
"Lloret de Vistalegre, Baleares","Muro, Baleares",9.6117
"Lloseta, Baleares","Alaró, Baleares",0
"Lloseta, Baleares","Binissalem, Baleares",0
"Lloseta, Baleares","Inca, Baleares",0
"Lloseta, Baleares","Mancor de la Vall, Baleares",0
"Lloseta, Baleares","Selva, Baleares",0
"Lloseta, Baleares","Sencelles, Baleares",1.9959
"Lloseta, Baleares","Bunyola, Baleares",2.1402
"Lloseta, Baleares","Escorca, Baleares",2.6417
"Lloseta, Baleares","Consell, Baleares",3.8797
"Lloseta, Baleares","Costitx, Baleares",4.6121
"Lloseta, Baleares","Santa Eugènia, Baleares",5.6237
"Lloseta, Baleares","Sóller, Baleares",6.2408
"Lloseta, Baleares","Fornalutx, Baleares",6.6028
"Lloseta, Baleares","Campanet, Baleares",7.0955
"Lloseta, Baleares","Búger, Baleares",7.1155
"Lloseta, Baleares","Sineu, Baleares",7.9401
"Lloseta, Baleares","Llubí, Baleares",8.5374
"Lloseta, Baleares","Lloret de Vistalegre, Baleares",8.6002
"Lloseta, Baleares","Sa Pobla, Baleares",8.7092
"Lloseta, Baleares","Algaida, Baleares",9.2536
"Lloseta, Baleares","Marratxí, Baleares",9.7712
"Llubí, Baleares","Muro, Baleares",0
"Llubí, Baleares","Sa Pobla, Baleares",0
"Llubí, Baleares","Santa Margalida, Baleares",0
"Llubí, Baleares","Inca, Baleares",0
"Llubí, Baleares","Maria de la Salut, Baleares",0
"Llubí, Baleares","Sineu, Baleares",0
"Llubí, Baleares","Búger, Baleares",1.2443
"Llubí, Baleares","Costitx, Baleares",1.4
"Llubí, Baleares","Sencelles, Baleares",3.6944
"Llubí, Baleares","Campanet, Baleares",3.7137
"Llubí, Baleares","Ariany, Baleares",3.7563
"Llubí, Baleares","Sant Joan, Baleares",3.8271
"Llubí, Baleares","Selva, Baleares",3.8911
"Llubí, Baleares","Lloret de Vistalegre, Baleares",4.4825
"Llubí, Baleares","Petra, Baleares",4.6921
"Llubí, Baleares","Binissalem, Baleares",6.6079
"Llubí, Baleares","Alcúdia, Baleares",7.486
"Llubí, Baleares","Montuïri, Baleares",8.0106
"Llubí, Baleares","Lloseta, Baleares",8.5374
"Llubí, Baleares","Pollença, Baleares",8.5489
"Llubí, Baleares","Mancor de la Vall, Baleares",8.6283
"Llubí, Baleares","Algaida, Baleares",8.7906
"Llucmajor, Baleares","Campos, Baleares",0
"Llucmajor, Baleares","Algaida, Baleares",0
"Llucmajor, Baleares","Montuïri, Baleares",0
"Llucmajor, Baleares","Porreres, Baleares",0
"Llucmajor, Baleares","Palma de Mallorca, Baleares",0
"Llucmajor, Baleares","Santa Eugènia, Baleares",4.1486
"Llucmajor, Baleares","Ses Salines, Baleares",6.1443
"Llucmajor, Baleares","Sencelles, Baleares",6.5854
"Llucmajor, Baleares","Sant Joan, Baleares",7.0214
"Llucmajor, Baleares","Marratxí, Baleares",7.2839
"Llucmajor, Baleares","Felanitx, Baleares",7.6425
"Llucmajor, Baleares","Lloret de Vistalegre, Baleares",7.9889
"Loiu, Vizcaya","Bilbao, Vizcaya",0
"Loiu, Vizcaya","Derio, Vizcaya",0
"Loiu, Vizcaya","Erandio, Vizcaya",0
"Loiu, Vizcaya","Zamudio, Vizcaya",0
"Loiu, Vizcaya","Barakaldo, Vizcaya",1.8296
"Loiu, Vizcaya","Leioa, Vizcaya",2.1107
"Loiu, Vizcaya","Galdakao, Vizcaya",2.5148
"Loiu, Vizcaya","Sestao, Vizcaya",2.5648
"Loiu, Vizcaya","Getxo, Vizcaya",2.9183
"Loiu, Vizcaya","Basauri, Vizcaya",3.8734
"Loiu, Vizcaya","Arrigorriaga, Vizcaya",3.9339
"Loiu, Vizcaya","Maruri-Jatabe, Vizcaya",3.9858
"Loiu, Vizcaya","Portugalete, Vizcaya",4.9769
"Loja, Granada","Huétor Tájar, Granada",0
"Loja, Granada","Priego de Córdoba, Córdoba",7.066
"Loja, Granada","Antequera, Málaga",8.2194
"Loja, Granada","Pinos Puente, Granada",9.1955
"Lora del Río, Sevilla","Palma del Río, Córdoba",0
"Lora del Río, Sevilla","Constantina, Sevilla",0
"Lora del Río, Sevilla","Carmona, Sevilla",0
"Lora del Río, Sevilla","Écija, Sevilla",6.1121
"Lora del Río, Sevilla","Tocina, Sevilla",8.7576
"Lorca, Murcia","Huércal-Overa, Almería",0
"Lorca, Murcia","Vélez-Blanco, Almería",0
"Lorca, Murcia","Águilas, Murcia",0
"Lorca, Murcia","Mazarrón, Murcia",0
"Lorca, Murcia","Totana, Murcia",0
"Lorca, Murcia","Caravaca de la Cruz, Murcia",0
"Lorca, Murcia","Cehegín, Murcia",0
"Lorca, Murcia","Bullas, Murcia",2.4455
"Lorca, Murcia","Alhama de Murcia, Murcia",9.0966
"Los Alcázares, Murcia","Cartagena, Murcia",0
"Los Alcázares, Murcia","San Javier, Murcia",0
"Los Alcázares, Murcia","Torre-Pacheco, Murcia",0
"Los Alcázares, Murcia","La Unión, Murcia",8.3238
"Los Alcázares, Murcia","Murcia, Murcia",8.9938
"Los Alcázares, Murcia","Pilar de la Horadada, Alicante",9.2213
"Los Altos, Burgos","Valderredible, Cantabria",7.0274
"Los Barrios, Cádiz","Algeciras, Cádiz",0
"Los Barrios, Cádiz","San Roque, Cádiz",0
"Los Barrios, Cádiz","Tarifa, Cádiz",0
"Los Barrios, Cádiz","La Línea de la Concepción, Cádiz",3.946
"Los Barrios, Cádiz","Benalup-Casas Viejas, Cádiz",5.2716
"Los Barrios, Cádiz","Barbate, Cádiz",7.9444
"Los Corrales de Buelna, Cantabria","Arenas de Iguña, Cantabria",0
"Los Corrales de Buelna, Cantabria","Torrelavega, Cantabria",0
"Los Llanos de Aridane, Santa Cruz de Tenerife","Santa Cruz de la Palma, Santa Cruz de Tenerife",6.2615
"Los Molinos, Madrid","Cercedilla, Madrid",0
"Los Molinos, Madrid","Guadarrama, Madrid",0
"Los Molinos, Madrid","Alpedrete, Madrid",4.0095
"Los Molinos, Madrid","San Lorenzo de El Escorial, Madrid",5.1971
"Los Molinos, Madrid","Collado Villalba, Madrid",5.8787
"Los Molinos, Madrid","El Escorial, Madrid",7.0044
"Los Molinos, Madrid","Galapagar, Madrid",8.1428
"Los Molinos, Madrid","Manzanares el Real, Madrid",8.4042
"Los Montesinos, Alicante","Orihuela, Alicante",0
"Los Montesinos, Alicante","San Miguel de Salinas, Alicante",0
"Los Montesinos, Alicante","Torrevieja, Alicante",0
"Los Montesinos, Alicante","Almoradí, Alicante",0.3608
"Los Montesinos, Alicante","Guardamar del Segura, Alicante",2.8935
"Los Montesinos, Alicante","Dolores, Alicante",5.6789
"Los Montesinos, Alicante","San Fulgencio, Alicante",6.1465
"Los Montesinos, Alicante","Rafal, Alicante",6.8636
"Los Montesinos, Alicante","Catral, Alicante",7.8829
"Los Montesinos, Alicante","Callosa de Segura, Alicante",8.3012
"Los Montesinos, Alicante","Pilar de la Horadada, Alicante",8.5645
"Los Montesinos, Alicante","Elche, Alicante",8.9112
"Los Montesinos, Alicante","Redován, Alicante",9.4715
"Los Palacios y Villafranca, Sevilla","Alcalá de Guadaíra, Sevilla",0
"Los Palacios y Villafranca, Sevilla","Utrera, Sevilla",0
"Los Palacios y Villafranca, Sevilla","Dos Hermanas, Sevilla",0
"Los Palacios y Villafranca, Sevilla","Coria del Río, Sevilla",3.8085
"Los Realejos, Santa Cruz de Tenerife","La Orotava, Santa Cruz de Tenerife",0
"Los Realejos, Santa Cruz de Tenerife","Puerto de la Cruz, Santa Cruz de Tenerife",0
"Los Realejos, Santa Cruz de Tenerife","Icod de los Vinos, Santa Cruz de Tenerife",3.39
"Los Realejos, Santa Cruz de Tenerife","Granadilla de Abona, Santa Cruz de Tenerife",8.2304
"Los Realejos, Santa Cruz de Tenerife","Santiago del Teide, Santa Cruz de Tenerife",9.0832
"Los Realejos, Santa Cruz de Tenerife","La Matanza de Acentejo, Santa Cruz de Tenerife",9.8265
"Lucena, Córdoba","Aguilar de la Frontera, Córdoba",0
"Lucena, Córdoba","Cabra, Córdoba",0
"Lucena, Córdoba","Casariche, Sevilla",2.8423
"Lucena, Córdoba","Puente Genil, Córdoba",3.1396
"Lucena, Córdoba","Mollina, Málaga",5.0182
"Lucena, Córdoba","Antequera, Málaga",5.0618
"Lucena, Córdoba","Montilla, Córdoba",5.5733
"Lucena, Córdoba","Priego de Córdoba, Córdoba",8.3458
"Lucena, Córdoba","Estepa, Sevilla",8.6835
"Lugo, Lugo","Castroverde, Lugo",0
"Lugo, Lugo","Friol, Lugo",0
"Lugo, Lugo","Outeiro de Rei, Lugo",0
"Lugo, Lugo","Pol, Lugo",1.1229
"Lugo, Lugo","Portomarín, Lugo",4.7862
"Lugo, Lugo","Monterroso, Lugo",6.6519
"Lugo, Lugo","Láncara, Lugo",6.9429
"Lugo, Lugo","Sarria, Lugo",8.7954
"Macael, Almería","Arboleas, Almería",9.8915
"Madrid, Madrid","Alcobendas, Madrid",0
"Madrid, Madrid","Alcorcón, Madrid",0
"Madrid, Madrid","Colmenar Viejo, Madrid",0
"Madrid, Madrid","Coslada, Madrid",0
"Madrid, Madrid","Getafe, Madrid",0
"Madrid, Madrid","Las Rozas de Madrid, Madrid",0
"Madrid, Madrid","Leganés, Madrid",0
"Madrid, Madrid","Majadahonda, Madrid",0
"Madrid, Madrid","Paracuellos de Jarama, Madrid",0
"Madrid, Madrid","Pozuelo de Alarcón, Madrid",0
"Madrid, Madrid","Rivas-Vaciamadrid, Madrid",0
"Madrid, Madrid","San Fernando de Henares, Madrid",0
"Madrid, Madrid","San Sebastián de los Reyes, Madrid",0
"Madrid, Madrid","Tres Cantos, Madrid",0
"Madrid, Madrid","Torrelodones, Madrid",0
"Madrid, Madrid","Boadilla del Monte, Madrid",0.577
"Madrid, Madrid","Mejorada del Campo, Madrid",0.8884
"Madrid, Madrid","Torrejón de Ardoz, Madrid",2.2765
"Madrid, Madrid","Velilla de San Antonio, Madrid",2.3364
"Madrid, Madrid","Algete, Madrid",2.4814
"Madrid, Madrid","San Martín de la Vega, Madrid",2.7487
"Madrid, Madrid","Pinto, Madrid",3.3151
"Madrid, Madrid","Villaviciosa de Odón, Madrid",3.4392
"Madrid, Madrid","Fuenlabrada, Madrid",4.0733
"Madrid, Madrid","Ajalvir, Madrid",4.4405
"Madrid, Madrid","Móstoles, Madrid",4.7037
"Madrid, Madrid","Galapagar, Madrid",5.1241
"Madrid, Madrid","Arganda del Rey, Madrid",5.2624
"Madrid, Madrid","Alcalá de Henares, Madrid",6.8027
"Madrid, Madrid","Villanueva del Pardillo, Madrid",6.8028
"Madrid, Madrid","Manzanares el Real, Madrid",7.4137
"Madrid, Madrid","Villanueva de la Cañada, Madrid",7.7621
"Madrid, Madrid","Parla, Madrid",8.1192
"Madrid, Madrid","Collado Villalba, Madrid",8.2169
"Madrid, Madrid","Torres de la Alameda, Madrid",8.4615
"Madrid, Madrid","Morata de Tajuña, Madrid",9.2747
"Madrid, Madrid","Humanes de Madrid, Madrid",9.29
"Madrid, Madrid","Brunete, Madrid",9.3487
"Madrid, Madrid","Colmenarejo, Madrid",9.4011
"Madrid, Madrid","Arroyomolinos, Madrid",9.7724
"Madrid, Madrid","Valdemoro, Madrid",9.839
"Madrid, Madrid","Villalbilla, Madrid",9.9811
"Madridejos, Toledo","Villarrubia de los Ojos, Ciudad Real",0
"Madridejos, Toledo","Consuegra, Toledo",0
"Madridejos, Toledo","Tembleque, Toledo",0
"Mahón, Baleares","Es Mercadal, Baleares",0
"Mahón, Baleares","Alaior, Baleares",0
"Mahón, Baleares","Es Castell, Baleares",0
"Mahón, Baleares","Sant Lluís, Baleares",0
"Mairena del Alcor, Sevilla","Alcalá de Guadaíra, Sevilla",0
"Mairena del Alcor, Sevilla","Carmona, Sevilla",0
"Mairena del Alcor, Sevilla","El Viso del Alcor, Sevilla",0
"Mairena del Alcor, Sevilla","Sevilla, Sevilla",0.9535
"Mairena del Alcor, Sevilla","La Rinconada, Sevilla",1.5836
"Mairena del Alcor, Sevilla","Utrera, Sevilla",5.8125
"Mairena del Alcor, Sevilla","Arahal, Sevilla",7.7164
"Mairena del Aljarafe, Sevilla","San Juan de Aznalfarache, Sevilla",0
"Mairena del Aljarafe, Sevilla","Bormujos, Sevilla",0
"Mairena del Aljarafe, Sevilla","Gelves, Sevilla",0
"Mairena del Aljarafe, Sevilla","Palomares del Río, Sevilla",0
"Mairena del Aljarafe, Sevilla","Tomares, Sevilla",0
"Mairena del Aljarafe, Sevilla","Sevilla, Sevilla",0.8169
"Mairena del Aljarafe, Sevilla","Coria del Río, Sevilla",1.658
"Mairena del Aljarafe, Sevilla","Camas, Sevilla",2.2419
"Mairena del Aljarafe, Sevilla","Espartinas, Sevilla",2.2866
"Mairena del Aljarafe, Sevilla","Dos Hermanas, Sevilla",2.339
"Mairena del Aljarafe, Sevilla","Valencina de la Concepción, Sevilla",3.5774
"Mairena del Aljarafe, Sevilla","Umbrete, Sevilla",3.8197
"Mairena del Aljarafe, Sevilla","Sanlúcar la Mayor, Sevilla",5.6749
"Mairena del Aljarafe, Sevilla","Santiponce, Sevilla",6.5258
"Mairena del Aljarafe, Sevilla","Alcalá de Guadaíra, Sevilla",7.6341
"Mairena del Aljarafe, Sevilla","Olivares, Sevilla",8.5732
"Mairena del Aljarafe, Sevilla","La Algaba, Sevilla",9.4119
"Mairena del Aljarafe, Sevilla","La Rinconada, Sevilla",9.8476
"Majadahonda, Madrid","Boadilla del Monte, Madrid",0
"Majadahonda, Madrid","Las Rozas de Madrid, Madrid",0
"Majadahonda, Madrid","Madrid, Madrid",0
"Majadahonda, Madrid","Pozuelo de Alarcón, Madrid",0
"Majadahonda, Madrid","Villanueva de la Cañada, Madrid",0
"Majadahonda, Madrid","Villanueva del Pardillo, Madrid",0
"Majadahonda, Madrid","Galapagar, Madrid",1.0834
"Majadahonda, Madrid","Villaviciosa de Odón, Madrid",3.2652
"Majadahonda, Madrid","Brunete, Madrid",3.5656
"Majadahonda, Madrid","Valdemorillo, Madrid",4.4814
"Majadahonda, Madrid","Colmenarejo, Madrid",4.5993
"Majadahonda, Madrid","Alcorcón, Madrid",4.9063
"Majadahonda, Madrid","Torrelodones, Madrid",5.4356
"Majadahonda, Madrid","Quijorna, Madrid",7.3339
"Málaga, Málaga","Rincón de la Victoria, Málaga",0
"Málaga, Málaga","Alhaurín de la Torre, Málaga",0
"Málaga, Málaga","Torremolinos, Málaga",0
"Málaga, Málaga","Benalmádena, Málaga",2.3564
"Málaga, Málaga","Antequera, Málaga",2.6689
"Málaga, Málaga","Vélez-Málaga, Málaga",4.4228
"Málaga, Málaga","Alhaurín el Grande, Málaga",6.3936
"Málaga, Málaga","Fuengirola, Málaga",7.8338
"Malgrat de Mar, Barcelona","Santa Susanna, Barcelona",0
"Malgrat de Mar, Barcelona","Blanes, Girona",0
"Malgrat de Mar, Barcelona","Pineda de Mar, Barcelona",2.0409
"Malgrat de Mar, Barcelona","Lloret de Mar, Girona",4.3629
"Malgrat de Mar, Barcelona","Calella, Barcelona",5.2029
"Malgrat de Mar, Barcelona","Sant Cebrià de Vallalta, Barcelona",7.1614
"Malgrat de Mar, Barcelona","Sant Pol de Mar, Barcelona",7.2457
"Malpica de Bergantiños, A Coruña","Carballo, A Coruña",0
"Malpica de Bergantiños, A Coruña","Cabana de Bergantiños, A Coruña",3.9034
"Malpica de Bergantiños, A Coruña","A Laracha, A Coruña",5.6727
"Manacor, Baleares","Sant Llorenç des Cardassar, Baleares",0
"Manacor, Baleares","Felanitx, Baleares",0
"Manacor, Baleares","Petra, Baleares",0
"Manacor, Baleares","Santa Margalida, Baleares",0.7678
"Manacor, Baleares","Ariany, Baleares",0.9708
"Manacor, Baleares","Artà, Baleares",1.0339
"Manacor, Baleares","Porreres, Baleares",1.7217
"Manacor, Baleares","Maria de la Salut, Baleares",2.6924
"Manacor, Baleares","Son Servera, Baleares",2.9523
"Manacor, Baleares","Sant Joan, Baleares",4.2346
"Manacor, Baleares","Santanyí, Baleares",5.1647
"Manacor, Baleares","Sineu, Baleares",6.1559
"Manacor, Baleares","Montuïri, Baleares",7.082
"Manacor, Baleares","Campos, Baleares",7.9399
"Manacor, Baleares","Capdepera, Baleares",9.4134
"Mancha Real, Jaén","Jaén, Jaén",0
"Mancha Real, Jaén","Baeza, Jaén",0
"Mancha Real, Jaén","Linares, Jaén",7.555
"Mancor de la Vall, Baleares","Escorca, Baleares",0
"Mancor de la Vall, Baleares","Alaró, Baleares",0
"Mancor de la Vall, Baleares","Lloseta, Baleares",0
"Mancor de la Vall, Baleares","Selva, Baleares",0
"Mancor de la Vall, Baleares","Inca, Baleares",0.6917
"Mancor de la Vall, Baleares","Binissalem, Baleares",2.3699
"Mancor de la Vall, Baleares","Bunyola, Baleares",2.9772
"Mancor de la Vall, Baleares","Campanet, Baleares",4.2591
"Mancor de la Vall, Baleares","Fornalutx, Baleares",5.4324
"Mancor de la Vall, Baleares","Consell, Baleares",5.9385
"Mancor de la Vall, Baleares","Búger, Baleares",5.9478
"Mancor de la Vall, Baleares","Sencelles, Baleares",6.284
"Mancor de la Vall, Baleares","Sóller, Baleares",6.5461
"Mancor de la Vall, Baleares","Pollença, Baleares",7.8159
"Mancor de la Vall, Baleares","Sa Pobla, Baleares",8.0706
"Mancor de la Vall, Baleares","Costitx, Baleares",8.5579
"Mancor de la Vall, Baleares","Llubí, Baleares",8.6283
"Mancor de la Vall, Baleares","Santa Eugènia, Baleares",9.2574
"Mancor de la Vall, Baleares","Sineu, Baleares",9.5869
"Manilva, Málaga","San Roque, Cádiz",0
"Manilva, Málaga","Estepona, Málaga",1.9429
"Manises, Valencia","Paterna, Valencia",0
"Manises, Valencia","Aldaia, Valencia",0.762
"Manises, Valencia","Valencia, Valencia",1.7458
"Manises, Valencia","Mislata, Valencia",1.9359
"Manises, Valencia","L'Eliana, Valencia",1.9706
"Manises, Valencia","Chiva, Valencia",2.7013
"Manises, Valencia","Alaquàs, Valencia",2.7476
"Manises, Valencia","Burjassot, Valencia",2.7647
"Manises, Valencia","Torrent, Valencia",3.9299
"Manises, Valencia","Bétera, Valencia",4.5458
"Manises, Valencia","La Pobla de Vallbona, Valencia",5.2275
"Manises, Valencia","Paiporta, Valencia",6.0324
"Manises, Valencia","Moncada, Valencia",6.075
"Manises, Valencia","Benaguasil, Valencia",6.6573
"Manises, Valencia","Alfafar, Valencia",7.503
"Manises, Valencia","Alboraya, Valencia",7.6107
"Manises, Valencia","Catarroja, Valencia",7.6526
"Manises, Valencia","Foios, Valencia",8.3149
"Manises, Valencia","Massanassa, Valencia",8.6011
"Manises, Valencia","Godelleta, Valencia",8.9593
"Manises, Valencia","Albal, Valencia",9.0883
"Manises, Valencia","Alcàsser, Valencia",9.1138
"Manises, Valencia","Picassent, Valencia",9.3618
"Manises, Valencia","Albalat dels Sorells, Valencia",9.9586
"Manises, Valencia","Llíria, Valencia",9.9774
"Manlleu, Barcelona","Gurb, Barcelona",0
"Manlleu, Barcelona","Torelló, Barcelona",0
"Manlleu, Barcelona","Vic, Barcelona",2.7543
"Manresa, Barcelona","Santpedor, Barcelona",0.6313
"Manresa, Barcelona","Artés, Barcelona",5.0942
"Manresa, Barcelona","Súria, Barcelona",6.6318
"Manresa, Barcelona","Vacarisses, Barcelona",7.2471
"Manresa, Barcelona","Terrassa, Barcelona",9.4058
"Manzanares el Real, Madrid","Soto del Real, Madrid",0
"Manzanares el Real, Madrid","Colmenar Viejo, Madrid",0
"Manzanares el Real, Madrid","Miraflores de la Sierra, Madrid",0.8474
"Manzanares el Real, Madrid","Collado Villalba, Madrid",1.7188
"Manzanares el Real, Madrid","Galapagar, Madrid",3.3111
"Manzanares el Real, Madrid","Cercedilla, Madrid",3.5263
"Manzanares el Real, Madrid","Alpedrete, Madrid",5.4626
"Manzanares el Real, Madrid","Torrelodones, Madrid",6.1289
"Manzanares el Real, Madrid","Madrid, Madrid",7.4137
"Manzanares el Real, Madrid","Tres Cantos, Madrid",7.5665
"Manzanares el Real, Madrid","Los Molinos, Madrid",8.4042
"Manzanares el Real, Madrid","Guadarrama, Madrid",8.6096
"Manzanares el Real, Madrid","Las Rozas de Madrid, Madrid",8.7432
"Manzanares el Real, Madrid","San Lorenzo de El Escorial, Madrid",8.9976
"Manzanares el Real, Madrid","El Escorial, Madrid",9.265
"Manzanares, Ciudad Real","Alcázar de San Juan, Ciudad Real",0
"Manzanares, Ciudad Real","Daimiel, Ciudad Real",0
"Manzanares, Ciudad Real","La Solana, Ciudad Real",0
"Manzanares, Ciudad Real","Valdepeñas, Ciudad Real",0
"Manzanares, Ciudad Real","Almagro, Ciudad Real",0
"Manzanares, Ciudad Real","Bolaños de Calatrava, Ciudad Real",1.6723
"Manzanares, Ciudad Real","Villarrubia de los Ojos, Ciudad Real",4.8347
"Maracena, Granada","Atarfe, Granada",0
"Maracena, Granada","Granada, Granada",0
"Maracena, Granada","Peligros, Granada",0
"Maracena, Granada","Churriana de la Vega, Granada",3.7979
"Maracena, Granada","Pinos Puente, Granada",3.9042
"Maracena, Granada","Armilla, Granada",4.4888
"Maracena, Granada","Las Gabias, Granada",5.5046
"Maracena, Granada","Fuente Vaqueros, Granada",5.5492
"Maracena, Granada","Alhendín, Granada",6.8471
"Maracena, Granada","La Zubia, Granada",7.2914
"Maracena, Granada","Chauchina, Granada",8.1538
"Maracena, Granada","Gójar, Granada",9.7014
"Marbella, Málaga","Estepona, Málaga",0
"Marbella, Málaga","Coín, Málaga",5.0436
"Marbella, Málaga","Alhaurín el Grande, Málaga",7.7887
"Marbella, Málaga","Fuengirola, Málaga",8.4838
"Marchamalo, Guadalajara","Guadalajara, Guadalajara",0
"Marchamalo, Guadalajara","Torrejón del Rey, Guadalajara",0.8635
"Marchamalo, Guadalajara","Valdeavero, Madrid",2.4871
"Marchamalo, Guadalajara","Villanueva de la Torre, Guadalajara",4.8604
"Marchamalo, Guadalajara","Meco, Madrid",6.8708
"Marchamalo, Guadalajara","Azuqueca de Henares, Guadalajara",7.4612
"Marchamalo, Guadalajara","Camarma de Esteruelas, Madrid",7.6343
"Marchena, Sevilla","Carmona, Sevilla",0
"Marchena, Sevilla","Écija, Sevilla",0
"Marchena, Sevilla","Osuna, Sevilla",0
"Marchena, Sevilla","La Puebla de Cazalla, Sevilla",0
"Marchena, Sevilla","Morón de la Frontera, Sevilla",0
"Marchena, Sevilla","Arahal, Sevilla",0.3742
"Maria de la Salut, Baleares","Muro, Baleares",0
"Maria de la Salut, Baleares","Santa Margalida, Baleares",0
"Maria de la Salut, Baleares","Ariany, Baleares",0
"Maria de la Salut, Baleares","Llubí, Baleares",0
"Maria de la Salut, Baleares","Sineu, Baleares",0
"Maria de la Salut, Baleares","Petra, Baleares",1.2201
"Maria de la Salut, Baleares","Manacor, Baleares",2.6924
"Maria de la Salut, Baleares","Sant Joan, Baleares",3.4
"Maria de la Salut, Baleares","Artà, Baleares",4.8544
"Maria de la Salut, Baleares","Sa Pobla, Baleares",5.1984
"Maria de la Salut, Baleares","Lloret de Vistalegre, Baleares",5.3339
"Maria de la Salut, Baleares","Costitx, Baleares",5.3629
"Maria de la Salut, Baleares","Inca, Baleares",5.4259
"Maria de la Salut, Baleares","Sant Llorenç des Cardassar, Baleares",6.6892
"Maria de la Salut, Baleares","Sencelles, Baleares",7.6039
"Maria de la Salut, Baleares","Búger, Baleares",7.7276
"Maria de la Salut, Baleares","Montuïri, Baleares",7.9952
"Maria de la Salut, Baleares","Algaida, Baleares",9.4487
"Maria de la Salut, Baleares","Campanet, Baleares",9.7291
"Marratxí, Baleares","Bunyola, Baleares",0
"Marratxí, Baleares","Palma de Mallorca, Baleares",0
"Marratxí, Baleares","Santa Eugènia, Baleares",0.8023
"Marratxí, Baleares","Esporles, Baleares",2.4125
"Marratxí, Baleares","Valldemossa, Baleares",2.596
"Marratxí, Baleares","Consell, Baleares",2.9069
"Marratxí, Baleares","Alaró, Baleares",3.248
"Marratxí, Baleares","Sencelles, Baleares",4.341
"Marratxí, Baleares","Algaida, Baleares",4.5522
"Marratxí, Baleares","Binissalem, Baleares",5.7561
"Marratxí, Baleares","Puigpunyent, Baleares",6.7728
"Marratxí, Baleares","Calvià, Baleares",7.028
"Marratxí, Baleares","Llucmajor, Baleares",7.2839
"Marratxí, Baleares","Sóller, Baleares",8.7096
"Marratxí, Baleares","Lloseta, Baleares",9.7712
"Marratxí, Baleares","Escorca, Baleares",9.8696
"Martorell, Barcelona","Castellbisbal, Barcelona",0
"Martorell, Barcelona","Sant Andreu de la Barca, Barcelona",0
"Martorell, Barcelona","Sant Llorenç d'Hortons, Barcelona",2.062
"Martorell, Barcelona","Corbera de Llobregat, Barcelona",2.1349
"Martorell, Barcelona","Esparreguera, Barcelona",2.296
"Martorell, Barcelona","Olesa de Montserrat, Barcelona",3.2818
"Martorell, Barcelona","Rubí, Barcelona",3.7257
"Martorell, Barcelona","Masquefa, Barcelona",3.7734
"Martorell, Barcelona","Sant Cugat del Vallès, Barcelona",3.8315
"Martorell, Barcelona","Cervelló, Barcelona",4.7228
"Martorell, Barcelona","Terrassa, Barcelona",5.4541
"Martorell, Barcelona","Molins de Rei, Barcelona",6.3206
"Martorell, Barcelona","Vallirana, Barcelona",6.4769
"Martorell, Barcelona","Sant Vicenç dels Horts, Barcelona",6.798
"Martorell, Barcelona","Vacarisses, Barcelona",7.591
"Martorell, Barcelona","Sant Sadurní d'Anoia, Barcelona",7.7559
"Martorell, Barcelona","Sant Quirze del Vallès, Barcelona",8.2181
"Martorell, Barcelona","Barcelona, Barcelona",9.2212
"Martorell, Barcelona","Sant Feliu de Llobregat, Barcelona",9.585
"Martos, Jaén","Baena, Córdoba",0
"Martos, Jaén","Torredonjimeno, Jaén",0
"Martos, Jaén","Alcalá la Real, Jaén",4.183
"Martos, Jaén","Jaén, Jaén",4.1846
"Maruri-Jatabe, Vizcaya","Bermeo, Vizcaya",3.8145
"Maruri-Jatabe, Vizcaya","Loiu, Vizcaya",3.9858
"Maruri-Jatabe, Vizcaya","Derio, Vizcaya",5.2171
"Maruri-Jatabe, Vizcaya","Erandio, Vizcaya",5.2948
"Maruri-Jatabe, Vizcaya","Zamudio, Vizcaya",6.0671
"Maruri-Jatabe, Vizcaya","Getxo, Vizcaya",6.9505
"Maruri-Jatabe, Vizcaya","Leioa, Vizcaya",7.3715
"Masllorenç, Tarragona","Albinyana, Tarragona",0
"Masllorenç, Tarragona","Montferri, Tarragona",0
"Masllorenç, Tarragona","Vilabella, Tarragona",3.5389
"Masllorenç, Tarragona","Bràfim, Tarragona",3.8808
"Masllorenç, Tarragona","El Vendrell, Tarragona",4.0871
"Masllorenç, Tarragona","Creixell, Tarragona",4.4353
"Masllorenç, Tarragona","La Pobla de Montornès, Tarragona",4.6823
"Masllorenç, Tarragona","Vespella de Gaià, Tarragona",4.8339
"Masllorenç, Tarragona","Alió, Tarragona",5.0052
"Masllorenç, Tarragona","La Nou de Gaià, Tarragona",6.32
"Masllorenç, Tarragona","Renau, Tarragona",7.1687
"Masllorenç, Tarragona","El Catllar, Tarragona",9.2016
"Masllorenç, Tarragona","Altafulla, Tarragona",9.6071
"Masquefa, Barcelona","Sant Llorenç d'Hortons, Barcelona",0
"Masquefa, Barcelona","Sant Sadurní d'Anoia, Barcelona",0.7412
"Masquefa, Barcelona","Esparreguera, Barcelona",1.3193
"Masquefa, Barcelona","Martorell, Barcelona",3.7734
"Masquefa, Barcelona","Olesa de Montserrat, Barcelona",4.656
"Masquefa, Barcelona","Castellbisbal, Barcelona",6.4964
"Masquefa, Barcelona","Corbera de Llobregat, Barcelona",8.009
"Masquefa, Barcelona","Vacarisses, Barcelona",8.3963
"Masquefa, Barcelona","Cervelló, Barcelona",9.6225
"Masquefa, Barcelona","Sant Andreu de la Barca, Barcelona",9.9264
"Massamagrell, Valencia","La Pobla de Farnals, Valencia",0
"Massamagrell, Valencia","Valencia, Valencia",0
"Massamagrell, Valencia","Náquera, Valencia",0.66
"Massamagrell, Valencia","Moncada, Valencia",1.3908
"Massamagrell, Valencia","Albalat dels Sorells, Valencia",1.6071
"Massamagrell, Valencia","Foios, Valencia",2.4191
"Massamagrell, Valencia","Bétera, Valencia",2.9115
"Massamagrell, Valencia","Puçol, Valencia",3.0093
"Massamagrell, Valencia","Sagunto, Valencia",3.4267
"Massamagrell, Valencia","Alboraya, Valencia",4.9128
"Massamagrell, Valencia","Burjassot, Valencia",8.197
"Massamagrell, Valencia","Paterna, Valencia",8.6866
"Massanassa, Valencia","Alfafar, Valencia",0
"Massanassa, Valencia","Catarroja, Valencia",0
"Massanassa, Valencia","Paiporta, Valencia",0
"Massanassa, Valencia","Valencia, Valencia",0
"Massanassa, Valencia","Albal, Valencia",0.8955
"Massanassa, Valencia","Silla, Valencia",1.1012
"Massanassa, Valencia","Beniparrell, Valencia",1.9107
"Massanassa, Valencia","Torrent, Valencia",2.5186
"Massanassa, Valencia","Alcàsser, Valencia",3.8103
"Massanassa, Valencia","Picassent, Valencia",5.2828
"Massanassa, Valencia","Sollana, Valencia",5.4694
"Massanassa, Valencia","Alaquàs, Valencia",5.5214
"Massanassa, Valencia","Sueca, Valencia",5.6585
"Massanassa, Valencia","Mislata, Valencia",6.0053
"Massanassa, Valencia","Aldaia, Valencia",6.2113
"Massanassa, Valencia","Almussafes, Valencia",6.9239
"Massanassa, Valencia","Paterna, Valencia",8.1823
"Massanassa, Valencia","Manises, Valencia",8.6011
"Massanassa, Valencia","Alboraya, Valencia",9.0777
"Massanassa, Valencia","Burjassot, Valencia",9.1392
"Matadepera, Barcelona","Castellar del Vallès, Barcelona",0
"Matadepera, Barcelona","Terrassa, Barcelona",0
"Matadepera, Barcelona","Vacarisses, Barcelona",0.4108
"Matadepera, Barcelona","Sabadell, Barcelona",1.5522
"Matadepera, Barcelona","Caldes de Montbui, Barcelona",4.6356
"Matadepera, Barcelona","Sant Quirze del Vallès, Barcelona",6.2529
"Matadepera, Barcelona","Rubí, Barcelona",6.2841
"Matadepera, Barcelona","Olesa de Montserrat, Barcelona",7.466
"Matadepera, Barcelona","Polinyà, Barcelona",7.5488
"Matadepera, Barcelona","Sant Cugat del Vallès, Barcelona",8.703
"Matadepera, Barcelona","Esparreguera, Barcelona",8.7191
"Matadepera, Barcelona","Castellbisbal, Barcelona",8.8676
"Mataró, Barcelona","Cabrera de Mar, Barcelona",0
"Mataró, Barcelona","Sant Vicenç de Montalt, Barcelona",1.5385
"Mataró, Barcelona","Cabrils, Barcelona",2.7272
"Mataró, Barcelona","La Roca del Vallès, Barcelona",3.5799
"Mataró, Barcelona","Llinars del Vallès, Barcelona",3.5799
"Mataró, Barcelona","Vilassar de Dalt, Barcelona",3.7618
"Mataró, Barcelona","Arenys de Mar, Barcelona",3.9862
"Mataró, Barcelona","Premià de Dalt, Barcelona",4.9624
"Mataró, Barcelona","Cardedeu, Barcelona",6.6245
"Mataró, Barcelona","El Masnou, Barcelona",7.5284
"Mataró, Barcelona","Teià, Barcelona",7.5328
"Mataró, Barcelona","Canet de Mar, Barcelona",7.6665
"Mataró, Barcelona","Santa Maria de Palautordera, Barcelona",8.1882
"Mataró, Barcelona","Les Franqueses del Vallès, Barcelona",9.0243
"Mataró, Barcelona","Montornès del Vallès, Barcelona",9.1712
"Mataró, Barcelona","Sant Cebrià de Vallalta, Barcelona",9.7941
"Mataró, Barcelona","Sant Pol de Mar, Barcelona",9.909
"Mazaricos, A Coruña","Santa Comba, A Coruña",0
"Mazaricos, A Coruña","Zas, A Coruña",0
"Mazaricos, A Coruña","Noia, A Coruña",7.1771
"Mazaricos, A Coruña","Muxía, A Coruña",8.8966
"Mazaricos, A Coruña","Fisterra, A Coruña",9.7624
"Mazarrón, Murcia","Lorca, Murcia",0
"Mazarrón, Murcia","Alhama de Murcia, Murcia",0
"Mazarrón, Murcia","Totana, Murcia",0
"Mazarrón, Murcia","Cartagena, Murcia",0
"Mazarrón, Murcia","Águilas, Murcia",5.4871
"Meco, Madrid","Azuqueca de Henares, Guadalajara",0
"Meco, Madrid","Villanueva de la Torre, Guadalajara",0
"Meco, Madrid","Alcalá de Henares, Madrid",0
"Meco, Madrid","Camarma de Esteruelas, Madrid",0
"Meco, Madrid","Valdeavero, Madrid",0
"Meco, Madrid","Torrejón del Rey, Guadalajara",4.0384
"Meco, Madrid","Villalbilla, Madrid",5.4981
"Meco, Madrid","Guadalajara, Guadalajara",6.0285
"Meco, Madrid","Marchamalo, Guadalajara",6.8708
"Meco, Madrid","Torrejón de Ardoz, Madrid",7.0901
"Meco, Madrid","Ajalvir, Madrid",7.5245
"Meco, Madrid","Algete, Madrid",9.0969
"Meco, Madrid","Torres de la Alameda, Madrid",9.8402
"Meco, Madrid","Pioz, Guadalajara",9.9388
"Medina de Pomar, Burgos","Junta de Traslaloma, Burgos",0
"Medina de Pomar, Burgos","Valle de Mena, Burgos",3.8338
"Medina del Campo, Valladolid","Salvador de Zapardiel, Valladolid",5.6792
"Meira, Lugo","Pol, Lugo",0
"Meira, Lugo","A Fonsagrada, Lugo",1.9441
"Meira, Lugo","Castroverde, Lugo",7.7011
"Meis, Pontevedra","Vilanova de Arousa, Pontevedra",0
"Meis, Pontevedra","Pontevedra, Pontevedra",0.0999
"Meis, Pontevedra","Vilagarcía de Arousa, Pontevedra",0.8826
"Meis, Pontevedra","Cambados, Pontevedra",1.2539
"Meis, Pontevedra","Sanxenxo, Pontevedra",2.1988
"Meis, Pontevedra","O Grove, Pontevedra",5.2974
"Meis, Pontevedra","Campo Lameiro, Pontevedra",6.0861
"Meis, Pontevedra","Cuntis, Pontevedra",8.1852
"Mejorada del Campo, Madrid","Rivas-Vaciamadrid, Madrid",0
"Mejorada del Campo, Madrid","San Fernando de Henares, Madrid",0
"Mejorada del Campo, Madrid","Velilla de San Antonio, Madrid",0
"Mejorada del Campo, Madrid","Madrid, Madrid",0.8884
"Mejorada del Campo, Madrid","Torrejón de Ardoz, Madrid",1.8089
"Mejorada del Campo, Madrid","Alcalá de Henares, Madrid",2.6492
"Mejorada del Campo, Madrid","Torres de la Alameda, Madrid",2.7842
"Mejorada del Campo, Madrid","Coslada, Madrid",3.521
"Mejorada del Campo, Madrid","Arganda del Rey, Madrid",4.5985
"Mejorada del Campo, Madrid","Villalbilla, Madrid",4.8379
"Mejorada del Campo, Madrid","Paracuellos de Jarama, Madrid",6.6437
"Mejorada del Campo, Madrid","Ajalvir, Madrid",8.0502
"Mejorada del Campo, Madrid","San Martín de la Vega, Madrid",9.3986
"Mejorada del Campo, Madrid","Getafe, Madrid",9.5084
"Melide, A Coruña","Arzúa, A Coruña",0
"Melide, A Coruña","Antas de Ulla, Lugo",4.4928
"Melide, A Coruña","Friol, Lugo",6.7972
"Melide, A Coruña","Monterroso, Lugo",7.2774
"Mengíbar, Jaén","Jaén, Jaén",0
"Mengíbar, Jaén","Bailén, Jaén",2.2518
"Mengíbar, Jaén","Linares, Jaén",4.6554
"Mengíbar, Jaén","Andújar, Jaén",9.1878
"Méntrida, Toledo","Villamanta, Madrid",0
"Méntrida, Toledo","Villamantilla, Madrid",2.8822
"Méntrida, Toledo","Navalcarnero, Madrid",5.2239
"Méntrida, Toledo","El Álamo, Madrid",8.4532
"Méntrida, Toledo","Sevilla la Nueva, Madrid",9.9509
"Mérida, Badajoz","Almendralejo, Badajoz",0
"Mérida, Badajoz","Cáceres, Cáceres",0
"Mérida, Badajoz","Montánchez, Cáceres",0
"Mérida, Badajoz","Badajoz, Badajoz",0
"Mérida, Badajoz","Don Benito, Badajoz",2.4177
"Mieres, Asturias","Aller, Asturias",0
"Mieres, Asturias","Lena, Asturias",0
"Mieres, Asturias","Langreo, Asturias",0
"Mieres, Asturias","San Martín del Rey Aurelio, Asturias",0
"Mieres, Asturias","Morcín, Asturias",0
"Mieres, Asturias","Oviedo, Asturias",0
"Mieres, Asturias","Quirós, Asturias",4.8607
"Mieres, Asturias","Siero, Asturias",5.1216
"Mieres, Asturias","Bimenes, Asturias",9.5926
"Miguelturra, Ciudad Real","Almagro, Ciudad Real",0
"Miguelturra, Ciudad Real","Ciudad Real, Ciudad Real",0
"Miguelturra, Ciudad Real","Daimiel, Ciudad Real",6.2892
"Miño, A Coruña","Sada, A Coruña",1.9794
"Miño, A Coruña","Fene, A Coruña",2.4478
"Miño, A Coruña","Betanzos, A Coruña",2.4578
"Miño, A Coruña","Oleiros, A Coruña",6.6062
"Miño, A Coruña","Cambre, A Coruña",7.029
"Miño, A Coruña","Abegondo, A Coruña",7.9423
"Miño, A Coruña","Ferrol, A Coruña",8.2809
"Miño, A Coruña","Narón, A Coruña",9.6237
"Miraflores de la Sierra, Madrid","Soto del Real, Madrid",0
"Miraflores de la Sierra, Madrid","Colmenar Viejo, Madrid",0
"Miraflores de la Sierra, Madrid","Manzanares el Real, Madrid",0.8474
"Miraflores de la Sierra, Madrid","Tres Cantos, Madrid",9.2013
"Miranda de Ebro, Burgos","Haro, La Rioja",0
"Mislata, Valencia","Valencia, Valencia",0
"Mislata, Valencia","Paterna, Valencia",0.4085
"Mislata, Valencia","Aldaia, Valencia",0.5597
"Mislata, Valencia","Alaquàs, Valencia",1.5413
"Mislata, Valencia","Burjassot, Valencia",1.5624
"Mislata, Valencia","Manises, Valencia",1.9359
"Mislata, Valencia","Torrent, Valencia",2.8114
"Mislata, Valencia","Paiporta, Valencia",3.6463
"Mislata, Valencia","Alboraya, Valencia",4.7243
"Mislata, Valencia","Alfafar, Valencia",4.7396
"Mislata, Valencia","Moncada, Valencia",5.2125
"Mislata, Valencia","Catarroja, Valencia",5.387
"Mislata, Valencia","Massanassa, Valencia",6.0053
"Mislata, Valencia","Foios, Valencia",7.0113
"Mislata, Valencia","Albal, Valencia",7.0559
"Mislata, Valencia","Bétera, Valencia",7.0614
"Mislata, Valencia","Alcàsser, Valencia",7.2904
"Mislata, Valencia","Picassent, Valencia",7.9842
"Mislata, Valencia","Albalat dels Sorells, Valencia",8.2977
"Mislata, Valencia","Beniparrell, Valencia",8.5713
"Mislata, Valencia","Chiva, Valencia",9.0648
"Mislata, Valencia","Silla, Valencia",9.579
"Mocejón, Toledo","Toledo, Toledo",0
"Mocejón, Toledo","Aranjuez, Madrid",0
"Mogán, Las Palmas","San Bartolomé de Tirajana, Las Palmas",0
"Moguer, Huelva","Aljaraque, Huelva",0
"Moguer, Huelva","Gibraleón, Huelva",0
"Moguer, Huelva","Punta Umbría, Huelva",0
"Moguer, Huelva","Almonte, Huelva",0
"Moguer, Huelva","Huelva, Huelva",0
"Moguer, Huelva","Cartaya, Huelva",4.5478
"Moguer, Huelva","Lepe, Huelva",6.0198
"Mojácar, Almería","Turre, Almería",0
"Mojácar, Almería","Vera, Almería",0
"Mojácar, Almería","Níjar, Almería",8.6025
"Molina de Segura, Murcia","Archena, Murcia",0
"Molina de Segura, Murcia","Las Torres de Cotillas, Murcia",0
"Molina de Segura, Murcia","Murcia, Murcia",0
"Molina de Segura, Murcia","Ceutí, Murcia",0.6416
"Molina de Segura, Murcia","Alcantarilla, Murcia",1.9187
"Molina de Segura, Murcia","Jumilla, Murcia",2.2217
"Molina de Segura, Murcia","Santomera, Murcia",2.4632
"Molina de Segura, Murcia","Orihuela, Alicante",8.4997
"Molina de Segura, Murcia","Cieza, Murcia",9.8023
"Molins de Rei, Barcelona","Sant Cugat del Vallès, Barcelona",0
"Molins de Rei, Barcelona","Barcelona, Barcelona",0
"Molins de Rei, Barcelona","Sant Feliu de Llobregat, Barcelona",0
"Molins de Rei, Barcelona","Sant Vicenç dels Horts, Barcelona",0
"Molins de Rei, Barcelona","Cervelló, Barcelona",1.4799
"Molins de Rei, Barcelona","Castellbisbal, Barcelona",1.6726
"Molins de Rei, Barcelona","Sant Just Desvern, Barcelona",2.0456
"Molins de Rei, Barcelona","Corbera de Llobregat, Barcelona",2.1543
"Molins de Rei, Barcelona","Sant Joan Despí, Barcelona",2.3856
"Molins de Rei, Barcelona","Rubí, Barcelona",2.7748
"Molins de Rei, Barcelona","Sant Andreu de la Barca, Barcelona",2.818
"Molins de Rei, Barcelona","Sant Boi de Llobregat, Barcelona",3.2593
"Molins de Rei, Barcelona","Esplugues de Llobregat, Barcelona",3.8195
"Molins de Rei, Barcelona","Cornellà de Llobregat, Barcelona",4.1474
"Molins de Rei, Barcelona","Cerdanyola del Vallès, Barcelona",4.5412
"Molins de Rei, Barcelona","L'Hospitalet de Llobregat, Barcelona",4.9279
"Molins de Rei, Barcelona","Vallirana, Barcelona",5.7985
"Molins de Rei, Barcelona","Viladecans, Barcelona",5.8134
"Molins de Rei, Barcelona","Martorell, Barcelona",6.3206
"Molins de Rei, Barcelona","El Prat de Llobregat, Barcelona",6.3316
"Molins de Rei, Barcelona","Sant Quirze del Vallès, Barcelona",6.9445
"Molins de Rei, Barcelona","Sabadell, Barcelona",7.57
"Molins de Rei, Barcelona","Montcada i Reixac, Barcelona",7.7061
"Molins de Rei, Barcelona","Begues, Barcelona",7.822
"Molins de Rei, Barcelona","Terrassa, Barcelona",8.0585
"Molins de Rei, Barcelona","Barberà del Vallès, Barcelona",8.4448
"Molins de Rei, Barcelona","Gavà, Barcelona",8.6283
"Molins de Rei, Barcelona","Ripollet, Barcelona",8.9454
"Mollerussa, Lleida","Lleida, Lleida",9.5721
"Mollet del Vallès, Barcelona","Lliçà de Vall, Barcelona",0
"Mollet del Vallès, Barcelona","Montmeló, Barcelona",0
"Mollet del Vallès, Barcelona","Montcada i Reixac, Barcelona",0
"Mollet del Vallès, Barcelona","Santa Perpètua de Mogoda, Barcelona",0
"Mollet del Vallès, Barcelona","Montornès del Vallès, Barcelona",0.1194
"Mollet del Vallès, Barcelona","Polinyà, Barcelona",1.3126
"Mollet del Vallès, Barcelona","Granollers, Barcelona",2.8711
"Mollet del Vallès, Barcelona","Caldes de Montbui, Barcelona",3.1731
"Mollet del Vallès, Barcelona","Badalona, Barcelona",3.6062
"Mollet del Vallès, Barcelona","Sabadell, Barcelona",3.6743
"Mollet del Vallès, Barcelona","Barberà del Vallès, Barcelona",3.8701
"Mollet del Vallès, Barcelona","Ripollet, Barcelona",4.4967
"Mollet del Vallès, Barcelona","La Roca del Vallès, Barcelona",5.4717
"Mollet del Vallès, Barcelona","Santa Coloma de Gramenet, Barcelona",5.7706
"Mollet del Vallès, Barcelona","Santa Eulàlia de Ronçana, Barcelona",5.9679
"Mollet del Vallès, Barcelona","Cerdanyola del Vallès, Barcelona",6.0582
"Mollet del Vallès, Barcelona","Castellar del Vallès, Barcelona",6.415
"Mollet del Vallès, Barcelona","Barcelona, Barcelona",6.7085
"Mollet del Vallès, Barcelona","Teià, Barcelona",7.0667
"Mollet del Vallès, Barcelona","Vilassar de Dalt, Barcelona",7.14
"Mollet del Vallès, Barcelona","Sant Quirze del Vallès, Barcelona",7.8025
"Mollet del Vallès, Barcelona","L'Ametlla del Vallès, Barcelona",8.0612
"Mollet del Vallès, Barcelona","Premià de Dalt, Barcelona",8.1135
"Mollet del Vallès, Barcelona","Les Franqueses del Vallès, Barcelona",8.2723
"Mollet del Vallès, Barcelona","El Masnou, Barcelona",8.4452
"Mollet del Vallès, Barcelona","Cabrils, Barcelona",9.3037
"Mollet del Vallès, Barcelona","Sant Adrià de Besòs, Barcelona",9.8736
"Mollet del Vallès, Barcelona","Terrassa, Barcelona",9.8902
"Mollina, Málaga","Antequera, Málaga",0
"Mollina, Málaga","Lucena, Córdoba",5.0182
"Mollina, Málaga","Casariche, Sevilla",8.0598
"Moncada, Valencia","Bétera, Valencia",0
"Moncada, Valencia","Náquera, Valencia",0
"Moncada, Valencia","Albalat dels Sorells, Valencia",0
"Moncada, Valencia","Foios, Valencia",0
"Moncada, Valencia","Valencia, Valencia",0
"Moncada, Valencia","Massamagrell, Valencia",1.3908
"Moncada, Valencia","Burjassot, Valencia",1.8025
"Moncada, Valencia","Paterna, Valencia",2.2763
"Moncada, Valencia","Sagunto, Valencia",2.7676
"Moncada, Valencia","La Pobla de Farnals, Valencia",3.701
"Moncada, Valencia","Alboraya, Valencia",3.7117
"Moncada, Valencia","Puçol, Valencia",4.2633
"Moncada, Valencia","Mislata, Valencia",5.2125
"Moncada, Valencia","Manises, Valencia",6.075
"Moncada, Valencia","L'Eliana, Valencia",6.3934
"Moncada, Valencia","Aldaia, Valencia",7.335
"Moncada, Valencia","La Pobla de Vallbona, Valencia",7.5685
"Moncada, Valencia","Alaquàs, Valencia",8.8479
"Monforte de Lemos, Lugo","A Pobra do Brollón, Lugo",0
"Monforte de Lemos, Lugo","O Saviñao, Lugo",0
"Monforte de Lemos, Lugo","Quiroga, Lugo",1.4576
"Monforte de Lemos, Lugo","Chantada, Lugo",6.666
"Monforte de Lemos, Lugo","Carballedo, Lugo",8.6874
"Monforte de Lemos, Lugo","Chandrexa de Queixa, Ourense",9.1314
"Monforte de Lemos, Lugo","Folgoso do Courel, Lugo",9.2349
"Mont-ral, Tarragona","Alcover, Tarragona",0
"Mont-ral, Tarragona","La Riba, Tarragona",0
"Mont-ral, Tarragona","Montblanc, Tarragona",0
"Mont-ral, Tarragona","La Selva del Camp, Tarragona",3.0801
"Mont-ral, Tarragona","L'Aleixar, Tarragona",3.2085
"Mont-ral, Tarragona","Valls, Tarragona",3.8981
"Mont-ral, Tarragona","El Milà, Tarragona",4.895
"Mont-ral, Tarragona","Castellvell del Camp, Tarragona",6.6729
"Mont-ral, Tarragona","Perafort, Tarragona",7.0823
"Mont-ral, Tarragona","Vallmoll, Tarragona",8.0245
"Mont-ral, Tarragona","Les Borges del Camp, Tarragona",8.3479
"Mont-ral, Tarragona","Reus, Tarragona",8.638
"Mont-ral, Tarragona","La Pobla de Mafumet, Tarragona",9.0385
"Mont-ral, Tarragona","Constantí, Tarragona",9.1007
"Mont-ral, Tarragona","Riudoms, Tarragona",9.9917
"Mont-ras, Girona","Palafrugell, Girona",0
"Mont-ras, Girona","Palamós, Girona",0
"Mont-ras, Girona","Pals, Girona",3.4791
"Mont-ras, Girona","Castell-Platja d'Aro, Girona",7.3234
"Mont-ras, Girona","Torroella de Montgrí, Girona",9.3684
"Montánchez, Cáceres","Mérida, Badajoz",0
"Montánchez, Cáceres","Cáceres, Cáceres",0
"Montánchez, Cáceres","Don Benito, Badajoz",4.8463
"Montblanc, Tarragona","La Riba, Tarragona",0
"Montblanc, Tarragona","Valls, Tarragona",0
"Montblanc, Tarragona","Mont-ral, Tarragona",0
"Montblanc, Tarragona","Alcover, Tarragona",0.7249
"Montblanc, Tarragona","El Milà, Tarragona",6.2384
"Montblanc, Tarragona","Alió, Tarragona",6.4787
"Montblanc, Tarragona","Vallmoll, Tarragona",6.7241
"Montblanc, Tarragona","La Selva del Camp, Tarragona",7.385
"Montblanc, Tarragona","L'Aleixar, Tarragona",8.7481
"Montblanc, Tarragona","Perafort, Tarragona",9.7165
"Montbrió del Camp, Tarragona","Cambrils, Tarragona",0
"Montbrió del Camp, Tarragona","Riudoms, Tarragona",0
"Montbrió del Camp, Tarragona","Vinyols i els Arcs, Tarragona",0
"Montbrió del Camp, Tarragona","Les Borges del Camp, Tarragona",1.863
"Montbrió del Camp, Tarragona","Reus, Tarragona",4.15
"Montbrió del Camp, Tarragona","L'Aleixar, Tarragona",5.0142
"Montbrió del Camp, Tarragona","Vila-seca, Tarragona",5.4253
"Montbrió del Camp, Tarragona","Salou, Tarragona",6.7282
"Montbrió del Camp, Tarragona","Castellvell del Camp, Tarragona",7.0313
"Montbrió del Camp, Tarragona","La Selva del Camp, Tarragona",9.5388
"Montcada i Reixac, Barcelona","Badalona, Barcelona",0
"Montcada i Reixac, Barcelona","Santa Coloma de Gramenet, Barcelona",0
"Montcada i Reixac, Barcelona","Mollet del Vallès, Barcelona",0
"Montcada i Reixac, Barcelona","Barberà del Vallès, Barcelona",0
"Montcada i Reixac, Barcelona","Cerdanyola del Vallès, Barcelona",0
"Montcada i Reixac, Barcelona","Ripollet, Barcelona",0
"Montcada i Reixac, Barcelona","Santa Perpètua de Mogoda, Barcelona",0
"Montcada i Reixac, Barcelona","Barcelona, Barcelona",0
"Montcada i Reixac, Barcelona","Lliçà de Vall, Barcelona",0.5138
"Montcada i Reixac, Barcelona","Polinyà, Barcelona",1.6234
"Montcada i Reixac, Barcelona","Sant Cugat del Vallès, Barcelona",2.3238
"Montcada i Reixac, Barcelona","Sabadell, Barcelona",2.6444
"Montcada i Reixac, Barcelona","Caldes de Montbui, Barcelona",3.1699
"Montcada i Reixac, Barcelona","Sant Adrià de Besòs, Barcelona",3.9534
"Montcada i Reixac, Barcelona","Montmeló, Barcelona",4.0886
"Montcada i Reixac, Barcelona","Montornès del Vallès, Barcelona",4.3223
"Montcada i Reixac, Barcelona","Granollers, Barcelona",4.948
"Montcada i Reixac, Barcelona","Sant Quirze del Vallès, Barcelona",5.0891
"Montcada i Reixac, Barcelona","Santa Eulàlia de Ronçana, Barcelona",6.0789
"Montcada i Reixac, Barcelona","Castellar del Vallès, Barcelona",6.0789
"Montcada i Reixac, Barcelona","El Masnou, Barcelona",6.1713
"Montcada i Reixac, Barcelona","Sant Just Desvern, Barcelona",6.6399
"Montcada i Reixac, Barcelona","Teià, Barcelona",7.013
"Montcada i Reixac, Barcelona","Sant Feliu de Llobregat, Barcelona",7.5628
"Montcada i Reixac, Barcelona","Molins de Rei, Barcelona",7.7061
"Montcada i Reixac, Barcelona","La Roca del Vallès, Barcelona",7.879
"Montcada i Reixac, Barcelona","Esplugues de Llobregat, Barcelona",7.94
"Montcada i Reixac, Barcelona","L'Hospitalet de Llobregat, Barcelona",8.083
"Montcada i Reixac, Barcelona","Rubí, Barcelona",8.1976
"Montcada i Reixac, Barcelona","L'Ametlla del Vallès, Barcelona",8.37
"Montcada i Reixac, Barcelona","Terrassa, Barcelona",8.5596
"Montcada i Reixac, Barcelona","Premià de Dalt, Barcelona",8.5929
"Montcada i Reixac, Barcelona","Vilassar de Dalt, Barcelona",8.7872
"Montcada i Reixac, Barcelona","Les Franqueses del Vallès, Barcelona",9.1255
"Monterroso, Lugo","Taboada, Lugo",0
"Monterroso, Lugo","Antas de Ulla, Lugo",0
"Monterroso, Lugo","Portomarín, Lugo",0
"Monterroso, Lugo","Chantada, Lugo",5.2846
"Monterroso, Lugo","Friol, Lugo",5.4435
"Monterroso, Lugo","Lugo, Lugo",6.6519
"Monterroso, Lugo","Melide, A Coruña",7.2774
"Monterroso, Lugo","O Saviñao, Lugo",7.7034
"Montferri, Tarragona","Bràfim, Tarragona",0
"Montferri, Tarragona","Masllorenç, Tarragona",0
"Montferri, Tarragona","Vilabella, Tarragona",0
"Montferri, Tarragona","Alió, Tarragona",0.9402
"Montferri, Tarragona","Albinyana, Tarragona",1.4326
"Montferri, Tarragona","Vespella de Gaià, Tarragona",2.0504
"Montferri, Tarragona","La Pobla de Montornès, Tarragona",3.113
"Montferri, Tarragona","Creixell, Tarragona",3.3077
"Montferri, Tarragona","Renau, Tarragona",3.7519
"Montferri, Tarragona","La Nou de Gaià, Tarragona",3.948
"Montferri, Tarragona","El Vendrell, Tarragona",5.5676
"Montferri, Tarragona","Valls, Tarragona",6.0069
"Montferri, Tarragona","El Catllar, Tarragona",6.0446
"Montferri, Tarragona","Vallmoll, Tarragona",6.1445
"Montferri, Tarragona","Altafulla, Tarragona",7.4085
"Montferri, Tarragona","Tarragona, Tarragona",9.4662
"Montilla, Córdoba","Aguilar de la Frontera, Córdoba",0
"Montilla, Córdoba","Cabra, Córdoba",0
"Montilla, Córdoba","Córdoba, Córdoba",3.3178
"Montilla, Córdoba","Lucena, Córdoba",5.5733
"Montilla, Córdoba","Puente Genil, Córdoba",7.0683
"Montmeló, Barcelona","Granollers, Barcelona",0
"Montmeló, Barcelona","Mollet del Vallès, Barcelona",0
"Montmeló, Barcelona","Montornès del Vallès, Barcelona",0
"Montmeló, Barcelona","Lliçà de Vall, Barcelona",0.8225
"Montmeló, Barcelona","Santa Perpètua de Mogoda, Barcelona",2.2974
"Montmeló, Barcelona","La Roca del Vallès, Barcelona",2.4148
"Montmeló, Barcelona","Montcada i Reixac, Barcelona",4.0886
"Montmeló, Barcelona","Polinyà, Barcelona",4.83
"Montmeló, Barcelona","Vilassar de Dalt, Barcelona",5.173
"Montmeló, Barcelona","Badalona, Barcelona",5.3378
"Montmeló, Barcelona","Les Franqueses del Vallès, Barcelona",5.3994
"Montmeló, Barcelona","Teià, Barcelona",5.519
"Montmeló, Barcelona","Barberà del Vallès, Barcelona",6.3058
"Montmeló, Barcelona","Santa Eulàlia de Ronçana, Barcelona",6.362
"Montmeló, Barcelona","Premià de Dalt, Barcelona",6.4035
"Montmeló, Barcelona","Caldes de Montbui, Barcelona",6.4753
"Montmeló, Barcelona","Sabadell, Barcelona",6.7144
"Montmeló, Barcelona","Ripollet, Barcelona",7.0346
"Montmeló, Barcelona","L'Ametlla del Vallès, Barcelona",7.0828
"Montmeló, Barcelona","Cabrils, Barcelona",7.1569
"Montmeló, Barcelona","El Masnou, Barcelona",7.5402
"Montmeló, Barcelona","Santa Coloma de Gramenet, Barcelona",7.9291
"Montmeló, Barcelona","Cerdanyola del Vallès, Barcelona",8.6001
"Montmeló, Barcelona","Barcelona, Barcelona",8.9475
"Montmeló, Barcelona","Cardedeu, Barcelona",8.9626
"Montmeló, Barcelona","La Garriga, Barcelona",9.4737
"Montmeló, Barcelona","Cabrera de Mar, Barcelona",9.4746
"Montmeló, Barcelona","Llinars del Vallès, Barcelona",9.682
"Montornès del Vallès, Barcelona","Granollers, Barcelona",0
"Montornès del Vallès, Barcelona","Montmeló, Barcelona",0
"Montornès del Vallès, Barcelona","Mollet del Vallès, Barcelona",0.1194
"Montornès del Vallès, Barcelona","La Roca del Vallès, Barcelona",0.6527
"Montornès del Vallès, Barcelona","Vilassar de Dalt, Barcelona",1.2807
"Montornès del Vallès, Barcelona","Lliçà de Vall, Barcelona",1.9376
"Montornès del Vallès, Barcelona","Santa Perpètua de Mogoda, Barcelona",2.4925
"Montornès del Vallès, Barcelona","Teià, Barcelona",2.6448
"Montornès del Vallès, Barcelona","Premià de Dalt, Barcelona",2.8929
"Montornès del Vallès, Barcelona","Cabrils, Barcelona",3.2238
"Montornès del Vallès, Barcelona","Badalona, Barcelona",4.0027
"Montornès del Vallès, Barcelona","Les Franqueses del Vallès, Barcelona",4.112
"Montornès del Vallès, Barcelona","Montcada i Reixac, Barcelona",4.3223
"Montornès del Vallès, Barcelona","El Masnou, Barcelona",4.7264
"Montornès del Vallès, Barcelona","Polinyà, Barcelona",4.9583
"Montornès del Vallès, Barcelona","Cabrera de Mar, Barcelona",5.8319
"Montornès del Vallès, Barcelona","Barberà del Vallès, Barcelona",6.4957
"Montornès del Vallès, Barcelona","Santa Eulàlia de Ronçana, Barcelona",6.8136
"Montornès del Vallès, Barcelona","Sabadell, Barcelona",6.8637
"Montornès del Vallès, Barcelona","L'Ametlla del Vallès, Barcelona",6.8765
"Montornès del Vallès, Barcelona","Cardedeu, Barcelona",7.1959
"Montornès del Vallès, Barcelona","Ripollet, Barcelona",7.2301
"Montornès del Vallès, Barcelona","Santa Coloma de Gramenet, Barcelona",7.4094
"Montornès del Vallès, Barcelona","Caldes de Montbui, Barcelona",7.7718
"Montornès del Vallès, Barcelona","Llinars del Vallès, Barcelona",7.8483
"Montornès del Vallès, Barcelona","Cerdanyola del Vallès, Barcelona",8.7963
"Montornès del Vallès, Barcelona","Barcelona, Barcelona",9.0171
"Montornès del Vallès, Barcelona","Mataró, Barcelona",9.1712
"Montornès del Vallès, Barcelona","La Garriga, Barcelona",9.3283
"Montuïri, Baleares","Llucmajor, Baleares",0
"Montuïri, Baleares","Algaida, Baleares",0
"Montuïri, Baleares","Lloret de Vistalegre, Baleares",0
"Montuïri, Baleares","Porreres, Baleares",0
"Montuïri, Baleares","Sant Joan, Baleares",0
"Montuïri, Baleares","Sencelles, Baleares",1.6072
"Montuïri, Baleares","Sineu, Baleares",2.5076
"Montuïri, Baleares","Costitx, Baleares",2.5458
"Montuïri, Baleares","Petra, Baleares",3.9521
"Montuïri, Baleares","Felanitx, Baleares",4.8305
"Montuïri, Baleares","Campos, Baleares",6.2292
"Montuïri, Baleares","Santa Eugènia, Baleares",6.6956
"Montuïri, Baleares","Manacor, Baleares",7.082
"Montuïri, Baleares","Inca, Baleares",7.1448
"Montuïri, Baleares","Ariany, Baleares",7.9344
"Montuïri, Baleares","Maria de la Salut, Baleares",7.9952
"Montuïri, Baleares","Llubí, Baleares",8.0106
"Montuïri, Baleares","Palma de Mallorca, Baleares",8.2583
"Montuïri, Baleares","Binissalem, Baleares",8.5956
"Monzón, Huesca","Binéfar, Huesca",0
"Monzón, Huesca","Barbastro, Huesca",2.0509
"Morata de Tajuña, Madrid","Arganda del Rey, Madrid",0
"Morata de Tajuña, Madrid","San Martín de la Vega, Madrid",0
"Morata de Tajuña, Madrid","Rivas-Vaciamadrid, Madrid",4.5171
"Morata de Tajuña, Madrid","Ciempozuelos, Madrid",5.4759
"Morata de Tajuña, Madrid","Getafe, Madrid",7.0521
"Morata de Tajuña, Madrid","Villarejo de Salvanés, Madrid",7.7267
"Morata de Tajuña, Madrid","Valdemoro, Madrid",8.3402
"Morata de Tajuña, Madrid","Velilla de San Antonio, Madrid",8.9544
"Morata de Tajuña, Madrid","Madrid, Madrid",9.2747
"Morcín, Asturias","Mieres, Asturias",0
"Morcín, Asturias","Quirós, Asturias",0
"Morcín, Asturias","Oviedo, Asturias",0.5779
"Morcín, Asturias","Lena, Asturias",3.6744
"Morcín, Asturias","Grado, Asturias",4.1491
"Morcín, Asturias","Langreo, Asturias",6.4336
"Morcín, Asturias","Aller, Asturias",8.5472
"Morcín, Asturias","Siero, Asturias",8.8616
"Morón de la Frontera, Sevilla","Olvera, Cádiz",0
"Morón de la Frontera, Sevilla","Arahal, Sevilla",0
"Morón de la Frontera, Sevilla","Marchena, Sevilla",0
"Morón de la Frontera, Sevilla","La Puebla de Cazalla, Sevilla",0
"Morón de la Frontera, Sevilla","Utrera, Sevilla",3.159
"Morón de la Frontera, Sevilla","Osuna, Sevilla",5.2575
"Morón de la Frontera, Sevilla","Alcalá de Guadaíra, Sevilla",7.3788
"Móstoles, Madrid","Alcorcón, Madrid",0
"Móstoles, Madrid","Villaviciosa de Odón, Madrid",0
"Móstoles, Madrid","Arroyomolinos, Madrid",0
"Móstoles, Madrid","Fuenlabrada, Madrid",0
"Móstoles, Madrid","Navalcarnero, Madrid",0
"Móstoles, Madrid","Humanes de Madrid, Madrid",0.9945
"Móstoles, Madrid","Leganés, Madrid",2.2773
"Móstoles, Madrid","Boadilla del Monte, Madrid",2.7233
"Móstoles, Madrid","Brunete, Madrid",3.6757
"Móstoles, Madrid","Madrid, Madrid",4.7037
"Móstoles, Madrid","Sevilla la Nueva, Madrid",5.0418
"Móstoles, Madrid","Parla, Madrid",5.0977
"Móstoles, Madrid","El Álamo, Madrid",5.2764
"Móstoles, Madrid","Griñón, Madrid",5.4048
"Móstoles, Madrid","Pozuelo de Alarcón, Madrid",5.4998
"Móstoles, Madrid","Getafe, Madrid",6.7868
"Móstoles, Madrid","Villanueva de la Cañada, Madrid",7.6333
"Móstoles, Madrid","Torrejón de la Calzada, Madrid",7.7897
"Móstoles, Madrid","Pinto, Madrid",8.5376
"Motril, Granada","Gualchos, Granada",0
"Motril, Granada","Almuñécar, Granada",6.2877
"Muras, Lugo","As Pontes de García Rodríguez, A Coruña",0
"Muras, Lugo","Vilalba, Lugo",0
"Muras, Lugo","As Somozas, A Coruña",7.1798
"Muras, Lugo","Xove, Lugo",7.6571
"Murcia, Murcia","Orihuela, Alicante",0
"Murcia, Murcia","Pilar de la Horadada, Alicante",0
"Murcia, Murcia","Alhama de Murcia, Murcia",0
"Murcia, Murcia","Cartagena, Murcia",0
"Murcia, Murcia","Alcantarilla, Murcia",0
"Murcia, Murcia","Santomera, Murcia",0
"Murcia, Murcia","San Javier, Murcia",0
"Murcia, Murcia","Torre-Pacheco, Murcia",0
"Murcia, Murcia","Las Torres de Cotillas, Murcia",0
"Murcia, Murcia","Molina de Segura, Murcia",0
"Murcia, Murcia","Ceutí, Murcia",5.4375
"Murcia, Murcia","San Miguel de Salinas, Alicante",5.7553
"Murcia, Murcia","Archena, Murcia",6.4182
"Murcia, Murcia","Los Alcázares, Murcia",8.9938
"Murcia, Murcia","Redován, Alicante",9.2506
"Muro, Baleares","Alcúdia, Baleares",0
"Muro, Baleares","Sa Pobla, Baleares",0
"Muro, Baleares","Santa Margalida, Baleares",0
"Muro, Baleares","Llubí, Baleares",0
"Muro, Baleares","Maria de la Salut, Baleares",0
"Muro, Baleares","Inca, Baleares",1.9098
"Muro, Baleares","Búger, Baleares",1.9596
"Muro, Baleares","Campanet, Baleares",3.6573
"Muro, Baleares","Pollença, Baleares",4.0117
"Muro, Baleares","Sineu, Baleares",5.0895
"Muro, Baleares","Selva, Baleares",5.1948
"Muro, Baleares","Ariany, Baleares",5.2779
"Muro, Baleares","Costitx, Baleares",6.9114
"Muro, Baleares","Petra, Baleares",7.1127
"Muro, Baleares","Sant Joan, Baleares",8.9858
"Muro, Baleares","Sencelles, Baleares",9.0635
"Muro, Baleares","Artà, Baleares",9.1524
"Muro, Baleares","Lloret de Vistalegre, Baleares",9.6117
"Mutxamel, Alicante","El Campello, Alicante",0
"Mutxamel, Alicante","Sant Joan d'Alacant, Alicante",0
"Mutxamel, Alicante","Alicante, Alicante",0
"Mutxamel, Alicante","Busot, Alicante",0.4956
"Mutxamel, Alicante","Castalla, Alicante",8.8027
"Mutxamel, Alicante","Petrer, Alicante",9.5663
"Muxía, A Coruña","Fisterra, A Coruña",2.8084
"Muxía, A Coruña","Mazaricos, A Coruña",8.8966
"Muxía, A Coruña","Zas, A Coruña",9.255
"Náquera, Valencia","Sagunto, Valencia",0
"Náquera, Valencia","Bétera, Valencia",0
"Náquera, Valencia","Moncada, Valencia",0
"Náquera, Valencia","Massamagrell, Valencia",0.66
"Náquera, Valencia","Albalat dels Sorells, Valencia",2.1306
"Náquera, Valencia","Foios, Valencia",2.1878
"Náquera, Valencia","Puçol, Valencia",2.4643
"Náquera, Valencia","La Pobla de Farnals, Valencia",3.182
"Náquera, Valencia","La Pobla de Vallbona, Valencia",4.0593
"Náquera, Valencia","Olocau, Valencia",4.2405
"Náquera, Valencia","Valencia, Valencia",4.2985
"Náquera, Valencia","Segorbe, Castellón",5.2639
"Náquera, Valencia","Llíria, Valencia",6.5609
"Náquera, Valencia","Paterna, Valencia",6.9839
"Náquera, Valencia","Burjassot, Valencia",8.234
"Náquera, Valencia","L'Eliana, Valencia",8.8708
"Náquera, Valencia","Alboraya, Valencia",9.4396
"Narón, A Coruña","Ferrol, A Coruña",0
"Narón, A Coruña","San Sadurniño, A Coruña",0
"Narón, A Coruña","Fene, A Coruña",1.0675
"Narón, A Coruña","As Somozas, A Coruña",7.8918
"Narón, A Coruña","Miño, A Coruña",9.6237
"Narón, A Coruña","As Pontes de García Rodríguez, A Coruña",9.7377
"Navalcarnero, Madrid","Villaviciosa de Odón, Madrid",0
"Navalcarnero, Madrid","Arroyomolinos, Madrid",0
"Navalcarnero, Madrid","El Álamo, Madrid",0
"Navalcarnero, Madrid","Móstoles, Madrid",0
"Navalcarnero, Madrid","Sevilla la Nueva, Madrid",0
"Navalcarnero, Madrid","Villamanta, Madrid",0
"Navalcarnero, Madrid","Brunete, Madrid",2.2219
"Navalcarnero, Madrid","Villamantilla, Madrid",2.4056
"Navalcarnero, Madrid","Griñón, Madrid",4.9181
"Navalcarnero, Madrid","Méntrida, Toledo",5.2239
"Navalcarnero, Madrid","Quijorna, Madrid",5.9399
"Navalcarnero, Madrid","Humanes de Madrid, Madrid",7.1165
"Navalcarnero, Madrid","Alcorcón, Madrid",8.1163
"Navalcarnero, Madrid","Fuenlabrada, Madrid",8.3362
"Navalcarnero, Madrid","Illescas, Toledo",8.5546
"Navalcarnero, Madrid","Villanueva de la Cañada, Madrid",8.8968
"Navalcarnero, Madrid","Boadilla del Monte, Madrid",9.6139
"Navia, Asturias","Valdés, Asturias",0
"Navia, Asturias","Villayón, Asturias",0
"Navia, Asturias","El Franco, Asturias",4.1933
"Navia, Asturias","Tineo, Asturias",4.9251
"Nerja, Málaga","Almuñécar, Granada",0
"Nerja, Málaga","Sayalonga, Málaga",6.7664
"Nerja, Málaga","Vélez-Málaga, Málaga",7.0613
"Níjar, Almería","Almería, Almería",0
"Níjar, Almería","Turre, Almería",7.8107
"Níjar, Almería","Mojácar, Almería",8.6025
"Níjar, Almería","Rioja, Almería",8.8415
"Noia, A Coruña","Boiro, A Coruña",2.1756
"Noia, A Coruña","Mazaricos, A Coruña",7.1771
"Noia, A Coruña","Ames, A Coruña",8.1949
"Noia, A Coruña","A Pobra do Caramiñal, A Coruña",9.1975
"Noja, Cantabria","Santoña, Cantabria",0
"Noja, Cantabria","Bárcena de Cicero, Cantabria",3.4692
"Noja, Cantabria","Laredo, Cantabria",4.2222
"Noja, Cantabria","Colindres, Cantabria",7.3631
"Noreña, Asturias","Siero, Asturias",0
"Noreña, Asturias","Gijón, Asturias",1.5568
"Noreña, Asturias","Langreo, Asturias",4.3543
"Noreña, Asturias","Oviedo, Asturias",5.0023
"Noreña, Asturias","Villaviciosa, Asturias",6.9757
"Noreña, Asturias","Bimenes, Asturias",9.2686
"Noreña, Asturias","San Martín del Rey Aurelio, Asturias",9.5718
"Novelda, Alicante","Aspe, Alicante",0
"Novelda, Alicante","Elda, Alicante",0
"Novelda, Alicante","Petrer, Alicante",0
"Novelda, Alicante","Elche, Alicante",3.1801
"Novelda, Alicante","Alicante, Alicante",6.4689
"Novelda, Alicante","Crevillent, Alicante",6.5372
"Novelda, Alicante","Pinoso, Alicante",8.7325
"Novelda, Alicante","Castalla, Alicante",9.1031
"O Carballiño, Ourense","Ourense, Ourense",6.5931
"O Carballiño, Ourense","Carballedo, Lugo",9.5352
"O Grove, Pontevedra","Sanxenxo, Pontevedra",0
"O Grove, Pontevedra","Cambados, Pontevedra",0.4215
"O Grove, Pontevedra","Vilanova de Arousa, Pontevedra",3.5823
"O Grove, Pontevedra","Ribeira, A Coruña",4.4186
"O Grove, Pontevedra","Meis, Pontevedra",5.2974
"O Grove, Pontevedra","Vilagarcía de Arousa, Pontevedra",7.3231
"O Porriño, Pontevedra","Ponteareas, Pontevedra",0
"O Porriño, Pontevedra","Tui, Pontevedra",0
"O Porriño, Pontevedra","Vigo, Pontevedra",0
"O Porriño, Pontevedra","Salvaterra de Miño, Pontevedra",2.9743
"O Porriño, Pontevedra","Redondela, Pontevedra",5.1718
"O Porriño, Pontevedra","Baiona, Pontevedra",9.5078
"O Saviñao, Lugo","Chantada, Lugo",0
"O Saviñao, Lugo","Monforte de Lemos, Lugo",0
"O Saviñao, Lugo","Taboada, Lugo",0
"O Saviñao, Lugo","Portomarín, Lugo",1.9094
"O Saviñao, Lugo","Carballedo, Lugo",2.5586
"O Saviñao, Lugo","Sarria, Lugo",5.5877
"O Saviñao, Lugo","Monterroso, Lugo",7.7034
"O Saviñao, Lugo","A Pobra do Brollón, Lugo",8.3496
"O Saviñao, Lugo","Antas de Ulla, Lugo",9.3703
"Oleiros, A Coruña","Cambre, A Coruña",0
"Oleiros, A Coruña","Sada, A Coruña",0
"Oleiros, A Coruña","Culleredo, A Coruña",0.0093
"Oleiros, A Coruña","A Coruña, A Coruña",0.1282
"Oleiros, A Coruña","Abegondo, A Coruña",2.6159
"Oleiros, A Coruña","Betanzos, A Coruña",3.8396
"Oleiros, A Coruña","Arteixo, A Coruña",4.3825
"Oleiros, A Coruña","Ferrol, A Coruña",6.1555
"Oleiros, A Coruña","Miño, A Coruña",6.6062
"Oleiros, A Coruña","Fene, A Coruña",8.7144
"Olesa de Montserrat, Barcelona","Vacarisses, Barcelona",0
"Olesa de Montserrat, Barcelona","Esparreguera, Barcelona",0
"Olesa de Montserrat, Barcelona","Terrassa, Barcelona",2.1502
"Olesa de Montserrat, Barcelona","Castellbisbal, Barcelona",3.0562
"Olesa de Montserrat, Barcelona","Martorell, Barcelona",3.2818
"Olesa de Montserrat, Barcelona","Rubí, Barcelona",4.1413
"Olesa de Montserrat, Barcelona","Masquefa, Barcelona",4.656
"Olesa de Montserrat, Barcelona","Sant Llorenç d'Hortons, Barcelona",5.8369
"Olesa de Montserrat, Barcelona","Matadepera, Barcelona",7.466
"Olesa de Montserrat, Barcelona","Sant Andreu de la Barca, Barcelona",8.2492
"Olesa de Montserrat, Barcelona","Sant Quirze del Vallès, Barcelona",8.3994
"Oliva, Valencia","Dénia, Alicante",0
"Oliva, Valencia","Gandia, Valencia",2.0891
"Oliva, Valencia","Ondara, Alicante",2.3982
"Oliva, Valencia","Els Poblets, Alicante",2.7451
"Oliva, Valencia","Daimús, Valencia",3.0025
"Oliva, Valencia","Orba, Alicante",5.7125
"Olivares, Sevilla","Gerena, Sevilla",0
"Olivares, Sevilla","Espartinas, Sevilla",0
"Olivares, Sevilla","Sanlúcar la Mayor, Sevilla",0
"Olivares, Sevilla","Umbrete, Sevilla",2.1996
"Olivares, Sevilla","Valencina de la Concepción, Sevilla",2.8755
"Olivares, Sevilla","Santiponce, Sevilla",5.5134
"Olivares, Sevilla","Bormujos, Sevilla",5.5509
"Olivares, Sevilla","Camas, Sevilla",7.0973
"Olivares, Sevilla","La Algaba, Sevilla",7.465
"Olivares, Sevilla","Gelves, Sevilla",7.7662
"Olivares, Sevilla","Tomares, Sevilla",8.1381
"Olivares, Sevilla","Mairena del Aljarafe, Sevilla",8.5732
"Olivares, Sevilla","Sevilla, Sevilla",8.7698
"Olivares, Sevilla","Alcalá del Río, Sevilla",9.7126
"Olivares, Sevilla","San Juan de Aznalfarache, Sevilla",9.7547
"Olivella, Barcelona","Begues, Barcelona",0
"Olivella, Barcelona","Canyelles, Barcelona",0
"Olivella, Barcelona","Sant Pere de Ribes, Barcelona",0
"Olivella, Barcelona","Sitges, Barcelona",0
"Olivella, Barcelona","Vilanova i la Geltrú, Barcelona",3.0897
"Olivella, Barcelona","Vilafranca del Penedès, Barcelona",3.2585
"Olivella, Barcelona","Gavà, Barcelona",3.5438
"Olivella, Barcelona","Castelldefels, Barcelona",5.5224
"Olivella, Barcelona","Vallirana, Barcelona",5.7526
"Olivella, Barcelona","Cervelló, Barcelona",8.1603
"Olivella, Barcelona","Cubelles, Barcelona",8.2267
"Olivella, Barcelona","Sant Sadurní d'Anoia, Barcelona",9.0341
"Olivella, Barcelona","Viladecans, Barcelona",9.8957
"Olocau, Valencia","La Pobla de Vallbona, Valencia",0
"Olocau, Valencia","Llíria, Valencia",0
"Olocau, Valencia","Bétera, Valencia",0.3989
"Olocau, Valencia","Segorbe, Castellón",1.9776
"Olocau, Valencia","Náquera, Valencia",4.2405
"Olocau, Valencia","Benaguasil, Valencia",5.5777
"Olocau, Valencia","L'Eliana, Valencia",6.182
"Olocau, Valencia","Paterna, Valencia",8.3909
"Ólvega, Soria","Soria, Soria",0
"Olvera, Cádiz","Ronda, Málaga",0
"Olvera, Cádiz","Morón de la Frontera, Sevilla",0
"Olvera, Cádiz","La Puebla de Cazalla, Sevilla",5.5505
"Olvera, Cádiz","Osuna, Sevilla",8.8227
"Oñati, Guipúzcoa","Bergara, Guipúzcoa",0
"Oñati, Guipúzcoa","Legazpi, Guipúzcoa",0
"Oñati, Guipúzcoa","Eskoriatza, Guipúzcoa",0.388
"Oñati, Guipúzcoa","Zumarraga, Guipúzcoa",3.7138
"Oñati, Guipúzcoa","Azkoitia, Guipúzcoa",6.732
"Oñati, Guipúzcoa","Azpeitia, Guipúzcoa",8.963
"Oñati, Guipúzcoa","Eibar, Guipúzcoa",9.2423
"Oñati, Guipúzcoa","Beasain, Guipúzcoa",9.3072
"Onda, Castellón","L'Alcora, Castellón",0
"Onda, Castellón","Castellón de la Plana, Castellón",0
"Onda, Castellón","La Vall d'Uixó, Castellón",6.9586
"Ondara, Alicante","Dénia, Alicante",0
"Ondara, Alicante","Els Poblets, Alicante",0.403
"Ondara, Alicante","Oliva, Valencia",2.3982
"Ondara, Alicante","Orba, Alicante",3.8413
"Ondara, Alicante","Benissa, Alicante",7.1228
"Ondarroa, Vizcaya","Elgoibar, Guipúzcoa",6.5279
"Ondarroa, Vizcaya","Eibar, Guipúzcoa",8.9464
"Ontinyent, Valencia","Agullent, Valencia",0
"Ontinyent, Valencia","L'Olleria, Valencia",1.8665
"Ontinyent, Valencia","Canals, Valencia",5.0084
"Ontinyent, Valencia","Cocentaina, Alicante",6.4903
"Ontinyent, Valencia","Xàtiva, Valencia",8.6796
"Ontinyent, Valencia","Villena, Alicante",8.7452
"Orba, Alicante","Dénia, Alicante",3.81
"Orba, Alicante","Ondara, Alicante",3.8413
"Orba, Alicante","Oliva, Valencia",5.7125
"Orba, Alicante","Benissa, Alicante",6.6579
"Orba, Alicante","Els Poblets, Alicante",6.6871
"Ordes, A Coruña","Abegondo, A Coruña",0
"Ordes, A Coruña","Oroso, A Coruña",0
"Ordes, A Coruña","Tordoia, A Coruña",0
"Ordes, A Coruña","Santiago de Compostela, A Coruña",3.0397
"Ordes, A Coruña","A Laracha, A Coruña",5.2194
"Ordes, A Coruña","Culleredo, A Coruña",6.3819
"Ordes, A Coruña","Arzúa, A Coruña",7.5903
"Ordes, A Coruña","Cambre, A Coruña",8.8359
"Ordes, A Coruña","Val do Dubra, A Coruña",9.0792
"Ordes, A Coruña","Carballo, A Coruña",9.336
"Orihuela, Alicante","Albatera, Alicante",0
"Orihuela, Alicante","Almoradí, Alicante",0
"Orihuela, Alicante","Callosa de Segura, Alicante",0
"Orihuela, Alicante","Catral, Alicante",0
"Orihuela, Alicante","Cox, Alicante",0
"Orihuela, Alicante","Los Montesinos, Alicante",0
"Orihuela, Alicante","Pilar de la Horadada, Alicante",0
"Orihuela, Alicante","Rafal, Alicante",0
"Orihuela, Alicante","Redován, Alicante",0
"Orihuela, Alicante","San Miguel de Salinas, Alicante",0
"Orihuela, Alicante","Torrevieja, Alicante",0
"Orihuela, Alicante","Santomera, Murcia",0
"Orihuela, Alicante","Murcia, Murcia",0
"Orihuela, Alicante","Dolores, Alicante",1.3903
"Orihuela, Alicante","Pinoso, Alicante",1.9323
"Orihuela, Alicante","Crevillent, Alicante",2.9677
"Orihuela, Alicante","San Isidro, Alicante",3.2924
"Orihuela, Alicante","San Javier, Murcia",4.8595
"Orihuela, Alicante","San Fulgencio, Alicante",5.5492
"Orihuela, Alicante","Elche, Alicante",6.4054
"Orihuela, Alicante","Molina de Segura, Murcia",8.4997
"Orihuela, Alicante","Aspe, Alicante",8.7036
"Orihuela, Alicante","Jumilla, Murcia",8.8069
"Orihuela, Alicante","Guardamar del Segura, Alicante",9.8724
"Oropesa del Mar, Castellón","Castellón de la Plana, Castellón",6.2361
"Oroso, A Coruña","Santiago de Compostela, A Coruña",0
"Oroso, A Coruña","Ordes, A Coruña",0
"Oroso, A Coruña","Tordoia, A Coruña",0
"Oroso, A Coruña","Arzúa, A Coruña",3.3013
"Osuna, Sevilla","Écija, Sevilla",0
"Osuna, Sevilla","Marchena, Sevilla",0
"Osuna, Sevilla","Aguadulce, Sevilla",0
"Osuna, Sevilla","Estepa, Sevilla",0
"Osuna, Sevilla","La Puebla de Cazalla, Sevilla",0
"Osuna, Sevilla","Morón de la Frontera, Sevilla",5.2575
"Osuna, Sevilla","Herrera, Sevilla",8.8049
"Osuna, Sevilla","Olvera, Cádiz",8.8227
"Ourense, Ourense","San Cibrao das Viñas, Ourense",0
"Ourense, Ourense","Paderne de Allariz, Ourense",2.2123
"Ourense, Ourense","O Carballiño, Ourense",6.5931
"Ourense, Ourense","Cartelle, Ourense",6.9235
"Outeiro de Rei, Lugo","Friol, Lugo",0
"Outeiro de Rei, Lugo","Lugo, Lugo",0
"Outeiro de Rei, Lugo","Vilalba, Lugo",3.416
"Outeiro de Rei, Lugo","Pol, Lugo",4.9862
"Outeiro de Rei, Lugo","Castroverde, Lugo",5.4046
"Oviedo, Asturias","Mieres, Asturias",0
"Oviedo, Asturias","Langreo, Asturias",0
"Oviedo, Asturias","Grado, Asturias",0
"Oviedo, Asturias","Siero, Asturias",0
"Oviedo, Asturias","Morcín, Asturias",0.5779
"Oviedo, Asturias","Quirós, Asturias",2.7175
"Oviedo, Asturias","Noreña, Asturias",5.0023
"Oviedo, Asturias","Gijón, Asturias",6.4294
"Oviedo, Asturias","San Martín del Rey Aurelio, Asturias",7.8565
"Oviedo, Asturias","Lena, Asturias",8.9111
"Oviedo, Asturias","Belmonte de Miranda, Asturias",9.6202
"Oviedo, Asturias","Aller, Asturias",9.8366
"Paderne de Allariz, Ourense","San Cibrao das Viñas, Ourense",0
"Paderne de Allariz, Ourense","Ourense, Ourense",2.2123
"Paderne de Allariz, Ourense","Sandiás, Ourense",8.7781
"Padul, Granada","Alhendín, Granada",0
"Padul, Granada","Dúrcal, Granada",0
"Padul, Granada","Gójar, Granada",4.0167
"Padul, Granada","La Zubia, Granada",4.3701
"Padul, Granada","Las Gabias, Granada",6.1831
"Padul, Granada","Churriana de la Vega, Granada",8.2481
"Padul, Granada","Armilla, Granada",9.0576
"Padul, Granada","Granada, Granada",9.8468
"Paiporta, Valencia","Alfafar, Valencia",0
"Paiporta, Valencia","Catarroja, Valencia",0
"Paiporta, Valencia","Massanassa, Valencia",0
"Paiporta, Valencia","Valencia, Valencia",0
"Paiporta, Valencia","Torrent, Valencia",1.0954
"Paiporta, Valencia","Albal, Valencia",1.2377
"Paiporta, Valencia","Beniparrell, Valencia",2.7144
"Paiporta, Valencia","Alaquàs, Valencia",2.9573
"Paiporta, Valencia","Alcàsser, Valencia",3.1447
"Paiporta, Valencia","Silla, Valencia",3.3108
"Paiporta, Valencia","Aldaia, Valencia",3.6102
"Paiporta, Valencia","Mislata, Valencia",3.6463
"Paiporta, Valencia","Picassent, Valencia",4.4388
"Paiporta, Valencia","Paterna, Valencia",5.7572
"Paiporta, Valencia","Manises, Valencia",6.0324
"Paiporta, Valencia","Burjassot, Valencia",6.8127
"Paiporta, Valencia","Alboraya, Valencia",7.2938
"Paiporta, Valencia","Almussafes, Valencia",9.3277
"Paiporta, Valencia","Chiva, Valencia",9.428
"Paiporta, Valencia","Sollana, Valencia",9.6664
"Palafrugell, Girona","Mont-ras, Girona",0
"Palafrugell, Girona","Pals, Girona",0.5714
"Palafrugell, Girona","Palamós, Girona",0.7413
"Palafrugell, Girona","Torroella de Montgrí, Girona",6.4631
"Palafrugell, Girona","Castell-Platja d'Aro, Girona",9.2843
"Palamós, Girona","Mont-ras, Girona",0
"Palamós, Girona","Palafrugell, Girona",0.7413
"Palamós, Girona","Castell-Platja d'Aro, Girona",3.7624
"Palamós, Girona","Sant Feliu de Guíxols, Girona",7.688
"Palamós, Girona","Pals, Girona",7.8052
"Palazuelos de Eresma, Segovia","Segovia, Segovia",0
"Palma de Mallorca, Baleares","Llucmajor, Baleares",0
"Palma de Mallorca, Baleares","Bunyola, Baleares",0
"Palma de Mallorca, Baleares","Calvià, Baleares",0
"Palma de Mallorca, Baleares","Esporles, Baleares",0
"Palma de Mallorca, Baleares","Puigpunyent, Baleares",0
"Palma de Mallorca, Baleares","Valldemossa, Baleares",0
"Palma de Mallorca, Baleares","Algaida, Baleares",0
"Palma de Mallorca, Baleares","Marratxí, Baleares",0
"Palma de Mallorca, Baleares","Santa Eugènia, Baleares",0
"Palma de Mallorca, Baleares","Sencelles, Baleares",2.4731
"Palma de Mallorca, Baleares","Banyalbufar, Baleares",3.4399
"Palma de Mallorca, Baleares","Consell, Baleares",3.752
"Palma de Mallorca, Baleares","Estellencs, Baleares",5.7011
"Palma de Mallorca, Baleares","Alaró, Baleares",6.5633
"Palma de Mallorca, Baleares","Binissalem, Baleares",6.6999
"Palma de Mallorca, Baleares","Montuïri, Baleares",8.2583
"Palma de Mallorca, Baleares","Santanyí, Baleares",8.8434
"Palma de Mallorca, Baleares","Sóller, Baleares",8.8509
"Palma de Mallorca, Baleares","Andratx, Baleares",9.0731
"Palma de Mallorca, Baleares","Costitx, Baleares",9.0844
"Palma de Mallorca, Baleares","Lloret de Vistalegre, Baleares",9.2843
"Palma de Mallorca, Baleares","Ses Salines, Baleares",9.7975
"Palma del Río, Córdoba","Écija, Sevilla",0
"Palma del Río, Córdoba","Lora del Río, Sevilla",0
"Palma del Río, Córdoba","Posadas, Córdoba",5.2559
"Palma del Río, Córdoba","Carmona, Sevilla",9.9095
"Palomares del Río, Sevilla","Coria del Río, Sevilla",0
"Palomares del Río, Sevilla","Dos Hermanas, Sevilla",0
"Palomares del Río, Sevilla","Gelves, Sevilla",0
"Palomares del Río, Sevilla","Mairena del Aljarafe, Sevilla",0
"Palomares del Río, Sevilla","Sevilla, Sevilla",0
"Palomares del Río, Sevilla","San Juan de Aznalfarache, Sevilla",2.009
"Palomares del Río, Sevilla","Bormujos, Sevilla",2.5327
"Palomares del Río, Sevilla","Tomares, Sevilla",2.9143
"Palomares del Río, Sevilla","Camas, Sevilla",5.0883
"Palomares del Río, Sevilla","Espartinas, Sevilla",5.0952
"Palomares del Río, Sevilla","Valencina de la Concepción, Sevilla",6.5472
"Palomares del Río, Sevilla","Umbrete, Sevilla",7.1341
"Palomares del Río, Sevilla","Alcalá de Guadaíra, Sevilla",8.835
"Palomares del Río, Sevilla","Sanlúcar la Mayor, Sevilla",9.3269
"Palomares del Río, Sevilla","Santiponce, Sevilla",9.3434
"Pals, Girona","Torroella de Montgrí, Girona",0
"Pals, Girona","Palafrugell, Girona",0.5714
"Pals, Girona","Mont-ras, Girona",3.4791
"Pals, Girona","Palamós, Girona",7.8052
"Paracuellos de Jarama, Madrid","Ajalvir, Madrid",0
"Paracuellos de Jarama, Madrid","Alcobendas, Madrid",0
"Paracuellos de Jarama, Madrid","Madrid, Madrid",0
"Paracuellos de Jarama, Madrid","San Fernando de Henares, Madrid",0
"Paracuellos de Jarama, Madrid","San Sebastián de los Reyes, Madrid",0
"Paracuellos de Jarama, Madrid","Torrejón de Ardoz, Madrid",0
"Paracuellos de Jarama, Madrid","Algete, Madrid",1.1326
"Paracuellos de Jarama, Madrid","Coslada, Madrid",2.6317
"Paracuellos de Jarama, Madrid","Alcalá de Henares, Madrid",3.8722
"Paracuellos de Jarama, Madrid","Torres de la Alameda, Madrid",5.701
"Paracuellos de Jarama, Madrid","Colmenar Viejo, Madrid",6.1536
"Paracuellos de Jarama, Madrid","Rivas-Vaciamadrid, Madrid",6.4444
"Paracuellos de Jarama, Madrid","Mejorada del Campo, Madrid",6.6437
"Paracuellos de Jarama, Madrid","Camarma de Esteruelas, Madrid",6.8215
"Paracuellos de Jarama, Madrid","Villalbilla, Madrid",6.9224
"Paracuellos de Jarama, Madrid","Velilla de San Antonio, Madrid",9.6782
"Parla, Madrid","Pinto, Madrid",0
"Parla, Madrid","Fuenlabrada, Madrid",0
"Parla, Madrid","Griñón, Madrid",0
"Parla, Madrid","Humanes de Madrid, Madrid",0
"Parla, Madrid","Torrejón de la Calzada, Madrid",0
"Parla, Madrid","Getafe, Madrid",1.9092
"Parla, Madrid","Valdemoro, Madrid",3.1389
"Parla, Madrid","Leganés, Madrid",4.1587
"Parla, Madrid","Illescas, Toledo",4.1694
"Parla, Madrid","Móstoles, Madrid",5.0977
"Parla, Madrid","Seseña, Toledo",7.146
"Parla, Madrid","Arroyomolinos, Madrid",7.4986
"Parla, Madrid","San Martín de la Vega, Madrid",7.8345
"Parla, Madrid","Madrid, Madrid",8.1192
"Parla, Madrid","Ciempozuelos, Madrid",8.3223
"Parla, Madrid","Alcorcón, Madrid",8.661
"Paterna, Valencia","Bétera, Valencia",0
"Paterna, Valencia","L'Eliana, Valencia",0
"Paterna, Valencia","Burjassot, Valencia",0
"Paterna, Valencia","Manises, Valencia",0
"Paterna, Valencia","Valencia, Valencia",0
"Paterna, Valencia","Mislata, Valencia",0.4085
"Paterna, Valencia","Aldaia, Valencia",1.5336
"Paterna, Valencia","Moncada, Valencia",2.2763
"Paterna, Valencia","La Pobla de Vallbona, Valencia",2.7911
"Paterna, Valencia","Alaquàs, Valencia",3.2111
"Paterna, Valencia","Foios, Valencia",4.5283
"Paterna, Valencia","Torrent, Valencia",4.5517
"Paterna, Valencia","Alboraya, Valencia",5.2607
"Paterna, Valencia","Benaguasil, Valencia",5.5518
"Paterna, Valencia","Paiporta, Valencia",5.7572
"Paterna, Valencia","Albalat dels Sorells, Valencia",6.1766
"Paterna, Valencia","Chiva, Valencia",6.3522
"Paterna, Valencia","Alfafar, Valencia",6.957
"Paterna, Valencia","Náquera, Valencia",6.9839
"Paterna, Valencia","Catarroja, Valencia",7.488
"Paterna, Valencia","Llíria, Valencia",7.8313
"Paterna, Valencia","Massanassa, Valencia",8.1823
"Paterna, Valencia","Olocau, Valencia",8.3909
"Paterna, Valencia","Massamagrell, Valencia",8.6866
"Paterna, Valencia","Albal, Valencia",9.2183
"Paterna, Valencia","Alcàsser, Valencia",9.4425
"Paterna, Valencia","La Pobla de Farnals, Valencia",9.8775
"Peligros, Granada","Maracena, Granada",0
"Peligros, Granada","Granada, Granada",0.9035
"Peligros, Granada","Atarfe, Granada",2.0263
"Peligros, Granada","Pinos Puente, Granada",5.5596
"Peligros, Granada","Churriana de la Vega, Granada",6.322
"Peligros, Granada","Armilla, Granada",6.4199
"Peligros, Granada","Fuente Vaqueros, Granada",7.0443
"Peligros, Granada","Las Gabias, Granada",8.0062
"Peligros, Granada","Alhendín, Granada",8.8869
"Peligros, Granada","La Zubia, Granada",9.0141
"Peligros, Granada","Chauchina, Granada",9.9368
"Peñíscola, Castellón","Benicarló, Castellón",0
"Peñíscola, Castellón","Vinaròs, Castellón",5.6709
"Perafort, Tarragona","Alcover, Tarragona",0
"Perafort, Tarragona","Constantí, Tarragona",0
"Perafort, Tarragona","La Pobla de Mafumet, Tarragona",0
"Perafort, Tarragona","La Selva del Camp, Tarragona",0
"Perafort, Tarragona","Tarragona, Tarragona",0.884
"Perafort, Tarragona","El Milà, Tarragona",1.1281
"Perafort, Tarragona","Vallmoll, Tarragona",1.3602
"Perafort, Tarragona","El Catllar, Tarragona",1.4215
"Perafort, Tarragona","Reus, Tarragona",2.0576
"Perafort, Tarragona","Valls, Tarragona",2.7262
"Perafort, Tarragona","Renau, Tarragona",3.6976
"Perafort, Tarragona","Vilabella, Tarragona",5.2555
"Perafort, Tarragona","Vespella de Gaià, Tarragona",5.5439
"Perafort, Tarragona","Castellvell del Camp, Tarragona",5.5747
"Perafort, Tarragona","Mont-ral, Tarragona",7.0823
"Perafort, Tarragona","La Riba, Tarragona",7.1871
"Perafort, Tarragona","L'Aleixar, Tarragona",7.3083
"Perafort, Tarragona","Vila-seca, Tarragona",7.7641
"Perafort, Tarragona","La Nou de Gaià, Tarragona",8.3886
"Perafort, Tarragona","Altafulla, Tarragona",9.1658
"Perafort, Tarragona","Riudoms, Tarragona",9.2122
"Perafort, Tarragona","Alió, Tarragona",9.4449
"Perafort, Tarragona","Bràfim, Tarragona",9.5628
"Perafort, Tarragona","Montblanc, Tarragona",9.7165
"Perafort, Tarragona","La Pobla de Montornès, Tarragona",9.8727
"Petra, Baleares","Artà, Baleares",0
"Petra, Baleares","Manacor, Baleares",0
"Petra, Baleares","Sant Llorenç des Cardassar, Baleares",0
"Petra, Baleares","Santa Margalida, Baleares",0
"Petra, Baleares","Ariany, Baleares",0
"Petra, Baleares","Sant Joan, Baleares",0
"Petra, Baleares","Sineu, Baleares",0
"Petra, Baleares","Maria de la Salut, Baleares",1.2201
"Petra, Baleares","Porreres, Baleares",2.5712
"Petra, Baleares","Lloret de Vistalegre, Baleares",3.1988
"Petra, Baleares","Montuïri, Baleares",3.9521
"Petra, Baleares","Felanitx, Baleares",4.2927
"Petra, Baleares","Llubí, Baleares",4.6921
"Petra, Baleares","Son Servera, Baleares",6.2721
"Petra, Baleares","Muro, Baleares",7.1127
"Petra, Baleares","Costitx, Baleares",8.792
"Petra, Baleares","Algaida, Baleares",9.1171
"Petra, Baleares","Sencelles, Baleares",9.1993
"Petrer, Alicante","Castalla, Alicante",0
"Petrer, Alicante","Elda, Alicante",0
"Petrer, Alicante","Novelda, Alicante",0
"Petrer, Alicante","Alicante, Alicante",3.518
"Petrer, Alicante","Villena, Alicante",6.0712
"Petrer, Alicante","Aspe, Alicante",8.4204
"Petrer, Alicante","Mutxamel, Alicante",9.5663
"Picassent, Valencia","Torrent, Valencia",0
"Picassent, Valencia","Alcàsser, Valencia",0
"Picassent, Valencia","Silla, Valencia",0
"Picassent, Valencia","Almussafes, Valencia",0
"Picassent, Valencia","Sollana, Valencia",1.3193
"Picassent, Valencia","Catarroja, Valencia",1.3443
"Picassent, Valencia","Beniparrell, Valencia",1.3636
"Picassent, Valencia","Albal, Valencia",1.3642
"Picassent, Valencia","Alginet, Valencia",1.8494
"Picassent, Valencia","Valencia, Valencia",2.3451
"Picassent, Valencia","Carlet, Valencia",3.9919
"Picassent, Valencia","Paiporta, Valencia",4.4388
"Picassent, Valencia","Chiva, Valencia",4.8323
"Picassent, Valencia","Aldaia, Valencia",4.871
"Picassent, Valencia","Alaquàs, Valencia",4.9348
"Picassent, Valencia","Massanassa, Valencia",5.2828
"Picassent, Valencia","Alfafar, Valencia",5.6641
"Picassent, Valencia","Algemesí, Valencia",6.037
"Picassent, Valencia","Godelleta, Valencia",6.3367
"Picassent, Valencia","Sueca, Valencia",6.9323
"Picassent, Valencia","L'Alcúdia, Valencia",7.953
"Picassent, Valencia","Mislata, Valencia",7.9842
"Picassent, Valencia","Manises, Valencia",9.3618
"Pilar de la Horadada, Alicante","Orihuela, Alicante",0
"Pilar de la Horadada, Alicante","San Javier, Murcia",0
"Pilar de la Horadada, Alicante","Murcia, Murcia",0
"Pilar de la Horadada, Alicante","San Miguel de Salinas, Alicante",1.7879
"Pilar de la Horadada, Alicante","Cartagena, Murcia",6.1834
"Pilar de la Horadada, Alicante","Torre-Pacheco, Murcia",6.7082
"Pilar de la Horadada, Alicante","Torrevieja, Alicante",7.0041
"Pilar de la Horadada, Alicante","Los Montesinos, Alicante",8.5645
"Pilar de la Horadada, Alicante","Los Alcázares, Murcia",9.2213
"Pilas, Sevilla","Sanlúcar la Mayor, Sevilla",3.9786
"Pilas, Sevilla","Umbrete, Sevilla",5.6934
"Pilas, Sevilla","Almonte, Huelva",7.0252
"Pilas, Sevilla","Bollullos Par del Condado, Huelva",7.7733
"Pilas, Sevilla","Espartinas, Sevilla",9.0875
"Pineda de Mar, Barcelona","Calella, Barcelona",0
"Pineda de Mar, Barcelona","Sant Cebrià de Vallalta, Barcelona",0
"Pineda de Mar, Barcelona","Santa Susanna, Barcelona",0
"Pineda de Mar, Barcelona","Sant Pol de Mar, Barcelona",0.9744
"Pineda de Mar, Barcelona","Malgrat de Mar, Barcelona",2.0409
"Pineda de Mar, Barcelona","Canet de Mar, Barcelona",4.9203
"Pineda de Mar, Barcelona","Blanes, Girona",6.4754
"Pineda de Mar, Barcelona","Arenys de Mar, Barcelona",6.9118
"Pineda de Mar, Barcelona","Riells i Viabrea, Girona",9.8321
"Pinos Puente, Granada","Atarfe, Granada",0
"Pinos Puente, Granada","Fuente Vaqueros, Granada",0
"Pinos Puente, Granada","Granada, Granada",1.2278
"Pinos Puente, Granada","Chauchina, Granada",1.4072
"Pinos Puente, Granada","Maracena, Granada",3.9042
"Pinos Puente, Granada","Peligros, Granada",5.5596
"Pinos Puente, Granada","Huétor Tájar, Granada",5.5928
"Pinos Puente, Granada","Las Gabias, Granada",5.7982
"Pinos Puente, Granada","Churriana de la Vega, Granada",6.9366
"Pinos Puente, Granada","Armilla, Granada",8.9356
"Pinos Puente, Granada","Loja, Granada",9.1955
"Pinoso, Alicante","Villena, Alicante",0
"Pinoso, Alicante","Jumilla, Murcia",0
"Pinoso, Alicante","Yecla, Murcia",0
"Pinoso, Alicante","Orihuela, Alicante",1.9323
"Pinoso, Alicante","Aspe, Alicante",8.2613
"Pinoso, Alicante","Novelda, Alicante",8.7325
"Pinoso, Alicante","Elda, Alicante",9.1948
"Pinto, Madrid","Getafe, Madrid",0
"Pinto, Madrid","Fuenlabrada, Madrid",0
"Pinto, Madrid","Parla, Madrid",0
"Pinto, Madrid","Valdemoro, Madrid",0
"Pinto, Madrid","San Martín de la Vega, Madrid",0
"Pinto, Madrid","Leganés, Madrid",3.0487
"Pinto, Madrid","Madrid, Madrid",3.3151
"Pinto, Madrid","Torrejón de la Calzada, Madrid",3.5216
"Pinto, Madrid","Humanes de Madrid, Madrid",4.5294
"Pinto, Madrid","Rivas-Vaciamadrid, Madrid",4.7249
"Pinto, Madrid","Ciempozuelos, Madrid",5.171
"Pinto, Madrid","Griñón, Madrid",5.4611
"Pinto, Madrid","Seseña, Toledo",6.4552
"Pinto, Madrid","Illescas, Toledo",6.8418
"Pinto, Madrid","Móstoles, Madrid",8.5376
"Pinto, Madrid","Alcorcón, Madrid",8.994
"Pinto, Madrid","Arganda del Rey, Madrid",9.1679
"Pioz, Guadalajara","Guadalajara, Guadalajara",0
"Pioz, Guadalajara","Villalbilla, Madrid",5.6901
"Pioz, Guadalajara","Azuqueca de Henares, Guadalajara",6.6121
"Pioz, Guadalajara","Alcalá de Henares, Madrid",7.799
"Pioz, Guadalajara","Meco, Madrid",9.9388
"Pol, Lugo","Castroverde, Lugo",0
"Pol, Lugo","Meira, Lugo",0
"Pol, Lugo","Lugo, Lugo",1.1229
"Pol, Lugo","A Fonsagrada, Lugo",3.9322
"Pol, Lugo","Outeiro de Rei, Lugo",4.9862
"Polinyà, Barcelona","Sabadell, Barcelona",0
"Polinyà, Barcelona","Santa Perpètua de Mogoda, Barcelona",0
"Polinyà, Barcelona","Mollet del Vallès, Barcelona",1.3126
"Polinyà, Barcelona","Barberà del Vallès, Barcelona",1.4171
"Polinyà, Barcelona","Montcada i Reixac, Barcelona",1.6234
"Polinyà, Barcelona","Castellar del Vallès, Barcelona",1.8314
"Polinyà, Barcelona","Ripollet, Barcelona",2.8368
"Polinyà, Barcelona","Lliçà de Vall, Barcelona",2.9052
"Polinyà, Barcelona","Caldes de Montbui, Barcelona",3.0353
"Polinyà, Barcelona","Cerdanyola del Vallès, Barcelona",3.8828
"Polinyà, Barcelona","Sant Quirze del Vallès, Barcelona",4.0075
"Polinyà, Barcelona","Montmeló, Barcelona",4.83
"Polinyà, Barcelona","Montornès del Vallès, Barcelona",4.9583
"Polinyà, Barcelona","Terrassa, Barcelona",5.0024
"Polinyà, Barcelona","Granollers, Barcelona",7.1451
"Polinyà, Barcelona","Badalona, Barcelona",7.1538
"Polinyà, Barcelona","Sant Cugat del Vallès, Barcelona",7.314
"Polinyà, Barcelona","Santa Eulàlia de Ronçana, Barcelona",7.4258
"Polinyà, Barcelona","Matadepera, Barcelona",7.5488
"Polinyà, Barcelona","Santa Coloma de Gramenet, Barcelona",7.7776
"Polinyà, Barcelona","Barcelona, Barcelona",7.8348
"Polinyà, Barcelona","Rubí, Barcelona",8.6722
"Pollença, Baleares","Alcúdia, Baleares",0
"Pollença, Baleares","Sa Pobla, Baleares",0
"Pollença, Baleares","Escorca, Baleares",0
"Pollença, Baleares","Campanet, Baleares",0
"Pollença, Baleares","Selva, Baleares",2.3609
"Pollença, Baleares","Búger, Baleares",3.6251
"Pollença, Baleares","Muro, Baleares",4.0117
"Pollença, Baleares","Mancor de la Vall, Baleares",7.8159
"Pollença, Baleares","Inca, Baleares",7.9341
"Pollença, Baleares","Llubí, Baleares",8.5489
"Pollença, Baleares","Santa Margalida, Baleares",9.8436
"Ponteareas, Pontevedra","As Neves, Pontevedra",0
"Ponteareas, Pontevedra","Salvaterra de Miño, Pontevedra",0
"Ponteareas, Pontevedra","O Porriño, Pontevedra",0
"Ponteareas, Pontevedra","Redondela, Pontevedra",2.1865
"Ponteareas, Pontevedra","Vigo, Pontevedra",4.7011
"Ponteareas, Pontevedra","Tui, Pontevedra",5.9758
"Pontevedra, Pontevedra","Campo Lameiro, Pontevedra",0
"Pontevedra, Pontevedra","Meis, Pontevedra",0.0999
"Pontevedra, Pontevedra","Redondela, Pontevedra",1.793
"Pontevedra, Pontevedra","Sanxenxo, Pontevedra",4.8602
"Pontevedra, Pontevedra","Vilanova de Arousa, Pontevedra",7.2913
"Pontevedra, Pontevedra","Cambados, Pontevedra",7.3823
"Pontevedra, Pontevedra","A Lama, Pontevedra",7.8438
"Pontevedra, Pontevedra","Vilagarcía de Arousa, Pontevedra",8.6551
"Pontevedra, Pontevedra","Cuntis, Pontevedra",9.3292
"Porreres, Baleares","Campos, Baleares",0
"Porreres, Baleares","Felanitx, Baleares",0
"Porreres, Baleares","Llucmajor, Baleares",0
"Porreres, Baleares","Montuïri, Baleares",0
"Porreres, Baleares","Sant Joan, Baleares",0
"Porreres, Baleares","Algaida, Baleares",1.1114
"Porreres, Baleares","Manacor, Baleares",1.7217
"Porreres, Baleares","Petra, Baleares",2.5712
"Porreres, Baleares","Lloret de Vistalegre, Baleares",6.2906
"Porreres, Baleares","Sineu, Baleares",6.4307
"Porreres, Baleares","Ariany, Baleares",8.6108
"Porreres, Baleares","Santanyí, Baleares",8.9202
"Porreres, Baleares","Sencelles, Baleares",9.5386
"Portomarín, Lugo","Taboada, Lugo",0
"Portomarín, Lugo","Monterroso, Lugo",0
"Portomarín, Lugo","O Saviñao, Lugo",1.9094
"Portomarín, Lugo","Lugo, Lugo",4.7862
"Portomarín, Lugo","Antas de Ulla, Lugo",6.1688
"Portomarín, Lugo","Sarria, Lugo",6.9061
"Portomarín, Lugo","Friol, Lugo",9.9877
"Portugalete, Vizcaya","Getxo, Vizcaya",0
"Portugalete, Vizcaya","Leioa, Vizcaya",0
"Portugalete, Vizcaya","Sestao, Vizcaya",0
"Portugalete, Vizcaya","Barakaldo, Vizcaya",1.106
"Portugalete, Vizcaya","Erandio, Vizcaya",1.2845
"Portugalete, Vizcaya","Bilbao, Vizcaya",3.5079
"Portugalete, Vizcaya","Loiu, Vizcaya",4.9769
"Portugalete, Vizcaya","Derio, Vizcaya",6.7823
"Portugalete, Vizcaya","Zamudio, Vizcaya",8.4946
"Portugalete, Vizcaya","Castro-Urdiales, Cantabria",9.004
"Posadas, Córdoba","Écija, Sevilla",2.7622
"Posadas, Córdoba","Palma del Río, Córdoba",5.2559
"Posadas, Córdoba","La Carlota, Córdoba",5.5662
"Posadas, Córdoba","Córdoba, Córdoba",5.8891
"Posadas, Córdoba","La Rambla, Córdoba",7.6269
"Potes, Cantabria","Camaleño, Cantabria",0
"Pozo Alcón, Jaén","Cortes de Baza, Granada",0
"Pozo Alcón, Jaén","Quesada, Jaén",0
"Pozo Alcón, Jaén","Cazorla, Jaén",0.3195
"Pozo Alcón, Jaén","Baza, Granada",6.2482
"Pozoblanco, Córdoba","El Viso, Córdoba",8.6361
"Pozuelo de Alarcón, Madrid","Alcorcón, Madrid",0
"Pozuelo de Alarcón, Madrid","Boadilla del Monte, Madrid",0
"Pozuelo de Alarcón, Madrid","Madrid, Madrid",0
"Pozuelo de Alarcón, Madrid","Majadahonda, Madrid",0
"Pozuelo de Alarcón, Madrid","Las Rozas de Madrid, Madrid",1.1535
"Pozuelo de Alarcón, Madrid","Villaviciosa de Odón, Madrid",3.4469
"Pozuelo de Alarcón, Madrid","Leganés, Madrid",3.4766
"Pozuelo de Alarcón, Madrid","Móstoles, Madrid",5.4998
"Pozuelo de Alarcón, Madrid","Villanueva de la Cañada, Madrid",6.7421
"Pozuelo de Alarcón, Madrid","Fuenlabrada, Madrid",7.2525
"Pozuelo de Alarcón, Madrid","Villanueva del Pardillo, Madrid",7.6253
"Pozuelo de Alarcón, Madrid","Brunete, Madrid",8.0468
"Pozuelo de Alarcón, Madrid","Getafe, Madrid",8.0751
"Pozuelo de Alarcón, Madrid","Galapagar, Madrid",9.6294
"Pravia, Asturias","Cudillero, Asturias",0
"Pravia, Asturias","Soto del Barco, Asturias",0
"Pravia, Asturias","Salas, Asturias",0
"Pravia, Asturias","Grado, Asturias",2.512
"Pravia, Asturias","Valdés, Asturias",2.6933
"Pravia, Asturias","Castrillón, Asturias",4.1352
"Pravia, Asturias","Belmonte de Miranda, Asturias",5.1117
"Premià de Dalt, Barcelona","El Masnou, Barcelona",0
"Premià de Dalt, Barcelona","Teià, Barcelona",0
"Premià de Dalt, Barcelona","Vilassar de Dalt, Barcelona",0
"Premià de Dalt, Barcelona","Cabrils, Barcelona",1.0003
"Premià de Dalt, Barcelona","Cabrera de Mar, Barcelona",2.5789
"Premià de Dalt, Barcelona","Montornès del Vallès, Barcelona",2.8929
"Premià de Dalt, Barcelona","La Roca del Vallès, Barcelona",4.0544
"Premià de Dalt, Barcelona","Mataró, Barcelona",4.9624
"Premià de Dalt, Barcelona","Montmeló, Barcelona",6.4035
"Premià de Dalt, Barcelona","Granollers, Barcelona",6.4224
"Premià de Dalt, Barcelona","Badalona, Barcelona",6.6405
"Premià de Dalt, Barcelona","Mollet del Vallès, Barcelona",8.1135
"Premià de Dalt, Barcelona","Montcada i Reixac, Barcelona",8.5929
"Premià de Dalt, Barcelona","Llinars del Vallès, Barcelona",8.7858
"Premià de Dalt, Barcelona","Lliçà de Vall, Barcelona",8.8158
"Premià de Dalt, Barcelona","Les Franqueses del Vallès, Barcelona",9.4237
"Premià de Dalt, Barcelona","Santa Perpètua de Mogoda, Barcelona",9.6659
"Priego de Córdoba, Córdoba","Alcalá la Real, Jaén",0
"Priego de Córdoba, Córdoba","Cabra, Córdoba",2.6566
"Priego de Córdoba, Córdoba","Loja, Granada",7.066
"Priego de Córdoba, Córdoba","Baena, Córdoba",7.7009
"Priego de Córdoba, Córdoba","Lucena, Córdoba",8.3458
"Puçol, Valencia","Sagunto, Valencia",0
"Puçol, Valencia","La Pobla de Farnals, Valencia",2.1368
"Puçol, Valencia","Náquera, Valencia",2.4643
"Puçol, Valencia","Massamagrell, Valencia",3.0093
"Puçol, Valencia","Valencia, Valencia",4.1045
"Puçol, Valencia","Moncada, Valencia",4.2633
"Puçol, Valencia","Bétera, Valencia",5.5749
"Puçol, Valencia","Albalat dels Sorells, Valencia",6.2803
"Puçol, Valencia","Foios, Valencia",6.4142
"Puçol, Valencia","Canet d'En Berenguer, Valencia",7.3279
"Puçol, Valencia","Alboraya, Valencia",9.5948
"Puebla de Lillo, León","Aller, Asturias",0
"Puente Genil, Córdoba","Aguilar de la Frontera, Córdoba",0
"Puente Genil, Córdoba","Casariche, Sevilla",0
"Puente Genil, Córdoba","Estepa, Sevilla",0
"Puente Genil, Córdoba","Herrera, Sevilla",0
"Puente Genil, Córdoba","Lucena, Córdoba",3.1396
"Puente Genil, Córdoba","Écija, Sevilla",3.5461
"Puente Genil, Córdoba","Montilla, Córdoba",7.0683
"Puerto de la Cruz, Santa Cruz de Tenerife","La Orotava, Santa Cruz de Tenerife",0
"Puerto de la Cruz, Santa Cruz de Tenerife","Los Realejos, Santa Cruz de Tenerife",0
"Puerto de la Cruz, Santa Cruz de Tenerife","La Matanza de Acentejo, Santa Cruz de Tenerife",5.4068
"Puerto Real, Cádiz","Chiclana de la Frontera, Cádiz",0
"Puerto Real, Cádiz","El Puerto de Santa María, Cádiz",0
"Puerto Real, Cádiz","San Fernando, Cádiz",0
"Puerto Real, Cádiz","Jerez de la Frontera, Cádiz",0
"Puerto Real, Cádiz","Cádiz, Cádiz",0.6347
"Puerto Real, Cádiz","Rota, Cádiz",9.1586
"Puertollano, Ciudad Real","Almagro, Ciudad Real",8.3041
"Puigpunyent, Baleares","Banyalbufar, Baleares",0
"Puigpunyent, Baleares","Calvià, Baleares",0
"Puigpunyent, Baleares","Esporles, Baleares",0
"Puigpunyent, Baleares","Estellencs, Baleares",0
"Puigpunyent, Baleares","Palma de Mallorca, Baleares",0
"Puigpunyent, Baleares","Andratx, Baleares",2.3183
"Puigpunyent, Baleares","Valldemossa, Baleares",3.3105
"Puigpunyent, Baleares","Marratxí, Baleares",6.7728
"Puigpunyent, Baleares","Bunyola, Baleares",7.3465
"Punta Umbría, Huelva","Cartaya, Huelva",0
"Punta Umbría, Huelva","Gibraleón, Huelva",0
"Punta Umbría, Huelva","Moguer, Huelva",0
"Punta Umbría, Huelva","Lepe, Huelva",1.117
"Punta Umbría, Huelva","Aljaraque, Huelva",1.124
"Punta Umbría, Huelva","Huelva, Huelva",9.3103
"Quesada, Jaén","Cazorla, Jaén",0
"Quesada, Jaén","Pozo Alcón, Jaén",0
"Quesada, Jaén","Úbeda, Jaén",0
"Quesada, Jaén","Jódar, Jaén",4.18
"Quesada, Jaén","Cortes de Baza, Granada",5.8931
"Quijorna, Madrid","Brunete, Madrid",0
"Quijorna, Madrid","Villanueva de la Cañada, Madrid",0
"Quijorna, Madrid","Valdemorillo, Madrid",0
"Quijorna, Madrid","Sevilla la Nueva, Madrid",0.9663
"Quijorna, Madrid","Villamantilla, Madrid",4.2572
"Quijorna, Madrid","Villanueva del Pardillo, Madrid",4.585
"Quijorna, Madrid","Villaviciosa de Odón, Madrid",4.7795
"Quijorna, Madrid","Villamanta, Madrid",5.1865
"Quijorna, Madrid","Colmenarejo, Madrid",5.2585
"Quijorna, Madrid","Navalcarnero, Madrid",5.9399
"Quijorna, Madrid","Boadilla del Monte, Madrid",6.2879
"Quijorna, Madrid","Majadahonda, Madrid",7.3339
"Quijorna, Madrid","Galapagar, Madrid",8.9662
"Quijorna, Madrid","El Escorial, Madrid",9.7169
"Quiroga, Lugo","A Pobra do Brollón, Lugo",0
"Quiroga, Lugo","Folgoso do Courel, Lugo",0
"Quiroga, Lugo","Vilamartín de Valdeorras, Ourense",0
"Quiroga, Lugo","Monforte de Lemos, Lugo",1.4576
"Quiroga, Lugo","Samos, Lugo",7.0759
"Quiroga, Lugo","Chandrexa de Queixa, Ourense",8.4644
"Quiroga, Lugo","A Veiga, Ourense",9.5008
"Quirós, Asturias","Lena, Asturias",0
"Quirós, Asturias","Morcín, Asturias",0
"Quirós, Asturias","Oviedo, Asturias",2.7175
"Quirós, Asturias","Grado, Asturias",3.7182
"Quirós, Asturias","Mieres, Asturias",4.8607
"Quirós, Asturias","Aller, Asturias",8.0122
"Rafal, Alicante","Orihuela, Alicante",0
"Rafal, Alicante","Callosa de Segura, Alicante",0.1807
"Rafal, Alicante","Almoradí, Alicante",1.0108
"Rafal, Alicante","Catral, Alicante",2.9455
"Rafal, Alicante","Redován, Alicante",3.0388
"Rafal, Alicante","Cox, Alicante",3.0788
"Rafal, Alicante","Dolores, Alicante",4.4597
"Rafal, Alicante","Crevillent, Alicante",4.8736
"Rafal, Alicante","Albatera, Alicante",4.9445
"Rafal, Alicante","San Isidro, Alicante",5.4036
"Rafal, Alicante","Los Montesinos, Alicante",6.8636
"Rafal, Alicante","San Fulgencio, Alicante",8.0386
"Rafal, Alicante","San Miguel de Salinas, Alicante",8.9308
"Rafal, Alicante","Elche, Alicante",9.6735
"Ramirás, Ourense","Cartelle, Ourense",0
"Ramirás, Ourense","Verea, Ourense",1.5728
"Ramirás, Ourense","San Cibrao das Viñas, Ourense",8.392
"Redondela, Pontevedra","Vigo, Pontevedra",0
"Redondela, Pontevedra","Pontevedra, Pontevedra",1.793
"Redondela, Pontevedra","Ponteareas, Pontevedra",2.1865
"Redondela, Pontevedra","O Porriño, Pontevedra",5.1718
"Redondela, Pontevedra","Cangas, Pontevedra",6.6259
"Redován, Alicante","Callosa de Segura, Alicante",0
"Redován, Alicante","Cox, Alicante",0
"Redován, Alicante","Orihuela, Alicante",0
"Redován, Alicante","Rafal, Alicante",3.0388
"Redován, Alicante","Albatera, Alicante",4.1204
"Redován, Alicante","Almoradí, Alicante",5.5777
"Redován, Alicante","Catral, Alicante",6.116
"Redován, Alicante","San Isidro, Alicante",6.6623
"Redován, Alicante","Santomera, Murcia",6.7996
"Redován, Alicante","Crevillent, Alicante",7.0982
"Redován, Alicante","Dolores, Alicante",8.6177
"Redován, Alicante","Murcia, Murcia",9.2506
"Redován, Alicante","Los Montesinos, Alicante",9.4715
"Reinosa, Cantabria","Campoo de Yuso, Cantabria",2.645
"Renau, Tarragona","El Catllar, Tarragona",0
"Renau, Tarragona","Vespella de Gaià, Tarragona",0
"Renau, Tarragona","Vilabella, Tarragona",0
"Renau, Tarragona","Vallmoll, Tarragona",1.7129
"Renau, Tarragona","La Nou de Gaià, Tarragona",3.1994
"Renau, Tarragona","Perafort, Tarragona",3.6976
"Renau, Tarragona","Montferri, Tarragona",3.7519
"Renau, Tarragona","Tarragona, Tarragona",3.8344
"Renau, Tarragona","Bràfim, Tarragona",4.0215
"Renau, Tarragona","La Pobla de Montornès, Tarragona",4.179
"Renau, Tarragona","Valls, Tarragona",4.2673
"Renau, Tarragona","Altafulla, Tarragona",5.1427
"Renau, Tarragona","Alió, Tarragona",5.5663
"Renau, Tarragona","Creixell, Tarragona",5.8228
"Renau, Tarragona","El Milà, Tarragona",6.1128
"Renau, Tarragona","La Pobla de Mafumet, Tarragona",6.2701
"Renau, Tarragona","Alcover, Tarragona",6.7484
"Renau, Tarragona","Masllorenç, Tarragona",7.1687
"Renau, Tarragona","Constantí, Tarragona",7.5066
"Renau, Tarragona","La Selva del Camp, Tarragona",9.0801
"Requena, Valencia","Balsa de Ves, Albacete",0
"Requena, Valencia","Buñol, Valencia",0
"Requena, Valencia","Chiva, Valencia",5.1362
"Reus, Tarragona","Castellvell del Camp, Tarragona",0
"Reus, Tarragona","Constantí, Tarragona",0
"Reus, Tarragona","L'Aleixar, Tarragona",0
"Reus, Tarragona","La Selva del Camp, Tarragona",0
"Reus, Tarragona","Riudoms, Tarragona",0
"Reus, Tarragona","Tarragona, Tarragona",0
"Reus, Tarragona","Vila-seca, Tarragona",0
"Reus, Tarragona","Salou, Tarragona",0.7495
"Reus, Tarragona","Cambrils, Tarragona",1.1772
"Reus, Tarragona","Les Borges del Camp, Tarragona",1.7307
"Reus, Tarragona","Perafort, Tarragona",2.0576
"Reus, Tarragona","Vinyols i els Arcs, Tarragona",2.1016
"Reus, Tarragona","La Pobla de Mafumet, Tarragona",2.4446
"Reus, Tarragona","Montbrió del Camp, Tarragona",4.15
"Reus, Tarragona","Alcover, Tarragona",4.515
"Reus, Tarragona","El Catllar, Tarragona",7.0977
"Reus, Tarragona","Vallmoll, Tarragona",7.6058
"Reus, Tarragona","El Milà, Tarragona",7.6635
"Reus, Tarragona","Mont-ral, Tarragona",8.638
"Reus, Tarragona","Valls, Tarragona",9.3113
"Ribadeo, Lugo","Tapia de Casariego, Asturias",2.9791
"Ribadesella, Asturias","Cangas de Onís, Asturias",0
"Ribadesella, Asturias","Llanes, Asturias",0
"Ribeira, A Coruña","A Pobra do Caramiñal, A Coruña",0
"Ribeira, A Coruña","Boiro, A Coruña",2.8417
"Ribeira, A Coruña","O Grove, Pontevedra",4.4186
"Ribeira, A Coruña","Vilanova de Arousa, Pontevedra",9.9339
"Riells i Viabrea, Girona","Santa Maria de Palautordera, Barcelona",6.0642
"Riells i Viabrea, Girona","Santa Coloma de Farners, Girona",6.9124
"Riells i Viabrea, Girona","Sant Cebrià de Vallalta, Barcelona",7.6829
"Riells i Viabrea, Girona","Llinars del Vallès, Barcelona",9.3607
"Riells i Viabrea, Girona","Pineda de Mar, Barcelona",9.8321
"Riells i Viabrea, Girona","Santa Susanna, Barcelona",9.9828
"Rincón de la Victoria, Málaga","Vélez-Málaga, Málaga",0
"Rincón de la Victoria, Málaga","Málaga, Málaga",0
"Rioja, Almería","Almería, Almería",3.8435
"Rioja, Almería","Níjar, Almería",8.8415
"Riós, Ourense","Verín, Ourense",0.9075
"Ripollet, Barcelona","Barberà del Vallès, Barcelona",0
"Ripollet, Barcelona","Cerdanyola del Vallès, Barcelona",0
"Ripollet, Barcelona","Montcada i Reixac, Barcelona",0
"Ripollet, Barcelona","Santa Perpètua de Mogoda, Barcelona",0.7402
"Ripollet, Barcelona","Sabadell, Barcelona",1.9851
"Ripollet, Barcelona","Barcelona, Barcelona",2.4693
"Ripollet, Barcelona","Santa Coloma de Gramenet, Barcelona",2.6251
"Ripollet, Barcelona","Polinyà, Barcelona",2.8368
"Ripollet, Barcelona","Sant Quirze del Vallès, Barcelona",3.2017
"Ripollet, Barcelona","Badalona, Barcelona",3.4956
"Ripollet, Barcelona","Sant Cugat del Vallès, Barcelona",3.9102
"Ripollet, Barcelona","Mollet del Vallès, Barcelona",4.4967
"Ripollet, Barcelona","Rubí, Barcelona",6.5705
"Ripollet, Barcelona","Terrassa, Barcelona",6.7424
"Ripollet, Barcelona","Sant Adrià de Besòs, Barcelona",6.9425
"Ripollet, Barcelona","Montmeló, Barcelona",7.0346
"Ripollet, Barcelona","Montornès del Vallès, Barcelona",7.2301
"Ripollet, Barcelona","Lliçà de Vall, Barcelona",7.5909
"Ripollet, Barcelona","Castellar del Vallès, Barcelona",8.898
"Ripollet, Barcelona","Molins de Rei, Barcelona",8.9454
"Riudellots de la Selva, Girona","Cassà de la Selva, Girona",1.5642
"Riudellots de la Selva, Girona","Girona, Girona",2.9176
"Riudellots de la Selva, Girona","Llagostera, Girona",5.0552
"Riudellots de la Selva, Girona","Santa Coloma de Farners, Girona",5.4669
"Riudellots de la Selva, Girona","Anglès, Girona",8.8144
"Riudellots de la Selva, Girona","Celrà, Girona",9.8791
"Riudoms, Tarragona","Cambrils, Tarragona",0
"Riudoms, Tarragona","L'Aleixar, Tarragona",0
"Riudoms, Tarragona","Les Borges del Camp, Tarragona",0
"Riudoms, Tarragona","Montbrió del Camp, Tarragona",0
"Riudoms, Tarragona","Reus, Tarragona",0
"Riudoms, Tarragona","Vila-seca, Tarragona",0
"Riudoms, Tarragona","Vinyols i els Arcs, Tarragona",0
"Riudoms, Tarragona","Castellvell del Camp, Tarragona",1.7714
"Riudoms, Tarragona","Salou, Tarragona",2.0428
"Riudoms, Tarragona","La Selva del Camp, Tarragona",4.7662
"Riudoms, Tarragona","Tarragona, Tarragona",5.3768
"Riudoms, Tarragona","Constantí, Tarragona",5.7847
"Riudoms, Tarragona","Perafort, Tarragona",9.2122
"Riudoms, Tarragona","La Pobla de Mafumet, Tarragona",9.6196
"Riudoms, Tarragona","Alcover, Tarragona",9.7734
"Riudoms, Tarragona","Mont-ral, Tarragona",9.9917
"Rivas-Vaciamadrid, Madrid","Arganda del Rey, Madrid",0
"Rivas-Vaciamadrid, Madrid","Getafe, Madrid",0
"Rivas-Vaciamadrid, Madrid","Madrid, Madrid",0
"Rivas-Vaciamadrid, Madrid","Mejorada del Campo, Madrid",0
"Rivas-Vaciamadrid, Madrid","San Fernando de Henares, Madrid",0
"Rivas-Vaciamadrid, Madrid","Velilla de San Antonio, Madrid",0
"Rivas-Vaciamadrid, Madrid","San Martín de la Vega, Madrid",0
"Rivas-Vaciamadrid, Madrid","Coslada, Madrid",2.0139
"Rivas-Vaciamadrid, Madrid","Torrejón de Ardoz, Madrid",3.1118
"Rivas-Vaciamadrid, Madrid","Morata de Tajuña, Madrid",4.5171
"Rivas-Vaciamadrid, Madrid","Pinto, Madrid",4.7249
"Rivas-Vaciamadrid, Madrid","Alcalá de Henares, Madrid",6.3632
"Rivas-Vaciamadrid, Madrid","Paracuellos de Jarama, Madrid",6.4444
"Rivas-Vaciamadrid, Madrid","Torres de la Alameda, Madrid",7.7608
"Rivas-Vaciamadrid, Madrid","Valdemoro, Madrid",8.6938
"Rivas-Vaciamadrid, Madrid","Villalbilla, Madrid",9.4077
"Rivas-Vaciamadrid, Madrid","Ajalvir, Madrid",9.6666
"Ronda, Málaga","Olvera, Cádiz",0
"Roquetas de Mar, Almería","El Ejido, Almería",0
"Roquetas de Mar, Almería","Almería, Almería",2.1976
"Roses, Girona","Llançà, Girona",3.9605
"Roses, Girona","Sant Pere Pescador, Girona",6.7623
"Roses, Girona","Figueres, Girona",8.3785
"Rota, Cádiz","El Puerto de Santa María, Cádiz",0
"Rota, Cádiz","Chipiona, Cádiz",0
"Rota, Cádiz","Sanlúcar de Barrameda, Cádiz",0
"Rota, Cádiz","Jerez de la Frontera, Cádiz",2.5172
"Rota, Cádiz","Almonte, Huelva",6.9751
"Rota, Cádiz","Cádiz, Cádiz",8.2024
"Rota, Cádiz","Puerto Real, Cádiz",9.1586
"Rubí, Barcelona","Sant Cugat del Vallès, Barcelona",0
"Rubí, Barcelona","Sant Quirze del Vallès, Barcelona",0
"Rubí, Barcelona","Terrassa, Barcelona",0
"Rubí, Barcelona","Castellbisbal, Barcelona",0
"Rubí, Barcelona","Cerdanyola del Vallès, Barcelona",1.5756
"Rubí, Barcelona","Sant Andreu de la Barca, Barcelona",2.3196
"Rubí, Barcelona","Corbera de Llobregat, Barcelona",2.4524
"Rubí, Barcelona","Molins de Rei, Barcelona",2.7748
"Rubí, Barcelona","Sabadell, Barcelona",2.8124
"Rubí, Barcelona","Martorell, Barcelona",3.7257
"Rubí, Barcelona","Olesa de Montserrat, Barcelona",4.1413
"Rubí, Barcelona","Barcelona, Barcelona",4.3218
"Rubí, Barcelona","Barberà del Vallès, Barcelona",4.7608
"Rubí, Barcelona","Vacarisses, Barcelona",4.9621
"Rubí, Barcelona","Esparreguera, Barcelona",5.6072
"Rubí, Barcelona","Sant Vicenç dels Horts, Barcelona",5.6671
"Rubí, Barcelona","Sant Feliu de Llobregat, Barcelona",6.1244
"Rubí, Barcelona","Cervelló, Barcelona",6.1995
"Rubí, Barcelona","Matadepera, Barcelona",6.2841
"Rubí, Barcelona","Ripollet, Barcelona",6.5705
"Rubí, Barcelona","Castellar del Vallès, Barcelona",7.273
"Rubí, Barcelona","Santa Perpètua de Mogoda, Barcelona",7.4019
"Rubí, Barcelona","Sant Just Desvern, Barcelona",7.9008
"Rubí, Barcelona","Montcada i Reixac, Barcelona",8.1976
"Rubí, Barcelona","Polinyà, Barcelona",8.6722
"Rubí, Barcelona","Vallirana, Barcelona",8.9209
"Rubí, Barcelona","Esplugues de Llobregat, Barcelona",9.7801
"Rubí, Barcelona","Sant Llorenç d'Hortons, Barcelona",9.8278
"Rubí, Barcelona","Sant Joan Despí, Barcelona",9.8402
"Sa Pobla, Baleares","Alcúdia, Baleares",0
"Sa Pobla, Baleares","Muro, Baleares",0
"Sa Pobla, Baleares","Pollença, Baleares",0
"Sa Pobla, Baleares","Búger, Baleares",0
"Sa Pobla, Baleares","Campanet, Baleares",0
"Sa Pobla, Baleares","Inca, Baleares",0
"Sa Pobla, Baleares","Llubí, Baleares",0
"Sa Pobla, Baleares","Selva, Baleares",2.7614
"Sa Pobla, Baleares","Escorca, Baleares",3.5769
"Sa Pobla, Baleares","Sineu, Baleares",4.8165
"Sa Pobla, Baleares","Santa Margalida, Baleares",4.8714
"Sa Pobla, Baleares","Maria de la Salut, Baleares",5.1984
"Sa Pobla, Baleares","Costitx, Baleares",6.1705
"Sa Pobla, Baleares","Sencelles, Baleares",7.0501
"Sa Pobla, Baleares","Mancor de la Vall, Baleares",8.0706
"Sa Pobla, Baleares","Lloseta, Baleares",8.7092
"Sa Pobla, Baleares","Binissalem, Baleares",8.851
"Sa Pobla, Baleares","Lloret de Vistalegre, Baleares",9.5391
"Sabadell, Barcelona","Barberà del Vallès, Barcelona",0
"Sabadell, Barcelona","Castellar del Vallès, Barcelona",0
"Sabadell, Barcelona","Cerdanyola del Vallès, Barcelona",0
"Sabadell, Barcelona","Polinyà, Barcelona",0
"Sabadell, Barcelona","Sant Quirze del Vallès, Barcelona",0
"Sabadell, Barcelona","Santa Perpètua de Mogoda, Barcelona",0
"Sabadell, Barcelona","Terrassa, Barcelona",0
"Sabadell, Barcelona","Sant Cugat del Vallès, Barcelona",1.2069
"Sabadell, Barcelona","Matadepera, Barcelona",1.5522
"Sabadell, Barcelona","Ripollet, Barcelona",1.9851
"Sabadell, Barcelona","Montcada i Reixac, Barcelona",2.6444
"Sabadell, Barcelona","Rubí, Barcelona",2.8124
"Sabadell, Barcelona","Mollet del Vallès, Barcelona",3.6743
"Sabadell, Barcelona","Caldes de Montbui, Barcelona",4.0805
"Sabadell, Barcelona","Lliçà de Vall, Barcelona",5.2849
"Sabadell, Barcelona","Montmeló, Barcelona",6.7144
"Sabadell, Barcelona","Montornès del Vallès, Barcelona",6.8637
"Sabadell, Barcelona","Barcelona, Barcelona",7.0409
"Sabadell, Barcelona","Vacarisses, Barcelona",7.2137
"Sabadell, Barcelona","Castellbisbal, Barcelona",7.4155
"Sabadell, Barcelona","Molins de Rei, Barcelona",7.57
"Sabadell, Barcelona","Santa Coloma de Gramenet, Barcelona",7.873
"Sabadell, Barcelona","Badalona, Barcelona",8.109
"Sabadell, Barcelona","Santa Eulàlia de Ronçana, Barcelona",8.3973
"Sabadell, Barcelona","Granollers, Barcelona",9.5563
"Sada, A Coruña","Cambre, A Coruña",0
"Sada, A Coruña","Oleiros, A Coruña",0
"Sada, A Coruña","Abegondo, A Coruña",1.8596
"Sada, A Coruña","Miño, A Coruña",1.9794
"Sada, A Coruña","Betanzos, A Coruña",2.9148
"Sada, A Coruña","Culleredo, A Coruña",4.4639
"Sada, A Coruña","A Coruña, A Coruña",5.5353
"Sada, A Coruña","Fene, A Coruña",7.3277
"Sada, A Coruña","Ferrol, A Coruña",8.1548
"Sada, A Coruña","Arteixo, A Coruña",9.4493
"Sagunto, Valencia","Almenara, Castellón",0
"Sagunto, Valencia","La Vall d'Uixó, Castellón",0
"Sagunto, Valencia","Canet d'En Berenguer, Valencia",0
"Sagunto, Valencia","Náquera, Valencia",0
"Sagunto, Valencia","Puçol, Valencia",0
"Sagunto, Valencia","Moncada, Valencia",2.7676
"Sagunto, Valencia","Bétera, Valencia",3.1391
"Sagunto, Valencia","Massamagrell, Valencia",3.4267
"Sagunto, Valencia","Segorbe, Castellón",4.0121
"Sagunto, Valencia","La Pobla de Farnals, Valencia",5.0781
"Sagunto, Valencia","Albalat dels Sorells, Valencia",5.3881
"Sagunto, Valencia","Foios, Valencia",5.478
"Sagunto, Valencia","Valencia, Valencia",6.4009
"Salamanca, Salamanca","Villamayor, Salamanca",0
"Salas, Asturias","Cudillero, Asturias",0
"Salas, Asturias","Pravia, Asturias",0
"Salas, Asturias","Valdés, Asturias",0
"Salas, Asturias","Tineo, Asturias",0
"Salas, Asturias","Belmonte de Miranda, Asturias",0
"Salas, Asturias","Grado, Asturias",0
"Salas, Asturias","Soto del Barco, Asturias",6.3786
"Salou, Tarragona","Cambrils, Tarragona",0
"Salou, Tarragona","Vila-seca, Tarragona",0
"Salou, Tarragona","Reus, Tarragona",0.7495
"Salou, Tarragona","Tarragona, Tarragona",1.056
"Salou, Tarragona","Vinyols i els Arcs, Tarragona",1.9636
"Salou, Tarragona","Riudoms, Tarragona",2.0428
"Salou, Tarragona","Constantí, Tarragona",5.1004
"Salou, Tarragona","Montbrió del Camp, Tarragona",6.7282
"Salou, Tarragona","La Selva del Camp, Tarragona",7.801
"Salou, Tarragona","Castellvell del Camp, Tarragona",8.5518
"Salou, Tarragona","Les Borges del Camp, Tarragona",9.6643
"Salou, Tarragona","La Pobla de Mafumet, Tarragona",9.987
"Salvador de Zapardiel, Valladolid","Medina del Campo, Valladolid",5.6792
"Salvador de Zapardiel, Valladolid","Arévalo, Ávila",7.9682
"Salvaterra de Miño, Pontevedra","As Neves, Pontevedra",0
"Salvaterra de Miño, Pontevedra","Ponteareas, Pontevedra",0
"Salvaterra de Miño, Pontevedra","Tui, Pontevedra",0
"Salvaterra de Miño, Pontevedra","O Porriño, Pontevedra",2.9743
"Samos, Lugo","A Pobra do Brollón, Lugo",0
"Samos, Lugo","Folgoso do Courel, Lugo",0
"Samos, Lugo","Láncara, Lugo",0
"Samos, Lugo","Sarria, Lugo",0
"Samos, Lugo","Becerreá, Lugo",4.4399
"Samos, Lugo","Quiroga, Lugo",7.0759
"San Bartolomé de Tirajana, Las Palmas","Mogán, Las Palmas",0
"San Bartolomé de Tirajana, Las Palmas","Telde, Las Palmas",1.4047
"San Bartolomé de Tirajana, Las Palmas","Gáldar, Las Palmas",6.2662
"San Bartolomé de Tirajana, Las Palmas","Teror, Las Palmas",7.0504
"San Bartolomé, Las Palmas","Arrecife, Las Palmas",0
"San Bartolomé, Las Palmas","Tías, Las Palmas",0
"San Cibrao das Viñas, Ourense","Ourense, Ourense",0
"San Cibrao das Viñas, Ourense","Paderne de Allariz, Ourense",0
"San Cibrao das Viñas, Ourense","Cartelle, Ourense",2.8984
"San Cibrao das Viñas, Ourense","Ramirás, Ourense",8.392
"San Cristóbal de La Laguna, Santa Cruz de Tenerife","El Rosario, Santa Cruz de Tenerife",0
"San Cristóbal de La Laguna, Santa Cruz de Tenerife","Santa Cruz de Tenerife, Santa Cruz de Tenerife",0
"San Cristóbal de La Laguna, Santa Cruz de Tenerife","Tacoronte, Santa Cruz de Tenerife",0
"San Cristóbal de La Laguna, Santa Cruz de Tenerife","La Matanza de Acentejo, Santa Cruz de Tenerife",3.8665
"San Fernando de Henares, Madrid","Alcalá de Henares, Madrid",0
"San Fernando de Henares, Madrid","Torres de la Alameda, Madrid",0
"San Fernando de Henares, Madrid","Coslada, Madrid",0
"San Fernando de Henares, Madrid","Madrid, Madrid",0
"San Fernando de Henares, Madrid","Mejorada del Campo, Madrid",0
"San Fernando de Henares, Madrid","Paracuellos de Jarama, Madrid",0
"San Fernando de Henares, Madrid","Rivas-Vaciamadrid, Madrid",0
"San Fernando de Henares, Madrid","Torrejón de Ardoz, Madrid",0
"San Fernando de Henares, Madrid","Villalbilla, Madrid",0.928
"San Fernando de Henares, Madrid","Ajalvir, Madrid",2.8083
"San Fernando de Henares, Madrid","Velilla de San Antonio, Madrid",3.0342
"San Fernando de Henares, Madrid","Alcobendas, Madrid",4.8983
"San Fernando de Henares, Madrid","Arganda del Rey, Madrid",6.7647
"San Fernando de Henares, Madrid","San Sebastián de los Reyes, Madrid",6.9327
"San Fernando de Henares, Madrid","Camarma de Esteruelas, Madrid",8.2103
"San Fernando, Cádiz","Cádiz, Cádiz",0
"San Fernando, Cádiz","Chiclana de la Frontera, Cádiz",0
"San Fernando, Cádiz","Puerto Real, Cádiz",0
"San Fernando, Cádiz","El Puerto de Santa María, Cádiz",3.5687
"San Fernando, Cádiz","Conil de la Frontera, Cádiz",8.2323
"San Fernando, Cádiz","Jerez de la Frontera, Cádiz",9.2287
"San Fulgencio, Alicante","Dolores, Alicante",0
"San Fulgencio, Alicante","Guardamar del Segura, Alicante",0
"San Fulgencio, Alicante","Elche, Alicante",0
"San Fulgencio, Alicante","Almoradí, Alicante",2.5504
"San Fulgencio, Alicante","Santa Pola, Alicante",2.6235
"San Fulgencio, Alicante","Catral, Alicante",3.5857
"San Fulgencio, Alicante","Crevillent, Alicante",3.9783
"San Fulgencio, Alicante","Orihuela, Alicante",5.5492
"San Fulgencio, Alicante","Callosa de Segura, Alicante",6.0155
"San Fulgencio, Alicante","Los Montesinos, Alicante",6.1465
"San Fulgencio, Alicante","Torrevieja, Alicante",7.2091
"San Fulgencio, Alicante","Albatera, Alicante",7.7826
"San Fulgencio, Alicante","Rafal, Alicante",8.0386
"San Fulgencio, Alicante","San Isidro, Alicante",8.3592
"San Isidro, Alicante","Albatera, Alicante",0
"San Isidro, Alicante","Crevillent, Alicante",0
"San Isidro, Alicante","Callosa de Segura, Alicante",0.4556
"San Isidro, Alicante","Catral, Alicante",0.6177
"San Isidro, Alicante","Cox, Alicante",1.5162
"San Isidro, Alicante","Orihuela, Alicante",3.2924
"San Isidro, Alicante","Dolores, Alicante",4.4071
"San Isidro, Alicante","Almoradí, Alicante",4.5184
"San Isidro, Alicante","Rafal, Alicante",5.4036
"San Isidro, Alicante","Elche, Alicante",5.7765
"San Isidro, Alicante","Redován, Alicante",6.6623
"San Isidro, Alicante","San Fulgencio, Alicante",8.3592
"San Javier, Murcia","Pilar de la Horadada, Alicante",0
"San Javier, Murcia","Los Alcázares, Murcia",0
"San Javier, Murcia","Torre-Pacheco, Murcia",0
"San Javier, Murcia","Murcia, Murcia",0
"San Javier, Murcia","Cartagena, Murcia",3.4624
"San Javier, Murcia","Orihuela, Alicante",4.8595
"San Javier, Murcia","San Miguel de Salinas, Alicante",6.7028
"San Juan de Aznalfarache, Sevilla","Gelves, Sevilla",0
"San Juan de Aznalfarache, Sevilla","Mairena del Aljarafe, Sevilla",0
"San Juan de Aznalfarache, Sevilla","Tomares, Sevilla",0
"San Juan de Aznalfarache, Sevilla","Sevilla, Sevilla",0
"San Juan de Aznalfarache, Sevilla","Bormujos, Sevilla",0.1182
"San Juan de Aznalfarache, Sevilla","Camas, Sevilla",0.1851
"San Juan de Aznalfarache, Sevilla","Palomares del Río, Sevilla",2.009
"San Juan de Aznalfarache, Sevilla","Espartinas, Sevilla",3.1373
"San Juan de Aznalfarache, Sevilla","Valencina de la Concepción, Sevilla",3.1964
"San Juan de Aznalfarache, Sevilla","Dos Hermanas, Sevilla",3.7527
"San Juan de Aznalfarache, Sevilla","Santiponce, Sevilla",3.79
"San Juan de Aznalfarache, Sevilla","Coria del Río, Sevilla",5.1728
"San Juan de Aznalfarache, Sevilla","Alcalá de Guadaíra, Sevilla",6.3343
"San Juan de Aznalfarache, Sevilla","La Algaba, Sevilla",7.0536
"San Juan de Aznalfarache, Sevilla","La Rinconada, Sevilla",7.1663
"San Juan de Aznalfarache, Sevilla","Umbrete, Sevilla",8.535
"San Juan de Aznalfarache, Sevilla","Olivares, Sevilla",9.7547
"San Lorenzo de El Escorial, Madrid","Collado Villalba, Madrid",0
"San Lorenzo de El Escorial, Madrid","El Escorial, Madrid",0
"San Lorenzo de El Escorial, Madrid","Galapagar, Madrid",0
"San Lorenzo de El Escorial, Madrid","Guadarrama, Madrid",0
"San Lorenzo de El Escorial, Madrid","Alpedrete, Madrid",0.1238
"San Lorenzo de El Escorial, Madrid","Valdemorillo, Madrid",3.6465
"San Lorenzo de El Escorial, Madrid","Colmenarejo, Madrid",5.0733
"San Lorenzo de El Escorial, Madrid","Los Molinos, Madrid",5.1971
"San Lorenzo de El Escorial, Madrid","Cercedilla, Madrid",6.7713
"San Lorenzo de El Escorial, Madrid","Torrelodones, Madrid",7.7007
"San Lorenzo de El Escorial, Madrid","Manzanares el Real, Madrid",8.9976
"San Martín de la Vega, Madrid","Arganda del Rey, Madrid",0
"San Martín de la Vega, Madrid","Getafe, Madrid",0
"San Martín de la Vega, Madrid","Pinto, Madrid",0
"San Martín de la Vega, Madrid","Rivas-Vaciamadrid, Madrid",0
"San Martín de la Vega, Madrid","Valdemoro, Madrid",0
"San Martín de la Vega, Madrid","Ciempozuelos, Madrid",0
"San Martín de la Vega, Madrid","Morata de Tajuña, Madrid",0
"San Martín de la Vega, Madrid","Madrid, Madrid",2.7487
"San Martín de la Vega, Madrid","Velilla de San Antonio, Madrid",6.4054
"San Martín de la Vega, Madrid","Aranjuez, Madrid",6.8709
"San Martín de la Vega, Madrid","Parla, Madrid",7.8345
"San Martín de la Vega, Madrid","Seseña, Toledo",8.5698
"San Martín de la Vega, Madrid","Fuenlabrada, Madrid",9.1791
"San Martín de la Vega, Madrid","Mejorada del Campo, Madrid",9.3986
"San Martín del Rey Aurelio, Asturias","Mieres, Asturias",0
"San Martín del Rey Aurelio, Asturias","Langreo, Asturias",0
"San Martín del Rey Aurelio, Asturias","Bimenes, Asturias",0
"San Martín del Rey Aurelio, Asturias","Siero, Asturias",0
"San Martín del Rey Aurelio, Asturias","Aller, Asturias",3.0922
"San Martín del Rey Aurelio, Asturias","Oviedo, Asturias",7.8565
"San Martín del Rey Aurelio, Asturias","Noreña, Asturias",9.5718
"San Miguel de Salinas, Alicante","Los Montesinos, Alicante",0
"San Miguel de Salinas, Alicante","Orihuela, Alicante",0
"San Miguel de Salinas, Alicante","Torrevieja, Alicante",0
"San Miguel de Salinas, Alicante","Pilar de la Horadada, Alicante",1.7879
"San Miguel de Salinas, Alicante","Almoradí, Alicante",4.6067
"San Miguel de Salinas, Alicante","Murcia, Murcia",5.7553
"San Miguel de Salinas, Alicante","San Javier, Murcia",6.7028
"San Miguel de Salinas, Alicante","Guardamar del Segura, Alicante",7.6501
"San Miguel de Salinas, Alicante","Rafal, Alicante",8.9308
"San Pascual, Ávila","Arévalo, Ávila",6.7966
"San Roque, Cádiz","La Línea de la Concepción, Cádiz",0
"San Roque, Cádiz","Los Barrios, Cádiz",0
"San Roque, Cádiz","Manilva, Málaga",0
"San Roque, Cádiz","Algeciras, Cádiz",1.6648
"San Roque, Cádiz","Estepona, Málaga",8.3808
"San Sadurniño, A Coruña","Narón, A Coruña",0
"San Sadurniño, A Coruña","As Pontes de García Rodríguez, A Coruña",0
"San Sadurniño, A Coruña","As Somozas, A Coruña",0
"San Sadurniño, A Coruña","Fene, A Coruña",0.673
"San Sadurniño, A Coruña","Ferrol, A Coruña",7.6079
"San Sebastián de los Reyes, Madrid","Algete, Madrid",0
"San Sebastián de los Reyes, Madrid","Alcobendas, Madrid",0
"San Sebastián de los Reyes, Madrid","Colmenar Viejo, Madrid",0
"San Sebastián de los Reyes, Madrid","Madrid, Madrid",0
"San Sebastián de los Reyes, Madrid","Paracuellos de Jarama, Madrid",0
"San Sebastián de los Reyes, Madrid","Tres Cantos, Madrid",1.7693
"San Sebastián de los Reyes, Madrid","Ajalvir, Madrid",3.0212
"San Sebastián de los Reyes, Madrid","San Fernando de Henares, Madrid",6.9327
"San Sebastián de los Reyes, Madrid","Torrejón de Ardoz, Madrid",7.2516
"San Sebastián de los Reyes, Madrid","Alcalá de Henares, Madrid",9.1543
"San Sebastián de los Reyes, Madrid","Coslada, Madrid",9.7124
"Sandiás, Ourense","Verea, Ourense",7.5449
"Sandiás, Ourense","Paderne de Allariz, Ourense",8.7781
"Sanlúcar de Barrameda, Cádiz","El Puerto de Santa María, Cádiz",0
"Sanlúcar de Barrameda, Cádiz","Chipiona, Cádiz",0
"Sanlúcar de Barrameda, Cádiz","Rota, Cádiz",0
"Sanlúcar de Barrameda, Cádiz","Almonte, Huelva",0
"Sanlúcar de Barrameda, Cádiz","Jerez de la Frontera, Cádiz",0
"Sanlúcar de Barrameda, Cádiz","Lebrija, Sevilla",4.92
"Sanlúcar la Mayor, Sevilla","Gerena, Sevilla",0
"Sanlúcar la Mayor, Sevilla","Espartinas, Sevilla",0
"Sanlúcar la Mayor, Sevilla","Olivares, Sevilla",0
"Sanlúcar la Mayor, Sevilla","Umbrete, Sevilla",0
"Sanlúcar la Mayor, Sevilla","Pilas, Sevilla",3.9786
"Sanlúcar la Mayor, Sevilla","Bormujos, Sevilla",5.3994
"Sanlúcar la Mayor, Sevilla","Valencina de la Concepción, Sevilla",5.4482
"Sanlúcar la Mayor, Sevilla","Mairena del Aljarafe, Sevilla",5.6749
"Sanlúcar la Mayor, Sevilla","Gelves, Sevilla",5.8316
"Sanlúcar la Mayor, Sevilla","Palomares del Río, Sevilla",9.3269
"Sanlúcar la Mayor, Sevilla","Camas, Sevilla",9.33
"Sanlúcar la Mayor, Sevilla","Tomares, Sevilla",9.6857
"Sant Adrià de Besòs, Barcelona","Badalona, Barcelona",0
"Sant Adrià de Besòs, Barcelona","Santa Coloma de Gramenet, Barcelona",0
"Sant Adrià de Besòs, Barcelona","Barcelona, Barcelona",0
"Sant Adrià de Besòs, Barcelona","Montcada i Reixac, Barcelona",3.9534
"Sant Adrià de Besòs, Barcelona","Cerdanyola del Vallès, Barcelona",4.5746
"Sant Adrià de Besòs, Barcelona","Sant Cugat del Vallès, Barcelona",6.4377
"Sant Adrià de Besòs, Barcelona","Ripollet, Barcelona",6.9425
"Sant Adrià de Besòs, Barcelona","El Masnou, Barcelona",7.0805
"Sant Adrià de Besòs, Barcelona","L'Hospitalet de Llobregat, Barcelona",8.8294
"Sant Adrià de Besòs, Barcelona","Sant Just Desvern, Barcelona",8.8758
"Sant Adrià de Besòs, Barcelona","Teià, Barcelona",9.0823
"Sant Adrià de Besòs, Barcelona","Santa Perpètua de Mogoda, Barcelona",9.0829
"Sant Adrià de Besòs, Barcelona","Barberà del Vallès, Barcelona",9.1519
"Sant Adrià de Besòs, Barcelona","Esplugues de Llobregat, Barcelona",9.6548
"Sant Adrià de Besòs, Barcelona","Mollet del Vallès, Barcelona",9.8736
"Sant Andreu de la Barca, Barcelona","Castellbisbal, Barcelona",0
"Sant Andreu de la Barca, Barcelona","Corbera de Llobregat, Barcelona",0
"Sant Andreu de la Barca, Barcelona","Martorell, Barcelona",0
"Sant Andreu de la Barca, Barcelona","Sant Cugat del Vallès, Barcelona",2.0567
"Sant Andreu de la Barca, Barcelona","Rubí, Barcelona",2.3196
"Sant Andreu de la Barca, Barcelona","Molins de Rei, Barcelona",2.818
"Sant Andreu de la Barca, Barcelona","Cervelló, Barcelona",3.0148
"Sant Andreu de la Barca, Barcelona","Sant Vicenç dels Horts, Barcelona",3.7311
"Sant Andreu de la Barca, Barcelona","Vallirana, Barcelona",4.8394
"Sant Andreu de la Barca, Barcelona","Barcelona, Barcelona",5.9827
"Sant Andreu de la Barca, Barcelona","Sant Llorenç d'Hortons, Barcelona",6.0435
"Sant Andreu de la Barca, Barcelona","Sant Feliu de Llobregat, Barcelona",6.0687
"Sant Andreu de la Barca, Barcelona","Sant Quirze del Vallès, Barcelona",7.3729
"Sant Andreu de la Barca, Barcelona","Terrassa, Barcelona",7.7466
"Sant Andreu de la Barca, Barcelona","Esparreguera, Barcelona",8.1322
"Sant Andreu de la Barca, Barcelona","Olesa de Montserrat, Barcelona",8.2492
"Sant Andreu de la Barca, Barcelona","Sant Just Desvern, Barcelona",8.3345
"Sant Andreu de la Barca, Barcelona","Sant Joan Despí, Barcelona",9.0194
"Sant Andreu de la Barca, Barcelona","Cerdanyola del Vallès, Barcelona",9.2503
"Sant Andreu de la Barca, Barcelona","Sant Boi de Llobregat, Barcelona",9.5971
"Sant Andreu de la Barca, Barcelona","Begues, Barcelona",9.8779
"Sant Andreu de la Barca, Barcelona","Masquefa, Barcelona",9.9264
"Sant Antoni de Portmany, Baleares","Eivissa, Baleares",0
"Sant Antoni de Portmany, Baleares","Sant Joan de Labritja, Baleares",0
"Sant Antoni de Portmany, Baleares","Sant Josep de sa Talaia, Baleares",0
"Sant Boi de Llobregat, Barcelona","Cornellà de Llobregat, Barcelona",0
"Sant Boi de Llobregat, Barcelona","El Prat de Llobregat, Barcelona",0
"Sant Boi de Llobregat, Barcelona","Sant Joan Despí, Barcelona",0
"Sant Boi de Llobregat, Barcelona","Viladecans, Barcelona",0
"Sant Boi de Llobregat, Barcelona","Sant Feliu de Llobregat, Barcelona",1.0339
"Sant Boi de Llobregat, Barcelona","L'Hospitalet de Llobregat, Barcelona",1.1182
"Sant Boi de Llobregat, Barcelona","Sant Vicenç dels Horts, Barcelona",1.718
"Sant Boi de Llobregat, Barcelona","Sant Just Desvern, Barcelona",1.9731
"Sant Boi de Llobregat, Barcelona","Barcelona, Barcelona",2.0439
"Sant Boi de Llobregat, Barcelona","Cervelló, Barcelona",2.0832
"Sant Boi de Llobregat, Barcelona","Gavà, Barcelona",2.2777
"Sant Boi de Llobregat, Barcelona","Esplugues de Llobregat, Barcelona",2.591
"Sant Boi de Llobregat, Barcelona","Molins de Rei, Barcelona",3.2593
"Sant Boi de Llobregat, Barcelona","Begues, Barcelona",3.9714
"Sant Boi de Llobregat, Barcelona","Vallirana, Barcelona",3.9966
"Sant Boi de Llobregat, Barcelona","Castelldefels, Barcelona",5.0763
"Sant Boi de Llobregat, Barcelona","Sant Cugat del Vallès, Barcelona",6.4442
"Sant Boi de Llobregat, Barcelona","Corbera de Llobregat, Barcelona",7.9254
"Sant Boi de Llobregat, Barcelona","Sitges, Barcelona",8.5782
"Sant Boi de Llobregat, Barcelona","Castellbisbal, Barcelona",8.6605
"Sant Boi de Llobregat, Barcelona","Sant Andreu de la Barca, Barcelona",9.5971
"Sant Cebrià de Vallalta, Barcelona","Calella, Barcelona",0
"Sant Cebrià de Vallalta, Barcelona","Canet de Mar, Barcelona",0
"Sant Cebrià de Vallalta, Barcelona","Pineda de Mar, Barcelona",0
"Sant Cebrià de Vallalta, Barcelona","Sant Pol de Mar, Barcelona",0
"Sant Cebrià de Vallalta, Barcelona","Arenys de Mar, Barcelona",1.6235
"Sant Cebrià de Vallalta, Barcelona","Santa Susanna, Barcelona",3.1548
"Sant Cebrià de Vallalta, Barcelona","Sant Vicenç de Montalt, Barcelona",5.3269
"Sant Cebrià de Vallalta, Barcelona","Malgrat de Mar, Barcelona",7.1614
"Sant Cebrià de Vallalta, Barcelona","Riells i Viabrea, Girona",7.6829
"Sant Cebrià de Vallalta, Barcelona","Santa Maria de Palautordera, Barcelona",9.0407
"Sant Cebrià de Vallalta, Barcelona","Mataró, Barcelona",9.7941
"Sant Cugat del Vallès, Barcelona","Cerdanyola del Vallès, Barcelona",0
"Sant Cugat del Vallès, Barcelona","Rubí, Barcelona",0
"Sant Cugat del Vallès, Barcelona","Sant Quirze del Vallès, Barcelona",0
"Sant Cugat del Vallès, Barcelona","Barcelona, Barcelona",0
"Sant Cugat del Vallès, Barcelona","Castellbisbal, Barcelona",0
"Sant Cugat del Vallès, Barcelona","Molins de Rei, Barcelona",0
"Sant Cugat del Vallès, Barcelona","Sant Feliu de Llobregat, Barcelona",0
"Sant Cugat del Vallès, Barcelona","Terrassa, Barcelona",0.6169
"Sant Cugat del Vallès, Barcelona","Sant Just Desvern, Barcelona",0.772
"Sant Cugat del Vallès, Barcelona","Sabadell, Barcelona",1.2069
"Sant Cugat del Vallès, Barcelona","Sant Andreu de la Barca, Barcelona",2.0567
"Sant Cugat del Vallès, Barcelona","Corbera de Llobregat, Barcelona",2.1579
"Sant Cugat del Vallès, Barcelona","Montcada i Reixac, Barcelona",2.3238
"Sant Cugat del Vallès, Barcelona","Esplugues de Llobregat, Barcelona",2.6857
"Sant Cugat del Vallès, Barcelona","Barberà del Vallès, Barcelona",3.2412
"Sant Cugat del Vallès, Barcelona","L'Hospitalet de Llobregat, Barcelona",3.6387
"Sant Cugat del Vallès, Barcelona","Martorell, Barcelona",3.8315
"Sant Cugat del Vallès, Barcelona","Ripollet, Barcelona",3.9102
"Sant Cugat del Vallès, Barcelona","Sant Vicenç dels Horts, Barcelona",3.937
"Sant Cugat del Vallès, Barcelona","Sant Joan Despí, Barcelona",4.1066
"Sant Cugat del Vallès, Barcelona","Cornellà de Llobregat, Barcelona",5.033
"Sant Cugat del Vallès, Barcelona","Santa Coloma de Gramenet, Barcelona",5.2202
"Sant Cugat del Vallès, Barcelona","Cervelló, Barcelona",5.2618
"Sant Cugat del Vallès, Barcelona","Santa Perpètua de Mogoda, Barcelona",5.9585
"Sant Cugat del Vallès, Barcelona","Sant Adrià de Besòs, Barcelona",6.4377
"Sant Cugat del Vallès, Barcelona","Sant Boi de Llobregat, Barcelona",6.4442
"Sant Cugat del Vallès, Barcelona","Badalona, Barcelona",6.922
"Sant Cugat del Vallès, Barcelona","Castellar del Vallès, Barcelona",6.9661
"Sant Cugat del Vallès, Barcelona","Polinyà, Barcelona",7.314
"Sant Cugat del Vallès, Barcelona","El Prat de Llobregat, Barcelona",7.4136
"Sant Cugat del Vallès, Barcelona","Vallirana, Barcelona",8.6235
"Sant Cugat del Vallès, Barcelona","Matadepera, Barcelona",8.703
"Sant Feliu de Guíxols, Girona","Castell-Platja d'Aro, Girona",0
"Sant Feliu de Guíxols, Girona","Tossa de Mar, Girona",1.1049
"Sant Feliu de Guíxols, Girona","Llagostera, Girona",1.462
"Sant Feliu de Guíxols, Girona","Palamós, Girona",7.688
"Sant Feliu de Guíxols, Girona","Cassà de la Selva, Girona",8.7412
"Sant Feliu de Guíxols, Girona","Lloret de Mar, Girona",8.9381
"Sant Feliu de Llobregat, Barcelona","Sant Cugat del Vallès, Barcelona",0
"Sant Feliu de Llobregat, Barcelona","Barcelona, Barcelona",0
"Sant Feliu de Llobregat, Barcelona","Molins de Rei, Barcelona",0
"Sant Feliu de Llobregat, Barcelona","Sant Joan Despí, Barcelona",0
"Sant Feliu de Llobregat, Barcelona","Sant Just Desvern, Barcelona",0
"Sant Feliu de Llobregat, Barcelona","Sant Vicenç dels Horts, Barcelona",0
"Sant Feliu de Llobregat, Barcelona","Sant Boi de Llobregat, Barcelona",1.0339
"Sant Feliu de Llobregat, Barcelona","Esplugues de Llobregat, Barcelona",1.46
"Sant Feliu de Llobregat, Barcelona","Cornellà de Llobregat, Barcelona",1.7451
"Sant Feliu de Llobregat, Barcelona","Cervelló, Barcelona",2.3696
"Sant Feliu de Llobregat, Barcelona","L'Hospitalet de Llobregat, Barcelona",2.5597
"Sant Feliu de Llobregat, Barcelona","El Prat de Llobregat, Barcelona",3.9414
"Sant Feliu de Llobregat, Barcelona","Viladecans, Barcelona",4.0842
"Sant Feliu de Llobregat, Barcelona","Castellbisbal, Barcelona",4.9392
"Sant Feliu de Llobregat, Barcelona","Cerdanyola del Vallès, Barcelona",5.2139
"Sant Feliu de Llobregat, Barcelona","Corbera de Llobregat, Barcelona",5.4489
"Sant Feliu de Llobregat, Barcelona","Sant Andreu de la Barca, Barcelona",6.0687
"Sant Feliu de Llobregat, Barcelona","Rubí, Barcelona",6.1244
"Sant Feliu de Llobregat, Barcelona","Vallirana, Barcelona",6.1271
"Sant Feliu de Llobregat, Barcelona","Gavà, Barcelona",7.1286
"Sant Feliu de Llobregat, Barcelona","Montcada i Reixac, Barcelona",7.5628
"Sant Feliu de Llobregat, Barcelona","Begues, Barcelona",7.6136
"Sant Feliu de Llobregat, Barcelona","Castelldefels, Barcelona",9.5408
"Sant Feliu de Llobregat, Barcelona","Martorell, Barcelona",9.585
"Sant Feliu de Llobregat, Barcelona","Sant Quirze del Vallès, Barcelona",9.8202
"Sant Joan d'Alacant, Alicante","El Campello, Alicante",0
"Sant Joan d'Alacant, Alicante","Mutxamel, Alicante",0
"Sant Joan d'Alacant, Alicante","Alicante, Alicante",0
"Sant Joan d'Alacant, Alicante","Busot, Alicante",3.3904
"Sant Joan de Labritja, Baleares","Sant Antoni de Portmany, Baleares",0
"Sant Joan de Labritja, Baleares","Eivissa, Baleares",8.0731
"Sant Joan Despí, Barcelona","Cornellà de Llobregat, Barcelona",0
"Sant Joan Despí, Barcelona","Esplugues de Llobregat, Barcelona",0
"Sant Joan Despí, Barcelona","Sant Boi de Llobregat, Barcelona",0
"Sant Joan Despí, Barcelona","Sant Feliu de Llobregat, Barcelona",0
"Sant Joan Despí, Barcelona","Sant Just Desvern, Barcelona",0
"Sant Joan Despí, Barcelona","L'Hospitalet de Llobregat, Barcelona",0.7204
"Sant Joan Despí, Barcelona","El Prat de Llobregat, Barcelona",1.3799
"Sant Joan Despí, Barcelona","Sant Vicenç dels Horts, Barcelona",1.5855
"Sant Joan Despí, Barcelona","Molins de Rei, Barcelona",2.3856
"Sant Joan Despí, Barcelona","Barcelona, Barcelona",2.6398
"Sant Joan Despí, Barcelona","Viladecans, Barcelona",2.7752
"Sant Joan Despí, Barcelona","Cervelló, Barcelona",3.8343
"Sant Joan Despí, Barcelona","Sant Cugat del Vallès, Barcelona",4.1066
"Sant Joan Despí, Barcelona","Gavà, Barcelona",5.4704
"Sant Joan Despí, Barcelona","Vallirana, Barcelona",6.8439
"Sant Joan Despí, Barcelona","Begues, Barcelona",7.472
"Sant Joan Despí, Barcelona","Castellbisbal, Barcelona",7.8783
"Sant Joan Despí, Barcelona","Castelldefels, Barcelona",8.0259
"Sant Joan Despí, Barcelona","Corbera de Llobregat, Barcelona",8.1879
"Sant Joan Despí, Barcelona","Cerdanyola del Vallès, Barcelona",8.9037
"Sant Joan Despí, Barcelona","Sant Andreu de la Barca, Barcelona",9.0194
"Sant Joan Despí, Barcelona","Rubí, Barcelona",9.8402
"Sant Joan, Baleares","Lloret de Vistalegre, Baleares",0
"Sant Joan, Baleares","Montuïri, Baleares",0
"Sant Joan, Baleares","Petra, Baleares",0
"Sant Joan, Baleares","Porreres, Baleares",0
"Sant Joan, Baleares","Sineu, Baleares",0
"Sant Joan, Baleares","Algaida, Baleares",2.2796
"Sant Joan, Baleares","Ariany, Baleares",2.4075
"Sant Joan, Baleares","Felanitx, Baleares",2.7262
"Sant Joan, Baleares","Sencelles, Baleares",3.3127
"Sant Joan, Baleares","Maria de la Salut, Baleares",3.4
"Sant Joan, Baleares","Costitx, Baleares",3.5117
"Sant Joan, Baleares","Llubí, Baleares",3.8271
"Sant Joan, Baleares","Manacor, Baleares",4.2346
"Sant Joan, Baleares","Llucmajor, Baleares",7.0214
"Sant Joan, Baleares","Santa Margalida, Baleares",7.318
"Sant Joan, Baleares","Inca, Baleares",7.6505
"Sant Joan, Baleares","Campos, Baleares",8.3053
"Sant Joan, Baleares","Muro, Baleares",8.9858
"Sant Josep de sa Talaia, Baleares","Eivissa, Baleares",0
"Sant Josep de sa Talaia, Baleares","Sant Antoni de Portmany, Baleares",0
"Sant Just Desvern, Barcelona","Barcelona, Barcelona",0
"Sant Just Desvern, Barcelona","Esplugues de Llobregat, Barcelona",0
"Sant Just Desvern, Barcelona","Sant Feliu de Llobregat, Barcelona",0
"Sant Just Desvern, Barcelona","Sant Joan Despí, Barcelona",0
"Sant Just Desvern, Barcelona","Cornellà de Llobregat, Barcelona",0.4396
"Sant Just Desvern, Barcelona","Sant Cugat del Vallès, Barcelona",0.772
"Sant Just Desvern, Barcelona","L'Hospitalet de Llobregat, Barcelona",0.7787
"Sant Just Desvern, Barcelona","Sant Boi de Llobregat, Barcelona",1.9731
"Sant Just Desvern, Barcelona","Molins de Rei, Barcelona",2.0456
"Sant Just Desvern, Barcelona","Sant Vicenç dels Horts, Barcelona",2.1575
"Sant Just Desvern, Barcelona","El Prat de Llobregat, Barcelona",2.721
"Sant Just Desvern, Barcelona","Cerdanyola del Vallès, Barcelona",4.6095
"Sant Just Desvern, Barcelona","Cervelló, Barcelona",5.1269
"Sant Just Desvern, Barcelona","Viladecans, Barcelona",5.6
"Sant Just Desvern, Barcelona","Montcada i Reixac, Barcelona",6.6399
"Sant Just Desvern, Barcelona","Castellbisbal, Barcelona",7.1978
"Sant Just Desvern, Barcelona","Corbera de Llobregat, Barcelona",7.6757
"Sant Just Desvern, Barcelona","Rubí, Barcelona",7.9008
"Sant Just Desvern, Barcelona","Vallirana, Barcelona",8.2985
"Sant Just Desvern, Barcelona","Sant Andreu de la Barca, Barcelona",8.3345
"Sant Just Desvern, Barcelona","Gavà, Barcelona",8.6103
"Sant Just Desvern, Barcelona","Sant Adrià de Besòs, Barcelona",8.8758
"Sant Just Desvern, Barcelona","Begues, Barcelona",9.2963
"Sant Just Desvern, Barcelona","Santa Coloma de Gramenet, Barcelona",9.3746
"Sant Just Desvern, Barcelona","Badalona, Barcelona",9.8958
"Sant Llorenç d'Hortons, Barcelona","Masquefa, Barcelona",0
"Sant Llorenç d'Hortons, Barcelona","Sant Sadurní d'Anoia, Barcelona",0
"Sant Llorenç d'Hortons, Barcelona","Martorell, Barcelona",2.062
"Sant Llorenç d'Hortons, Barcelona","Esparreguera, Barcelona",2.4087
"Sant Llorenç d'Hortons, Barcelona","Corbera de Llobregat, Barcelona",3.3771
"Sant Llorenç d'Hortons, Barcelona","Castellbisbal, Barcelona",4.4553
"Sant Llorenç d'Hortons, Barcelona","Cervelló, Barcelona",5.6114
"Sant Llorenç d'Hortons, Barcelona","Olesa de Montserrat, Barcelona",5.8369
"Sant Llorenç d'Hortons, Barcelona","Sant Andreu de la Barca, Barcelona",6.0435
"Sant Llorenç d'Hortons, Barcelona","Vallirana, Barcelona",7.6065
"Sant Llorenç d'Hortons, Barcelona","Vacarisses, Barcelona",9.7587
"Sant Llorenç d'Hortons, Barcelona","Rubí, Barcelona",9.8278
"Sant Llorenç d'Hortons, Barcelona","Terrassa, Barcelona",9.9965
"Sant Llorenç des Cardassar, Baleares","Artà, Baleares",0
"Sant Llorenç des Cardassar, Baleares","Manacor, Baleares",0
"Sant Llorenç des Cardassar, Baleares","Son Servera, Baleares",0
"Sant Llorenç des Cardassar, Baleares","Petra, Baleares",0
"Sant Llorenç des Cardassar, Baleares","Santa Margalida, Baleares",2.8902
"Sant Llorenç des Cardassar, Baleares","Ariany, Baleares",4.2429
"Sant Llorenç des Cardassar, Baleares","Capdepera, Baleares",5.7875
"Sant Llorenç des Cardassar, Baleares","Maria de la Salut, Baleares",6.6892
"Sant Lluís, Baleares","Es Castell, Baleares",0
"Sant Lluís, Baleares","Mahón, Baleares",0
"Sant Lluís, Baleares","Alaior, Baleares",3.6675
"Sant Martí de Tous, Barcelona","Igualada, Barcelona",2.3947
"Sant Martí de Tous, Barcelona","Vilanova del Camí, Barcelona",3.0604
"Sant Pere de Ribes, Barcelona","Canyelles, Barcelona",0
"Sant Pere de Ribes, Barcelona","Olivella, Barcelona",0
"Sant Pere de Ribes, Barcelona","Sitges, Barcelona",0
"Sant Pere de Ribes, Barcelona","Vilanova i la Geltrú, Barcelona",0
"Sant Pere de Ribes, Barcelona","Begues, Barcelona",3.0229
"Sant Pere de Ribes, Barcelona","Cubelles, Barcelona",4.9254
"Sant Pere de Ribes, Barcelona","Vilafranca del Penedès, Barcelona",5.9616
"Sant Pere de Ribes, Barcelona","Gavà, Barcelona",7.0708
"Sant Pere de Ribes, Barcelona","Cunit, Tarragona",7.4437
"Sant Pere de Ribes, Barcelona","Castelldefels, Barcelona",8.5139
"Sant Pere de Ribes, Barcelona","Vallirana, Barcelona",9.7461
"Sant Pere Pescador, Girona","L'Escala, Girona",0
"Sant Pere Pescador, Girona","Torroella de Montgrí, Girona",5.087
"Sant Pere Pescador, Girona","Roses, Girona",6.7623
"Sant Pere Pescador, Girona","Figueres, Girona",7.1419
"Sant Pol de Mar, Barcelona","Calella, Barcelona",0
"Sant Pol de Mar, Barcelona","Canet de Mar, Barcelona",0
"Sant Pol de Mar, Barcelona","Sant Cebrià de Vallalta, Barcelona",0
"Sant Pol de Mar, Barcelona","Pineda de Mar, Barcelona",0.9744
"Sant Pol de Mar, Barcelona","Arenys de Mar, Barcelona",1.7652
"Sant Pol de Mar, Barcelona","Santa Susanna, Barcelona",4.2254
"Sant Pol de Mar, Barcelona","Sant Vicenç de Montalt, Barcelona",5.506
"Sant Pol de Mar, Barcelona","Malgrat de Mar, Barcelona",7.2457
"Sant Pol de Mar, Barcelona","Mataró, Barcelona",9.909
"Sant Quirze del Vallès, Barcelona","Cerdanyola del Vallès, Barcelona",0
"Sant Quirze del Vallès, Barcelona","Rubí, Barcelona",0
"Sant Quirze del Vallès, Barcelona","Sabadell, Barcelona",0
"Sant Quirze del Vallès, Barcelona","Sant Cugat del Vallès, Barcelona",0
"Sant Quirze del Vallès, Barcelona","Terrassa, Barcelona",0
"Sant Quirze del Vallès, Barcelona","Barberà del Vallès, Barcelona",0.8504
"Sant Quirze del Vallès, Barcelona","Santa Perpètua de Mogoda, Barcelona",3.0672
"Sant Quirze del Vallès, Barcelona","Ripollet, Barcelona",3.2017
"Sant Quirze del Vallès, Barcelona","Castellbisbal, Barcelona",3.9197
"Sant Quirze del Vallès, Barcelona","Polinyà, Barcelona",4.0075
"Sant Quirze del Vallès, Barcelona","Castellar del Vallès, Barcelona",4.1833
"Sant Quirze del Vallès, Barcelona","Montcada i Reixac, Barcelona",5.0891
"Sant Quirze del Vallès, Barcelona","Matadepera, Barcelona",6.2529
"Sant Quirze del Vallès, Barcelona","Molins de Rei, Barcelona",6.9445
"Sant Quirze del Vallès, Barcelona","Sant Andreu de la Barca, Barcelona",7.3729
"Sant Quirze del Vallès, Barcelona","Mollet del Vallès, Barcelona",7.8025
"Sant Quirze del Vallès, Barcelona","Barcelona, Barcelona",7.8392
"Sant Quirze del Vallès, Barcelona","Vacarisses, Barcelona",8.1859
"Sant Quirze del Vallès, Barcelona","Martorell, Barcelona",8.2181
"Sant Quirze del Vallès, Barcelona","Olesa de Montserrat, Barcelona",8.3994
"Sant Quirze del Vallès, Barcelona","Corbera de Llobregat, Barcelona",8.6308
"Sant Quirze del Vallès, Barcelona","Caldes de Montbui, Barcelona",8.9181
"Sant Quirze del Vallès, Barcelona","Santa Coloma de Gramenet, Barcelona",9.1626
"Sant Quirze del Vallès, Barcelona","Lliçà de Vall, Barcelona",9.422
"Sant Quirze del Vallès, Barcelona","Sant Feliu de Llobregat, Barcelona",9.8202
"Sant Sadurní d'Anoia, Barcelona","Sant Llorenç d'Hortons, Barcelona",0
"Sant Sadurní d'Anoia, Barcelona","Masquefa, Barcelona",0.7412
"Sant Sadurní d'Anoia, Barcelona","Vilafranca del Penedès, Barcelona",6.1817
"Sant Sadurní d'Anoia, Barcelona","Corbera de Llobregat, Barcelona",6.1982
"Sant Sadurní d'Anoia, Barcelona","Cervelló, Barcelona",6.367
"Sant Sadurní d'Anoia, Barcelona","Vallirana, Barcelona",6.4353
"Sant Sadurní d'Anoia, Barcelona","Esparreguera, Barcelona",7.2338
"Sant Sadurní d'Anoia, Barcelona","Martorell, Barcelona",7.7559
"Sant Sadurní d'Anoia, Barcelona","Olivella, Barcelona",9.0341
"Sant Sadurní d'Anoia, Barcelona","Begues, Barcelona",9.7463
"Sant Vicenç de Montalt, Barcelona","Arenys de Mar, Barcelona",0
"Sant Vicenç de Montalt, Barcelona","Mataró, Barcelona",1.5385
"Sant Vicenç de Montalt, Barcelona","Canet de Mar, Barcelona",3.0239
"Sant Vicenç de Montalt, Barcelona","Llinars del Vallès, Barcelona",4.3989
"Sant Vicenç de Montalt, Barcelona","Sant Cebrià de Vallalta, Barcelona",5.3269
"Sant Vicenç de Montalt, Barcelona","Sant Pol de Mar, Barcelona",5.506
"Sant Vicenç de Montalt, Barcelona","Santa Maria de Palautordera, Barcelona",6.9172
"Sant Vicenç de Montalt, Barcelona","Cabrera de Mar, Barcelona",7.4715
"Sant Vicenç de Montalt, Barcelona","La Roca del Vallès, Barcelona",9.2651
"Sant Vicenç de Montalt, Barcelona","Calella, Barcelona",9.7051
"Sant Vicenç dels Horts, Barcelona","Cervelló, Barcelona",0
"Sant Vicenç dels Horts, Barcelona","Molins de Rei, Barcelona",0
"Sant Vicenç dels Horts, Barcelona","Sant Feliu de Llobregat, Barcelona",0
"Sant Vicenç dels Horts, Barcelona","Sant Joan Despí, Barcelona",1.5855
"Sant Vicenç dels Horts, Barcelona","Sant Boi de Llobregat, Barcelona",1.718
"Sant Vicenç dels Horts, Barcelona","Sant Just Desvern, Barcelona",2.1575
"Sant Vicenç dels Horts, Barcelona","Vallirana, Barcelona",2.4302
"Sant Vicenç dels Horts, Barcelona","Corbera de Llobregat, Barcelona",2.5854
"Sant Vicenç dels Horts, Barcelona","Castellbisbal, Barcelona",2.9994
"Sant Vicenç dels Horts, Barcelona","Cornellà de Llobregat, Barcelona",3.464
"Sant Vicenç dels Horts, Barcelona","Barcelona, Barcelona",3.5947
"Sant Vicenç dels Horts, Barcelona","Sant Andreu de la Barca, Barcelona",3.7311
"Sant Vicenç dels Horts, Barcelona","Viladecans, Barcelona",3.8794
"Sant Vicenç dels Horts, Barcelona","Sant Cugat del Vallès, Barcelona",3.937
"Sant Vicenç dels Horts, Barcelona","Esplugues de Llobregat, Barcelona",4.235
"Sant Vicenç dels Horts, Barcelona","Begues, Barcelona",4.2841
"Sant Vicenç dels Horts, Barcelona","L'Hospitalet de Llobregat, Barcelona",5.3137
"Sant Vicenç dels Horts, Barcelona","El Prat de Llobregat, Barcelona",5.5413
"Sant Vicenç dels Horts, Barcelona","Rubí, Barcelona",5.6671
"Sant Vicenç dels Horts, Barcelona","Gavà, Barcelona",6.1524
"Sant Vicenç dels Horts, Barcelona","Martorell, Barcelona",6.798
"Sant Vicenç dels Horts, Barcelona","Castelldefels, Barcelona",8.547
"Santa Bàrbara, Tarragona","Tortosa, Tarragona",0
"Santa Bàrbara, Tarragona","Amposta, Tarragona",0.8023
"Santa Bàrbara, Tarragona","Deltebre, Tarragona",6.1286
"Santa Coloma de Farners, Girona","Anglès, Girona",1.276
"Santa Coloma de Farners, Girona","Riudellots de la Selva, Girona",5.4669
"Santa Coloma de Farners, Girona","Riells i Viabrea, Girona",6.9124
"Santa Coloma de Gramenet, Barcelona","Badalona, Barcelona",0
"Santa Coloma de Gramenet, Barcelona","Sant Adrià de Besòs, Barcelona",0
"Santa Coloma de Gramenet, Barcelona","Montcada i Reixac, Barcelona",0
"Santa Coloma de Gramenet, Barcelona","Barcelona, Barcelona",0
"Santa Coloma de Gramenet, Barcelona","Cerdanyola del Vallès, Barcelona",2.2964
"Santa Coloma de Gramenet, Barcelona","Ripollet, Barcelona",2.6251
"Santa Coloma de Gramenet, Barcelona","Santa Perpètua de Mogoda, Barcelona",4.7268
"Santa Coloma de Gramenet, Barcelona","Barberà del Vallès, Barcelona",4.7856
"Santa Coloma de Gramenet, Barcelona","Sant Cugat del Vallès, Barcelona",5.2202
"Santa Coloma de Gramenet, Barcelona","Mollet del Vallès, Barcelona",5.7706
"Santa Coloma de Gramenet, Barcelona","El Masnou, Barcelona",6.2597
"Santa Coloma de Gramenet, Barcelona","Montornès del Vallès, Barcelona",7.4094
"Santa Coloma de Gramenet, Barcelona","Teià, Barcelona",7.7587
"Santa Coloma de Gramenet, Barcelona","Polinyà, Barcelona",7.7776
"Santa Coloma de Gramenet, Barcelona","Sabadell, Barcelona",7.873
"Santa Coloma de Gramenet, Barcelona","Montmeló, Barcelona",7.9291
"Santa Coloma de Gramenet, Barcelona","Sant Quirze del Vallès, Barcelona",9.1626
"Santa Coloma de Gramenet, Barcelona","Sant Just Desvern, Barcelona",9.3746
"Santa Coloma de Gramenet, Barcelona","L'Hospitalet de Llobregat, Barcelona",9.6728
"Santa Comba, A Coruña","Mazaricos, A Coruña",0
"Santa Comba, A Coruña","Zas, A Coruña",0
"Santa Comba, A Coruña","Tordoia, A Coruña",0
"Santa Comba, A Coruña","Val do Dubra, A Coruña",0
"Santa Comba, A Coruña","Cabana de Bergantiños, A Coruña",1.8946
"Santa Comba, A Coruña","Carballo, A Coruña",2.4012
"Santa Comba, A Coruña","Ames, A Coruña",6.4028
"Santa Comba, A Coruña","Santiago de Compostela, A Coruña",8.8374
"Santa Cruz de Bezana, Cantabria","Camargo, Cantabria",0
"Santa Cruz de Bezana, Cantabria","Santander, Cantabria",0
"Santa Cruz de Bezana, Cantabria","El Astillero, Cantabria",4.1138
"Santa Cruz de Bezana, Cantabria","Torrelavega, Cantabria",9.1247
"Santa Cruz de la Palma, Santa Cruz de Tenerife","Los Llanos de Aridane, Santa Cruz de Tenerife",6.2615
"Santa Cruz de Tenerife, Santa Cruz de Tenerife","El Rosario, Santa Cruz de Tenerife",0
"Santa Cruz de Tenerife, Santa Cruz de Tenerife","San Cristóbal de La Laguna, Santa Cruz de Tenerife",0
"Santa Cruz de Tenerife, Santa Cruz de Tenerife","Tacoronte, Santa Cruz de Tenerife",4.2955
"Santa Cruz de Tenerife, Santa Cruz de Tenerife","La Matanza de Acentejo, Santa Cruz de Tenerife",6.3391
"Santa Eugènia, Baleares","Algaida, Baleares",0
"Santa Eugènia, Baleares","Consell, Baleares",0
"Santa Eugènia, Baleares","Sencelles, Baleares",0
"Santa Eugènia, Baleares","Palma de Mallorca, Baleares",0
"Santa Eugènia, Baleares","Marratxí, Baleares",0.8023
"Santa Eugènia, Baleares","Binissalem, Baleares",1.5256
"Santa Eugènia, Baleares","Llucmajor, Baleares",4.1486
"Santa Eugènia, Baleares","Alaró, Baleares",4.2258
"Santa Eugènia, Baleares","Lloseta, Baleares",5.6237
"Santa Eugènia, Baleares","Inca, Baleares",6.0154
"Santa Eugènia, Baleares","Costitx, Baleares",6.1464
"Santa Eugènia, Baleares","Bunyola, Baleares",6.4052
"Santa Eugènia, Baleares","Montuïri, Baleares",6.6956
"Santa Eugènia, Baleares","Lloret de Vistalegre, Baleares",6.8892
"Santa Eugènia, Baleares","Selva, Baleares",8.4453
"Santa Eugènia, Baleares","Mancor de la Vall, Baleares",9.2574
"Santa Eugènia, Baleares","Sineu, Baleares",9.6289
"Santa Eulàlia de Ronçana, Barcelona","L'Ametlla del Vallès, Barcelona",0
"Santa Eulàlia de Ronçana, Barcelona","Caldes de Montbui, Barcelona",0
"Santa Eulàlia de Ronçana, Barcelona","Les Franqueses del Vallès, Barcelona",1.8206
"Santa Eulàlia de Ronçana, Barcelona","Granollers, Barcelona",2.0663
"Santa Eulàlia de Ronçana, Barcelona","La Garriga, Barcelona",2.3041
"Santa Eulàlia de Ronçana, Barcelona","Lliçà de Vall, Barcelona",2.8534
"Santa Eulàlia de Ronçana, Barcelona","La Roca del Vallès, Barcelona",4.6381
"Santa Eulàlia de Ronçana, Barcelona","Mollet del Vallès, Barcelona",5.9679
"Santa Eulàlia de Ronçana, Barcelona","Montcada i Reixac, Barcelona",6.0789
"Santa Eulàlia de Ronçana, Barcelona","Montmeló, Barcelona",6.362
"Santa Eulàlia de Ronçana, Barcelona","Cardedeu, Barcelona",6.4013
"Santa Eulàlia de Ronçana, Barcelona","Montornès del Vallès, Barcelona",6.8136
"Santa Eulàlia de Ronçana, Barcelona","Castellar del Vallès, Barcelona",6.9133
"Santa Eulàlia de Ronçana, Barcelona","Polinyà, Barcelona",7.4258
"Santa Eulàlia de Ronçana, Barcelona","Santa Perpètua de Mogoda, Barcelona",8.1311
"Santa Eulàlia de Ronçana, Barcelona","Sabadell, Barcelona",8.3973
"Santa Eulàlia de Ronçana, Barcelona","Llinars del Vallès, Barcelona",9.0364
"Santa Margalida, Baleares","Artà, Baleares",0
"Santa Margalida, Baleares","Muro, Baleares",0
"Santa Margalida, Baleares","Ariany, Baleares",0
"Santa Margalida, Baleares","Llubí, Baleares",0
"Santa Margalida, Baleares","Maria de la Salut, Baleares",0
"Santa Margalida, Baleares","Petra, Baleares",0
"Santa Margalida, Baleares","Manacor, Baleares",0.7678
"Santa Margalida, Baleares","Sant Llorenç des Cardassar, Baleares",2.8902
"Santa Margalida, Baleares","Sineu, Baleares",3.1461
"Santa Margalida, Baleares","Sa Pobla, Baleares",4.8714
"Santa Margalida, Baleares","Alcúdia, Baleares",5.3481
"Santa Margalida, Baleares","Inca, Baleares",6.403
"Santa Margalida, Baleares","Sant Joan, Baleares",7.318
"Santa Margalida, Baleares","Búger, Baleares",7.8801
"Santa Margalida, Baleares","Costitx, Baleares",8.7418
"Santa Margalida, Baleares","Son Servera, Baleares",9.2264
"Santa Margalida, Baleares","Campanet, Baleares",9.5877
"Santa Margalida, Baleares","Pollença, Baleares",9.8436
"Santa Maria de Palautordera, Barcelona","Llinars del Vallès, Barcelona",0
"Santa Maria de Palautordera, Barcelona","Cardedeu, Barcelona",5.0665
"Santa Maria de Palautordera, Barcelona","Riells i Viabrea, Girona",6.0642
"Santa Maria de Palautordera, Barcelona","Les Franqueses del Vallès, Barcelona",6.1083
"Santa Maria de Palautordera, Barcelona","Sant Vicenç de Montalt, Barcelona",6.9172
"Santa Maria de Palautordera, Barcelona","La Roca del Vallès, Barcelona",7.3427
"Santa Maria de Palautordera, Barcelona","Mataró, Barcelona",8.1882
"Santa Maria de Palautordera, Barcelona","La Garriga, Barcelona",8.8793
"Santa Maria de Palautordera, Barcelona","Sant Cebrià de Vallalta, Barcelona",9.0407
"Santa Maria de Palautordera, Barcelona","Canet de Mar, Barcelona",9.1746
"Santa Perpètua de Mogoda, Barcelona","Mollet del Vallès, Barcelona",0
"Santa Perpètua de Mogoda, Barcelona","Barberà del Vallès, Barcelona",0
"Santa Perpètua de Mogoda, Barcelona","Montcada i Reixac, Barcelona",0
"Santa Perpètua de Mogoda, Barcelona","Polinyà, Barcelona",0
"Santa Perpètua de Mogoda, Barcelona","Sabadell, Barcelona",0
"Santa Perpètua de Mogoda, Barcelona","Ripollet, Barcelona",0.7402
"Santa Perpètua de Mogoda, Barcelona","Lliçà de Vall, Barcelona",1.7676
"Santa Perpètua de Mogoda, Barcelona","Cerdanyola del Vallès, Barcelona",2.089
"Santa Perpètua de Mogoda, Barcelona","Montmeló, Barcelona",2.2974
"Santa Perpètua de Mogoda, Barcelona","Montornès del Vallès, Barcelona",2.4925
"Santa Perpètua de Mogoda, Barcelona","Sant Quirze del Vallès, Barcelona",3.0672
"Santa Perpètua de Mogoda, Barcelona","Badalona, Barcelona",3.4331
"Santa Perpètua de Mogoda, Barcelona","Santa Coloma de Gramenet, Barcelona",4.7268
"Santa Perpètua de Mogoda, Barcelona","Caldes de Montbui, Barcelona",4.9129
"Santa Perpètua de Mogoda, Barcelona","Barcelona, Barcelona",5.2838
"Santa Perpètua de Mogoda, Barcelona","Granollers, Barcelona",5.7694
"Santa Perpètua de Mogoda, Barcelona","Sant Cugat del Vallès, Barcelona",5.9585
"Santa Perpètua de Mogoda, Barcelona","Castellar del Vallès, Barcelona",5.9619
"Santa Perpètua de Mogoda, Barcelona","Terrassa, Barcelona",6.153
"Santa Perpètua de Mogoda, Barcelona","Rubí, Barcelona",7.4019
"Santa Perpètua de Mogoda, Barcelona","Santa Eulàlia de Ronçana, Barcelona",8.1311
"Santa Perpètua de Mogoda, Barcelona","Teià, Barcelona",8.4603
"Santa Perpètua de Mogoda, Barcelona","La Roca del Vallès, Barcelona",8.5087
"Santa Perpètua de Mogoda, Barcelona","Vilassar de Dalt, Barcelona",9.0303
"Santa Perpètua de Mogoda, Barcelona","Sant Adrià de Besòs, Barcelona",9.0829
"Santa Perpètua de Mogoda, Barcelona","El Masnou, Barcelona",9.1894
"Santa Perpètua de Mogoda, Barcelona","Premià de Dalt, Barcelona",9.6659
"Santa Pola, Alicante","Elche, Alicante",0
"Santa Pola, Alicante","San Fulgencio, Alicante",2.6235
"Santa Pola, Alicante","Guardamar del Segura, Alicante",2.7447
"Santa Pola, Alicante","Alicante, Alicante",3.5342
"Santa Pola, Alicante","Dolores, Alicante",5.4032
"Santa Pola, Alicante","Crevillent, Alicante",7.2249
"Santa Pola, Alicante","Catral, Alicante",7.4955
"Santa Susanna, Barcelona","Malgrat de Mar, Barcelona",0
"Santa Susanna, Barcelona","Pineda de Mar, Barcelona",0
"Santa Susanna, Barcelona","Calella, Barcelona",2.2277
"Santa Susanna, Barcelona","Sant Cebrià de Vallalta, Barcelona",3.1548
"Santa Susanna, Barcelona","Sant Pol de Mar, Barcelona",4.2254
"Santa Susanna, Barcelona","Blanes, Girona",4.3221
"Santa Susanna, Barcelona","Lloret de Mar, Girona",8.5141
"Santa Susanna, Barcelona","Canet de Mar, Barcelona",8.584
"Santa Susanna, Barcelona","Riells i Viabrea, Girona",9.9828
"Santander, Cantabria","Camargo, Cantabria",0
"Santander, Cantabria","Santa Cruz de Bezana, Cantabria",0
"Santander, Cantabria","El Astillero, Cantabria",2.3529
"Santanyí, Baleares","Campos, Baleares",0
"Santanyí, Baleares","Felanitx, Baleares",0
"Santanyí, Baleares","Ses Salines, Baleares",0
"Santanyí, Baleares","Manacor, Baleares",5.1647
"Santanyí, Baleares","Palma de Mallorca, Baleares",8.8434
"Santanyí, Baleares","Porreres, Baleares",8.9202
"Santiago de Compostela, A Coruña","Ames, A Coruña",0
"Santiago de Compostela, A Coruña","Teo, A Coruña",0
"Santiago de Compostela, A Coruña","Vedra, A Coruña",0
"Santiago de Compostela, A Coruña","Oroso, A Coruña",0
"Santiago de Compostela, A Coruña","Val do Dubra, A Coruña",0
"Santiago de Compostela, A Coruña","Ordes, A Coruña",3.0397
"Santiago de Compostela, A Coruña","Tordoia, A Coruña",3.9759
"Santiago de Compostela, A Coruña","A Estrada, Pontevedra",7.5364
"Santiago de Compostela, A Coruña","Arzúa, A Coruña",8.1367
"Santiago de Compostela, A Coruña","Santa Comba, A Coruña",8.8374
"Santiago del Teide, Santa Cruz de Tenerife","Icod de los Vinos, Santa Cruz de Tenerife",0
"Santiago del Teide, Santa Cruz de Tenerife","La Orotava, Santa Cruz de Tenerife",0
"Santiago del Teide, Santa Cruz de Tenerife","Adeje, Santa Cruz de Tenerife",6.1708
"Santiago del Teide, Santa Cruz de Tenerife","Granadilla de Abona, Santa Cruz de Tenerife",8.4374
"Santiago del Teide, Santa Cruz de Tenerife","Los Realejos, Santa Cruz de Tenerife",9.0832
"Santiponce, Sevilla","Camas, Sevilla",0
"Santiponce, Sevilla","Valencina de la Concepción, Sevilla",0
"Santiponce, Sevilla","Sevilla, Sevilla",0
"Santiponce, Sevilla","La Algaba, Sevilla",0.0472
"Santiponce, Sevilla","La Rinconada, Sevilla",0.1017
"Santiponce, Sevilla","Tomares, Sevilla",3.6187
"Santiponce, Sevilla","San Juan de Aznalfarache, Sevilla",3.79
"Santiponce, Sevilla","Gerena, Sevilla",4.7184
"Santiponce, Sevilla","Espartinas, Sevilla",4.7239
"Santiponce, Sevilla","Bormujos, Sevilla",5.2561
"Santiponce, Sevilla","Alcalá del Río, Sevilla",5.3856
"Santiponce, Sevilla","Olivares, Sevilla",5.5134
"Santiponce, Sevilla","Mairena del Aljarafe, Sevilla",6.5258
"Santiponce, Sevilla","Gelves, Sevilla",7.0053
"Santiponce, Sevilla","Alcalá de Guadaíra, Sevilla",7.3473
"Santiponce, Sevilla","Dos Hermanas, Sevilla",8.2104
"Santiponce, Sevilla","Palomares del Río, Sevilla",9.3434
"Santo Domingo de la Calzada, La Rioja","Villarta-Quintana, La Rioja",2.3571
"Santo Domingo de la Calzada, La Rioja","Haro, La Rioja",9.6164
"Santomera, Murcia","Orihuela, Alicante",0
"Santomera, Murcia","Murcia, Murcia",0
"Santomera, Murcia","Molina de Segura, Murcia",2.4632
"Santomera, Murcia","Redován, Alicante",6.7996
"Santomera, Murcia","Callosa de Segura, Alicante",8.4023
"Santomera, Murcia","Cox, Alicante",9.4736
"Santoña, Cantabria","Noja, Cantabria",0
"Santoña, Cantabria","Laredo, Cantabria",0.537
"Santoña, Cantabria","Bárcena de Cicero, Cantabria",2.3473
"Santoña, Cantabria","Colindres, Cantabria",3.9555
"Santoña, Cantabria","Castro-Urdiales, Cantabria",7.8893
"Santpedor, Barcelona","Manresa, Barcelona",0.6313
"Santpedor, Barcelona","Súria, Barcelona",2.3132
"Santpedor, Barcelona","Artés, Barcelona",3.3468
"Sanxenxo, Pontevedra","O Grove, Pontevedra",0
"Sanxenxo, Pontevedra","Cambados, Pontevedra",0.4957
"Sanxenxo, Pontevedra","Meis, Pontevedra",2.1988
"Sanxenxo, Pontevedra","Pontevedra, Pontevedra",4.8602
"Sanxenxo, Pontevedra","Vilanova de Arousa, Pontevedra",8.0073
"Sanxenxo, Pontevedra","Cangas, Pontevedra",8.2954
"Sarria, Lugo","Láncara, Lugo",0
"Sarria, Lugo","Samos, Lugo",0
"Sarria, Lugo","A Pobra do Brollón, Lugo",5.1646
"Sarria, Lugo","O Saviñao, Lugo",5.5877
"Sarria, Lugo","Portomarín, Lugo",6.9061
"Sarria, Lugo","Becerreá, Lugo",8.0414
"Sarria, Lugo","Lugo, Lugo",8.7954
"Sarria, Lugo","Taboada, Lugo",9.1407
"Sayalonga, Málaga","Vélez-Málaga, Málaga",0
"Sayalonga, Málaga","Nerja, Málaga",6.7664
"Segorbe, Castellón","Olocau, Valencia",1.9776
"Segorbe, Castellón","Sagunto, Valencia",4.0121
"Segorbe, Castellón","Náquera, Valencia",5.2639
"Segorbe, Castellón","La Vall d'Uixó, Castellón",6.9886
"Segorbe, Castellón","Llíria, Valencia",7.2512
"Segorbe, Castellón","Bétera, Valencia",7.7157
"Segorbe, Castellón","La Pobla de Vallbona, Valencia",8.99
"Segorbe, Castellón","Almenara, Castellón",9.367
"Segovia, Segovia","Palazuelos de Eresma, Segovia",0
"Segovia, Segovia","Cercedilla, Madrid",5.6799
"Selva, Baleares","Escorca, Baleares",0
"Selva, Baleares","Búger, Baleares",0
"Selva, Baleares","Campanet, Baleares",0
"Selva, Baleares","Inca, Baleares",0
"Selva, Baleares","Lloseta, Baleares",0
"Selva, Baleares","Mancor de la Vall, Baleares",0
"Selva, Baleares","Alaró, Baleares",0.7488
"Selva, Baleares","Binissalem, Baleares",1.7197
"Selva, Baleares","Pollença, Baleares",2.3609
"Selva, Baleares","Sa Pobla, Baleares",2.7614
"Selva, Baleares","Bunyola, Baleares",3.8651
"Selva, Baleares","Llubí, Baleares",3.8911
"Selva, Baleares","Sencelles, Baleares",4.8058
"Selva, Baleares","Muro, Baleares",5.1948
"Selva, Baleares","Consell, Baleares",5.6249
"Selva, Baleares","Sineu, Baleares",6.6241
"Selva, Baleares","Costitx, Baleares",6.885
"Selva, Baleares","Fornalutx, Baleares",7.2572
"Selva, Baleares","Sóller, Baleares",7.9608
"Selva, Baleares","Santa Eugènia, Baleares",8.4453
"Selva, Baleares","Alcúdia, Baleares",8.512
"Sencelles, Baleares","Algaida, Baleares",0
"Sencelles, Baleares","Binissalem, Baleares",0
"Sencelles, Baleares","Consell, Baleares",0
"Sencelles, Baleares","Costitx, Baleares",0
"Sencelles, Baleares","Inca, Baleares",0
"Sencelles, Baleares","Lloret de Vistalegre, Baleares",0
"Sencelles, Baleares","Santa Eugènia, Baleares",0
"Sencelles, Baleares","Montuïri, Baleares",1.6072
"Sencelles, Baleares","Sineu, Baleares",1.8875
"Sencelles, Baleares","Lloseta, Baleares",1.9959
"Sencelles, Baleares","Palma de Mallorca, Baleares",2.4731
"Sencelles, Baleares","Sant Joan, Baleares",3.3127
"Sencelles, Baleares","Llubí, Baleares",3.6944
"Sencelles, Baleares","Alaró, Baleares",3.8174
"Sencelles, Baleares","Marratxí, Baleares",4.341
"Sencelles, Baleares","Selva, Baleares",4.8058
"Sencelles, Baleares","Mancor de la Vall, Baleares",6.284
"Sencelles, Baleares","Llucmajor, Baleares",6.5854
"Sencelles, Baleares","Sa Pobla, Baleares",7.0501
"Sencelles, Baleares","Búger, Baleares",7.2239
"Sencelles, Baleares","Maria de la Salut, Baleares",7.6039
"Sencelles, Baleares","Campanet, Baleares",7.8494
"Sencelles, Baleares","Bunyola, Baleares",8.5045
"Sencelles, Baleares","Muro, Baleares",9.0635
"Sencelles, Baleares","Petra, Baleares",9.1993
"Sencelles, Baleares","Porreres, Baleares",9.5386
"Serón, Almería","Alcóntar, Almería",0
"Serón, Almería","Caniles, Granada",0
"Serón, Almería","Cúllar, Granada",0
"Serón, Almería","Baza, Granada",3.064
"Ses Salines, Baleares","Campos, Baleares",0
"Ses Salines, Baleares","Santanyí, Baleares",0
"Ses Salines, Baleares","Felanitx, Baleares",3.227
"Ses Salines, Baleares","Llucmajor, Baleares",6.1443
"Ses Salines, Baleares","Palma de Mallorca, Baleares",9.7975
"Seseña, Toledo","Valdemoro, Madrid",0
"Seseña, Toledo","Aranjuez, Madrid",0
"Seseña, Toledo","Ciempozuelos, Madrid",0
"Seseña, Toledo","Illescas, Toledo",4.3495
"Seseña, Toledo","Pinto, Madrid",6.4552
"Seseña, Toledo","Parla, Madrid",7.146
"Seseña, Toledo","Torrejón de la Calzada, Madrid",8.3119
"Seseña, Toledo","San Martín de la Vega, Madrid",8.5698
"Sestao, Vizcaya","Barakaldo, Vizcaya",0
"Sestao, Vizcaya","Erandio, Vizcaya",0
"Sestao, Vizcaya","Leioa, Vizcaya",0
"Sestao, Vizcaya","Portugalete, Vizcaya",0
"Sestao, Vizcaya","Getxo, Vizcaya",0.4376
"Sestao, Vizcaya","Bilbao, Vizcaya",1.1033
"Sestao, Vizcaya","Loiu, Vizcaya",2.5648
"Sestao, Vizcaya","Derio, Vizcaya",4.5742
"Sestao, Vizcaya","Zamudio, Vizcaya",5.743
"Sestao, Vizcaya","Arrigorriaga, Vizcaya",8.1115
"Sestao, Vizcaya","Basauri, Vizcaya",8.1324
"Sestao, Vizcaya","Galdakao, Vizcaya",8.9047
"Sevilla la Nueva, Madrid","Brunete, Madrid",0
"Sevilla la Nueva, Madrid","Villaviciosa de Odón, Madrid",0
"Sevilla la Nueva, Madrid","Navalcarnero, Madrid",0
"Sevilla la Nueva, Madrid","Villamanta, Madrid",0
"Sevilla la Nueva, Madrid","Quijorna, Madrid",0.9663
"Sevilla la Nueva, Madrid","Villamantilla, Madrid",2.5301
"Sevilla la Nueva, Madrid","Móstoles, Madrid",5.0418
"Sevilla la Nueva, Madrid","Villanueva de la Cañada, Madrid",5.4644
"Sevilla la Nueva, Madrid","Arroyomolinos, Madrid",7.0088
"Sevilla la Nueva, Madrid","Valdemorillo, Madrid",7.2488
"Sevilla la Nueva, Madrid","Boadilla del Monte, Madrid",7.4366
"Sevilla la Nueva, Madrid","El Álamo, Madrid",8.5137
"Sevilla la Nueva, Madrid","Villanueva del Pardillo, Madrid",9.7125
"Sevilla la Nueva, Madrid","Méntrida, Toledo",9.9509
"Sevilla, Sevilla","Alcalá de Guadaíra, Sevilla",0
"Sevilla, Sevilla","Carmona, Sevilla",0
"Sevilla, Sevilla","Dos Hermanas, Sevilla",0
"Sevilla, Sevilla","La Algaba, Sevilla",0
"Sevilla, Sevilla","La Rinconada, Sevilla",0
"Sevilla, Sevilla","San Juan de Aznalfarache, Sevilla",0
"Sevilla, Sevilla","Santiponce, Sevilla",0
"Sevilla, Sevilla","Camas, Sevilla",0
"Sevilla, Sevilla","Gelves, Sevilla",0
"Sevilla, Sevilla","Palomares del Río, Sevilla",0
"Sevilla, Sevilla","Tomares, Sevilla",0
"Sevilla, Sevilla","Valencina de la Concepción, Sevilla",0.6995
"Sevilla, Sevilla","Coria del Río, Sevilla",0.7272
"Sevilla, Sevilla","Mairena del Aljarafe, Sevilla",0.8169
"Sevilla, Sevilla","Mairena del Alcor, Sevilla",0.9535
"Sevilla, Sevilla","Bormujos, Sevilla",2.9892
"Sevilla, Sevilla","Alcalá del Río, Sevilla",3.7914
"Sevilla, Sevilla","Espartinas, Sevilla",5.1833
"Sevilla, Sevilla","El Viso del Alcor, Sevilla",5.6846
"Sevilla, Sevilla","Gerena, Sevilla",7.9853
"Sevilla, Sevilla","Olivares, Sevilla",8.7698
"Sevilla, Sevilla","Brenes, Sevilla",9.9017
"Siero, Asturias","Gijón, Asturias",0
"Siero, Asturias","Villaviciosa, Asturias",0
"Siero, Asturias","Langreo, Asturias",0
"Siero, Asturias","San Martín del Rey Aurelio, Asturias",0
"Siero, Asturias","Bimenes, Asturias",0
"Siero, Asturias","Noreña, Asturias",0
"Siero, Asturias","Oviedo, Asturias",0
"Siero, Asturias","Mieres, Asturias",5.1216
"Siero, Asturias","Morcín, Asturias",8.8616
"Silla, Valencia","Albal, Valencia",0
"Silla, Valencia","Alcàsser, Valencia",0
"Silla, Valencia","Beniparrell, Valencia",0
"Silla, Valencia","Picassent, Valencia",0
"Silla, Valencia","Almussafes, Valencia",0
"Silla, Valencia","Sollana, Valencia",0
"Silla, Valencia","Valencia, Valencia",0
"Silla, Valencia","Catarroja, Valencia",0.0853
"Silla, Valencia","Massanassa, Valencia",1.1012
"Silla, Valencia","Alfafar, Valencia",1.4721
"Silla, Valencia","Paiporta, Valencia",3.3108
"Silla, Valencia","Torrent, Valencia",3.6847
"Silla, Valencia","Sueca, Valencia",5.4845
"Silla, Valencia","Alginet, Valencia",6.6894
"Silla, Valencia","Alaquàs, Valencia",8.5787
"Silla, Valencia","Algemesí, Valencia",8.8707
"Silla, Valencia","Carlet, Valencia",9.4177
"Silla, Valencia","Aldaia, Valencia",9.5219
"Silla, Valencia","Mislata, Valencia",9.579
"Silleda, Pontevedra","A Estrada, Pontevedra",0
"Silleda, Pontevedra","Vedra, A Coruña",1.949
"Silleda, Pontevedra","Arzúa, A Coruña",9.6347
"Silleda, Pontevedra","Teo, A Coruña",9.9767
"Simancas, Valladolid","Arroyo de la Encomienda, Valladolid",0
"Simancas, Valladolid","Valladolid, Valladolid",0
"Simancas, Valladolid","Tudela de Duero, Valladolid",8.4884
"Sineu, Baleares","Ariany, Baleares",0
"Sineu, Baleares","Costitx, Baleares",0
"Sineu, Baleares","Inca, Baleares",0
"Sineu, Baleares","Lloret de Vistalegre, Baleares",0
"Sineu, Baleares","Llubí, Baleares",0
"Sineu, Baleares","Maria de la Salut, Baleares",0
"Sineu, Baleares","Petra, Baleares",0
"Sineu, Baleares","Sant Joan, Baleares",0
"Sineu, Baleares","Sencelles, Baleares",1.8875
"Sineu, Baleares","Montuïri, Baleares",2.5076
"Sineu, Baleares","Santa Margalida, Baleares",3.1461
"Sineu, Baleares","Algaida, Baleares",3.883
"Sineu, Baleares","Sa Pobla, Baleares",4.8165
"Sineu, Baleares","Muro, Baleares",5.0895
"Sineu, Baleares","Búger, Baleares",5.441
"Sineu, Baleares","Binissalem, Baleares",5.8214
"Sineu, Baleares","Manacor, Baleares",6.1559
"Sineu, Baleares","Porreres, Baleares",6.4307
"Sineu, Baleares","Selva, Baleares",6.6241
"Sineu, Baleares","Campanet, Baleares",7.5966
"Sineu, Baleares","Lloseta, Baleares",7.9401
"Sineu, Baleares","Mancor de la Vall, Baleares",9.5869
"Sineu, Baleares","Santa Eugènia, Baleares",9.6289
"Sineu, Baleares","Consell, Baleares",9.6635
"Sineu, Baleares","Felanitx, Baleares",9.8135
"Sitges, Barcelona","Begues, Barcelona",0
"Sitges, Barcelona","Castelldefels, Barcelona",0
"Sitges, Barcelona","Gavà, Barcelona",0
"Sitges, Barcelona","Olivella, Barcelona",0
"Sitges, Barcelona","Sant Pere de Ribes, Barcelona",0
"Sitges, Barcelona","Vilanova i la Geltrú, Barcelona",0.4037
"Sitges, Barcelona","Canyelles, Barcelona",4.124
"Sitges, Barcelona","Viladecans, Barcelona",5.3491
"Sitges, Barcelona","Cubelles, Barcelona",6.4113
"Sitges, Barcelona","Vallirana, Barcelona",6.6845
"Sitges, Barcelona","Sant Boi de Llobregat, Barcelona",8.5782
"Sitges, Barcelona","Cunit, Tarragona",8.7478
"Sitges, Barcelona","Cervelló, Barcelona",8.8503
"Sitges, Barcelona","El Prat de Llobregat, Barcelona",9.8773
"Socuéllamos, Ciudad Real","Villarrobledo, Albacete",0
"Socuéllamos, Ciudad Real","Tomelloso, Ciudad Real",0
"Sollana, Valencia","Silla, Valencia",0
"Sollana, Valencia","Algemesí, Valencia",0
"Sollana, Valencia","Alginet, Valencia",0
"Sollana, Valencia","Almussafes, Valencia",0
"Sollana, Valencia","Sueca, Valencia",0
"Sollana, Valencia","Valencia, Valencia",0
"Sollana, Valencia","Picassent, Valencia",1.3193
"Sollana, Valencia","Alcàsser, Valencia",4.8454
"Sollana, Valencia","Carlet, Valencia",5.1596
"Sollana, Valencia","Alfafar, Valencia",5.3021
"Sollana, Valencia","Albal, Valencia",5.3222
"Sollana, Valencia","Massanassa, Valencia",5.4694
"Sollana, Valencia","Catarroja, Valencia",5.4905
"Sollana, Valencia","Beniparrell, Valencia",5.6725
"Sollana, Valencia","L'Alcúdia, Valencia",6.0943
"Sollana, Valencia","Alzira, Valencia",6.2767
"Sollana, Valencia","Cullera, Valencia",8.6126
"Sollana, Valencia","Torrent, Valencia",9.4102
"Sollana, Valencia","Paiporta, Valencia",9.6664
"Sóller, Baleares","Bunyola, Baleares",0
"Sóller, Baleares","Escorca, Baleares",0
"Sóller, Baleares","Fornalutx, Baleares",0
"Sóller, Baleares","Valldemossa, Baleares",1.3665
"Sóller, Baleares","Alaró, Baleares",2.67
"Sóller, Baleares","Lloseta, Baleares",6.2408
"Sóller, Baleares","Mancor de la Vall, Baleares",6.5461
"Sóller, Baleares","Esporles, Baleares",7.5572
"Sóller, Baleares","Selva, Baleares",7.9608
"Sóller, Baleares","Binissalem, Baleares",8.0691
"Sóller, Baleares","Marratxí, Baleares",8.7096
"Sóller, Baleares","Palma de Mallorca, Baleares",8.8509
"Sóller, Baleares","Consell, Baleares",9.1447
"Son Servera, Baleares","Artà, Baleares",0
"Son Servera, Baleares","Capdepera, Baleares",0
"Son Servera, Baleares","Sant Llorenç des Cardassar, Baleares",0
"Son Servera, Baleares","Manacor, Baleares",2.9523
"Son Servera, Baleares","Petra, Baleares",6.2721
"Son Servera, Baleares","Santa Margalida, Baleares",9.2264
"Soria, Soria","Ólvega, Soria",0
"Sotalbo, Ávila","Ávila, Ávila",2.9063
"Soto del Barco, Asturias","Castrillón, Asturias",0
"Soto del Barco, Asturias","Pravia, Asturias",0
"Soto del Barco, Asturias","Cudillero, Asturias",2.5914
"Soto del Barco, Asturias","Avilés, Asturias",5.2385
"Soto del Barco, Asturias","Salas, Asturias",6.3786
"Soto del Barco, Asturias","Grado, Asturias",7.8635
"Soto del Barco, Asturias","Gozón, Asturias",8.618
"Soto del Real, Madrid","Miraflores de la Sierra, Madrid",0
"Soto del Real, Madrid","Colmenar Viejo, Madrid",0
"Soto del Real, Madrid","Manzanares el Real, Madrid",0
"Soto del Real, Madrid","Tres Cantos, Madrid",8.0377
"Sueca, Valencia","Cullera, Valencia",0
"Sueca, Valencia","Sollana, Valencia",0
"Sueca, Valencia","Valencia, Valencia",0
"Sueca, Valencia","Algemesí, Valencia",1.6018
"Sueca, Valencia","Almussafes, Valencia",3.7528
"Sueca, Valencia","Alzira, Valencia",4.1338
"Sueca, Valencia","Alginet, Valencia",4.7863
"Sueca, Valencia","Alfafar, Valencia",5.4728
"Sueca, Valencia","Silla, Valencia",5.4845
"Sueca, Valencia","Massanassa, Valencia",5.6585
"Sueca, Valencia","Albal, Valencia",5.8057
"Sueca, Valencia","Catarroja, Valencia",5.8057
"Sueca, Valencia","Picassent, Valencia",6.9323
"Sueca, Valencia","Beniparrell, Valencia",8.8661
"Sueca, Valencia","Carcaixent, Valencia",9.6251
"Sueca, Valencia","Carlet, Valencia",9.8701
"Súria, Barcelona","Santpedor, Barcelona",2.3132
"Súria, Barcelona","Manresa, Barcelona",6.6318
"Taboada, Lugo","Chantada, Lugo",0
"Taboada, Lugo","O Saviñao, Lugo",0
"Taboada, Lugo","Antas de Ulla, Lugo",0
"Taboada, Lugo","Monterroso, Lugo",0
"Taboada, Lugo","Portomarín, Lugo",0
"Taboada, Lugo","Carballedo, Lugo",7.9967
"Taboada, Lugo","Sarria, Lugo",9.1407
"Tacoronte, Santa Cruz de Tenerife","El Rosario, Santa Cruz de Tenerife",0
"Tacoronte, Santa Cruz de Tenerife","San Cristóbal de La Laguna, Santa Cruz de Tenerife",0
"Tacoronte, Santa Cruz de Tenerife","La Matanza de Acentejo, Santa Cruz de Tenerife",1.6257
"Tacoronte, Santa Cruz de Tenerife","Santa Cruz de Tenerife, Santa Cruz de Tenerife",4.2955
"Tacoronte, Santa Cruz de Tenerife","La Orotava, Santa Cruz de Tenerife",9.0855
"Tapia de Casariego, Asturias","El Franco, Asturias",0
"Tapia de Casariego, Asturias","Ribadeo, Lugo",2.9791
"Tapia de Casariego, Asturias","Villanueva de Oscos, Asturias",9.1635
"Tarancón, Cuenca","Horcajo de Santiago, Cuenca",4.8681
"Tarifa, Cádiz","Algeciras, Cádiz",0
"Tarifa, Cádiz","Los Barrios, Cádiz",0
"Tarifa, Cádiz","Barbate, Cádiz",0
"Tarifa, Cádiz","Benalup-Casas Viejas, Cádiz",3.2914
"Tarragona, Tarragona","Altafulla, Tarragona",0
"Tarragona, Tarragona","Constantí, Tarragona",0
"Tarragona, Tarragona","El Catllar, Tarragona",0
"Tarragona, Tarragona","Reus, Tarragona",0
"Tarragona, Tarragona","Vila-seca, Tarragona",0
"Tarragona, Tarragona","Perafort, Tarragona",0.884
"Tarragona, Tarragona","Salou, Tarragona",1.056
"Tarragona, Tarragona","La Pobla de Mafumet, Tarragona",1.2494
"Tarragona, Tarragona","Vespella de Gaià, Tarragona",1.4555
"Tarragona, Tarragona","La Nou de Gaià, Tarragona",2.6114
"Tarragona, Tarragona","La Pobla de Montornès, Tarragona",3.1425
"Tarragona, Tarragona","Renau, Tarragona",3.8344
"Tarragona, Tarragona","La Selva del Camp, Tarragona",4.5165
"Tarragona, Tarragona","Creixell, Tarragona",5.0624
"Tarragona, Tarragona","Cambrils, Tarragona",5.0956
"Tarragona, Tarragona","Riudoms, Tarragona",5.3768
"Tarragona, Tarragona","Vilabella, Tarragona",5.6724
"Tarragona, Tarragona","Vallmoll, Tarragona",6.2655
"Tarragona, Tarragona","Castellvell del Camp, Tarragona",6.3709
"Tarragona, Tarragona","Vinyols i els Arcs, Tarragona",6.9438
"Tarragona, Tarragona","Alcover, Tarragona",8.0912
"Tarragona, Tarragona","L'Aleixar, Tarragona",8.819
"Tarragona, Tarragona","El Milà, Tarragona",8.9109
"Tarragona, Tarragona","Valls, Tarragona",9.1768
"Tarragona, Tarragona","Montferri, Tarragona",9.4662
"Tàrrega, Lleida","Guissona, Lleida",7.8646
"Teià, Barcelona","El Masnou, Barcelona",0
"Teià, Barcelona","Premià de Dalt, Barcelona",0
"Teià, Barcelona","Vilassar de Dalt, Barcelona",1.0176
"Teià, Barcelona","Cabrils, Barcelona",2.2863
"Teià, Barcelona","Montornès del Vallès, Barcelona",2.6448
"Teià, Barcelona","Badalona, Barcelona",4.4087
"Teià, Barcelona","Cabrera de Mar, Barcelona",4.7354
"Teià, Barcelona","La Roca del Vallès, Barcelona",5.0861
"Teià, Barcelona","Montmeló, Barcelona",5.519
"Teià, Barcelona","Granollers, Barcelona",6.3125
"Teià, Barcelona","Montcada i Reixac, Barcelona",7.013
"Teià, Barcelona","Mollet del Vallès, Barcelona",7.0667
"Teià, Barcelona","Mataró, Barcelona",7.5328
"Teià, Barcelona","Santa Coloma de Gramenet, Barcelona",7.7587
"Teià, Barcelona","Lliçà de Vall, Barcelona",8.4289
"Teià, Barcelona","Santa Perpètua de Mogoda, Barcelona",8.4603
"Teià, Barcelona","Sant Adrià de Besòs, Barcelona",9.0823
"Teià, Barcelona","Barcelona, Barcelona",9.933
"Teià, Barcelona","Llinars del Vallès, Barcelona",9.9945
"Telde, Las Palmas","Las Palmas de Gran Canaria, Las Palmas",0
"Telde, Las Palmas","San Bartolomé de Tirajana, Las Palmas",1.4047
"Telde, Las Palmas","Teror, Las Palmas",3.697
"Telde, Las Palmas","Firgas, Las Palmas",9.2441
"Tembleque, Toledo","Madridejos, Toledo",0
"Tembleque, Toledo","Consuegra, Toledo",6.778
"Teo, A Coruña","Ames, A Coruña",0
"Teo, A Coruña","Santiago de Compostela, A Coruña",0
"Teo, A Coruña","Vedra, A Coruña",0
"Teo, A Coruña","A Estrada, Pontevedra",0
"Teo, A Coruña","Cuntis, Pontevedra",5.4817
"Teo, A Coruña","Silleda, Pontevedra",9.9767
"Teror, Las Palmas","Firgas, Las Palmas",0
"Teror, Las Palmas","Las Palmas de Gran Canaria, Las Palmas",0
"Teror, Las Palmas","Telde, Las Palmas",3.697
"Teror, Las Palmas","Gáldar, Las Palmas",4.5872
"Teror, Las Palmas","San Bartolomé de Tirajana, Las Palmas",7.0504
"Terrassa, Barcelona","Castellar del Vallès, Barcelona",0
"Terrassa, Barcelona","Matadepera, Barcelona",0
"Terrassa, Barcelona","Rubí, Barcelona",0
"Terrassa, Barcelona","Sabadell, Barcelona",0
"Terrassa, Barcelona","Sant Quirze del Vallès, Barcelona",0
"Terrassa, Barcelona","Vacarisses, Barcelona",0
"Terrassa, Barcelona","Sant Cugat del Vallès, Barcelona",0.6169
"Terrassa, Barcelona","Castellbisbal, Barcelona",1.184
"Terrassa, Barcelona","Olesa de Montserrat, Barcelona",2.1502
"Terrassa, Barcelona","Cerdanyola del Vallès, Barcelona",2.44
"Terrassa, Barcelona","Esparreguera, Barcelona",3.9664
"Terrassa, Barcelona","Barberà del Vallès, Barcelona",4.341
"Terrassa, Barcelona","Polinyà, Barcelona",5.0024
"Terrassa, Barcelona","Martorell, Barcelona",5.4541
"Terrassa, Barcelona","Santa Perpètua de Mogoda, Barcelona",6.153
"Terrassa, Barcelona","Ripollet, Barcelona",6.7424
"Terrassa, Barcelona","Caldes de Montbui, Barcelona",7.1328
"Terrassa, Barcelona","Sant Andreu de la Barca, Barcelona",7.7466
"Terrassa, Barcelona","Molins de Rei, Barcelona",8.0585
"Terrassa, Barcelona","Montcada i Reixac, Barcelona",8.5596
"Terrassa, Barcelona","Corbera de Llobregat, Barcelona",9.0871
"Terrassa, Barcelona","Barcelona, Barcelona",9.2985
"Terrassa, Barcelona","Manresa, Barcelona",9.4058
"Terrassa, Barcelona","Mollet del Vallès, Barcelona",9.8902
"Terrassa, Barcelona","Sant Llorenç d'Hortons, Barcelona",9.9965
"Tías, Las Palmas","San Bartolomé, Las Palmas",0
"Tías, Las Palmas","Arrecife, Las Palmas",2.6136
"Tineo, Asturias","Valdés, Asturias",0
"Tineo, Asturias","Villayón, Asturias",0
"Tineo, Asturias","Cangas del Narcea, Asturias",0
"Tineo, Asturias","Belmonte de Miranda, Asturias",0
"Tineo, Asturias","Salas, Asturias",0
"Tineo, Asturias","Navia, Asturias",4.9251
"Tineo, Asturias","Grado, Asturias",8.6322
"Tineo, Asturias","Cudillero, Asturias",9.9592
"Tocina, Sevilla","Cantillana, Sevilla",0
"Tocina, Sevilla","Carmona, Sevilla",1.3654
"Tocina, Sevilla","Brenes, Sevilla",8.2664
"Tocina, Sevilla","Constantina, Sevilla",8.3068
"Tocina, Sevilla","Villaverde del Río, Sevilla",8.583
"Tocina, Sevilla","Lora del Río, Sevilla",8.7576
"Toledo, Toledo","Mocejón, Toledo",0
"Toledo, Toledo","Aranjuez, Madrid",0
"Toledo, Toledo","Torrijos, Toledo",8.676
"Tolosa, Guipúzcoa","Villabona, Guipúzcoa",0
"Tolosa, Guipúzcoa","Andoain, Guipúzcoa",2.6952
"Tolosa, Guipúzcoa","Beasain, Guipúzcoa",3.1182
"Tolosa, Guipúzcoa","Urnieta, Guipúzcoa",5.0514
"Tolosa, Guipúzcoa","Hernani, Guipúzcoa",5.0883
"Tolosa, Guipúzcoa","Azpeitia, Guipúzcoa",5.3348
"Tolosa, Guipúzcoa","Lasarte-Oria, Guipúzcoa",8.5032
"Tolosa, Guipúzcoa","Donostia-San Sebastián, Guipúzcoa",8.8728
"Tolosa, Guipúzcoa","Zumarraga, Guipúzcoa",9.6758
"Tomares, Sevilla","San Juan de Aznalfarache, Sevilla",0
"Tomares, Sevilla","Bormujos, Sevilla",0
"Tomares, Sevilla","Camas, Sevilla",0
"Tomares, Sevilla","Mairena del Aljarafe, Sevilla",0
"Tomares, Sevilla","Sevilla, Sevilla",0
"Tomares, Sevilla","Valencina de la Concepción, Sevilla",1.3393
"Tomares, Sevilla","Espartinas, Sevilla",1.7713
"Tomares, Sevilla","Gelves, Sevilla",1.8378
"Tomares, Sevilla","Palomares del Río, Sevilla",2.9143
"Tomares, Sevilla","Santiponce, Sevilla",3.6187
"Tomares, Sevilla","Coria del Río, Sevilla",5.8064
"Tomares, Sevilla","Dos Hermanas, Sevilla",5.8908
"Tomares, Sevilla","Alcalá de Guadaíra, Sevilla",6.6795
"Tomares, Sevilla","La Algaba, Sevilla",6.8662
"Tomares, Sevilla","La Rinconada, Sevilla",6.9925
"Tomares, Sevilla","Umbrete, Sevilla",7.8309
"Tomares, Sevilla","Olivares, Sevilla",8.1381
"Tomares, Sevilla","Sanlúcar la Mayor, Sevilla",9.6857
"Tomelloso, Ciudad Real","Socuéllamos, Ciudad Real",0
"Tomelloso, Ciudad Real","Villarrobledo, Albacete",3.3763
"Tomelloso, Ciudad Real","Alcázar de San Juan, Ciudad Real",4.4856
"Tona, Barcelona","Balenyà, Barcelona",0
"Tona, Barcelona","Vic, Barcelona",1.3573
"Tona, Barcelona","Gurb, Barcelona",6.0903
"Tordoia, A Coruña","Santa Comba, A Coruña",0
"Tordoia, A Coruña","Carballo, A Coruña",0
"Tordoia, A Coruña","Ordes, A Coruña",0
"Tordoia, A Coruña","Oroso, A Coruña",0
"Tordoia, A Coruña","Val do Dubra, A Coruña",0
"Tordoia, A Coruña","A Laracha, A Coruña",1.5799
"Tordoia, A Coruña","Santiago de Compostela, A Coruña",3.9759
"Tordoia, A Coruña","Abegondo, A Coruña",9.7894
"Tordoia, A Coruña","Ames, A Coruña",9.8897
"Tordoia, A Coruña","Cabana de Bergantiños, A Coruña",9.933
"Torelló, Barcelona","Manlleu, Barcelona",0
"Torelló, Barcelona","Gurb, Barcelona",1.8661
"Torelló, Barcelona","Vic, Barcelona",6.0177
"Toro, Zamora","Zamora, Zamora",6.5228
"Torre-Pacheco, Murcia","Cartagena, Murcia",0
"Torre-Pacheco, Murcia","Los Alcázares, Murcia",0
"Torre-Pacheco, Murcia","San Javier, Murcia",0
"Torre-Pacheco, Murcia","Murcia, Murcia",0
"Torre-Pacheco, Murcia","Pilar de la Horadada, Alicante",6.7082
"Torre-Pacheco, Murcia","La Unión, Murcia",8.4286
"Torredonjimeno, Jaén","Martos, Jaén",0
"Torredonjimeno, Jaén","Jaén, Jaén",5.3723
"Torredonjimeno, Jaén","Baena, Córdoba",5.8311
"Torrejón de Ardoz, Madrid","Ajalvir, Madrid",0
"Torrejón de Ardoz, Madrid","Alcalá de Henares, Madrid",0
"Torrejón de Ardoz, Madrid","Paracuellos de Jarama, Madrid",0
"Torrejón de Ardoz, Madrid","San Fernando de Henares, Madrid",0
"Torrejón de Ardoz, Madrid","Torres de la Alameda, Madrid",0.8219
"Torrejón de Ardoz, Madrid","Mejorada del Campo, Madrid",1.8089
"Torrejón de Ardoz, Madrid","Villalbilla, Madrid",2.0686
"Torrejón de Ardoz, Madrid","Madrid, Madrid",2.2765
"Torrejón de Ardoz, Madrid","Camarma de Esteruelas, Madrid",2.5246
"Torrejón de Ardoz, Madrid","Rivas-Vaciamadrid, Madrid",3.1118
"Torrejón de Ardoz, Madrid","Coslada, Madrid",3.2329
"Torrejón de Ardoz, Madrid","Velilla de San Antonio, Madrid",4.8639
"Torrejón de Ardoz, Madrid","Alcobendas, Madrid",6.3609
"Torrejón de Ardoz, Madrid","Meco, Madrid",7.0901
"Torrejón de Ardoz, Madrid","San Sebastián de los Reyes, Madrid",7.2516
"Torrejón de Ardoz, Madrid","Algete, Madrid",9.4967
"Torrejón de Ardoz, Madrid","Arganda del Rey, Madrid",9.5196
"Torrejón de la Calzada, Madrid","Illescas, Toledo",0
"Torrejón de la Calzada, Madrid","Griñón, Madrid",0
"Torrejón de la Calzada, Madrid","Parla, Madrid",0
"Torrejón de la Calzada, Madrid","Humanes de Madrid, Madrid",0.9881
"Torrejón de la Calzada, Madrid","Fuenlabrada, Madrid",3.0698
"Torrejón de la Calzada, Madrid","Pinto, Madrid",3.5216
"Torrejón de la Calzada, Madrid","Valdemoro, Madrid",6.3931
"Torrejón de la Calzada, Madrid","Getafe, Madrid",6.8295
"Torrejón de la Calzada, Madrid","Móstoles, Madrid",7.7897
"Torrejón de la Calzada, Madrid","Leganés, Madrid",8.0071
"Torrejón de la Calzada, Madrid","Seseña, Toledo",8.3119
"Torrejón de la Calzada, Madrid","Arroyomolinos, Madrid",9.3461
"Torrejón del Rey, Guadalajara","Valdeavero, Madrid",0
"Torrejón del Rey, Guadalajara","Marchamalo, Guadalajara",0.8635
"Torrejón del Rey, Guadalajara","Camarma de Esteruelas, Madrid",1.9184
"Torrejón del Rey, Guadalajara","Villanueva de la Torre, Guadalajara",3.0565
"Torrejón del Rey, Guadalajara","Meco, Madrid",4.0384
"Torrejón del Rey, Guadalajara","Algete, Madrid",6.5459
"Torrejón del Rey, Guadalajara","Azuqueca de Henares, Guadalajara",7.9809
"Torrejón del Rey, Guadalajara","Guadalajara, Guadalajara",9.2286
"Torrejón del Rey, Guadalajara","Alcalá de Henares, Madrid",9.6757
"Torrelavega, Cantabria","Los Corrales de Buelna, Cantabria",0
"Torrelavega, Cantabria","Camargo, Cantabria",7.2399
"Torrelavega, Cantabria","Arenas de Iguña, Cantabria",7.9134
"Torrelavega, Cantabria","Santa Cruz de Bezana, Cantabria",9.1247
"Torrelodones, Madrid","Las Rozas de Madrid, Madrid",0
"Torrelodones, Madrid","Madrid, Madrid",0
"Torrelodones, Madrid","Galapagar, Madrid",0
"Torrelodones, Madrid","Collado Villalba, Madrid",3.4208
"Torrelodones, Madrid","Colmenar Viejo, Madrid",3.6298
"Torrelodones, Madrid","Villanueva del Pardillo, Madrid",3.8205
"Torrelodones, Madrid","Colmenarejo, Madrid",3.8613
"Torrelodones, Madrid","Majadahonda, Madrid",5.4356
"Torrelodones, Madrid","Manzanares el Real, Madrid",6.1289
"Torrelodones, Madrid","Tres Cantos, Madrid",6.6297
"Torrelodones, Madrid","El Escorial, Madrid",6.7211
"Torrelodones, Madrid","Villanueva de la Cañada, Madrid",7.0441
"Torrelodones, Madrid","Alpedrete, Madrid",7.1357
"Torrelodones, Madrid","Valdemorillo, Madrid",7.1449
"Torrelodones, Madrid","Guadarrama, Madrid",7.2922
"Torrelodones, Madrid","San Lorenzo de El Escorial, Madrid",7.7007
"Torremolinos, Málaga","Alhaurín de la Torre, Málaga",0
"Torremolinos, Málaga","Benalmádena, Málaga",0
"Torremolinos, Málaga","Málaga, Málaga",0
"Torremolinos, Málaga","Fuengirola, Málaga",4.7485
"Torremolinos, Málaga","Alhaurín el Grande, Málaga",6.9385
"Torrent, Valencia","Chiva, Valencia",0
"Torrent, Valencia","Godelleta, Valencia",0
"Torrent, Valencia","Alaquàs, Valencia",0
"Torrent, Valencia","Aldaia, Valencia",0
"Torrent, Valencia","Alcàsser, Valencia",0
"Torrent, Valencia","Catarroja, Valencia",0
"Torrent, Valencia","Picassent, Valencia",0
"Torrent, Valencia","Albal, Valencia",0.2214
"Torrent, Valencia","Paiporta, Valencia",1.0954
"Torrent, Valencia","Valencia, Valencia",1.5359
"Torrent, Valencia","Beniparrell, Valencia",2.4865
"Torrent, Valencia","Massanassa, Valencia",2.5186
"Torrent, Valencia","Alfafar, Valencia",2.7371
"Torrent, Valencia","Mislata, Valencia",2.8114
"Torrent, Valencia","Silla, Valencia",3.6847
"Torrent, Valencia","Manises, Valencia",3.9299
"Torrent, Valencia","Paterna, Valencia",4.5517
"Torrent, Valencia","Burjassot, Valencia",6.6083
"Torrent, Valencia","Almussafes, Valencia",8.3253
"Torrent, Valencia","Sollana, Valencia",9.4102
"Torrent, Valencia","Alboraya, Valencia",9.6358
"Torres de la Alameda, Madrid","Alcalá de Henares, Madrid",0
"Torres de la Alameda, Madrid","Villalbilla, Madrid",0
"Torres de la Alameda, Madrid","San Fernando de Henares, Madrid",0
"Torres de la Alameda, Madrid","Torrejón de Ardoz, Madrid",0.8219
"Torres de la Alameda, Madrid","Mejorada del Campo, Madrid",2.7842
"Torres de la Alameda, Madrid","Arganda del Rey, Madrid",5.2895
"Torres de la Alameda, Madrid","Ajalvir, Madrid",5.553
"Torres de la Alameda, Madrid","Paracuellos de Jarama, Madrid",5.701
"Torres de la Alameda, Madrid","Velilla de San Antonio, Madrid",5.736
"Torres de la Alameda, Madrid","Camarma de Esteruelas, Madrid",7.7049
"Torres de la Alameda, Madrid","Rivas-Vaciamadrid, Madrid",7.7608
"Torres de la Alameda, Madrid","Madrid, Madrid",8.4615
"Torres de la Alameda, Madrid","Coslada, Madrid",8.7684
"Torres de la Alameda, Madrid","Meco, Madrid",9.8402
"Torrevieja, Alicante","Guardamar del Segura, Alicante",0
"Torrevieja, Alicante","Los Montesinos, Alicante",0
"Torrevieja, Alicante","Orihuela, Alicante",0
"Torrevieja, Alicante","San Miguel de Salinas, Alicante",0
"Torrevieja, Alicante","Almoradí, Alicante",4.9369
"Torrevieja, Alicante","Pilar de la Horadada, Alicante",7.0041
"Torrevieja, Alicante","San Fulgencio, Alicante",7.2091
"Torrevieja, Alicante","Dolores, Alicante",7.5196
"Torrevieja, Alicante","Elche, Alicante",9.2621
"Torrijos, Toledo","Toledo, Toledo",8.676
"Torroella de Montgrí, Girona","L'Escala, Girona",0
"Torroella de Montgrí, Girona","Pals, Girona",0
"Torroella de Montgrí, Girona","Sant Pere Pescador, Girona",5.087
"Torroella de Montgrí, Girona","Palafrugell, Girona",6.4631
"Torroella de Montgrí, Girona","Mont-ras, Girona",9.3684
"Tortosa, Tarragona","Amposta, Tarragona",0
"Tortosa, Tarragona","Santa Bàrbara, Tarragona",0
"Tortosa, Tarragona","Deltebre, Tarragona",2.8232
"Tossa de Mar, Girona","Llagostera, Girona",0
"Tossa de Mar, Girona","Lloret de Mar, Girona",0
"Tossa de Mar, Girona","Sant Feliu de Guíxols, Girona",1.1049
"Tossa de Mar, Girona","Blanes, Girona",6.4049
"Tossa de Mar, Girona","Castell-Platja d'Aro, Girona",6.9165
"Tossa de Mar, Girona","Cassà de la Selva, Girona",8.3814
"Totana, Murcia","Lorca, Murcia",0
"Totana, Murcia","Alhama de Murcia, Murcia",0
"Totana, Murcia","Mazarrón, Murcia",0
"Tres Cantos, Madrid","Colmenar Viejo, Madrid",0
"Tres Cantos, Madrid","Madrid, Madrid",0
"Tres Cantos, Madrid","Alcobendas, Madrid",0.8154
"Tres Cantos, Madrid","San Sebastián de los Reyes, Madrid",1.7693
"Tres Cantos, Madrid","Algete, Madrid",6.5224
"Tres Cantos, Madrid","Torrelodones, Madrid",6.6297
"Tres Cantos, Madrid","Las Rozas de Madrid, Madrid",7.3502
"Tres Cantos, Madrid","Manzanares el Real, Madrid",7.5665
"Tres Cantos, Madrid","Soto del Real, Madrid",8.0377
"Tres Cantos, Madrid","Miraflores de la Sierra, Madrid",9.2013
"Tudela de Duero, Valladolid","Valladolid, Valladolid",1.536
"Tudela de Duero, Valladolid","Simancas, Valladolid",8.4884
"Tudela de Duero, Valladolid","Arroyo de la Encomienda, Valladolid",9.8175
"Tui, Pontevedra","Salvaterra de Miño, Pontevedra",0
"Tui, Pontevedra","O Porriño, Pontevedra",0
"Tui, Pontevedra","Vigo, Pontevedra",3.5894
"Tui, Pontevedra","Ponteareas, Pontevedra",5.9758
"Tui, Pontevedra","Baiona, Pontevedra",6.1632
"Tui, Pontevedra","As Neves, Pontevedra",8.3957
"Turre, Almería","Mojácar, Almería",0
"Turre, Almería","Vera, Almería",0
"Turre, Almería","Níjar, Almería",7.8107
"Úbeda, Jaén","Cazorla, Jaén",0
"Úbeda, Jaén","Quesada, Jaén",0
"Úbeda, Jaén","Baeza, Jaén",0
"Úbeda, Jaén","Jódar, Jaén",0
"Úbeda, Jaén","Linares, Jaén",8.026
"Ubrique, Cádiz","Arcos de la Frontera, Cádiz",0
"Ubrique, Cádiz","Jerez de la Frontera, Cádiz",0
"Umbrete, Sevilla","Espartinas, Sevilla",0
"Umbrete, Sevilla","Sanlúcar la Mayor, Sevilla",0
"Umbrete, Sevilla","Olivares, Sevilla",2.1996
"Umbrete, Sevilla","Bormujos, Sevilla",2.9109
"Umbrete, Sevilla","Gelves, Sevilla",3.4735
"Umbrete, Sevilla","Mairena del Aljarafe, Sevilla",3.8197
"Umbrete, Sevilla","Valencina de la Concepción, Sevilla",5.1512
"Umbrete, Sevilla","Pilas, Sevilla",5.6934
"Umbrete, Sevilla","Palomares del Río, Sevilla",7.1341
"Umbrete, Sevilla","Tomares, Sevilla",7.8309
"Umbrete, Sevilla","Camas, Sevilla",8.4118
"Umbrete, Sevilla","San Juan de Aznalfarache, Sevilla",8.535
"Umbrete, Sevilla","Coria del Río, Sevilla",9.0075
"Urduña-Orduña, Álava","Amurrio, Álava",0
"Urduña-Orduña, Álava","Valle de Mena, Burgos",4.7423
"Urnieta, Guipúzcoa","Andoain, Guipúzcoa",0
"Urnieta, Guipúzcoa","Hernani, Guipúzcoa",0
"Urnieta, Guipúzcoa","Lasarte-Oria, Guipúzcoa",0
"Urnieta, Guipúzcoa","Donostia-San Sebastián, Guipúzcoa",1.0376
"Urnieta, Guipúzcoa","Errenteria, Guipúzcoa",1.3366
"Urnieta, Guipúzcoa","Villabona, Guipúzcoa",2.6477
"Urnieta, Guipúzcoa","Tolosa, Guipúzcoa",5.0514
"Urnieta, Guipúzcoa","Lezo, Guipúzcoa",8.9382
"Utebo, Zaragoza","Zaragoza, Zaragoza",0
"Utebo, Zaragoza","Villanueva de Gállego, Zaragoza",7.0726
"Utrera, Sevilla","Alcalá de Guadaíra, Sevilla",0
"Utrera, Sevilla","Arahal, Sevilla",0
"Utrera, Sevilla","Dos Hermanas, Sevilla",0
"Utrera, Sevilla","Los Palacios y Villafranca, Sevilla",0
"Utrera, Sevilla","Coria del Río, Sevilla",2.9513
"Utrera, Sevilla","Lebrija, Sevilla",3.057
"Utrera, Sevilla","Morón de la Frontera, Sevilla",3.159
"Utrera, Sevilla","Carmona, Sevilla",5.0063
"Utrera, Sevilla","Mairena del Alcor, Sevilla",5.8125
"Utrera, Sevilla","Arcos de la Frontera, Cádiz",8.6195
"Utrera, Sevilla","Jerez de la Frontera, Cádiz",9.7212
"Vacarisses, Barcelona","Terrassa, Barcelona",0
"Vacarisses, Barcelona","Esparreguera, Barcelona",0
"Vacarisses, Barcelona","Olesa de Montserrat, Barcelona",0
"Vacarisses, Barcelona","Matadepera, Barcelona",0.4108
"Vacarisses, Barcelona","Castellar del Vallès, Barcelona",4.1081
"Vacarisses, Barcelona","Rubí, Barcelona",4.9621
"Vacarisses, Barcelona","Castellbisbal, Barcelona",6.3907
"Vacarisses, Barcelona","Sabadell, Barcelona",7.2137
"Vacarisses, Barcelona","Manresa, Barcelona",7.2471
"Vacarisses, Barcelona","Martorell, Barcelona",7.591
"Vacarisses, Barcelona","Sant Quirze del Vallès, Barcelona",8.1859
"Vacarisses, Barcelona","Masquefa, Barcelona",8.3963
"Vacarisses, Barcelona","Sant Llorenç d'Hortons, Barcelona",9.7587
"Val do Dubra, A Coruña","Ames, A Coruña",0
"Val do Dubra, A Coruña","Santa Comba, A Coruña",0
"Val do Dubra, A Coruña","Santiago de Compostela, A Coruña",0
"Val do Dubra, A Coruña","Tordoia, A Coruña",0
"Val do Dubra, A Coruña","Carballo, A Coruña",0.7081
"Val do Dubra, A Coruña","A Laracha, A Coruña",8.4866
"Val do Dubra, A Coruña","Ordes, A Coruña",9.0792
"Valdáliga, Cantabria","Comillas, Cantabria",0
"Valdeavero, Madrid","Villanueva de la Torre, Guadalajara",0
"Valdeavero, Madrid","Camarma de Esteruelas, Madrid",0
"Valdeavero, Madrid","Meco, Madrid",0
"Valdeavero, Madrid","Torrejón del Rey, Guadalajara",0
"Valdeavero, Madrid","Marchamalo, Guadalajara",2.4871
"Valdeavero, Madrid","Azuqueca de Henares, Guadalajara",4.846
"Valdeavero, Madrid","Algete, Madrid",5.9213
"Valdeavero, Madrid","Alcalá de Henares, Madrid",7.2683
"Valdeavero, Madrid","Guadalajara, Guadalajara",9.2492
"Valdeavero, Madrid","Ajalvir, Madrid",9.7254
"Valdemorillo, Madrid","Quijorna, Madrid",0
"Valdemorillo, Madrid","Villanueva de la Cañada, Madrid",0
"Valdemorillo, Madrid","Villanueva del Pardillo, Madrid",0
"Valdemorillo, Madrid","Colmenarejo, Madrid",0
"Valdemorillo, Madrid","El Escorial, Madrid",0
"Valdemorillo, Madrid","Galapagar, Madrid",1.4306
"Valdemorillo, Madrid","Brunete, Madrid",2.5219
"Valdemorillo, Madrid","San Lorenzo de El Escorial, Madrid",3.6465
"Valdemorillo, Madrid","Boadilla del Monte, Madrid",4.4454
"Valdemorillo, Madrid","Majadahonda, Madrid",4.4814
"Valdemorillo, Madrid","Las Rozas de Madrid, Madrid",5.6768
"Valdemorillo, Madrid","Collado Villalba, Madrid",5.8802
"Valdemorillo, Madrid","Guadarrama, Madrid",6.7641
"Valdemorillo, Madrid","Alpedrete, Madrid",7.0779
"Valdemorillo, Madrid","Torrelodones, Madrid",7.1449
"Valdemorillo, Madrid","Sevilla la Nueva, Madrid",7.2488
"Valdemorillo, Madrid","Villaviciosa de Odón, Madrid",7.5054
"Valdemorillo, Madrid","Villamantilla, Madrid",9.2206
"Valdemoro, Madrid","Seseña, Toledo",0
"Valdemoro, Madrid","Pinto, Madrid",0
"Valdemoro, Madrid","Ciempozuelos, Madrid",0
"Valdemoro, Madrid","San Martín de la Vega, Madrid",0
"Valdemoro, Madrid","Parla, Madrid",3.1389
"Valdemoro, Madrid","Aranjuez, Madrid",4.023
"Valdemoro, Madrid","Getafe, Madrid",4.4605
"Valdemoro, Madrid","Illescas, Toledo",4.6317
"Valdemoro, Madrid","Torrejón de la Calzada, Madrid",6.3931
"Valdemoro, Madrid","Fuenlabrada, Madrid",6.6215
"Valdemoro, Madrid","Morata de Tajuña, Madrid",8.3402
"Valdemoro, Madrid","Rivas-Vaciamadrid, Madrid",8.6938
"Valdemoro, Madrid","Griñón, Madrid",9.0643
"Valdemoro, Madrid","Humanes de Madrid, Madrid",9.2706
"Valdemoro, Madrid","Madrid, Madrid",9.839
"Valdepeñas, Ciudad Real","Manzanares, Ciudad Real",0
"Valdepeñas, Ciudad Real","Bolaños de Calatrava, Ciudad Real",4.2252
"Valdepeñas, Ciudad Real","La Solana, Ciudad Real",4.9347
"Valdepeñas, Ciudad Real","Almagro, Ciudad Real",5.3541
"Valdepeñas, Ciudad Real","Daimiel, Ciudad Real",5.4373
"Valderredible, Cantabria","Los Altos, Burgos",7.0274
"Valderredible, Cantabria","Campoo de Yuso, Cantabria",7.4906
"Valdés, Asturias","Cudillero, Asturias",0
"Valdés, Asturias","Navia, Asturias",0
"Valdés, Asturias","Villayón, Asturias",0
"Valdés, Asturias","Tineo, Asturias",0
"Valdés, Asturias","Salas, Asturias",0
"Valdés, Asturias","Pravia, Asturias",2.6933
"Valencia, Valencia","Bétera, Valencia",0
"Valencia, Valencia","Albalat dels Sorells, Valencia",0
"Valencia, Valencia","Alboraya, Valencia",0
"Valencia, Valencia","Burjassot, Valencia",0
"Valencia, Valencia","Foios, Valencia",0
"Valencia, Valencia","Massamagrell, Valencia",0
"Valencia, Valencia","Moncada, Valencia",0
"Valencia, Valencia","Mislata, Valencia",0
"Valencia, Valencia","Paterna, Valencia",0
"Valencia, Valencia","Albal, Valencia",0
"Valencia, Valencia","Alfafar, Valencia",0
"Valencia, Valencia","Catarroja, Valencia",0
"Valencia, Valencia","Massanassa, Valencia",0
"Valencia, Valencia","Paiporta, Valencia",0
"Valencia, Valencia","Silla, Valencia",0
"Valencia, Valencia","Sollana, Valencia",0
"Valencia, Valencia","Sueca, Valencia",0
"Valencia, Valencia","La Pobla de Farnals, Valencia",0.3164
"Valencia, Valencia","Almussafes, Valencia",0.818
"Valencia, Valencia","Alaquàs, Valencia",1.3262
"Valencia, Valencia","Torrent, Valencia",1.5359
"Valencia, Valencia","Aldaia, Valencia",1.5561
"Valencia, Valencia","Manises, Valencia",1.7458
"Valencia, Valencia","Picassent, Valencia",2.3451
"Valencia, Valencia","Beniparrell, Valencia",2.8195
"Valencia, Valencia","Puçol, Valencia",4.1045
"Valencia, Valencia","Alcàsser, Valencia",4.1047
"Valencia, Valencia","Náquera, Valencia",4.2985
"Valencia, Valencia","L'Eliana, Valencia",5.9147
"Valencia, Valencia","Sagunto, Valencia",6.4009
"Valencia, Valencia","Alginet, Valencia",6.4881
"Valencia, Valencia","Cullera, Valencia",6.5387
"Valencia, Valencia","Algemesí, Valencia",7.0278
"Valencia, Valencia","La Pobla de Vallbona, Valencia",7.1701
"Valencia, Valencia","Chiva, Valencia",8.8771
"Valencina de la Concepción, Sevilla","Santiponce, Sevilla",0
"Valencina de la Concepción, Sevilla","Camas, Sevilla",0
"Valencina de la Concepción, Sevilla","Espartinas, Sevilla",0
"Valencina de la Concepción, Sevilla","Bormujos, Sevilla",0.5721
"Valencina de la Concepción, Sevilla","Sevilla, Sevilla",0.6995
"Valencina de la Concepción, Sevilla","Tomares, Sevilla",1.3393
"Valencina de la Concepción, Sevilla","La Algaba, Sevilla",1.6489
"Valencina de la Concepción, Sevilla","La Rinconada, Sevilla",2.6189
"Valencina de la Concepción, Sevilla","Gerena, Sevilla",2.6515
"Valencina de la Concepción, Sevilla","Olivares, Sevilla",2.8755
"Valencina de la Concepción, Sevilla","San Juan de Aznalfarache, Sevilla",3.1964
"Valencina de la Concepción, Sevilla","Mairena del Aljarafe, Sevilla",3.5774
"Valencina de la Concepción, Sevilla","Umbrete, Sevilla",5.1512
"Valencina de la Concepción, Sevilla","Gelves, Sevilla",5.3718
"Valencina de la Concepción, Sevilla","Sanlúcar la Mayor, Sevilla",5.4482
"Valencina de la Concepción, Sevilla","Alcalá del Río, Sevilla",6.5381
"Valencina de la Concepción, Sevilla","Palomares del Río, Sevilla",6.5472
"Valencina de la Concepción, Sevilla","Coria del Río, Sevilla",9.2069
"Valencina de la Concepción, Sevilla","Dos Hermanas, Sevilla",9.4371
"Valencina de la Concepción, Sevilla","Alcalá de Guadaíra, Sevilla",9.6968
"Valladolid, Valladolid","Arroyo de la Encomienda, Valladolid",0
"Valladolid, Valladolid","Simancas, Valladolid",0
"Valladolid, Valladolid","Tudela de Duero, Valladolid",1.536
"Valldemossa, Baleares","Banyalbufar, Baleares",0
"Valldemossa, Baleares","Bunyola, Baleares",0
"Valldemossa, Baleares","Esporles, Baleares",0
"Valldemossa, Baleares","Palma de Mallorca, Baleares",0
"Valldemossa, Baleares","Sóller, Baleares",1.3665
"Valldemossa, Baleares","Marratxí, Baleares",2.596
"Valldemossa, Baleares","Puigpunyent, Baleares",3.3105
"Valldemossa, Baleares","Estellencs, Baleares",6.0899
"Valldemossa, Baleares","Calvià, Baleares",7.1213
"Valldemossa, Baleares","Escorca, Baleares",7.5006
"Valldemossa, Baleares","Fornalutx, Baleares",7.7869
"Valldemossa, Baleares","Alaró, Baleares",7.9543
"Valle de Mena, Burgos","Junta de Traslaloma, Burgos",0
"Valle de Mena, Burgos","Zalla, Vizcaya",0
"Valle de Mena, Burgos","Medina de Pomar, Burgos",3.8338
"Valle de Mena, Burgos","Urduña-Orduña, Álava",4.7423
"Valle de Mena, Burgos","Amurrio, Álava",8.8682
"Vallirana, Barcelona","Begues, Barcelona",0
"Vallirana, Barcelona","Cervelló, Barcelona",0
"Vallirana, Barcelona","Corbera de Llobregat, Barcelona",1.2849
"Vallirana, Barcelona","Sant Vicenç dels Horts, Barcelona",2.4302
"Vallirana, Barcelona","Gavà, Barcelona",3.1029
"Vallirana, Barcelona","Sant Boi de Llobregat, Barcelona",3.9966
"Vallirana, Barcelona","Sant Andreu de la Barca, Barcelona",4.8394
"Vallirana, Barcelona","Viladecans, Barcelona",4.9058
"Vallirana, Barcelona","Olivella, Barcelona",5.7526
"Vallirana, Barcelona","Molins de Rei, Barcelona",5.7985
"Vallirana, Barcelona","Sant Feliu de Llobregat, Barcelona",6.1271
"Vallirana, Barcelona","Castellbisbal, Barcelona",6.299
"Vallirana, Barcelona","Sant Sadurní d'Anoia, Barcelona",6.4353
"Vallirana, Barcelona","Martorell, Barcelona",6.4769
"Vallirana, Barcelona","Castelldefels, Barcelona",6.5753
"Vallirana, Barcelona","Sitges, Barcelona",6.6845
"Vallirana, Barcelona","Sant Joan Despí, Barcelona",6.8439
"Vallirana, Barcelona","Sant Llorenç d'Hortons, Barcelona",7.6065
"Vallirana, Barcelona","Sant Just Desvern, Barcelona",8.2985
"Vallirana, Barcelona","Cornellà de Llobregat, Barcelona",8.3863
"Vallirana, Barcelona","Sant Cugat del Vallès, Barcelona",8.6235
"Vallirana, Barcelona","Rubí, Barcelona",8.9209
"Vallirana, Barcelona","Barcelona, Barcelona",9.4225
"Vallirana, Barcelona","Sant Pere de Ribes, Barcelona",9.7461
"Vallirana, Barcelona","El Prat de Llobregat, Barcelona",9.9671
"Vallmoll, Tarragona","Valls, Tarragona",0
"Vallmoll, Tarragona","El Milà, Tarragona",1.0289
"Vallmoll, Tarragona","Perafort, Tarragona",1.3602
"Vallmoll, Tarragona","Alcover, Tarragona",1.4108
"Vallmoll, Tarragona","Renau, Tarragona",1.7129
"Vallmoll, Tarragona","Vilabella, Tarragona",1.8015
"Vallmoll, Tarragona","Alió, Tarragona",1.8137
"Vallmoll, Tarragona","El Catllar, Tarragona",2.4539
"Vallmoll, Tarragona","La Pobla de Mafumet, Tarragona",3.0279
"Vallmoll, Tarragona","La Selva del Camp, Tarragona",4.0219
"Vallmoll, Tarragona","Bràfim, Tarragona",4.4958
"Vallmoll, Tarragona","Constantí, Tarragona",4.6464
"Vallmoll, Tarragona","La Riba, Tarragona",5.6968
"Vallmoll, Tarragona","Vespella de Gaià, Tarragona",6.1411
"Vallmoll, Tarragona","Montferri, Tarragona",6.1445
"Vallmoll, Tarragona","Tarragona, Tarragona",6.2655
"Vallmoll, Tarragona","Montblanc, Tarragona",6.7241
"Vallmoll, Tarragona","Reus, Tarragona",7.6058
"Vallmoll, Tarragona","Mont-ral, Tarragona",8.0245
"Vallmoll, Tarragona","La Nou de Gaià, Tarragona",9.6172
"Valls, Tarragona","Alcover, Tarragona",0
"Valls, Tarragona","Alió, Tarragona",0
"Valls, Tarragona","El Milà, Tarragona",0
"Valls, Tarragona","La Riba, Tarragona",0
"Valls, Tarragona","Vallmoll, Tarragona",0
"Valls, Tarragona","Montblanc, Tarragona",0
"Valls, Tarragona","Vilabella, Tarragona",2.391
"Valls, Tarragona","Perafort, Tarragona",2.7262
"Valls, Tarragona","Bràfim, Tarragona",3.5623
"Valls, Tarragona","Mont-ral, Tarragona",3.8981
"Valls, Tarragona","Renau, Tarragona",4.2673
"Valls, Tarragona","La Selva del Camp, Tarragona",4.667
"Valls, Tarragona","La Pobla de Mafumet, Tarragona",5.7582
"Valls, Tarragona","El Catllar, Tarragona",5.7822
"Valls, Tarragona","Montferri, Tarragona",6.0069
"Valls, Tarragona","Constantí, Tarragona",6.8977
"Valls, Tarragona","Vespella de Gaià, Tarragona",8.5226
"Valls, Tarragona","Tarragona, Tarragona",9.1768
"Valls, Tarragona","Reus, Tarragona",9.3113
"Vedra, A Coruña","Santiago de Compostela, A Coruña",0
"Vedra, A Coruña","Teo, A Coruña",0
"Vedra, A Coruña","A Estrada, Pontevedra",0
"Vedra, A Coruña","Silleda, Pontevedra",1.949
"Vedra, A Coruña","Ames, A Coruña",3.9411
"Vedra, A Coruña","Cuntis, Pontevedra",7.7217
"Vélez-Blanco, Almería","Lorca, Murcia",0
"Vélez-Blanco, Almería","Caravaca de la Cruz, Murcia",0
"Vélez-Málaga, Málaga","Rincón de la Victoria, Málaga",0
"Vélez-Málaga, Málaga","Sayalonga, Málaga",0
"Vélez-Málaga, Málaga","Málaga, Málaga",4.4228
"Vélez-Málaga, Málaga","Nerja, Málaga",7.0613
"Velilla de San Antonio, Madrid","Arganda del Rey, Madrid",0
"Velilla de San Antonio, Madrid","Mejorada del Campo, Madrid",0
"Velilla de San Antonio, Madrid","Rivas-Vaciamadrid, Madrid",0
"Velilla de San Antonio, Madrid","Madrid, Madrid",2.3364
"Velilla de San Antonio, Madrid","San Fernando de Henares, Madrid",3.0342
"Velilla de San Antonio, Madrid","Torrejón de Ardoz, Madrid",4.8639
"Velilla de San Antonio, Madrid","Coslada, Madrid",5.2111
"Velilla de San Antonio, Madrid","Torres de la Alameda, Madrid",5.736
"Velilla de San Antonio, Madrid","San Martín de la Vega, Madrid",6.4054
"Velilla de San Antonio, Madrid","Alcalá de Henares, Madrid",6.523
"Velilla de San Antonio, Madrid","Getafe, Madrid",7.7113
"Velilla de San Antonio, Madrid","Villalbilla, Madrid",8.5555
"Velilla de San Antonio, Madrid","Morata de Tajuña, Madrid",8.9544
"Velilla de San Antonio, Madrid","Paracuellos de Jarama, Madrid",9.6782
"Vera, Almería","Mojácar, Almería",0
"Vera, Almería","Turre, Almería",0
"Vera, Almería","Huércal-Overa, Almería",5.9916
"Verea, Ourense","Ramirás, Ourense",1.5728
"Verea, Ourense","Cartelle, Ourense",5.1582
"Verea, Ourense","Sandiás, Ourense",7.5449
"Verín, Ourense","Riós, Ourense",0.9075
"Vespella de Gaià, Tarragona","El Catllar, Tarragona",0
"Vespella de Gaià, Tarragona","La Nou de Gaià, Tarragona",0
"Vespella de Gaià, Tarragona","La Pobla de Montornès, Tarragona",0
"Vespella de Gaià, Tarragona","Renau, Tarragona",0
"Vespella de Gaià, Tarragona","Vilabella, Tarragona",0
"Vespella de Gaià, Tarragona","Creixell, Tarragona",1.3628
"Vespella de Gaià, Tarragona","Tarragona, Tarragona",1.4555
"Vespella de Gaià, Tarragona","Altafulla, Tarragona",1.8797
"Vespella de Gaià, Tarragona","Montferri, Tarragona",2.0504
"Vespella de Gaià, Tarragona","Bràfim, Tarragona",4.1063
"Vespella de Gaià, Tarragona","Masllorenç, Tarragona",4.8339
"Vespella de Gaià, Tarragona","Perafort, Tarragona",5.5439
"Vespella de Gaià, Tarragona","Albinyana, Tarragona",5.917
"Vespella de Gaià, Tarragona","Vallmoll, Tarragona",6.1411
"Vespella de Gaià, Tarragona","El Vendrell, Tarragona",6.7565
"Vespella de Gaià, Tarragona","Alió, Tarragona",7.3194
"Vespella de Gaià, Tarragona","La Pobla de Mafumet, Tarragona",8.079
"Vespella de Gaià, Tarragona","Constantí, Tarragona",8.4014
"Vespella de Gaià, Tarragona","Valls, Tarragona",8.5226
"Vic, Barcelona","Gurb, Barcelona",0
"Vic, Barcelona","Tona, Barcelona",1.3573
"Vic, Barcelona","Manlleu, Barcelona",2.7543
"Vic, Barcelona","Balenyà, Barcelona",4.7184
"Vic, Barcelona","Torelló, Barcelona",6.0177
"Vigo, Pontevedra","O Porriño, Pontevedra",0
"Vigo, Pontevedra","Redondela, Pontevedra",0
"Vigo, Pontevedra","Cangas, Pontevedra",2.4664
"Vigo, Pontevedra","Tui, Pontevedra",3.5894
"Vigo, Pontevedra","Ponteareas, Pontevedra",4.7011
"Vigo, Pontevedra","Baiona, Pontevedra",4.9258
"Vila-seca, Tarragona","Cambrils, Tarragona",0
"Vila-seca, Tarragona","Reus, Tarragona",0
"Vila-seca, Tarragona","Riudoms, Tarragona",0
"Vila-seca, Tarragona","Salou, Tarragona",0
"Vila-seca, Tarragona","Tarragona, Tarragona",0
"Vila-seca, Tarragona","Vinyols i els Arcs, Tarragona",0.9785
"Vila-seca, Tarragona","Constantí, Tarragona",2.8285
"Vila-seca, Tarragona","La Selva del Camp, Tarragona",4.3894
"Vila-seca, Tarragona","Castellvell del Camp, Tarragona",4.9814
"Vila-seca, Tarragona","Montbrió del Camp, Tarragona",5.4253
"Vila-seca, Tarragona","L'Aleixar, Tarragona",6.7375
"Vila-seca, Tarragona","La Pobla de Mafumet, Tarragona",7.3211
"Vila-seca, Tarragona","Les Borges del Camp, Tarragona",7.611
"Vila-seca, Tarragona","Perafort, Tarragona",7.7641
"Vila-seca, Tarragona","El Catllar, Tarragona",8.9199
"Vilabella, Tarragona","Bràfim, Tarragona",0
"Vilabella, Tarragona","Montferri, Tarragona",0
"Vilabella, Tarragona","Renau, Tarragona",0
"Vilabella, Tarragona","Vespella de Gaià, Tarragona",0
"Vilabella, Tarragona","Alió, Tarragona",1.6798
"Vilabella, Tarragona","El Catllar, Tarragona",1.7393
"Vilabella, Tarragona","Vallmoll, Tarragona",1.8015
"Vilabella, Tarragona","Valls, Tarragona",2.391
"Vilabella, Tarragona","Masllorenç, Tarragona",3.5389
"Vilabella, Tarragona","La Nou de Gaià, Tarragona",3.5512
"Vilabella, Tarragona","La Pobla de Montornès, Tarragona",4.0296
"Vilabella, Tarragona","Perafort, Tarragona",5.2555
"Vilabella, Tarragona","Creixell, Tarragona",5.3276
"Vilabella, Tarragona","Tarragona, Tarragona",5.6724
"Vilabella, Tarragona","Altafulla, Tarragona",5.7002
"Vilabella, Tarragona","El Milà, Tarragona",6.3003
"Vilabella, Tarragona","Alcover, Tarragona",7.1726
"Vilabella, Tarragona","La Pobla de Mafumet, Tarragona",7.7224
"Vilabella, Tarragona","Albinyana, Tarragona",7.8851
"Vilabella, Tarragona","Constantí, Tarragona",9.1664
"Vilabella, Tarragona","La Selva del Camp, Tarragona",9.7238
"Vilabella, Tarragona","La Riba, Tarragona",9.9779
"Viladecans, Barcelona","El Prat de Llobregat, Barcelona",0
"Viladecans, Barcelona","Gavà, Barcelona",0
"Viladecans, Barcelona","Sant Boi de Llobregat, Barcelona",0
"Viladecans, Barcelona","Castelldefels, Barcelona",2.1287
"Viladecans, Barcelona","Begues, Barcelona",2.4058
"Viladecans, Barcelona","Sant Joan Despí, Barcelona",2.7752
"Viladecans, Barcelona","Cornellà de Llobregat, Barcelona",2.9662
"Viladecans, Barcelona","Sant Vicenç dels Horts, Barcelona",3.8794
"Viladecans, Barcelona","Sant Feliu de Llobregat, Barcelona",4.0842
"Viladecans, Barcelona","Cervelló, Barcelona",4.2683
"Viladecans, Barcelona","Vallirana, Barcelona",4.9058
"Viladecans, Barcelona","L'Hospitalet de Llobregat, Barcelona",5.1414
"Viladecans, Barcelona","Sitges, Barcelona",5.3491
"Viladecans, Barcelona","Barcelona, Barcelona",5.4547
"Viladecans, Barcelona","Sant Just Desvern, Barcelona",5.6
"Viladecans, Barcelona","Molins de Rei, Barcelona",5.8134
"Viladecans, Barcelona","Esplugues de Llobregat, Barcelona",6.3764
"Viladecans, Barcelona","Olivella, Barcelona",9.8957
"Vilafranca del Penedès, Barcelona","Canyelles, Barcelona",2.6198
"Vilafranca del Penedès, Barcelona","Olivella, Barcelona",3.2585
"Vilafranca del Penedès, Barcelona","Vilanova i la Geltrú, Barcelona",5.7893
"Vilafranca del Penedès, Barcelona","Sant Pere de Ribes, Barcelona",5.9616
"Vilafranca del Penedès, Barcelona","Sant Sadurní d'Anoia, Barcelona",6.1817
"Vilafranca del Penedès, Barcelona","Cubelles, Barcelona",8.7754
"Vilafranca del Penedès, Barcelona","Begues, Barcelona",9.7123
"Vilagarcía de Arousa, Pontevedra","Vilanova de Arousa, Pontevedra",0
"Vilagarcía de Arousa, Pontevedra","Meis, Pontevedra",0.8826
"Vilagarcía de Arousa, Pontevedra","Cambados, Pontevedra",1.3748
"Vilagarcía de Arousa, Pontevedra","Boiro, A Coruña",4.1704
"Vilagarcía de Arousa, Pontevedra","Cuntis, Pontevedra",7.0679
"Vilagarcía de Arousa, Pontevedra","O Grove, Pontevedra",7.3231
"Vilagarcía de Arousa, Pontevedra","Pontevedra, Pontevedra",8.6551
"Vilagarcía de Arousa, Pontevedra","A Estrada, Pontevedra",9.4986
"Vilagarcía de Arousa, Pontevedra","A Pobra do Caramiñal, A Coruña",9.6132
"Vilalba, Lugo","Muras, Lugo",0
"Vilalba, Lugo","Outeiro de Rei, Lugo",3.416
"Vilalba, Lugo","As Pontes de García Rodríguez, A Coruña",7.0093
"Vilamartín de Valdeorras, Ourense","Quiroga, Lugo",0
"Vilamartín de Valdeorras, Ourense","A Veiga, Ourense",2.0943
"Vilamartín de Valdeorras, Ourense","Folgoso do Courel, Lugo",4.9819
"Vilanova de Arousa, Pontevedra","Cambados, Pontevedra",0
"Vilanova de Arousa, Pontevedra","Meis, Pontevedra",0
"Vilanova de Arousa, Pontevedra","Vilagarcía de Arousa, Pontevedra",0
"Vilanova de Arousa, Pontevedra","O Grove, Pontevedra",3.5823
"Vilanova de Arousa, Pontevedra","Boiro, A Coruña",4.0708
"Vilanova de Arousa, Pontevedra","Pontevedra, Pontevedra",7.2913
"Vilanova de Arousa, Pontevedra","A Pobra do Caramiñal, A Coruña",7.5167
"Vilanova de Arousa, Pontevedra","Sanxenxo, Pontevedra",8.0073
"Vilanova de Arousa, Pontevedra","Cuntis, Pontevedra",8.1852
"Vilanova de Arousa, Pontevedra","Campo Lameiro, Pontevedra",8.968
"Vilanova de Arousa, Pontevedra","Ribeira, A Coruña",9.9339
"Vilanova del Camí, Barcelona","Igualada, Barcelona",0
"Vilanova del Camí, Barcelona","Sant Martí de Tous, Barcelona",3.0604
"Vilanova i la Geltrú, Barcelona","Canyelles, Barcelona",0
"Vilanova i la Geltrú, Barcelona","Cubelles, Barcelona",0
"Vilanova i la Geltrú, Barcelona","Sant Pere de Ribes, Barcelona",0
"Vilanova i la Geltrú, Barcelona","Sitges, Barcelona",0.4037
"Vilanova i la Geltrú, Barcelona","Cunit, Tarragona",2.2795
"Vilanova i la Geltrú, Barcelona","Olivella, Barcelona",3.0897
"Vilanova i la Geltrú, Barcelona","Vilafranca del Penedès, Barcelona",5.7893
"Vilanova i la Geltrú, Barcelona","El Vendrell, Tarragona",9.5853
"Vilassar de Dalt, Barcelona","Cabrils, Barcelona",0
"Vilassar de Dalt, Barcelona","Premià de Dalt, Barcelona",0
"Vilassar de Dalt, Barcelona","Teià, Barcelona",1.0176
"Vilassar de Dalt, Barcelona","Cabrera de Mar, Barcelona",1.0547
"Vilassar de Dalt, Barcelona","Montornès del Vallès, Barcelona",1.2807
"Vilassar de Dalt, Barcelona","La Roca del Vallès, Barcelona",1.659
"Vilassar de Dalt, Barcelona","El Masnou, Barcelona",2.3469
"Vilassar de Dalt, Barcelona","Mataró, Barcelona",3.7618
"Vilassar de Dalt, Barcelona","Granollers, Barcelona",4.7583
"Vilassar de Dalt, Barcelona","Montmeló, Barcelona",5.173
"Vilassar de Dalt, Barcelona","Llinars del Vallès, Barcelona",6.2989
"Vilassar de Dalt, Barcelona","Mollet del Vallès, Barcelona",7.14
"Vilassar de Dalt, Barcelona","Lliçà de Vall, Barcelona",7.2151
"Vilassar de Dalt, Barcelona","Les Franqueses del Vallès, Barcelona",7.3761
"Vilassar de Dalt, Barcelona","Badalona, Barcelona",7.5653
"Vilassar de Dalt, Barcelona","Cardedeu, Barcelona",7.8477
"Vilassar de Dalt, Barcelona","Montcada i Reixac, Barcelona",8.7872
"Vilassar de Dalt, Barcelona","Santa Perpètua de Mogoda, Barcelona",9.0303
"Villabona, Guipúzcoa","Andoain, Guipúzcoa",0
"Villabona, Guipúzcoa","Tolosa, Guipúzcoa",0
"Villabona, Guipúzcoa","Urnieta, Guipúzcoa",2.6477
"Villabona, Guipúzcoa","Hernani, Guipúzcoa",3.0314
"Villabona, Guipúzcoa","Lasarte-Oria, Guipúzcoa",4.2317
"Villabona, Guipúzcoa","Donostia-San Sebastián, Guipúzcoa",4.288
"Villabona, Guipúzcoa","Errenteria, Guipúzcoa",7.9419
"Villafranca de los Barros, Badajoz","Almendralejo, Badajoz",0
"Villafranca de los Barros, Badajoz","Zafra, Badajoz",6.3536
"Villalbilla, Madrid","Alcalá de Henares, Madrid",0
"Villalbilla, Madrid","Torres de la Alameda, Madrid",0
"Villalbilla, Madrid","San Fernando de Henares, Madrid",0.928
"Villalbilla, Madrid","Torrejón de Ardoz, Madrid",2.0686
"Villalbilla, Madrid","Mejorada del Campo, Madrid",4.8379
"Villalbilla, Madrid","Meco, Madrid",5.4981
"Villalbilla, Madrid","Pioz, Guadalajara",5.6901
"Villalbilla, Madrid","Ajalvir, Madrid",6.3811
"Villalbilla, Madrid","Camarma de Esteruelas, Madrid",6.5906
"Villalbilla, Madrid","Paracuellos de Jarama, Madrid",6.9224
"Villalbilla, Madrid","Azuqueca de Henares, Guadalajara",7.1572
"Villalbilla, Madrid","Velilla de San Antonio, Madrid",8.5555
"Villalbilla, Madrid","Rivas-Vaciamadrid, Madrid",9.4077
"Villalbilla, Madrid","Guadalajara, Guadalajara",9.7314
"Villalbilla, Madrid","Madrid, Madrid",9.9811
"Villamanta, Madrid","Méntrida, Toledo",0
"Villamanta, Madrid","Navalcarnero, Madrid",0
"Villamanta, Madrid","Sevilla la Nueva, Madrid",0
"Villamanta, Madrid","Villamantilla, Madrid",0
"Villamanta, Madrid","Brunete, Madrid",4.8828
"Villamanta, Madrid","Villaviciosa de Odón, Madrid",5.0937
"Villamanta, Madrid","El Álamo, Madrid",5.1658
"Villamanta, Madrid","Quijorna, Madrid",5.1865
"Villamantilla, Madrid","Villamanta, Madrid",0
"Villamantilla, Madrid","Navalcarnero, Madrid",2.4056
"Villamantilla, Madrid","Sevilla la Nueva, Madrid",2.5301
"Villamantilla, Madrid","Méntrida, Toledo",2.8822
"Villamantilla, Madrid","Quijorna, Madrid",4.2572
"Villamantilla, Madrid","Brunete, Madrid",6.6761
"Villamantilla, Madrid","Villaviciosa de Odón, Madrid",8.2191
"Villamantilla, Madrid","Valdemorillo, Madrid",9.2206
"Villamayor, Salamanca","Salamanca, Salamanca",0
"Villanueva de Gállego, Zaragoza","Zaragoza, Zaragoza",0
"Villanueva de Gállego, Zaragoza","Utebo, Zaragoza",7.0726
"Villanueva de la Cañada, Madrid","Boadilla del Monte, Madrid",0
"Villanueva de la Cañada, Madrid","Brunete, Madrid",0
"Villanueva de la Cañada, Madrid","Majadahonda, Madrid",0
"Villanueva de la Cañada, Madrid","Quijorna, Madrid",0
"Villanueva de la Cañada, Madrid","Villanueva del Pardillo, Madrid",0
"Villanueva de la Cañada, Madrid","Villaviciosa de Odón, Madrid",0
"Villanueva de la Cañada, Madrid","Valdemorillo, Madrid",0
"Villanueva de la Cañada, Madrid","Colmenarejo, Madrid",1.4353
"Villanueva de la Cañada, Madrid","Las Rozas de Madrid, Madrid",1.8388
"Villanueva de la Cañada, Madrid","Galapagar, Madrid",2.6021
"Villanueva de la Cañada, Madrid","Sevilla la Nueva, Madrid",5.4644
"Villanueva de la Cañada, Madrid","Pozuelo de Alarcón, Madrid",6.7421
"Villanueva de la Cañada, Madrid","Alcorcón, Madrid",6.9899
"Villanueva de la Cañada, Madrid","Torrelodones, Madrid",7.0441
"Villanueva de la Cañada, Madrid","Móstoles, Madrid",7.6333
"Villanueva de la Cañada, Madrid","Madrid, Madrid",7.7621
"Villanueva de la Cañada, Madrid","Navalcarnero, Madrid",8.8968
"Villanueva de la Serena, Badajoz","Don Benito, Badajoz",0
"Villanueva de la Torre, Guadalajara","Azuqueca de Henares, Guadalajara",0
"Villanueva de la Torre, Guadalajara","Meco, Madrid",0
"Villanueva de la Torre, Guadalajara","Valdeavero, Madrid",0
"Villanueva de la Torre, Guadalajara","Camarma de Esteruelas, Madrid",0.6241
"Villanueva de la Torre, Guadalajara","Torrejón del Rey, Guadalajara",3.0565
"Villanueva de la Torre, Guadalajara","Alcalá de Henares, Madrid",4.5613
"Villanueva de la Torre, Guadalajara","Marchamalo, Guadalajara",4.8604
"Villanueva de la Torre, Guadalajara","Guadalajara, Guadalajara",5.7774
"Villanueva de Oscos, Asturias","A Fonsagrada, Lugo",0.2381
"Villanueva de Oscos, Asturias","Tapia de Casariego, Asturias",9.1635
"Villanueva de Oscos, Asturias","El Franco, Asturias",9.7781
"Villanueva del Pardillo, Madrid","Las Rozas de Madrid, Madrid",0
"Villanueva del Pardillo, Madrid","Majadahonda, Madrid",0
"Villanueva del Pardillo, Madrid","Villanueva de la Cañada, Madrid",0
"Villanueva del Pardillo, Madrid","Colmenarejo, Madrid",0
"Villanueva del Pardillo, Madrid","Valdemorillo, Madrid",0
"Villanueva del Pardillo, Madrid","Galapagar, Madrid",0
"Villanueva del Pardillo, Madrid","Boadilla del Monte, Madrid",1.7787
"Villanueva del Pardillo, Madrid","Brunete, Madrid",1.9999
"Villanueva del Pardillo, Madrid","Torrelodones, Madrid",3.8205
"Villanueva del Pardillo, Madrid","Quijorna, Madrid",4.585
"Villanueva del Pardillo, Madrid","Villaviciosa de Odón, Madrid",4.939
"Villanueva del Pardillo, Madrid","Madrid, Madrid",6.8028
"Villanueva del Pardillo, Madrid","Pozuelo de Alarcón, Madrid",7.6253
"Villanueva del Pardillo, Madrid","El Escorial, Madrid",8.0357
"Villanueva del Pardillo, Madrid","Sevilla la Nueva, Madrid",9.7125
"Villarejo de Salvanés, Madrid","Morata de Tajuña, Madrid",7.7267
"Villarejo de Salvanés, Madrid","Arganda del Rey, Madrid",9.8341
"Villarrobledo, Albacete","La Roda, Albacete",0
"Villarrobledo, Albacete","Socuéllamos, Ciudad Real",0
"Villarrobledo, Albacete","Tomelloso, Ciudad Real",3.3763
"Villarrubia de los Ojos, Ciudad Real","Daimiel, Ciudad Real",0
"Villarrubia de los Ojos, Ciudad Real","Consuegra, Toledo",0
"Villarrubia de los Ojos, Ciudad Real","Madridejos, Toledo",0
"Villarrubia de los Ojos, Ciudad Real","Manzanares, Ciudad Real",4.8347
"Villarta-Quintana, La Rioja","Santo Domingo de la Calzada, La Rioja",2.3571
"Villaverde del Río, Sevilla","Alcalá del Río, Sevilla",0
"Villaverde del Río, Sevilla","Brenes, Sevilla",0
"Villaverde del Río, Sevilla","Burguillos, Sevilla",0
"Villaverde del Río, Sevilla","Cantillana, Sevilla",0
"Villaverde del Río, Sevilla","La Rinconada, Sevilla",2.0039
"Villaverde del Río, Sevilla","Carmona, Sevilla",2.6649
"Villaverde del Río, Sevilla","Tocina, Sevilla",8.583
"Villaviciosa de Odón, Madrid","Alcorcón, Madrid",0
"Villaviciosa de Odón, Madrid","Boadilla del Monte, Madrid",0
"Villaviciosa de Odón, Madrid","Brunete, Madrid",0
"Villaviciosa de Odón, Madrid","Villanueva de la Cañada, Madrid",0
"Villaviciosa de Odón, Madrid","Móstoles, Madrid",0
"Villaviciosa de Odón, Madrid","Navalcarnero, Madrid",0
"Villaviciosa de Odón, Madrid","Sevilla la Nueva, Madrid",0
"Villaviciosa de Odón, Madrid","Arroyomolinos, Madrid",0.352
"Villaviciosa de Odón, Madrid","Majadahonda, Madrid",3.2652
"Villaviciosa de Odón, Madrid","Madrid, Madrid",3.4392
"Villaviciosa de Odón, Madrid","Pozuelo de Alarcón, Madrid",3.4469
"Villaviciosa de Odón, Madrid","Fuenlabrada, Madrid",3.6304
"Villaviciosa de Odón, Madrid","Quijorna, Madrid",4.7795
"Villaviciosa de Odón, Madrid","Villanueva del Pardillo, Madrid",4.939
"Villaviciosa de Odón, Madrid","Villamanta, Madrid",5.0937
"Villaviciosa de Odón, Madrid","Leganés, Madrid",5.2052
"Villaviciosa de Odón, Madrid","El Álamo, Madrid",5.8498
"Villaviciosa de Odón, Madrid","Valdemorillo, Madrid",7.5054
"Villaviciosa de Odón, Madrid","Villamantilla, Madrid",8.2191
"Villaviciosa de Odón, Madrid","Humanes de Madrid, Madrid",8.9148
"Villaviciosa de Odón, Madrid","Las Rozas de Madrid, Madrid",8.9973
"Villaviciosa de Odón, Madrid","Griñón, Madrid",9.0256
"Villaviciosa de Odón, Madrid","Colmenarejo, Madrid",9.0941
"Villaviciosa, Asturias","Gijón, Asturias",0
"Villaviciosa, Asturias","Siero, Asturias",0
"Villaviciosa, Asturias","Noreña, Asturias",6.9757
"Villaviciosa, Asturias","Bimenes, Asturias",7.63
"Villayón, Asturias","Navia, Asturias",0
"Villayón, Asturias","Valdés, Asturias",0
"Villayón, Asturias","Tineo, Asturias",0
"Villayón, Asturias","El Franco, Asturias",5.1262
"Villena, Alicante","Almansa, Albacete",0
"Villena, Alicante","Caudete, Albacete",0
"Villena, Alicante","Pinoso, Alicante",0
"Villena, Alicante","Yecla, Murcia",0
"Villena, Alicante","Elda, Alicante",2.9932
"Villena, Alicante","Castalla, Alicante",3.4052
"Villena, Alicante","Petrer, Alicante",6.0712
"Villena, Alicante","Ontinyent, Valencia",8.7452
"Villena, Alicante","Jumilla, Murcia",9.0651
"Vinaròs, Castellón","Benicarló, Castellón",0
"Vinaròs, Castellón","Peñíscola, Castellón",5.6709
"Vinyols i els Arcs, Tarragona","Cambrils, Tarragona",0
"Vinyols i els Arcs, Tarragona","Montbrió del Camp, Tarragona",0
"Vinyols i els Arcs, Tarragona","Riudoms, Tarragona",0
"Vinyols i els Arcs, Tarragona","Vila-seca, Tarragona",0.9785
"Vinyols i els Arcs, Tarragona","Salou, Tarragona",1.9636
"Vinyols i els Arcs, Tarragona","Reus, Tarragona",2.1016
"Vinyols i els Arcs, Tarragona","Les Borges del Camp, Tarragona",2.8261
"Vinyols i els Arcs, Tarragona","L'Aleixar, Tarragona",5.3935
"Vinyols i els Arcs, Tarragona","Tarragona, Tarragona",6.9438
"Vinyols i els Arcs, Tarragona","Castellvell del Camp, Tarragona",6.9557
"Vinyols i els Arcs, Tarragona","Constantí, Tarragona",8.5563
"Vinyols i els Arcs, Tarragona","La Selva del Camp, Tarragona",8.6841
"Vitoria-Gasteiz, Álava","Bernedo, Álava",0
"Vitoria-Gasteiz, Álava","Eskoriatza, Guipúzcoa",6.0179
"Xàtiva, Valencia","Canals, Valencia",0
"Xàtiva, Valencia","Carcaixent, Valencia",0
"Xàtiva, Valencia","L'Olleria, Valencia",0
"Xàtiva, Valencia","La Pobla Llarga, Valencia",0.6867
"Xàtiva, Valencia","Alzira, Valencia",4.052
"Xàtiva, Valencia","Agullent, Valencia",8.3175
"Xàtiva, Valencia","Ontinyent, Valencia",8.6796
"Xàtiva, Valencia","Gandia, Valencia",9.1145
"Xove, Lugo","Burela, Lugo",7.0827
"Xove, Lugo","Muras, Lugo",7.6571
"Yecla, Murcia","Almansa, Albacete",0
"Yecla, Murcia","Caudete, Albacete",0
"Yecla, Murcia","Villena, Alicante",0
"Yecla, Murcia","Pinoso, Alicante",0
"Yecla, Murcia","Jumilla, Murcia",0
"Zafra, Badajoz","Burguillos del Cerro, Badajoz",1.6467
"Zafra, Badajoz","Villafranca de los Barros, Badajoz",6.3536
"Zalla, Vizcaya","Valle de Mena, Burgos",0
"Zalla, Vizcaya","Castro-Urdiales, Cantabria",6.8809
"Zalla, Vizcaya","Barakaldo, Vizcaya",7.2458
"Zamora, Zamora","Toro, Zamora",6.5228
"Zamudio, Vizcaya","Bilbao, Vizcaya",0
"Zamudio, Vizcaya","Derio, Vizcaya",0
"Zamudio, Vizcaya","Galdakao, Vizcaya",0
"Zamudio, Vizcaya","Loiu, Vizcaya",0
"Zamudio, Vizcaya","Basauri, Vizcaya",2.2459
"Zamudio, Vizcaya","Erandio, Vizcaya",2.2784
"Zamudio, Vizcaya","Arrigorriaga, Vizcaya",3.1447
"Zamudio, Vizcaya","Barakaldo, Vizcaya",4.8788
"Zamudio, Vizcaya","Sestao, Vizcaya",5.743
"Zamudio, Vizcaya","Maruri-Jatabe, Vizcaya",6.0671
"Zamudio, Vizcaya","Leioa, Vizcaya",6.1028
"Zamudio, Vizcaya","Amorebieta-Etxano, Vizcaya",6.3408
"Zamudio, Vizcaya","Getxo, Vizcaya",7.0368
"Zamudio, Vizcaya","Portugalete, Vizcaya",8.4946
"Zamudio, Vizcaya","Gernika-Lumo, Vizcaya",8.8668
"Zamudio, Vizcaya","Bermeo, Vizcaya",9.5774
"Zaragoza, Zaragoza","Cuarte de Huerva, Zaragoza",0
"Zaragoza, Zaragoza","Utebo, Zaragoza",0
"Zaragoza, Zaragoza","Villanueva de Gállego, Zaragoza",0
"Zarautz, Guipúzcoa","Donostia-San Sebastián, Guipúzcoa",4.5124
"Zarautz, Guipúzcoa","Azpeitia, Guipúzcoa",5.4044
"Zarautz, Guipúzcoa","Andoain, Guipúzcoa",7.7616
"Zarautz, Guipúzcoa","Lasarte-Oria, Guipúzcoa",9.1472
"Zarautz, Guipúzcoa","Azkoitia, Guipúzcoa",9.2786
"Zas, A Coruña","Mazaricos, A Coruña",0
"Zas, A Coruña","Santa Comba, A Coruña",0
"Zas, A Coruña","Cabana de Bergantiños, A Coruña",0
"Zas, A Coruña","Muxía, A Coruña",9.255
"Zumarraga, Guipúzcoa","Azkoitia, Guipúzcoa",0
"Zumarraga, Guipúzcoa","Azpeitia, Guipúzcoa",0
"Zumarraga, Guipúzcoa","Legazpi, Guipúzcoa",0
"Zumarraga, Guipúzcoa","Bergara, Guipúzcoa",1.0099
"Zumarraga, Guipúzcoa","Beasain, Guipúzcoa",3.0131
"Zumarraga, Guipúzcoa","Oñati, Guipúzcoa",3.7138
"Zumarraga, Guipúzcoa","Elgoibar, Guipúzcoa",6.2395
"Zumarraga, Guipúzcoa","Tolosa, Guipúzcoa",9.6758
"Zumarraga, Guipúzcoa","Eibar, Guipúzcoa",9.9642
